solid OpenSCAD_Model
  facet normal 1 0 0
    outer loop
      vertex 108.8 35.4 28.4
      vertex 108.8 58.8 42.4
      vertex 108.8 35.4 35.4
    endloop
  endfacet
  facet normal 1 0 0
    outer loop
      vertex 108.8 58.8 42.4
      vertex 108.8 23.4 35.4
      vertex 108.8 35.4 35.4
    endloop
  endfacet
  facet normal 1 0 0
    outer loop
      vertex 108.8 18.1846 33.0863
      vertex 108.8 23.4 35.4
      vertex 108.8 18.2 33.4
    endloop
  endfacet
  facet normal 1 0 0
    outer loop
      vertex 108.8 23.4 35.4
      vertex 108.8 18.1846 33.7137
      vertex 108.8 18.2 33.4
    endloop
  endfacet
  facet normal 1 0 0
    outer loop
      vertex 108.8 23.4 35.4
      vertex 108.8 18.1385 34.0243
      vertex 108.8 18.1846 33.7137
    endloop
  endfacet
  facet normal 1 0 0
    outer loop
      vertex 108.8 23.4 35.4
      vertex 108.8 18.0622 34.3289
      vertex 108.8 18.1385 34.0243
    endloop
  endfacet
  facet normal 1 0 0
    outer loop
      vertex 108.8 23.4 35.4
      vertex 108.8 17.9564 34.6246
      vertex 108.8 18.0622 34.3289
    endloop
  endfacet
  facet normal 1 -0 0
    outer loop
      vertex 108.8 0 42.4
      vertex 108.8 23.4 35.4
      vertex 108.8 58.8 42.4
    endloop
  endfacet
  facet normal 1 0 0
    outer loop
      vertex 108.8 23.4 35.4
      vertex 108.8 17.8221 34.9085
      vertex 108.8 17.9564 34.6246
    endloop
  endfacet
  facet normal 1 0 0
    outer loop
      vertex 108.8 23.4 35.4
      vertex 108.8 17.6607 35.1778
      vertex 108.8 17.8221 34.9085
    endloop
  endfacet
  facet normal 1 0 0
    outer loop
      vertex 108.8 23.4 35.4
      vertex 108.8 17.4736 35.4301
      vertex 108.8 17.6607 35.1778
    endloop
  endfacet
  facet normal 1 0 0
    outer loop
      vertex 108.8 23.4 35.4
      vertex 108.8 17.2627 35.6627
      vertex 108.8 17.4736 35.4301
    endloop
  endfacet
  facet normal 1 0 0
    outer loop
      vertex 108.8 23.4 35.4
      vertex 108.8 17.0301 35.8736
      vertex 108.8 17.2627 35.6627
    endloop
  endfacet
  facet normal 1 0 0
    outer loop
      vertex 108.8 23.4 35.4
      vertex 108.8 16.7778 36.0607
      vertex 108.8 17.0301 35.8736
    endloop
  endfacet
  facet normal 1 0 0
    outer loop
      vertex 108.8 23.4 35.4
      vertex 108.8 16.5085 36.2221
      vertex 108.8 16.7778 36.0607
    endloop
  endfacet
  facet normal 1 0 0
    outer loop
      vertex 108.8 23.4 35.4
      vertex 108.8 16.2246 36.3564
      vertex 108.8 16.5085 36.2221
    endloop
  endfacet
  facet normal 1 0 0
    outer loop
      vertex 108.8 23.4 35.4
      vertex 108.8 15.9289 36.4622
      vertex 108.8 16.2246 36.3564
    endloop
  endfacet
  facet normal 1 0 0
    outer loop
      vertex 108.8 23.4 35.4
      vertex 108.8 15.6243 36.5385
      vertex 108.8 15.9289 36.4622
    endloop
  endfacet
  facet normal 1 0 0
    outer loop
      vertex 108.8 23.4 35.4
      vertex 108.8 0 42.4
      vertex 108.8 15.6243 36.5385
    endloop
  endfacet
  facet normal 1 0 0
    outer loop
      vertex 108.8 15.6243 36.5385
      vertex 108.8 0 42.4
      vertex 108.8 15.3137 36.5846
    endloop
  endfacet
  facet normal 1 0 0
    outer loop
      vertex 108.8 15.3137 36.5846
      vertex 108.8 0 42.4
      vertex 108.8 15 36.6
    endloop
  endfacet
  facet normal 1 0 0
    outer loop
      vertex 108.8 11.8154 33.7137
      vertex 108.8 0 42.4
      vertex 108.8 11.8 33.4
    endloop
  endfacet
  facet normal 1 0 0
    outer loop
      vertex 108.8 11.8615 34.0243
      vertex 108.8 0 42.4
      vertex 108.8 11.8154 33.7137
    endloop
  endfacet
  facet normal 1 0 0
    outer loop
      vertex 108.8 11.9378 34.3289
      vertex 108.8 0 42.4
      vertex 108.8 11.8615 34.0243
    endloop
  endfacet
  facet normal 1 0 0
    outer loop
      vertex 108.8 12.0436 34.6246
      vertex 108.8 0 42.4
      vertex 108.8 11.9378 34.3289
    endloop
  endfacet
  facet normal 1 0 0
    outer loop
      vertex 108.8 12.1779 34.9085
      vertex 108.8 0 42.4
      vertex 108.8 12.0436 34.6246
    endloop
  endfacet
  facet normal 1 0 0
    outer loop
      vertex 108.8 12.3393 35.1778
      vertex 108.8 0 42.4
      vertex 108.8 12.1779 34.9085
    endloop
  endfacet
  facet normal 1 0 0
    outer loop
      vertex 108.8 12.5264 35.4301
      vertex 108.8 0 42.4
      vertex 108.8 12.3393 35.1778
    endloop
  endfacet
  facet normal 1 0 0
    outer loop
      vertex 108.8 12.7373 35.6627
      vertex 108.8 0 42.4
      vertex 108.8 12.5264 35.4301
    endloop
  endfacet
  facet normal 1 0 0
    outer loop
      vertex 108.8 12.9699 35.8736
      vertex 108.8 0 42.4
      vertex 108.8 12.7373 35.6627
    endloop
  endfacet
  facet normal 1 0 0
    outer loop
      vertex 108.8 13.2222 36.0607
      vertex 108.8 0 42.4
      vertex 108.8 12.9699 35.8736
    endloop
  endfacet
  facet normal 1 0 0
    outer loop
      vertex 108.8 13.4915 36.2221
      vertex 108.8 0 42.4
      vertex 108.8 13.2222 36.0607
    endloop
  endfacet
  facet normal 1 0 0
    outer loop
      vertex 108.8 13.7754 36.3564
      vertex 108.8 0 42.4
      vertex 108.8 13.4915 36.2221
    endloop
  endfacet
  facet normal 1 0 0
    outer loop
      vertex 108.8 14.0711 36.4622
      vertex 108.8 0 42.4
      vertex 108.8 13.7754 36.3564
    endloop
  endfacet
  facet normal 1 0 0
    outer loop
      vertex 108.8 14.3757 36.5385
      vertex 108.8 0 42.4
      vertex 108.8 14.0711 36.4622
    endloop
  endfacet
  facet normal 1 0 0
    outer loop
      vertex 108.8 14.6863 36.5846
      vertex 108.8 0 42.4
      vertex 108.8 14.3757 36.5385
    endloop
  endfacet
  facet normal 1 0 0
    outer loop
      vertex 108.8 15 36.6
      vertex 108.8 0 42.4
      vertex 108.8 14.6863 36.5846
    endloop
  endfacet
  facet normal 1 0 0
    outer loop
      vertex 108.8 58.8 42.4
      vertex 108.8 35.4 28.4
      vertex 108.8 58.8 0
    endloop
  endfacet
  facet normal 1 -0 0
    outer loop
      vertex 108.8 23.4 28.4
      vertex 108.8 58.8 0
      vertex 108.8 35.4 28.4
    endloop
  endfacet
  facet normal 1 0 0
    outer loop
      vertex 108.8 18.1385 32.7757
      vertex 108.8 23.4 35.4
      vertex 108.8 18.1846 33.0863
    endloop
  endfacet
  facet normal 1 0 0
    outer loop
      vertex 108.8 23.4 35.4
      vertex 108.8 18.1385 32.7757
      vertex 108.8 23.4 28.4
    endloop
  endfacet
  facet normal 1 -0 0
    outer loop
      vertex 108.8 18.0622 32.4711
      vertex 108.8 23.4 28.4
      vertex 108.8 18.1385 32.7757
    endloop
  endfacet
  facet normal 1 -0 0
    outer loop
      vertex 108.8 17.9564 32.1754
      vertex 108.8 23.4 28.4
      vertex 108.8 18.0622 32.4711
    endloop
  endfacet
  facet normal 1 -0 0
    outer loop
      vertex 108.8 17.8221 31.8915
      vertex 108.8 23.4 28.4
      vertex 108.8 17.9564 32.1754
    endloop
  endfacet
  facet normal 1 -0 0
    outer loop
      vertex 108.8 17.6607 31.6222
      vertex 108.8 23.4 28.4
      vertex 108.8 17.8221 31.8915
    endloop
  endfacet
  facet normal 1 -0 0
    outer loop
      vertex 108.8 17.4736 31.3699
      vertex 108.8 23.4 28.4
      vertex 108.8 17.6607 31.6222
    endloop
  endfacet
  facet normal 1 -0 0
    outer loop
      vertex 108.8 17.2627 31.1373
      vertex 108.8 23.4 28.4
      vertex 108.8 17.4736 31.3699
    endloop
  endfacet
  facet normal 1 -0 0
    outer loop
      vertex 108.8 17.0301 30.9264
      vertex 108.8 23.4 28.4
      vertex 108.8 17.2627 31.1373
    endloop
  endfacet
  facet normal 1 -0 0
    outer loop
      vertex 108.8 16.7778 30.7393
      vertex 108.8 23.4 28.4
      vertex 108.8 17.0301 30.9264
    endloop
  endfacet
  facet normal 1 -0 0
    outer loop
      vertex 108.8 16.5085 30.5779
      vertex 108.8 23.4 28.4
      vertex 108.8 16.7778 30.7393
    endloop
  endfacet
  facet normal 1 -0 0
    outer loop
      vertex 108.8 16.2246 30.4436
      vertex 108.8 23.4 28.4
      vertex 108.8 16.5085 30.5779
    endloop
  endfacet
  facet normal 1 -0 0
    outer loop
      vertex 108.8 15.9289 30.3378
      vertex 108.8 23.4 28.4
      vertex 108.8 16.2246 30.4436
    endloop
  endfacet
  facet normal 1 -0 0
    outer loop
      vertex 108.8 15.6243 30.2615
      vertex 108.8 23.4 28.4
      vertex 108.8 15.9289 30.3378
    endloop
  endfacet
  facet normal 1 -0 0
    outer loop
      vertex 108.8 15.3137 30.2154
      vertex 108.8 23.4 28.4
      vertex 108.8 15.6243 30.2615
    endloop
  endfacet
  facet normal 1 -0 0
    outer loop
      vertex 108.8 15 30.2
      vertex 108.8 23.4 28.4
      vertex 108.8 15.3137 30.2154
    endloop
  endfacet
  facet normal 1 0 0
    outer loop
      vertex 108.8 23.4 28.4
      vertex 108.8 15 30.2
      vertex 108.8 0 0
    endloop
  endfacet
  facet normal 1 0 0
    outer loop
      vertex 108.8 0 0
      vertex 108.8 15 30.2
      vertex 108.8 14.6863 30.2154
    endloop
  endfacet
  facet normal 1 0 0
    outer loop
      vertex 108.8 0 0
      vertex 108.8 14.6863 30.2154
      vertex 108.8 14.3757 30.2615
    endloop
  endfacet
  facet normal 1 0 0
    outer loop
      vertex 108.8 0 0
      vertex 108.8 14.3757 30.2615
      vertex 108.8 14.0711 30.3378
    endloop
  endfacet
  facet normal 1 0 0
    outer loop
      vertex 108.8 0 0
      vertex 108.8 14.0711 30.3378
      vertex 108.8 13.7754 30.4436
    endloop
  endfacet
  facet normal 1 0 0
    outer loop
      vertex 108.8 0 0
      vertex 108.8 13.7754 30.4436
      vertex 108.8 13.4915 30.5779
    endloop
  endfacet
  facet normal 1 0 0
    outer loop
      vertex 108.8 0 0
      vertex 108.8 13.4915 30.5779
      vertex 108.8 13.2222 30.7393
    endloop
  endfacet
  facet normal 1 0 0
    outer loop
      vertex 108.8 0 42.4
      vertex 108.8 11.8154 33.0863
      vertex 108.8 11.8 33.4
    endloop
  endfacet
  facet normal 1 0 0
    outer loop
      vertex 108.8 0 42.4
      vertex 108.8 11.8615 32.7757
      vertex 108.8 11.8154 33.0863
    endloop
  endfacet
  facet normal 1 0 0
    outer loop
      vertex 108.8 0 42.4
      vertex 108.8 11.9378 32.4711
      vertex 108.8 11.8615 32.7757
    endloop
  endfacet
  facet normal 1 0 0
    outer loop
      vertex 108.8 0 42.4
      vertex 108.8 12.0436 32.1754
      vertex 108.8 11.9378 32.4711
    endloop
  endfacet
  facet normal 1 0 0
    outer loop
      vertex 108.8 0 42.4
      vertex 108.8 12.1779 31.8915
      vertex 108.8 12.0436 32.1754
    endloop
  endfacet
  facet normal 1 0 0
    outer loop
      vertex 108.8 0 0
      vertex 108.8 12.1779 31.8915
      vertex 108.8 0 42.4
    endloop
  endfacet
  facet normal 1 0 0
    outer loop
      vertex 108.8 12.1779 31.8915
      vertex 108.8 0 0
      vertex 108.8 12.3393 31.6222
    endloop
  endfacet
  facet normal 1 0 0
    outer loop
      vertex 108.8 12.3393 31.6222
      vertex 108.8 0 0
      vertex 108.8 12.5264 31.3699
    endloop
  endfacet
  facet normal 1 0 0
    outer loop
      vertex 108.8 12.5264 31.3699
      vertex 108.8 0 0
      vertex 108.8 12.7373 31.1373
    endloop
  endfacet
  facet normal 1 0 0
    outer loop
      vertex 108.8 23.4 28.4
      vertex 108.8 0 0
      vertex 108.8 58.8 0
    endloop
  endfacet
  facet normal 1 0 0
    outer loop
      vertex 108.8 12.9699 30.9264
      vertex 108.8 0 0
      vertex 108.8 13.2222 30.7393
    endloop
  endfacet
  facet normal 1 0 0
    outer loop
      vertex 108.8 12.7373 31.1373
      vertex 108.8 0 0
      vertex 108.8 12.9699 30.9264
    endloop
  endfacet
  facet normal 0 0 1
    outer loop
      vertex 108.8 58.8 42.4
      vertex 106.4 56.4 42.4
      vertex 108.8 0 42.4
    endloop
  endfacet
  facet normal 0 0 1
    outer loop
      vertex 108.8 58.8 42.4
      vertex 2.4 56.4 42.4
      vertex 106.4 56.4 42.4
    endloop
  endfacet
  facet normal 0 0 1
    outer loop
      vertex 2.4 56.4 42.4
      vertex 0 58.8 42.4
      vertex 2.4 2.4 42.4
    endloop
  endfacet
  facet normal -0 0 1
    outer loop
      vertex 0 58.8 42.4
      vertex 2.4 56.4 42.4
      vertex 108.8 58.8 42.4
    endloop
  endfacet
  facet normal -0 0 1
    outer loop
      vertex 106.4 2.4 42.4
      vertex 108.8 0 42.4
      vertex 106.4 56.4 42.4
    endloop
  endfacet
  facet normal -0 0 1
    outer loop
      vertex 2.4 2.4 42.4
      vertex 108.8 0 42.4
      vertex 106.4 2.4 42.4
    endloop
  endfacet
  facet normal 0 0 1
    outer loop
      vertex 2.4 2.4 42.4
      vertex 0 0 42.4
      vertex 108.8 0 42.4
    endloop
  endfacet
  facet normal 0 0 1
    outer loop
      vertex 0 0 42.4
      vertex 2.4 2.4 42.4
      vertex 0 58.8 42.4
    endloop
  endfacet
  facet normal 0 0 -1
    outer loop
      vertex 102.392 8.15683 0
      vertex 108.8 0 0
      vertex 102.4 8 0
    endloop
  endfacet
  facet normal 0 0 -1
    outer loop
      vertex 108.8 0 0
      vertex 102.392 7.84317 0
      vertex 102.4 8 0
    endloop
  endfacet
  facet normal 0 0 -1
    outer loop
      vertex 108.8 0 0
      vertex 102.369 7.68785 0
      vertex 102.392 7.84317 0
    endloop
  endfacet
  facet normal 0 0 -1
    outer loop
      vertex 108.8 0 0
      vertex 102.331 7.53554 0
      vertex 102.369 7.68785 0
    endloop
  endfacet
  facet normal 0 0 -1
    outer loop
      vertex 108.8 0 0
      vertex 102.278 7.38771 0
      vertex 102.331 7.53554 0
    endloop
  endfacet
  facet normal 0 0 -1
    outer loop
      vertex 108.8 0 0
      vertex 102.211 7.24576 0
      vertex 102.278 7.38771 0
    endloop
  endfacet
  facet normal 0 0 -1
    outer loop
      vertex 108.8 0 0
      vertex 102.13 7.11109 0
      vertex 102.211 7.24576 0
    endloop
  endfacet
  facet normal 0 0 -1
    outer loop
      vertex 108.8 0 0
      vertex 102.037 6.98497 0
      vertex 102.13 7.11109 0
    endloop
  endfacet
  facet normal 0 0 -1
    outer loop
      vertex 108.8 0 0
      vertex 101.931 6.86863 0
      vertex 102.037 6.98497 0
    endloop
  endfacet
  facet normal 0 0 -1
    outer loop
      vertex 108.8 0 0
      vertex 101.815 6.76318 0
      vertex 101.931 6.86863 0
    endloop
  endfacet
  facet normal 0 0 -1
    outer loop
      vertex 108.8 0 0
      vertex 101.689 6.66965 0
      vertex 101.815 6.76318 0
    endloop
  endfacet
  facet normal 0 0 -1
    outer loop
      vertex 108.8 0 0
      vertex 101.554 6.58893 0
      vertex 101.689 6.66965 0
    endloop
  endfacet
  facet normal 0 0 -1
    outer loop
      vertex 108.8 0 0
      vertex 101.412 6.52179 0
      vertex 101.554 6.58893 0
    endloop
  endfacet
  facet normal 0 0 -1
    outer loop
      vertex 108.8 0 0
      vertex 101.264 6.46889 0
      vertex 101.412 6.52179 0
    endloop
  endfacet
  facet normal 0 0 -1
    outer loop
      vertex 108.8 0 0
      vertex 101.112 6.43074 0
      vertex 101.264 6.46889 0
    endloop
  endfacet
  facet normal 0 0 -1
    outer loop
      vertex 108.8 0 0
      vertex 100.957 6.4077 0
      vertex 101.112 6.43074 0
    endloop
  endfacet
  facet normal 0 0 -1
    outer loop
      vertex 108.8 0 0
      vertex 100.8 6.4 0
      vertex 100.957 6.4077 0
    endloop
  endfacet
  facet normal 0 0 -1
    outer loop
      vertex 108.8 0 0
      vertex 100.643 6.4077 0
      vertex 100.8 6.4 0
    endloop
  endfacet
  facet normal 0 0 -1
    outer loop
      vertex 108.8 0 0
      vertex 100.488 6.43074 0
      vertex 100.643 6.4077 0
    endloop
  endfacet
  facet normal 0 0 -1
    outer loop
      vertex 108.8 0 0
      vertex 100.336 6.46889 0
      vertex 100.488 6.43074 0
    endloop
  endfacet
  facet normal 0 0 -1
    outer loop
      vertex 108.8 0 0
      vertex 100.188 6.52179 0
      vertex 100.336 6.46889 0
    endloop
  endfacet
  facet normal 0 0 -1
    outer loop
      vertex 108.8 0 0
      vertex 100.046 6.58893 0
      vertex 100.188 6.52179 0
    endloop
  endfacet
  facet normal 0 0 -1
    outer loop
      vertex 108.8 0 0
      vertex 99.9111 6.66965 0
      vertex 100.046 6.58893 0
    endloop
  endfacet
  facet normal 0 0 -1
    outer loop
      vertex 0 0 0
      vertex 99.9111 6.66965 0
      vertex 108.8 0 0
    endloop
  endfacet
  facet normal -0 0 -1
    outer loop
      vertex 99.2077 7.84317 0
      vertex 0 0 0
      vertex 99.2 8 0
    endloop
  endfacet
  facet normal -0 0 -1
    outer loop
      vertex 99.2307 7.68785 0
      vertex 0 0 0
      vertex 99.2077 7.84317 0
    endloop
  endfacet
  facet normal -0 0 -1
    outer loop
      vertex 99.2689 7.53554 0
      vertex 0 0 0
      vertex 99.2307 7.68785 0
    endloop
  endfacet
  facet normal -0 0 -1
    outer loop
      vertex 99.3218 7.38771 0
      vertex 0 0 0
      vertex 99.2689 7.53554 0
    endloop
  endfacet
  facet normal -0 0 -1
    outer loop
      vertex 99.3889 7.24576 0
      vertex 0 0 0
      vertex 99.3218 7.38771 0
    endloop
  endfacet
  facet normal -0 0 -1
    outer loop
      vertex 99.4697 7.11109 0
      vertex 0 0 0
      vertex 99.3889 7.24576 0
    endloop
  endfacet
  facet normal -0 0 -1
    outer loop
      vertex 99.5632 6.98497 0
      vertex 0 0 0
      vertex 99.4697 7.11109 0
    endloop
  endfacet
  facet normal -0 0 -1
    outer loop
      vertex 99.6686 6.86863 0
      vertex 0 0 0
      vertex 99.5632 6.98497 0
    endloop
  endfacet
  facet normal -0 0 -1
    outer loop
      vertex 99.785 6.76318 0
      vertex 0 0 0
      vertex 99.6686 6.86863 0
    endloop
  endfacet
  facet normal -0 0 -1
    outer loop
      vertex 99.9111 6.66965 0
      vertex 0 0 0
      vertex 99.785 6.76318 0
    endloop
  endfacet
  facet normal 0 0 -1
    outer loop
      vertex 102.369 8.31214 0
      vertex 108.8 0 0
      vertex 102.392 8.15683 0
    endloop
  endfacet
  facet normal 0 0 -1
    outer loop
      vertex 102.331 8.46445 0
      vertex 108.8 0 0
      vertex 102.369 8.31214 0
    endloop
  endfacet
  facet normal 0 0 -1
    outer loop
      vertex 102.278 8.61229 0
      vertex 108.8 0 0
      vertex 102.331 8.46445 0
    endloop
  endfacet
  facet normal 0 0 -1
    outer loop
      vertex 102.211 8.75423 0
      vertex 108.8 0 0
      vertex 102.278 8.61229 0
    endloop
  endfacet
  facet normal 0 0 -1
    outer loop
      vertex 108.8 0 0
      vertex 102.211 8.75423 0
      vertex 108.8 58.8 0
    endloop
  endfacet
  facet normal 0 0 -1
    outer loop
      vertex 102.13 8.88891 0
      vertex 108.8 58.8 0
      vertex 102.211 8.75423 0
    endloop
  endfacet
  facet normal 0 0 -1
    outer loop
      vertex 102.037 9.01503 0
      vertex 108.8 58.8 0
      vertex 102.13 8.88891 0
    endloop
  endfacet
  facet normal 0 0 -1
    outer loop
      vertex 101.931 9.13137 0
      vertex 108.8 58.8 0
      vertex 102.037 9.01503 0
    endloop
  endfacet
  facet normal 0 0 -1
    outer loop
      vertex 101.815 9.23682 0
      vertex 108.8 58.8 0
      vertex 101.931 9.13137 0
    endloop
  endfacet
  facet normal 0 0 -1
    outer loop
      vertex 101.689 9.33035 0
      vertex 108.8 58.8 0
      vertex 101.815 9.23682 0
    endloop
  endfacet
  facet normal 0 0 -1
    outer loop
      vertex 101.554 9.41107 0
      vertex 108.8 58.8 0
      vertex 101.689 9.33035 0
    endloop
  endfacet
  facet normal 0 0 -1
    outer loop
      vertex 101.412 9.47821 0
      vertex 108.8 58.8 0
      vertex 101.554 9.41107 0
    endloop
  endfacet
  facet normal 0 0 -1
    outer loop
      vertex 101.264 9.5311 0
      vertex 108.8 58.8 0
      vertex 101.412 9.47821 0
    endloop
  endfacet
  facet normal 0 0 -1
    outer loop
      vertex 101.112 9.56926 0
      vertex 108.8 58.8 0
      vertex 101.264 9.5311 0
    endloop
  endfacet
  facet normal 0 0 -1
    outer loop
      vertex 100.957 9.59229 0
      vertex 108.8 58.8 0
      vertex 101.112 9.56926 0
    endloop
  endfacet
  facet normal 0 0 -1
    outer loop
      vertex 100.8 9.6 0
      vertex 108.8 58.8 0
      vertex 100.957 9.59229 0
    endloop
  endfacet
  facet normal 0 0 -1
    outer loop
      vertex 100.643 9.59229 0
      vertex 108.8 58.8 0
      vertex 100.8 9.6 0
    endloop
  endfacet
  facet normal 0 0 -1
    outer loop
      vertex 100.488 9.56926 0
      vertex 108.8 58.8 0
      vertex 100.643 9.59229 0
    endloop
  endfacet
  facet normal 0 0 -1
    outer loop
      vertex 100.336 9.5311 0
      vertex 108.8 58.8 0
      vertex 100.488 9.56926 0
    endloop
  endfacet
  facet normal 0 0 -1
    outer loop
      vertex 100.188 9.47821 0
      vertex 108.8 58.8 0
      vertex 100.336 9.5311 0
    endloop
  endfacet
  facet normal 0 0 -1
    outer loop
      vertex 100.046 9.41107 0
      vertex 108.8 58.8 0
      vertex 100.188 9.47821 0
    endloop
  endfacet
  facet normal 0 0 -1
    outer loop
      vertex 99.9111 9.33035 0
      vertex 108.8 58.8 0
      vertex 100.046 9.41107 0
    endloop
  endfacet
  facet normal 0 0 -1
    outer loop
      vertex 99.785 9.23682 0
      vertex 108.8 58.8 0
      vertex 99.9111 9.33035 0
    endloop
  endfacet
  facet normal 0 0 -1
    outer loop
      vertex 99.6686 9.13137 0
      vertex 108.8 58.8 0
      vertex 99.785 9.23682 0
    endloop
  endfacet
  facet normal 0 0 -1
    outer loop
      vertex 99.5632 9.01503 0
      vertex 108.8 58.8 0
      vertex 99.6686 9.13137 0
    endloop
  endfacet
  facet normal 0 0 -1
    outer loop
      vertex 0 58.8 0
      vertex 99.5632 9.01503 0
      vertex 99.4697 8.88891 0
    endloop
  endfacet
  facet normal 0 0 -1
    outer loop
      vertex 0 58.8 0
      vertex 99.4697 8.88891 0
      vertex 99.3889 8.75423 0
    endloop
  endfacet
  facet normal 0 0 -1
    outer loop
      vertex 0 58.8 0
      vertex 99.3889 8.75423 0
      vertex 99.3218 8.61229 0
    endloop
  endfacet
  facet normal 0 0 -1
    outer loop
      vertex 0 0 0
      vertex 99.3218 8.61229 0
      vertex 99.2689 8.46445 0
    endloop
  endfacet
  facet normal 0 0 -1
    outer loop
      vertex 0 0 0
      vertex 99.2689 8.46445 0
      vertex 99.2307 8.31214 0
    endloop
  endfacet
  facet normal 0 0 -1
    outer loop
      vertex 0 0 0
      vertex 99.2077 8.15683 0
      vertex 99.2 8 0
    endloop
  endfacet
  facet normal 0 0 -1
    outer loop
      vertex 0 0 0
      vertex 99.2307 8.31214 0
      vertex 99.2077 8.15683 0
    endloop
  endfacet
  facet normal -0 0 -1
    outer loop
      vertex 99.3218 8.61229 0
      vertex 0 0 0
      vertex 0 58.8 0
    endloop
  endfacet
  facet normal 0 0 -1
    outer loop
      vertex 99.5632 9.01503 0
      vertex 0 58.8 0
      vertex 108.8 58.8 0
    endloop
  endfacet
  facet normal -1 0 0
    outer loop
      vertex 0 0 0
      vertex 0 58.8 42.4
      vertex 0 58.8 0
    endloop
  endfacet
  facet normal -1 -0 0
    outer loop
      vertex 0 58.8 42.4
      vertex 0 0 0
      vertex 0 0 42.4
    endloop
  endfacet
  facet normal 0 1 -0
    outer loop
      vertex 25.6 58.8 6.4
      vertex 22.4 58.8 9
      vertex 25.6 58.8 9
    endloop
  endfacet
  facet normal 0 1 0
    outer loop
      vertex 22.4 58.8 9
      vertex 25.6 58.8 6.4
      vertex 22.4 58.8 6.4
    endloop
  endfacet
  facet normal 0 1 -0
    outer loop
      vertex 40.8 58.8 6.4
      vertex 37.6 58.8 9
      vertex 40.8 58.8 9
    endloop
  endfacet
  facet normal 0 1 0
    outer loop
      vertex 37.6 58.8 9
      vertex 40.8 58.8 6.4
      vertex 37.6 58.8 6.4
    endloop
  endfacet
  facet normal 0 1 -0
    outer loop
      vertex 56 58.8 6.4
      vertex 52.8 58.8 9
      vertex 56 58.8 9
    endloop
  endfacet
  facet normal 0 1 0
    outer loop
      vertex 52.8 58.8 9
      vertex 56 58.8 6.4
      vertex 52.8 58.8 6.4
    endloop
  endfacet
  facet normal 0 1 -0
    outer loop
      vertex 71.2 58.8 6.4
      vertex 68 58.8 9
      vertex 71.2 58.8 9
    endloop
  endfacet
  facet normal 0 1 0
    outer loop
      vertex 68 58.8 9
      vertex 71.2 58.8 6.4
      vertex 68 58.8 6.4
    endloop
  endfacet
  facet normal 0 1 -0
    outer loop
      vertex 86.4 58.8 6.4
      vertex 83.2 58.8 9
      vertex 86.4 58.8 9
    endloop
  endfacet
  facet normal 0 1 0
    outer loop
      vertex 83.2 58.8 9
      vertex 86.4 58.8 6.4
      vertex 83.2 58.8 6.4
    endloop
  endfacet
  facet normal 0 1 -0
    outer loop
      vertex 25.6 58.8 16.4
      vertex 22.4 58.8 19
      vertex 25.6 58.8 19
    endloop
  endfacet
  facet normal 0 1 0
    outer loop
      vertex 22.4 58.8 19
      vertex 25.6 58.8 16.4
      vertex 22.4 58.8 16.4
    endloop
  endfacet
  facet normal 0 1 -0
    outer loop
      vertex 40.8 58.8 16.4
      vertex 37.6 58.8 19
      vertex 40.8 58.8 19
    endloop
  endfacet
  facet normal 0 1 0
    outer loop
      vertex 37.6 58.8 19
      vertex 40.8 58.8 16.4
      vertex 37.6 58.8 16.4
    endloop
  endfacet
  facet normal 0 1 -0
    outer loop
      vertex 56 58.8 16.4
      vertex 52.8 58.8 19
      vertex 56 58.8 19
    endloop
  endfacet
  facet normal 0 1 0
    outer loop
      vertex 52.8 58.8 19
      vertex 56 58.8 16.4
      vertex 52.8 58.8 16.4
    endloop
  endfacet
  facet normal 0 1 -0
    outer loop
      vertex 71.2 58.8 16.4
      vertex 68 58.8 19
      vertex 71.2 58.8 19
    endloop
  endfacet
  facet normal 0 1 0
    outer loop
      vertex 68 58.8 19
      vertex 71.2 58.8 16.4
      vertex 68 58.8 16.4
    endloop
  endfacet
  facet normal 0 1 -0
    outer loop
      vertex 86.4 58.8 16.4
      vertex 83.2 58.8 19
      vertex 86.4 58.8 19
    endloop
  endfacet
  facet normal 0 1 0
    outer loop
      vertex 83.2 58.8 19
      vertex 86.4 58.8 16.4
      vertex 83.2 58.8 16.4
    endloop
  endfacet
  facet normal 0 1 0
    outer loop
      vertex 86.4 58.8 19
      vertex 108.8 58.8 42.4
      vertex 98.4 58.8 19
    endloop
  endfacet
  facet normal 0 1 -0
    outer loop
      vertex 108.8 58.8 0
      vertex 98.4 58.8 19
      vertex 108.8 58.8 42.4
    endloop
  endfacet
  facet normal 0 1 0
    outer loop
      vertex 86.4 58.8 9
      vertex 86.4 58.8 16.4
      vertex 98.4 58.8 16.4
    endloop
  endfacet
  facet normal 0 1 0
    outer loop
      vertex 86.4 58.8 16.4
      vertex 86.4 58.8 9
      vertex 83.2 58.8 16.4
    endloop
  endfacet
  facet normal 0 1 0
    outer loop
      vertex 83.2 58.8 16.4
      vertex 83.2 58.8 9
      vertex 71.2 58.8 16.4
    endloop
  endfacet
  facet normal 0 1 0
    outer loop
      vertex 71.2 58.8 9
      vertex 71.2 58.8 16.4
      vertex 83.2 58.8 9
    endloop
  endfacet
  facet normal 0 1 0
    outer loop
      vertex 68 58.8 9
      vertex 68 58.8 16.4
      vertex 71.2 58.8 9
    endloop
  endfacet
  facet normal 0 1 0
    outer loop
      vertex 68 58.8 16.4
      vertex 68 58.8 9
      vertex 56 58.8 16.4
    endloop
  endfacet
  facet normal 0 1 0
    outer loop
      vertex 56 58.8 16.4
      vertex 56 58.8 9
      vertex 52.8 58.8 16.4
    endloop
  endfacet
  facet normal 0 1 0
    outer loop
      vertex 52.8 58.8 9
      vertex 52.8 58.8 16.4
      vertex 56 58.8 9
    endloop
  endfacet
  facet normal 0 1 0
    outer loop
      vertex 40.8 58.8 9
      vertex 40.8 58.8 16.4
      vertex 52.8 58.8 9
    endloop
  endfacet
  facet normal 0 1 0
    outer loop
      vertex 40.8 58.8 16.4
      vertex 40.8 58.8 9
      vertex 37.6 58.8 16.4
    endloop
  endfacet
  facet normal 0 1 0
    outer loop
      vertex 86.4 58.8 9
      vertex 98.4 58.8 16.4
      vertex 98.4 58.8 9
    endloop
  endfacet
  facet normal 0 1 0
    outer loop
      vertex 98.4 58.8 19
      vertex 108.8 58.8 0
      vertex 98.4 58.8 16.4
    endloop
  endfacet
  facet normal 0 1 0
    outer loop
      vertex 98.4 58.8 16.4
      vertex 108.8 58.8 0
      vertex 98.4 58.8 9
    endloop
  endfacet
  facet normal 0 1 0
    outer loop
      vertex 108.8 58.8 0
      vertex 86.4 58.8 6.4
      vertex 98.4 58.8 6.4
    endloop
  endfacet
  facet normal 0 1 0
    outer loop
      vertex 86.4 58.8 6.4
      vertex 108.8 58.8 0
      vertex 83.2 58.8 6.4
    endloop
  endfacet
  facet normal 0 1 0
    outer loop
      vertex 83.2 58.8 6.4
      vertex 108.8 58.8 0
      vertex 71.2 58.8 6.4
    endloop
  endfacet
  facet normal 0 1 0
    outer loop
      vertex 71.2 58.8 6.4
      vertex 108.8 58.8 0
      vertex 68 58.8 6.4
    endloop
  endfacet
  facet normal 0 1 0
    outer loop
      vertex 68 58.8 6.4
      vertex 108.8 58.8 0
      vertex 56 58.8 6.4
    endloop
  endfacet
  facet normal 0 1 0
    outer loop
      vertex 56 58.8 6.4
      vertex 108.8 58.8 0
      vertex 52.8 58.8 6.4
    endloop
  endfacet
  facet normal 0 1 0
    outer loop
      vertex 0 58.8 0
      vertex 52.8 58.8 6.4
      vertex 108.8 58.8 0
    endloop
  endfacet
  facet normal 0 1 0
    outer loop
      vertex 52.8 58.8 6.4
      vertex 0 58.8 0
      vertex 40.8 58.8 6.4
    endloop
  endfacet
  facet normal 0 1 0
    outer loop
      vertex 40.8 58.8 6.4
      vertex 0 58.8 0
      vertex 37.6 58.8 6.4
    endloop
  endfacet
  facet normal 0 1 0
    outer loop
      vertex 37.6 58.8 6.4
      vertex 0 58.8 0
      vertex 25.6 58.8 6.4
    endloop
  endfacet
  facet normal 0 1 0
    outer loop
      vertex 25.6 58.8 6.4
      vertex 0 58.8 0
      vertex 22.4 58.8 6.4
    endloop
  endfacet
  facet normal 0 1 0
    outer loop
      vertex 98.4 58.8 9
      vertex 108.8 58.8 0
      vertex 98.4 58.8 6.4
    endloop
  endfacet
  facet normal 0 1 0
    outer loop
      vertex 83.2 58.8 19
      vertex 108.8 58.8 42.4
      vertex 86.4 58.8 19
    endloop
  endfacet
  facet normal 0 1 0
    outer loop
      vertex 71.2 58.8 19
      vertex 108.8 58.8 42.4
      vertex 83.2 58.8 19
    endloop
  endfacet
  facet normal 0 1 0
    outer loop
      vertex 68 58.8 19
      vertex 108.8 58.8 42.4
      vertex 71.2 58.8 19
    endloop
  endfacet
  facet normal 0 1 0
    outer loop
      vertex 56 58.8 19
      vertex 108.8 58.8 42.4
      vertex 68 58.8 19
    endloop
  endfacet
  facet normal 0 1 0
    outer loop
      vertex 108.8 58.8 42.4
      vertex 56 58.8 19
      vertex 0 58.8 42.4
    endloop
  endfacet
  facet normal 0 1 -0
    outer loop
      vertex 52.8 58.8 19
      vertex 0 58.8 42.4
      vertex 56 58.8 19
    endloop
  endfacet
  facet normal 0 1 -0
    outer loop
      vertex 40.8 58.8 19
      vertex 0 58.8 42.4
      vertex 52.8 58.8 19
    endloop
  endfacet
  facet normal 0 1 -0
    outer loop
      vertex 37.6 58.8 19
      vertex 0 58.8 42.4
      vertex 40.8 58.8 19
    endloop
  endfacet
  facet normal 0 1 -0
    outer loop
      vertex 25.6 58.8 19
      vertex 0 58.8 42.4
      vertex 37.6 58.8 19
    endloop
  endfacet
  facet normal 0 1 -0
    outer loop
      vertex 22.4 58.8 19
      vertex 0 58.8 42.4
      vertex 25.6 58.8 19
    endloop
  endfacet
  facet normal 0 1 -0
    outer loop
      vertex 10.4 58.8 19
      vertex 0 58.8 42.4
      vertex 22.4 58.8 19
    endloop
  endfacet
  facet normal 0 1 0
    outer loop
      vertex 0 58.8 0
      vertex 10.4 58.8 19
      vertex 10.4 58.8 16.4
    endloop
  endfacet
  facet normal 0 1 0
    outer loop
      vertex 83.2 58.8 16.4
      vertex 86.4 58.8 9
      vertex 83.2 58.8 9
    endloop
  endfacet
  facet normal 0 1 0
    outer loop
      vertex 71.2 58.8 16.4
      vertex 71.2 58.8 9
      vertex 68 58.8 16.4
    endloop
  endfacet
  facet normal 0 1 0
    outer loop
      vertex 56 58.8 9
      vertex 56 58.8 16.4
      vertex 68 58.8 9
    endloop
  endfacet
  facet normal 0 1 0
    outer loop
      vertex 52.8 58.8 16.4
      vertex 52.8 58.8 9
      vertex 40.8 58.8 16.4
    endloop
  endfacet
  facet normal 0 1 0
    outer loop
      vertex 37.6 58.8 9
      vertex 37.6 58.8 16.4
      vertex 40.8 58.8 9
    endloop
  endfacet
  facet normal 0 1 0
    outer loop
      vertex 37.6 58.8 16.4
      vertex 37.6 58.8 9
      vertex 25.6 58.8 16.4
    endloop
  endfacet
  facet normal 0 1 0
    outer loop
      vertex 25.6 58.8 9
      vertex 25.6 58.8 16.4
      vertex 37.6 58.8 9
    endloop
  endfacet
  facet normal 0 1 0
    outer loop
      vertex 25.6 58.8 16.4
      vertex 25.6 58.8 9
      vertex 22.4 58.8 16.4
    endloop
  endfacet
  facet normal 0 1 0
    outer loop
      vertex 22.4 58.8 9
      vertex 22.4 58.8 16.4
      vertex 25.6 58.8 9
    endloop
  endfacet
  facet normal 0 1 0
    outer loop
      vertex 22.4 58.8 16.4
      vertex 22.4 58.8 9
      vertex 10.4 58.8 16.4
    endloop
  endfacet
  facet normal 0 1 0
    outer loop
      vertex 10.4 58.8 9
      vertex 10.4 58.8 16.4
      vertex 22.4 58.8 9
    endloop
  endfacet
  facet normal 0 1 0
    outer loop
      vertex 0 58.8 0
      vertex 10.4 58.8 16.4
      vertex 10.4 58.8 9
    endloop
  endfacet
  facet normal 0 1 0
    outer loop
      vertex 0 58.8 0
      vertex 10.4 58.8 9
      vertex 10.4 58.8 6.4
    endloop
  endfacet
  facet normal 0 1 0
    outer loop
      vertex 10.4 58.8 19
      vertex 0 58.8 0
      vertex 0 58.8 42.4
    endloop
  endfacet
  facet normal 0 1 0
    outer loop
      vertex 22.4 58.8 6.4
      vertex 0 58.8 0
      vertex 10.4 58.8 6.4
    endloop
  endfacet
  facet normal 0 -1 0
    outer loop
      vertex 83.2 0 6.4
      vertex 86.4 0 9
      vertex 83.2 0 9
    endloop
  endfacet
  facet normal 0 -1 -0
    outer loop
      vertex 86.4 0 9
      vertex 83.2 0 6.4
      vertex 86.4 0 6.4
    endloop
  endfacet
  facet normal 0 -1 0
    outer loop
      vertex 68 0 6.4
      vertex 71.2 0 9
      vertex 68 0 9
    endloop
  endfacet
  facet normal 0 -1 -0
    outer loop
      vertex 71.2 0 9
      vertex 68 0 6.4
      vertex 71.2 0 6.4
    endloop
  endfacet
  facet normal 0 -1 0
    outer loop
      vertex 52.8 0 6.4
      vertex 56 0 9
      vertex 52.8 0 9
    endloop
  endfacet
  facet normal 0 -1 -0
    outer loop
      vertex 56 0 9
      vertex 52.8 0 6.4
      vertex 56 0 6.4
    endloop
  endfacet
  facet normal 0 -1 0
    outer loop
      vertex 37.6 0 6.4
      vertex 40.8 0 9
      vertex 37.6 0 9
    endloop
  endfacet
  facet normal 0 -1 -0
    outer loop
      vertex 40.8 0 9
      vertex 37.6 0 6.4
      vertex 40.8 0 6.4
    endloop
  endfacet
  facet normal 0 -1 0
    outer loop
      vertex 22.4 0 6.4
      vertex 25.6 0 9
      vertex 22.4 0 9
    endloop
  endfacet
  facet normal 0 -1 -0
    outer loop
      vertex 25.6 0 9
      vertex 22.4 0 6.4
      vertex 25.6 0 6.4
    endloop
  endfacet
  facet normal 0 -1 0
    outer loop
      vertex 83.2 0 16.4
      vertex 86.4 0 19
      vertex 83.2 0 19
    endloop
  endfacet
  facet normal 0 -1 -0
    outer loop
      vertex 86.4 0 19
      vertex 83.2 0 16.4
      vertex 86.4 0 16.4
    endloop
  endfacet
  facet normal 0 -1 0
    outer loop
      vertex 68 0 16.4
      vertex 71.2 0 19
      vertex 68 0 19
    endloop
  endfacet
  facet normal 0 -1 -0
    outer loop
      vertex 71.2 0 19
      vertex 68 0 16.4
      vertex 71.2 0 16.4
    endloop
  endfacet
  facet normal 0 -1 0
    outer loop
      vertex 52.8 0 16.4
      vertex 56 0 19
      vertex 52.8 0 19
    endloop
  endfacet
  facet normal 0 -1 -0
    outer loop
      vertex 56 0 19
      vertex 52.8 0 16.4
      vertex 56 0 16.4
    endloop
  endfacet
  facet normal 0 -1 0
    outer loop
      vertex 37.6 0 16.4
      vertex 40.8 0 19
      vertex 37.6 0 19
    endloop
  endfacet
  facet normal 0 -1 -0
    outer loop
      vertex 40.8 0 19
      vertex 37.6 0 16.4
      vertex 40.8 0 16.4
    endloop
  endfacet
  facet normal 0 -1 0
    outer loop
      vertex 22.4 0 16.4
      vertex 25.6 0 19
      vertex 22.4 0 19
    endloop
  endfacet
  facet normal 0 -1 -0
    outer loop
      vertex 25.6 0 19
      vertex 22.4 0 16.4
      vertex 25.6 0 16.4
    endloop
  endfacet
  facet normal 0 -1 0
    outer loop
      vertex 22.4 0 19
      vertex 0 0 42.4
      vertex 10.4 0 19
    endloop
  endfacet
  facet normal 0 -1 0
    outer loop
      vertex 0 0 0
      vertex 10.4 0 19
      vertex 0 0 42.4
    endloop
  endfacet
  facet normal 0 -1 0
    outer loop
      vertex 22.4 0 9
      vertex 22.4 0 16.4
      vertex 10.4 0 16.4
    endloop
  endfacet
  facet normal 0 -1 0
    outer loop
      vertex 22.4 0 16.4
      vertex 22.4 0 9
      vertex 25.6 0 16.4
    endloop
  endfacet
  facet normal 0 -1 0
    outer loop
      vertex 25.6 0 16.4
      vertex 25.6 0 9
      vertex 37.6 0 16.4
    endloop
  endfacet
  facet normal 0 -1 0
    outer loop
      vertex 37.6 0 9
      vertex 37.6 0 16.4
      vertex 25.6 0 9
    endloop
  endfacet
  facet normal 0 -1 0
    outer loop
      vertex 40.8 0 9
      vertex 40.8 0 16.4
      vertex 37.6 0 9
    endloop
  endfacet
  facet normal 0 -1 0
    outer loop
      vertex 40.8 0 16.4
      vertex 40.8 0 9
      vertex 52.8 0 16.4
    endloop
  endfacet
  facet normal 0 -1 0
    outer loop
      vertex 52.8 0 16.4
      vertex 52.8 0 9
      vertex 56 0 16.4
    endloop
  endfacet
  facet normal 0 -1 0
    outer loop
      vertex 56 0 9
      vertex 56 0 16.4
      vertex 52.8 0 9
    endloop
  endfacet
  facet normal 0 -1 0
    outer loop
      vertex 68 0 9
      vertex 68 0 16.4
      vertex 56 0 9
    endloop
  endfacet
  facet normal 0 -1 0
    outer loop
      vertex 68 0 16.4
      vertex 68 0 9
      vertex 71.2 0 16.4
    endloop
  endfacet
  facet normal 0 -1 0
    outer loop
      vertex 22.4 0 9
      vertex 10.4 0 16.4
      vertex 10.4 0 9
    endloop
  endfacet
  facet normal 0 -1 -0
    outer loop
      vertex 10.4 0 19
      vertex 0 0 0
      vertex 10.4 0 16.4
    endloop
  endfacet
  facet normal 0 -1 -0
    outer loop
      vertex 10.4 0 16.4
      vertex 0 0 0
      vertex 10.4 0 9
    endloop
  endfacet
  facet normal 0 -1 0
    outer loop
      vertex 0 0 0
      vertex 22.4 0 6.4
      vertex 10.4 0 6.4
    endloop
  endfacet
  facet normal 0 -1 -0
    outer loop
      vertex 22.4 0 6.4
      vertex 0 0 0
      vertex 25.6 0 6.4
    endloop
  endfacet
  facet normal 0 -1 -0
    outer loop
      vertex 25.6 0 6.4
      vertex 0 0 0
      vertex 37.6 0 6.4
    endloop
  endfacet
  facet normal 0 -1 -0
    outer loop
      vertex 37.6 0 6.4
      vertex 0 0 0
      vertex 40.8 0 6.4
    endloop
  endfacet
  facet normal 0 -1 -0
    outer loop
      vertex 40.8 0 6.4
      vertex 0 0 0
      vertex 52.8 0 6.4
    endloop
  endfacet
  facet normal 0 -1 -0
    outer loop
      vertex 52.8 0 6.4
      vertex 0 0 0
      vertex 56 0 6.4
    endloop
  endfacet
  facet normal 0 -1 0
    outer loop
      vertex 108.8 0 0
      vertex 56 0 6.4
      vertex 0 0 0
    endloop
  endfacet
  facet normal 0 -1 0
    outer loop
      vertex 56 0 6.4
      vertex 108.8 0 0
      vertex 68 0 6.4
    endloop
  endfacet
  facet normal 0 -1 0
    outer loop
      vertex 68 0 6.4
      vertex 108.8 0 0
      vertex 71.2 0 6.4
    endloop
  endfacet
  facet normal 0 -1 0
    outer loop
      vertex 71.2 0 6.4
      vertex 108.8 0 0
      vertex 83.2 0 6.4
    endloop
  endfacet
  facet normal 0 -1 0
    outer loop
      vertex 83.2 0 6.4
      vertex 108.8 0 0
      vertex 86.4 0 6.4
    endloop
  endfacet
  facet normal 0 -1 -0
    outer loop
      vertex 10.4 0 9
      vertex 0 0 0
      vertex 10.4 0 6.4
    endloop
  endfacet
  facet normal 0 -1 0
    outer loop
      vertex 25.6 0 19
      vertex 0 0 42.4
      vertex 22.4 0 19
    endloop
  endfacet
  facet normal 0 -1 0
    outer loop
      vertex 37.6 0 19
      vertex 0 0 42.4
      vertex 25.6 0 19
    endloop
  endfacet
  facet normal 0 -1 0
    outer loop
      vertex 40.8 0 19
      vertex 0 0 42.4
      vertex 37.6 0 19
    endloop
  endfacet
  facet normal 0 -1 0
    outer loop
      vertex 52.8 0 19
      vertex 0 0 42.4
      vertex 40.8 0 19
    endloop
  endfacet
  facet normal 0 -1 0
    outer loop
      vertex 0 0 42.4
      vertex 52.8 0 19
      vertex 108.8 0 42.4
    endloop
  endfacet
  facet normal 0 -1 0
    outer loop
      vertex 56 0 19
      vertex 108.8 0 42.4
      vertex 52.8 0 19
    endloop
  endfacet
  facet normal 0 -1 0
    outer loop
      vertex 68 0 19
      vertex 108.8 0 42.4
      vertex 56 0 19
    endloop
  endfacet
  facet normal 0 -1 0
    outer loop
      vertex 71.2 0 19
      vertex 108.8 0 42.4
      vertex 68 0 19
    endloop
  endfacet
  facet normal 0 -1 0
    outer loop
      vertex 83.2 0 19
      vertex 108.8 0 42.4
      vertex 71.2 0 19
    endloop
  endfacet
  facet normal 0 -1 0
    outer loop
      vertex 86.4 0 19
      vertex 108.8 0 42.4
      vertex 83.2 0 19
    endloop
  endfacet
  facet normal 0 -1 0
    outer loop
      vertex 98.4 0 19
      vertex 108.8 0 42.4
      vertex 86.4 0 19
    endloop
  endfacet
  facet normal 0 -1 0
    outer loop
      vertex 108.8 0 0
      vertex 98.4 0 19
      vertex 98.4 0 16.4
    endloop
  endfacet
  facet normal 0 -1 -0
    outer loop
      vertex 25.6 0 16.4
      vertex 22.4 0 9
      vertex 25.6 0 9
    endloop
  endfacet
  facet normal 0 -1 0
    outer loop
      vertex 37.6 0 16.4
      vertex 37.6 0 9
      vertex 40.8 0 16.4
    endloop
  endfacet
  facet normal 0 -1 0
    outer loop
      vertex 52.8 0 9
      vertex 52.8 0 16.4
      vertex 40.8 0 9
    endloop
  endfacet
  facet normal 0 -1 0
    outer loop
      vertex 56 0 16.4
      vertex 56 0 9
      vertex 68 0 16.4
    endloop
  endfacet
  facet normal 0 -1 0
    outer loop
      vertex 71.2 0 9
      vertex 71.2 0 16.4
      vertex 68 0 9
    endloop
  endfacet
  facet normal 0 -1 0
    outer loop
      vertex 71.2 0 16.4
      vertex 71.2 0 9
      vertex 83.2 0 16.4
    endloop
  endfacet
  facet normal 0 -1 0
    outer loop
      vertex 83.2 0 9
      vertex 83.2 0 16.4
      vertex 71.2 0 9
    endloop
  endfacet
  facet normal 0 -1 0
    outer loop
      vertex 83.2 0 16.4
      vertex 83.2 0 9
      vertex 86.4 0 16.4
    endloop
  endfacet
  facet normal 0 -1 0
    outer loop
      vertex 86.4 0 9
      vertex 86.4 0 16.4
      vertex 83.2 0 9
    endloop
  endfacet
  facet normal 0 -1 0
    outer loop
      vertex 86.4 0 16.4
      vertex 86.4 0 9
      vertex 98.4 0 16.4
    endloop
  endfacet
  facet normal 0 -1 0
    outer loop
      vertex 98.4 0 9
      vertex 98.4 0 16.4
      vertex 86.4 0 9
    endloop
  endfacet
  facet normal 0 -1 0
    outer loop
      vertex 108.8 0 0
      vertex 98.4 0 16.4
      vertex 98.4 0 9
    endloop
  endfacet
  facet normal 0 -1 0
    outer loop
      vertex 108.8 0 0
      vertex 98.4 0 9
      vertex 98.4 0 6.4
    endloop
  endfacet
  facet normal 0 -1 0
    outer loop
      vertex 98.4 0 19
      vertex 108.8 0 0
      vertex 108.8 0 42.4
    endloop
  endfacet
  facet normal 0 -1 0
    outer loop
      vertex 86.4 0 6.4
      vertex 108.8 0 0
      vertex 98.4 0 6.4
    endloop
  endfacet
  facet normal -1 0 0
    outer loop
      vertex 106.4 56.4 2.4
      vertex 106.4 35.4 28.4
      vertex 106.4 56.4 42.4
    endloop
  endfacet
  facet normal -1 0 0
    outer loop
      vertex 106.4 56.4 2.4
      vertex 106.4 23.4 28.4
      vertex 106.4 35.4 28.4
    endloop
  endfacet
  facet normal -1 0 0
    outer loop
      vertex 106.4 18.1385 32.7757
      vertex 106.4 23.4 35.4
      vertex 106.4 23.4 28.4
    endloop
  endfacet
  facet normal -1 0 0
    outer loop
      vertex 106.4 23.4 35.4
      vertex 106.4 18.1846 33.0863
      vertex 106.4 18.2 33.4
    endloop
  endfacet
  facet normal -1 0 0
    outer loop
      vertex 106.4 23.4 35.4
      vertex 106.4 18.1385 32.7757
      vertex 106.4 18.1846 33.0863
    endloop
  endfacet
  facet normal -1 0 0
    outer loop
      vertex 106.4 23.4 28.4
      vertex 106.4 18.0622 32.4711
      vertex 106.4 18.1385 32.7757
    endloop
  endfacet
  facet normal -1 0 0
    outer loop
      vertex 106.4 2.4 2.4
      vertex 106.4 23.4 28.4
      vertex 106.4 56.4 2.4
    endloop
  endfacet
  facet normal -1 0 0
    outer loop
      vertex 106.4 23.4 28.4
      vertex 106.4 17.9564 32.1754
      vertex 106.4 18.0622 32.4711
    endloop
  endfacet
  facet normal -1 0 0
    outer loop
      vertex 106.4 23.4 28.4
      vertex 106.4 17.8221 31.8915
      vertex 106.4 17.9564 32.1754
    endloop
  endfacet
  facet normal -1 0 0
    outer loop
      vertex 106.4 23.4 28.4
      vertex 106.4 17.6607 31.6222
      vertex 106.4 17.8221 31.8915
    endloop
  endfacet
  facet normal -1 0 0
    outer loop
      vertex 106.4 23.4 28.4
      vertex 106.4 17.4736 31.3699
      vertex 106.4 17.6607 31.6222
    endloop
  endfacet
  facet normal -1 0 0
    outer loop
      vertex 106.4 23.4 28.4
      vertex 106.4 17.2627 31.1373
      vertex 106.4 17.4736 31.3699
    endloop
  endfacet
  facet normal -1 0 0
    outer loop
      vertex 106.4 23.4 28.4
      vertex 106.4 17.0301 30.9264
      vertex 106.4 17.2627 31.1373
    endloop
  endfacet
  facet normal -1 0 0
    outer loop
      vertex 106.4 23.4 28.4
      vertex 106.4 16.7778 30.7393
      vertex 106.4 17.0301 30.9264
    endloop
  endfacet
  facet normal -1 0 0
    outer loop
      vertex 106.4 23.4 28.4
      vertex 106.4 16.5085 30.5779
      vertex 106.4 16.7778 30.7393
    endloop
  endfacet
  facet normal -1 0 -0
    outer loop
      vertex 106.4 15 30.2
      vertex 106.4 23.4 28.4
      vertex 106.4 2.4 2.4
    endloop
  endfacet
  facet normal -1 0 0
    outer loop
      vertex 106.4 23.4 28.4
      vertex 106.4 16.2246 30.4436
      vertex 106.4 16.5085 30.5779
    endloop
  endfacet
  facet normal -1 0 0
    outer loop
      vertex 106.4 23.4 28.4
      vertex 106.4 15.9289 30.3378
      vertex 106.4 16.2246 30.4436
    endloop
  endfacet
  facet normal -1 0 0
    outer loop
      vertex 106.4 23.4 28.4
      vertex 106.4 15.6243 30.2615
      vertex 106.4 15.9289 30.3378
    endloop
  endfacet
  facet normal -1 0 0
    outer loop
      vertex 106.4 23.4 28.4
      vertex 106.4 15.3137 30.2154
      vertex 106.4 15.6243 30.2615
    endloop
  endfacet
  facet normal -1 0 0
    outer loop
      vertex 106.4 23.4 28.4
      vertex 106.4 15 30.2
      vertex 106.4 15.3137 30.2154
    endloop
  endfacet
  facet normal -1 -0 0
    outer loop
      vertex 106.4 15 30.2
      vertex 106.4 2.4 2.4
      vertex 106.4 14.6863 30.2154
    endloop
  endfacet
  facet normal -1 -0 0
    outer loop
      vertex 106.4 14.6863 30.2154
      vertex 106.4 2.4 2.4
      vertex 106.4 14.3757 30.2615
    endloop
  endfacet
  facet normal -1 -0 0
    outer loop
      vertex 106.4 14.3757 30.2615
      vertex 106.4 2.4 2.4
      vertex 106.4 14.0711 30.3378
    endloop
  endfacet
  facet normal -1 -0 0
    outer loop
      vertex 106.4 14.0711 30.3378
      vertex 106.4 2.4 2.4
      vertex 106.4 13.7754 30.4436
    endloop
  endfacet
  facet normal -1 -0 0
    outer loop
      vertex 106.4 13.7754 30.4436
      vertex 106.4 2.4 2.4
      vertex 106.4 13.4915 30.5779
    endloop
  endfacet
  facet normal -1 0 0
    outer loop
      vertex 106.4 11.8615 32.7757
      vertex 106.4 2.4 42.4
      vertex 106.4 11.8154 33.0863
    endloop
  endfacet
  facet normal -1 0 0
    outer loop
      vertex 106.4 11.9378 32.4711
      vertex 106.4 2.4 42.4
      vertex 106.4 11.8615 32.7757
    endloop
  endfacet
  facet normal -1 0 0
    outer loop
      vertex 106.4 12.0436 32.1754
      vertex 106.4 2.4 42.4
      vertex 106.4 11.9378 32.4711
    endloop
  endfacet
  facet normal -1 0 0
    outer loop
      vertex 106.4 2.4 42.4
      vertex 106.4 12.0436 32.1754
      vertex 106.4 2.4 2.4
    endloop
  endfacet
  facet normal -1 -0 0
    outer loop
      vertex 106.4 12.1779 31.8915
      vertex 106.4 2.4 2.4
      vertex 106.4 12.0436 32.1754
    endloop
  endfacet
  facet normal -1 -0 0
    outer loop
      vertex 106.4 12.3393 31.6222
      vertex 106.4 2.4 2.4
      vertex 106.4 12.1779 31.8915
    endloop
  endfacet
  facet normal -1 -0 0
    outer loop
      vertex 106.4 12.5264 31.3699
      vertex 106.4 2.4 2.4
      vertex 106.4 12.3393 31.6222
    endloop
  endfacet
  facet normal -1 -0 0
    outer loop
      vertex 106.4 12.7373 31.1373
      vertex 106.4 2.4 2.4
      vertex 106.4 12.5264 31.3699
    endloop
  endfacet
  facet normal -1 -0 0
    outer loop
      vertex 106.4 12.9699 30.9264
      vertex 106.4 2.4 2.4
      vertex 106.4 12.7373 31.1373
    endloop
  endfacet
  facet normal -1 -0 0
    outer loop
      vertex 106.4 13.2222 30.7393
      vertex 106.4 2.4 2.4
      vertex 106.4 12.9699 30.9264
    endloop
  endfacet
  facet normal -1 -0 0
    outer loop
      vertex 106.4 13.4915 30.5779
      vertex 106.4 2.4 2.4
      vertex 106.4 13.2222 30.7393
    endloop
  endfacet
  facet normal -1 0 0
    outer loop
      vertex 106.4 35.4 35.4
      vertex 106.4 56.4 42.4
      vertex 106.4 35.4 28.4
    endloop
  endfacet
  facet normal -1 0 0
    outer loop
      vertex 106.4 23.4 35.4
      vertex 106.4 56.4 42.4
      vertex 106.4 35.4 35.4
    endloop
  endfacet
  facet normal -1 0 0
    outer loop
      vertex 106.4 18.1846 33.7137
      vertex 106.4 23.4 35.4
      vertex 106.4 18.2 33.4
    endloop
  endfacet
  facet normal -1 0 0
    outer loop
      vertex 106.4 18.1385 34.0243
      vertex 106.4 23.4 35.4
      vertex 106.4 18.1846 33.7137
    endloop
  endfacet
  facet normal -1 0 0
    outer loop
      vertex 106.4 18.0622 34.3289
      vertex 106.4 23.4 35.4
      vertex 106.4 18.1385 34.0243
    endloop
  endfacet
  facet normal -1 0 0
    outer loop
      vertex 106.4 17.9564 34.6246
      vertex 106.4 23.4 35.4
      vertex 106.4 18.0622 34.3289
    endloop
  endfacet
  facet normal -1 0 0
    outer loop
      vertex 106.4 17.8221 34.9085
      vertex 106.4 23.4 35.4
      vertex 106.4 17.9564 34.6246
    endloop
  endfacet
  facet normal -1 0 0
    outer loop
      vertex 106.4 17.6607 35.1778
      vertex 106.4 23.4 35.4
      vertex 106.4 17.8221 34.9085
    endloop
  endfacet
  facet normal -1 0 0
    outer loop
      vertex 106.4 17.4736 35.4301
      vertex 106.4 23.4 35.4
      vertex 106.4 17.6607 35.1778
    endloop
  endfacet
  facet normal -1 0 0
    outer loop
      vertex 106.4 17.2627 35.6627
      vertex 106.4 23.4 35.4
      vertex 106.4 17.4736 35.4301
    endloop
  endfacet
  facet normal -1 0 0
    outer loop
      vertex 106.4 17.0301 35.8736
      vertex 106.4 23.4 35.4
      vertex 106.4 17.2627 35.6627
    endloop
  endfacet
  facet normal -1 0 0
    outer loop
      vertex 106.4 16.7778 36.0607
      vertex 106.4 23.4 35.4
      vertex 106.4 17.0301 35.8736
    endloop
  endfacet
  facet normal -1 0 0
    outer loop
      vertex 106.4 16.5085 36.2221
      vertex 106.4 23.4 35.4
      vertex 106.4 16.7778 36.0607
    endloop
  endfacet
  facet normal -1 0 0
    outer loop
      vertex 106.4 16.2246 36.3564
      vertex 106.4 23.4 35.4
      vertex 106.4 16.5085 36.2221
    endloop
  endfacet
  facet normal -1 0 0
    outer loop
      vertex 106.4 15.9289 36.4622
      vertex 106.4 23.4 35.4
      vertex 106.4 16.2246 36.3564
    endloop
  endfacet
  facet normal -1 0 0
    outer loop
      vertex 106.4 2.4 42.4
      vertex 106.4 23.4 35.4
      vertex 106.4 15.9289 36.4622
    endloop
  endfacet
  facet normal -1 0 0
    outer loop
      vertex 106.4 2.4 42.4
      vertex 106.4 15.9289 36.4622
      vertex 106.4 15.6243 36.5385
    endloop
  endfacet
  facet normal -1 0 0
    outer loop
      vertex 106.4 2.4 42.4
      vertex 106.4 15.6243 36.5385
      vertex 106.4 15.3137 36.5846
    endloop
  endfacet
  facet normal -1 0 0
    outer loop
      vertex 106.4 2.4 42.4
      vertex 106.4 15.3137 36.5846
      vertex 106.4 15 36.6
    endloop
  endfacet
  facet normal -1 0 0
    outer loop
      vertex 106.4 2.4 42.4
      vertex 106.4 15 36.6
      vertex 106.4 14.6863 36.5846
    endloop
  endfacet
  facet normal -1 0 0
    outer loop
      vertex 106.4 11.8154 33.0863
      vertex 106.4 2.4 42.4
      vertex 106.4 11.8 33.4
    endloop
  endfacet
  facet normal -1 0 0
    outer loop
      vertex 106.4 11.8 33.4
      vertex 106.4 2.4 42.4
      vertex 106.4 11.8154 33.7137
    endloop
  endfacet
  facet normal -1 0 0
    outer loop
      vertex 106.4 11.8154 33.7137
      vertex 106.4 2.4 42.4
      vertex 106.4 11.8615 34.0243
    endloop
  endfacet
  facet normal -1 0 0
    outer loop
      vertex 106.4 23.4 35.4
      vertex 106.4 2.4 42.4
      vertex 106.4 56.4 42.4
    endloop
  endfacet
  facet normal -1 0 0
    outer loop
      vertex 106.4 14.3757 36.5385
      vertex 106.4 2.4 42.4
      vertex 106.4 14.6863 36.5846
    endloop
  endfacet
  facet normal -1 0 0
    outer loop
      vertex 106.4 14.0711 36.4622
      vertex 106.4 2.4 42.4
      vertex 106.4 14.3757 36.5385
    endloop
  endfacet
  facet normal -1 0 0
    outer loop
      vertex 106.4 13.7754 36.3564
      vertex 106.4 2.4 42.4
      vertex 106.4 14.0711 36.4622
    endloop
  endfacet
  facet normal -1 0 0
    outer loop
      vertex 106.4 13.4915 36.2221
      vertex 106.4 2.4 42.4
      vertex 106.4 13.7754 36.3564
    endloop
  endfacet
  facet normal -1 0 0
    outer loop
      vertex 106.4 13.2222 36.0607
      vertex 106.4 2.4 42.4
      vertex 106.4 13.4915 36.2221
    endloop
  endfacet
  facet normal -1 0 0
    outer loop
      vertex 106.4 12.9699 35.8736
      vertex 106.4 2.4 42.4
      vertex 106.4 13.2222 36.0607
    endloop
  endfacet
  facet normal -1 0 0
    outer loop
      vertex 106.4 12.7373 35.6627
      vertex 106.4 2.4 42.4
      vertex 106.4 12.9699 35.8736
    endloop
  endfacet
  facet normal -1 0 0
    outer loop
      vertex 106.4 12.5264 35.4301
      vertex 106.4 2.4 42.4
      vertex 106.4 12.7373 35.6627
    endloop
  endfacet
  facet normal -1 0 0
    outer loop
      vertex 106.4 12.3393 35.1778
      vertex 106.4 2.4 42.4
      vertex 106.4 12.5264 35.4301
    endloop
  endfacet
  facet normal -1 0 0
    outer loop
      vertex 106.4 12.1779 34.9085
      vertex 106.4 2.4 42.4
      vertex 106.4 12.3393 35.1778
    endloop
  endfacet
  facet normal -1 0 0
    outer loop
      vertex 106.4 12.0436 34.6246
      vertex 106.4 2.4 42.4
      vertex 106.4 12.1779 34.9085
    endloop
  endfacet
  facet normal -1 0 0
    outer loop
      vertex 106.4 11.9378 34.3289
      vertex 106.4 2.4 42.4
      vertex 106.4 12.0436 34.6246
    endloop
  endfacet
  facet normal -1 0 0
    outer loop
      vertex 106.4 11.8615 34.0243
      vertex 106.4 2.4 42.4
      vertex 106.4 11.9378 34.3289
    endloop
  endfacet
  facet normal -0 0 1
    outer loop
      vertex 102.211 8.75423 2.4
      vertex 106.4 2.4 2.4
      vertex 106.4 56.4 2.4
    endloop
  endfacet
  facet normal 0 0 1
    outer loop
      vertex 106.4 2.4 2.4
      vertex 102.392 8.15683 2.4
      vertex 102.4 8 2.4
    endloop
  endfacet
  facet normal 0 0 1
    outer loop
      vertex 106.4 2.4 2.4
      vertex 102.369 8.31214 2.4
      vertex 102.392 8.15683 2.4
    endloop
  endfacet
  facet normal 0 0 1
    outer loop
      vertex 106.4 2.4 2.4
      vertex 102.331 8.46445 2.4
      vertex 102.369 8.31214 2.4
    endloop
  endfacet
  facet normal 0 0 1
    outer loop
      vertex 106.4 2.4 2.4
      vertex 102.278 8.61229 2.4
      vertex 102.331 8.46445 2.4
    endloop
  endfacet
  facet normal 0 0 1
    outer loop
      vertex 106.4 2.4 2.4
      vertex 102.211 8.75423 2.4
      vertex 102.278 8.61229 2.4
    endloop
  endfacet
  facet normal 0 0 1
    outer loop
      vertex 106.4 56.4 2.4
      vertex 102.13 8.88891 2.4
      vertex 102.211 8.75423 2.4
    endloop
  endfacet
  facet normal 0 0 1
    outer loop
      vertex 106.4 56.4 2.4
      vertex 102.037 9.01503 2.4
      vertex 102.13 8.88891 2.4
    endloop
  endfacet
  facet normal 0 0 1
    outer loop
      vertex 106.4 56.4 2.4
      vertex 101.931 9.13137 2.4
      vertex 102.037 9.01503 2.4
    endloop
  endfacet
  facet normal 0 0 1
    outer loop
      vertex 106.4 56.4 2.4
      vertex 101.815 9.23682 2.4
      vertex 101.931 9.13137 2.4
    endloop
  endfacet
  facet normal 0 0 1
    outer loop
      vertex 106.4 56.4 2.4
      vertex 101.689 9.33035 2.4
      vertex 101.815 9.23682 2.4
    endloop
  endfacet
  facet normal 0 0 1
    outer loop
      vertex 106.4 56.4 2.4
      vertex 101.554 9.41107 2.4
      vertex 101.689 9.33035 2.4
    endloop
  endfacet
  facet normal 0 0 1
    outer loop
      vertex 106.4 56.4 2.4
      vertex 101.412 9.47821 2.4
      vertex 101.554 9.41107 2.4
    endloop
  endfacet
  facet normal 0 0 1
    outer loop
      vertex 106.4 56.4 2.4
      vertex 101.264 9.5311 2.4
      vertex 101.412 9.47821 2.4
    endloop
  endfacet
  facet normal 0 0 1
    outer loop
      vertex 106.4 56.4 2.4
      vertex 101.112 9.56926 2.4
      vertex 101.264 9.5311 2.4
    endloop
  endfacet
  facet normal 0 0 1
    outer loop
      vertex 106.4 56.4 2.4
      vertex 100.957 9.59229 2.4
      vertex 101.112 9.56926 2.4
    endloop
  endfacet
  facet normal 0 0 1
    outer loop
      vertex 106.4 56.4 2.4
      vertex 100.8 9.6 2.4
      vertex 100.957 9.59229 2.4
    endloop
  endfacet
  facet normal 0 0 1
    outer loop
      vertex 106.4 56.4 2.4
      vertex 100.643 9.59229 2.4
      vertex 100.8 9.6 2.4
    endloop
  endfacet
  facet normal 0 0 1
    outer loop
      vertex 106.4 56.4 2.4
      vertex 100.488 9.56926 2.4
      vertex 100.643 9.59229 2.4
    endloop
  endfacet
  facet normal 0 0 1
    outer loop
      vertex 106.4 56.4 2.4
      vertex 100.336 9.5311 2.4
      vertex 100.488 9.56926 2.4
    endloop
  endfacet
  facet normal 0 0 1
    outer loop
      vertex 106.4 56.4 2.4
      vertex 100.188 9.47821 2.4
      vertex 100.336 9.5311 2.4
    endloop
  endfacet
  facet normal 0 0 1
    outer loop
      vertex 106.4 56.4 2.4
      vertex 100.046 9.41107 2.4
      vertex 100.188 9.47821 2.4
    endloop
  endfacet
  facet normal 0 0 1
    outer loop
      vertex 106.4 56.4 2.4
      vertex 99.9111 9.33035 2.4
      vertex 100.046 9.41107 2.4
    endloop
  endfacet
  facet normal 0 0 1
    outer loop
      vertex 106.4 56.4 2.4
      vertex 99.785 9.23682 2.4
      vertex 99.9111 9.33035 2.4
    endloop
  endfacet
  facet normal 0 0 1
    outer loop
      vertex 106.4 56.4 2.4
      vertex 99.6686 9.13137 2.4
      vertex 99.785 9.23682 2.4
    endloop
  endfacet
  facet normal 0 0 1
    outer loop
      vertex 106.4 56.4 2.4
      vertex 99.5632 9.01503 2.4
      vertex 99.6686 9.13137 2.4
    endloop
  endfacet
  facet normal 0 0 1
    outer loop
      vertex 106.4 56.4 2.4
      vertex 99.4697 8.88891 2.4
      vertex 99.5632 9.01503 2.4
    endloop
  endfacet
  facet normal -0 0 1
    outer loop
      vertex 2.4 56.4 2.4
      vertex 99.4697 8.88891 2.4
      vertex 106.4 56.4 2.4
    endloop
  endfacet
  facet normal 0 0 1
    outer loop
      vertex 99.4697 8.88891 2.4
      vertex 2.4 56.4 2.4
      vertex 99.3889 8.75423 2.4
    endloop
  endfacet
  facet normal 0 0 1
    outer loop
      vertex 99.3889 8.75423 2.4
      vertex 2.4 56.4 2.4
      vertex 99.3218 8.61229 2.4
    endloop
  endfacet
  facet normal 0 0 1
    outer loop
      vertex 2.4 2.4 2.4
      vertex 99.3218 8.61229 2.4
      vertex 2.4 56.4 2.4
    endloop
  endfacet
  facet normal 0 0 1
    outer loop
      vertex 99.2307 8.31214 2.4
      vertex 2.4 2.4 2.4
      vertex 99.2077 8.15683 2.4
    endloop
  endfacet
  facet normal 0 0 1
    outer loop
      vertex 99.2689 8.46445 2.4
      vertex 2.4 2.4 2.4
      vertex 99.2307 8.31214 2.4
    endloop
  endfacet
  facet normal 0 0 1
    outer loop
      vertex 99.3218 8.61229 2.4
      vertex 2.4 2.4 2.4
      vertex 99.2689 8.46445 2.4
    endloop
  endfacet
  facet normal -0 0 1
    outer loop
      vertex 102.392 7.84317 2.4
      vertex 106.4 2.4 2.4
      vertex 102.4 8 2.4
    endloop
  endfacet
  facet normal -0 0 1
    outer loop
      vertex 102.369 7.68785 2.4
      vertex 106.4 2.4 2.4
      vertex 102.392 7.84317 2.4
    endloop
  endfacet
  facet normal -0 0 1
    outer loop
      vertex 102.331 7.53554 2.4
      vertex 106.4 2.4 2.4
      vertex 102.369 7.68785 2.4
    endloop
  endfacet
  facet normal -0 0 1
    outer loop
      vertex 102.278 7.38771 2.4
      vertex 106.4 2.4 2.4
      vertex 102.331 7.53554 2.4
    endloop
  endfacet
  facet normal -0 0 1
    outer loop
      vertex 102.211 7.24576 2.4
      vertex 106.4 2.4 2.4
      vertex 102.278 7.38771 2.4
    endloop
  endfacet
  facet normal -0 0 1
    outer loop
      vertex 102.13 7.11109 2.4
      vertex 106.4 2.4 2.4
      vertex 102.211 7.24576 2.4
    endloop
  endfacet
  facet normal -0 0 1
    outer loop
      vertex 102.037 6.98497 2.4
      vertex 106.4 2.4 2.4
      vertex 102.13 7.11109 2.4
    endloop
  endfacet
  facet normal -0 0 1
    outer loop
      vertex 101.931 6.86863 2.4
      vertex 106.4 2.4 2.4
      vertex 102.037 6.98497 2.4
    endloop
  endfacet
  facet normal -0 0 1
    outer loop
      vertex 101.815 6.76318 2.4
      vertex 106.4 2.4 2.4
      vertex 101.931 6.86863 2.4
    endloop
  endfacet
  facet normal -0 0 1
    outer loop
      vertex 101.689 6.66965 2.4
      vertex 106.4 2.4 2.4
      vertex 101.815 6.76318 2.4
    endloop
  endfacet
  facet normal -0 0 1
    outer loop
      vertex 101.554 6.58893 2.4
      vertex 106.4 2.4 2.4
      vertex 101.689 6.66965 2.4
    endloop
  endfacet
  facet normal -0 0 1
    outer loop
      vertex 101.412 6.52179 2.4
      vertex 106.4 2.4 2.4
      vertex 101.554 6.58893 2.4
    endloop
  endfacet
  facet normal -0 0 1
    outer loop
      vertex 101.264 6.46889 2.4
      vertex 106.4 2.4 2.4
      vertex 101.412 6.52179 2.4
    endloop
  endfacet
  facet normal -0 0 1
    outer loop
      vertex 101.112 6.43074 2.4
      vertex 106.4 2.4 2.4
      vertex 101.264 6.46889 2.4
    endloop
  endfacet
  facet normal -0 0 1
    outer loop
      vertex 100.957 6.4077 2.4
      vertex 106.4 2.4 2.4
      vertex 101.112 6.43074 2.4
    endloop
  endfacet
  facet normal -0 0 1
    outer loop
      vertex 100.8 6.4 2.4
      vertex 106.4 2.4 2.4
      vertex 100.957 6.4077 2.4
    endloop
  endfacet
  facet normal 0 0 1
    outer loop
      vertex 100.643 6.4077 2.4
      vertex 106.4 2.4 2.4
      vertex 100.8 6.4 2.4
    endloop
  endfacet
  facet normal 0 0 1
    outer loop
      vertex 100.488 6.43074 2.4
      vertex 106.4 2.4 2.4
      vertex 100.643 6.4077 2.4
    endloop
  endfacet
  facet normal 0 0 1
    outer loop
      vertex 100.336 6.46889 2.4
      vertex 106.4 2.4 2.4
      vertex 100.488 6.43074 2.4
    endloop
  endfacet
  facet normal 0 0 1
    outer loop
      vertex 100.188 6.52179 2.4
      vertex 106.4 2.4 2.4
      vertex 100.336 6.46889 2.4
    endloop
  endfacet
  facet normal 0 0 1
    outer loop
      vertex 100.046 6.58893 2.4
      vertex 106.4 2.4 2.4
      vertex 100.188 6.52179 2.4
    endloop
  endfacet
  facet normal 0 0 1
    outer loop
      vertex 99.9111 6.66965 2.4
      vertex 106.4 2.4 2.4
      vertex 100.046 6.58893 2.4
    endloop
  endfacet
  facet normal 0 0 1
    outer loop
      vertex 99.2077 8.15683 2.4
      vertex 2.4 2.4 2.4
      vertex 99.2 8 2.4
    endloop
  endfacet
  facet normal 0 0 1
    outer loop
      vertex 99.2 8 2.4
      vertex 2.4 2.4 2.4
      vertex 99.2077 7.84317 2.4
    endloop
  endfacet
  facet normal 0 0 1
    outer loop
      vertex 99.2077 7.84317 2.4
      vertex 2.4 2.4 2.4
      vertex 99.2307 7.68785 2.4
    endloop
  endfacet
  facet normal 0 0 1
    outer loop
      vertex 99.2307 7.68785 2.4
      vertex 2.4 2.4 2.4
      vertex 99.2689 7.53554 2.4
    endloop
  endfacet
  facet normal 0 0 1
    outer loop
      vertex 99.2689 7.53554 2.4
      vertex 2.4 2.4 2.4
      vertex 99.3218 7.38771 2.4
    endloop
  endfacet
  facet normal 0 0 1
    outer loop
      vertex 99.3218 7.38771 2.4
      vertex 2.4 2.4 2.4
      vertex 99.3889 7.24576 2.4
    endloop
  endfacet
  facet normal 0 0 1
    outer loop
      vertex 99.3889 7.24576 2.4
      vertex 2.4 2.4 2.4
      vertex 99.4697 7.11109 2.4
    endloop
  endfacet
  facet normal 0 0 1
    outer loop
      vertex 99.4697 7.11109 2.4
      vertex 2.4 2.4 2.4
      vertex 99.5632 6.98497 2.4
    endloop
  endfacet
  facet normal 0 0 1
    outer loop
      vertex 99.5632 6.98497 2.4
      vertex 2.4 2.4 2.4
      vertex 99.6686 6.86863 2.4
    endloop
  endfacet
  facet normal 0 0 1
    outer loop
      vertex 99.6686 6.86863 2.4
      vertex 2.4 2.4 2.4
      vertex 99.785 6.76318 2.4
    endloop
  endfacet
  facet normal 0 0 1
    outer loop
      vertex 99.785 6.76318 2.4
      vertex 2.4 2.4 2.4
      vertex 99.9111 6.66965 2.4
    endloop
  endfacet
  facet normal 0 0 1
    outer loop
      vertex 99.9111 6.66965 2.4
      vertex 2.4 2.4 2.4
      vertex 106.4 2.4 2.4
    endloop
  endfacet
  facet normal 1 0 0
    outer loop
      vertex 2.4 56.4 42.4
      vertex 2.4 41.8 14.4
      vertex 2.4 56.4 2.4
    endloop
  endfacet
  facet normal 1 0 0
    outer loop
      vertex 2.4 56.4 42.4
      vertex 2.4 29.4 14.4
      vertex 2.4 41.8 14.4
    endloop
  endfacet
  facet normal 1 0 0
    outer loop
      vertex 2.4 29.4 14.4
      vertex 2.4 17 14.4
      vertex 2.4 29.4 2.4
    endloop
  endfacet
  facet normal 1 -0 0
    outer loop
      vertex 2.4 2.4 42.4
      vertex 2.4 29.4 14.4
      vertex 2.4 56.4 42.4
    endloop
  endfacet
  facet normal 1 0 0
    outer loop
      vertex 2.4 29.4 14.4
      vertex 2.4 2.4 42.4
      vertex 2.4 17 14.4
    endloop
  endfacet
  facet normal 1 0 0
    outer loop
      vertex 2.4 2.4 2.4
      vertex 2.4 4.6 14.4
      vertex 2.4 2.4 42.4
    endloop
  endfacet
  facet normal 1 0 0
    outer loop
      vertex 2.4 17 14.4
      vertex 2.4 2.4 42.4
      vertex 2.4 4.6 14.4
    endloop
  endfacet
  facet normal 1 0 0
    outer loop
      vertex 2.4 41.8 2.4
      vertex 2.4 56.4 2.4
      vertex 2.4 41.8 14.4
    endloop
  endfacet
  facet normal 0 0 0
    outer loop
      vertex 2.4 29.4 2.4
      vertex 2.4 56.4 2.4
      vertex 2.4 41.8 2.4
    endloop
  endfacet
  facet normal 1 0 0
    outer loop
      vertex 2.4 17 2.4
      vertex 2.4 29.4 2.4
      vertex 2.4 17 14.4
    endloop
  endfacet
  facet normal 0 0 0
    outer loop
      vertex 2.4 17 2.4
      vertex 2.4 56.4 2.4
      vertex 2.4 29.4 2.4
    endloop
  endfacet
  facet normal 0 0 0
    outer loop
      vertex 2.4 4.6 2.4
      vertex 2.4 56.4 2.4
      vertex 2.4 17 2.4
    endloop
  endfacet
  facet normal -0 0 0
    outer loop
      vertex 2.4 4.6 2.4
      vertex 2.4 2.4 2.4
      vertex 2.4 56.4 2.4
    endloop
  endfacet
  facet normal 1 0 0
    outer loop
      vertex 2.4 4.6 14.4
      vertex 2.4 2.4 2.4
      vertex 2.4 4.6 2.4
    endloop
  endfacet
  facet normal 0 -1 0
    outer loop
      vertex 2.4 56.4 2.4
      vertex 106.4 56.4 42.4
      vertex 2.4 56.4 42.4
    endloop
  endfacet
  facet normal 0 -1 -0
    outer loop
      vertex 106.4 56.4 42.4
      vertex 2.4 56.4 2.4
      vertex 106.4 56.4 2.4
    endloop
  endfacet
  facet normal 0 1 -0
    outer loop
      vertex 25.6 2.4 6.4
      vertex 22.4 2.4 9
      vertex 25.6 2.4 9
    endloop
  endfacet
  facet normal 0 1 0
    outer loop
      vertex 22.4 2.4 9
      vertex 25.6 2.4 6.4
      vertex 22.4 2.4 6.4
    endloop
  endfacet
  facet normal 0 1 -0
    outer loop
      vertex 40.8 2.4 6.4
      vertex 37.6 2.4 9
      vertex 40.8 2.4 9
    endloop
  endfacet
  facet normal 0 1 0
    outer loop
      vertex 37.6 2.4 9
      vertex 40.8 2.4 6.4
      vertex 37.6 2.4 6.4
    endloop
  endfacet
  facet normal 0 1 -0
    outer loop
      vertex 56 2.4 6.4
      vertex 52.8 2.4 9
      vertex 56 2.4 9
    endloop
  endfacet
  facet normal 0 1 0
    outer loop
      vertex 52.8 2.4 9
      vertex 56 2.4 6.4
      vertex 52.8 2.4 6.4
    endloop
  endfacet
  facet normal 0 1 -0
    outer loop
      vertex 71.2 2.4 6.4
      vertex 68 2.4 9
      vertex 71.2 2.4 9
    endloop
  endfacet
  facet normal 0 1 0
    outer loop
      vertex 68 2.4 9
      vertex 71.2 2.4 6.4
      vertex 68 2.4 6.4
    endloop
  endfacet
  facet normal 0 1 -0
    outer loop
      vertex 86.4 2.4 6.4
      vertex 83.2 2.4 9
      vertex 86.4 2.4 9
    endloop
  endfacet
  facet normal 0 1 0
    outer loop
      vertex 83.2 2.4 9
      vertex 86.4 2.4 6.4
      vertex 83.2 2.4 6.4
    endloop
  endfacet
  facet normal 0 1 -0
    outer loop
      vertex 25.6 2.4 16.4
      vertex 22.4 2.4 19
      vertex 25.6 2.4 19
    endloop
  endfacet
  facet normal 0 1 0
    outer loop
      vertex 22.4 2.4 19
      vertex 25.6 2.4 16.4
      vertex 22.4 2.4 16.4
    endloop
  endfacet
  facet normal 0 1 -0
    outer loop
      vertex 40.8 2.4 16.4
      vertex 37.6 2.4 19
      vertex 40.8 2.4 19
    endloop
  endfacet
  facet normal 0 1 0
    outer loop
      vertex 37.6 2.4 19
      vertex 40.8 2.4 16.4
      vertex 37.6 2.4 16.4
    endloop
  endfacet
  facet normal 0 1 -0
    outer loop
      vertex 56 2.4 16.4
      vertex 52.8 2.4 19
      vertex 56 2.4 19
    endloop
  endfacet
  facet normal 0 1 0
    outer loop
      vertex 52.8 2.4 19
      vertex 56 2.4 16.4
      vertex 52.8 2.4 16.4
    endloop
  endfacet
  facet normal 0 1 -0
    outer loop
      vertex 71.2 2.4 16.4
      vertex 68 2.4 19
      vertex 71.2 2.4 19
    endloop
  endfacet
  facet normal 0 1 0
    outer loop
      vertex 68 2.4 19
      vertex 71.2 2.4 16.4
      vertex 68 2.4 16.4
    endloop
  endfacet
  facet normal 0 1 -0
    outer loop
      vertex 86.4 2.4 16.4
      vertex 83.2 2.4 19
      vertex 86.4 2.4 19
    endloop
  endfacet
  facet normal 0 1 0
    outer loop
      vertex 83.2 2.4 19
      vertex 86.4 2.4 16.4
      vertex 83.2 2.4 16.4
    endloop
  endfacet
  facet normal 0 1 0
    outer loop
      vertex 86.4 2.4 19
      vertex 106.4 2.4 42.4
      vertex 98.4 2.4 19
    endloop
  endfacet
  facet normal 0 1 -0
    outer loop
      vertex 106.4 2.4 2.4
      vertex 98.4 2.4 19
      vertex 106.4 2.4 42.4
    endloop
  endfacet
  facet normal 0 1 0
    outer loop
      vertex 86.4 2.4 9
      vertex 86.4 2.4 16.4
      vertex 98.4 2.4 16.4
    endloop
  endfacet
  facet normal 0 1 0
    outer loop
      vertex 86.4 2.4 16.4
      vertex 86.4 2.4 9
      vertex 83.2 2.4 16.4
    endloop
  endfacet
  facet normal 0 1 0
    outer loop
      vertex 83.2 2.4 16.4
      vertex 83.2 2.4 9
      vertex 71.2 2.4 16.4
    endloop
  endfacet
  facet normal 0 1 0
    outer loop
      vertex 71.2 2.4 9
      vertex 71.2 2.4 16.4
      vertex 83.2 2.4 9
    endloop
  endfacet
  facet normal 0 1 0
    outer loop
      vertex 68 2.4 9
      vertex 68 2.4 16.4
      vertex 71.2 2.4 9
    endloop
  endfacet
  facet normal 0 1 0
    outer loop
      vertex 68 2.4 16.4
      vertex 68 2.4 9
      vertex 56 2.4 16.4
    endloop
  endfacet
  facet normal 0 1 0
    outer loop
      vertex 56 2.4 16.4
      vertex 56 2.4 9
      vertex 52.8 2.4 16.4
    endloop
  endfacet
  facet normal 0 1 0
    outer loop
      vertex 52.8 2.4 9
      vertex 52.8 2.4 16.4
      vertex 56 2.4 9
    endloop
  endfacet
  facet normal 0 1 0
    outer loop
      vertex 40.8 2.4 9
      vertex 40.8 2.4 16.4
      vertex 52.8 2.4 9
    endloop
  endfacet
  facet normal 0 1 0
    outer loop
      vertex 40.8 2.4 16.4
      vertex 40.8 2.4 9
      vertex 37.6 2.4 16.4
    endloop
  endfacet
  facet normal 0 1 0
    outer loop
      vertex 86.4 2.4 9
      vertex 98.4 2.4 16.4
      vertex 98.4 2.4 9
    endloop
  endfacet
  facet normal 0 1 0
    outer loop
      vertex 98.4 2.4 19
      vertex 106.4 2.4 2.4
      vertex 98.4 2.4 16.4
    endloop
  endfacet
  facet normal 0 1 0
    outer loop
      vertex 98.4 2.4 16.4
      vertex 106.4 2.4 2.4
      vertex 98.4 2.4 9
    endloop
  endfacet
  facet normal 0 1 0
    outer loop
      vertex 106.4 2.4 2.4
      vertex 86.4 2.4 6.4
      vertex 98.4 2.4 6.4
    endloop
  endfacet
  facet normal 0 1 0
    outer loop
      vertex 86.4 2.4 6.4
      vertex 106.4 2.4 2.4
      vertex 83.2 2.4 6.4
    endloop
  endfacet
  facet normal 0 1 0
    outer loop
      vertex 83.2 2.4 6.4
      vertex 106.4 2.4 2.4
      vertex 71.2 2.4 6.4
    endloop
  endfacet
  facet normal 0 1 0
    outer loop
      vertex 71.2 2.4 6.4
      vertex 106.4 2.4 2.4
      vertex 68 2.4 6.4
    endloop
  endfacet
  facet normal 0 1 0
    outer loop
      vertex 68 2.4 6.4
      vertex 106.4 2.4 2.4
      vertex 56 2.4 6.4
    endloop
  endfacet
  facet normal 0 1 0
    outer loop
      vertex 56 2.4 6.4
      vertex 106.4 2.4 2.4
      vertex 52.8 2.4 6.4
    endloop
  endfacet
  facet normal 0 1 0
    outer loop
      vertex 2.4 2.4 2.4
      vertex 52.8 2.4 6.4
      vertex 106.4 2.4 2.4
    endloop
  endfacet
  facet normal 0 1 0
    outer loop
      vertex 52.8 2.4 6.4
      vertex 2.4 2.4 2.4
      vertex 40.8 2.4 6.4
    endloop
  endfacet
  facet normal 0 1 0
    outer loop
      vertex 40.8 2.4 6.4
      vertex 2.4 2.4 2.4
      vertex 37.6 2.4 6.4
    endloop
  endfacet
  facet normal 0 1 0
    outer loop
      vertex 37.6 2.4 6.4
      vertex 2.4 2.4 2.4
      vertex 25.6 2.4 6.4
    endloop
  endfacet
  facet normal 0 1 0
    outer loop
      vertex 25.6 2.4 6.4
      vertex 2.4 2.4 2.4
      vertex 22.4 2.4 6.4
    endloop
  endfacet
  facet normal 0 1 0
    outer loop
      vertex 98.4 2.4 9
      vertex 106.4 2.4 2.4
      vertex 98.4 2.4 6.4
    endloop
  endfacet
  facet normal 0 1 0
    outer loop
      vertex 83.2 2.4 19
      vertex 106.4 2.4 42.4
      vertex 86.4 2.4 19
    endloop
  endfacet
  facet normal 0 1 0
    outer loop
      vertex 71.2 2.4 19
      vertex 106.4 2.4 42.4
      vertex 83.2 2.4 19
    endloop
  endfacet
  facet normal 0 1 0
    outer loop
      vertex 68 2.4 19
      vertex 106.4 2.4 42.4
      vertex 71.2 2.4 19
    endloop
  endfacet
  facet normal 0 1 0
    outer loop
      vertex 56 2.4 19
      vertex 106.4 2.4 42.4
      vertex 68 2.4 19
    endloop
  endfacet
  facet normal 0 1 0
    outer loop
      vertex 106.4 2.4 42.4
      vertex 56 2.4 19
      vertex 2.4 2.4 42.4
    endloop
  endfacet
  facet normal 0 1 -0
    outer loop
      vertex 52.8 2.4 19
      vertex 2.4 2.4 42.4
      vertex 56 2.4 19
    endloop
  endfacet
  facet normal 0 1 -0
    outer loop
      vertex 40.8 2.4 19
      vertex 2.4 2.4 42.4
      vertex 52.8 2.4 19
    endloop
  endfacet
  facet normal 0 1 -0
    outer loop
      vertex 37.6 2.4 19
      vertex 2.4 2.4 42.4
      vertex 40.8 2.4 19
    endloop
  endfacet
  facet normal 0 1 -0
    outer loop
      vertex 25.6 2.4 19
      vertex 2.4 2.4 42.4
      vertex 37.6 2.4 19
    endloop
  endfacet
  facet normal 0 1 -0
    outer loop
      vertex 22.4 2.4 19
      vertex 2.4 2.4 42.4
      vertex 25.6 2.4 19
    endloop
  endfacet
  facet normal 0 1 -0
    outer loop
      vertex 10.4 2.4 19
      vertex 2.4 2.4 42.4
      vertex 22.4 2.4 19
    endloop
  endfacet
  facet normal 0 1 0
    outer loop
      vertex 2.4 2.4 2.4
      vertex 10.4 2.4 19
      vertex 10.4 2.4 16.4
    endloop
  endfacet
  facet normal 0 1 0
    outer loop
      vertex 83.2 2.4 16.4
      vertex 86.4 2.4 9
      vertex 83.2 2.4 9
    endloop
  endfacet
  facet normal 0 1 0
    outer loop
      vertex 71.2 2.4 16.4
      vertex 71.2 2.4 9
      vertex 68 2.4 16.4
    endloop
  endfacet
  facet normal 0 1 0
    outer loop
      vertex 56 2.4 9
      vertex 56 2.4 16.4
      vertex 68 2.4 9
    endloop
  endfacet
  facet normal 0 1 0
    outer loop
      vertex 52.8 2.4 16.4
      vertex 52.8 2.4 9
      vertex 40.8 2.4 16.4
    endloop
  endfacet
  facet normal 0 1 0
    outer loop
      vertex 37.6 2.4 9
      vertex 37.6 2.4 16.4
      vertex 40.8 2.4 9
    endloop
  endfacet
  facet normal 0 1 0
    outer loop
      vertex 37.6 2.4 16.4
      vertex 37.6 2.4 9
      vertex 25.6 2.4 16.4
    endloop
  endfacet
  facet normal 0 1 0
    outer loop
      vertex 25.6 2.4 9
      vertex 25.6 2.4 16.4
      vertex 37.6 2.4 9
    endloop
  endfacet
  facet normal 0 1 0
    outer loop
      vertex 25.6 2.4 16.4
      vertex 25.6 2.4 9
      vertex 22.4 2.4 16.4
    endloop
  endfacet
  facet normal 0 1 0
    outer loop
      vertex 22.4 2.4 9
      vertex 22.4 2.4 16.4
      vertex 25.6 2.4 9
    endloop
  endfacet
  facet normal 0 1 0
    outer loop
      vertex 22.4 2.4 16.4
      vertex 22.4 2.4 9
      vertex 10.4 2.4 16.4
    endloop
  endfacet
  facet normal 0 1 0
    outer loop
      vertex 10.4 2.4 9
      vertex 10.4 2.4 16.4
      vertex 22.4 2.4 9
    endloop
  endfacet
  facet normal 0 1 0
    outer loop
      vertex 2.4 2.4 2.4
      vertex 10.4 2.4 16.4
      vertex 10.4 2.4 9
    endloop
  endfacet
  facet normal 0 1 0
    outer loop
      vertex 2.4 2.4 2.4
      vertex 10.4 2.4 9
      vertex 10.4 2.4 6.4
    endloop
  endfacet
  facet normal 0 1 0
    outer loop
      vertex 10.4 2.4 19
      vertex 2.4 2.4 2.4
      vertex 2.4 2.4 42.4
    endloop
  endfacet
  facet normal 0 1 0
    outer loop
      vertex 22.4 2.4 6.4
      vertex 2.4 2.4 2.4
      vertex 10.4 2.4 6.4
    endloop
  endfacet
  facet normal -1 0 0
    outer loop
      vertex 72.4 4.6 10.4
      vertex 72.4 29.4 14.4
      vertex 72.4 29.4 10.4
    endloop
  endfacet
  facet normal -1 -0 0
    outer loop
      vertex 72.4 29.4 14.4
      vertex 72.4 4.6 10.4
      vertex 72.4 4.6 14.4
    endloop
  endfacet
  facet normal 0 0 1
    outer loop
      vertex 72.4 4.6 10.4
      vertex 12.3783 8.34108 10.4
      vertex 12.4 7.9 10.4
    endloop
  endfacet
  facet normal -0 -0 1
    outer loop
      vertex 12.3135 8.77791 10.4
      vertex 72.4 4.6 10.4
      vertex 12.0832 17 10.4
    endloop
  endfacet
  facet normal 0 0 1
    outer loop
      vertex 72.4 4.6 10.4
      vertex 12.3135 8.77791 10.4
      vertex 12.3783 8.34108 10.4
    endloop
  endfacet
  facet normal 0 0 1
    outer loop
      vertex 12.0832 17 10.4
      vertex 14.4 29.4 10.4
      vertex 12.0832 29.4 10.4
    endloop
  endfacet
  facet normal 0 0 1
    outer loop
      vertex 12.3135 8.77791 10.4
      vertex 12.0832 17 10.4
      vertex 12.2062 9.20628 10.4
    endloop
  endfacet
  facet normal 0 0 1
    outer loop
      vertex 12.0832 17 10.4
      vertex 12.0575 9.62207 10.4
      vertex 12.2062 9.20628 10.4
    endloop
  endfacet
  facet normal 0 0 1
    outer loop
      vertex 12.0832 17 10.4
      vertex 11.8686 10.0213 10.4
      vertex 12.0575 9.62207 10.4
    endloop
  endfacet
  facet normal 0 0 1
    outer loop
      vertex 12.0832 17 10.4
      vertex 11.6416 10.4001 10.4
      vertex 11.8686 10.0213 10.4
    endloop
  endfacet
  facet normal 0 0 1
    outer loop
      vertex 12.0832 17 10.4
      vertex 11.3785 10.7548 10.4
      vertex 11.6416 10.4001 10.4
    endloop
  endfacet
  facet normal 0 0 1
    outer loop
      vertex 12.0832 17 10.4
      vertex 11.082 11.082 10.4
      vertex 11.3785 10.7548 10.4
    endloop
  endfacet
  facet normal -0 0 1
    outer loop
      vertex 10.6055 11.6204 10.4
      vertex 11.082 11.082 10.4
      vertex 12.0832 17 10.4
    endloop
  endfacet
  facet normal 0 0 1
    outer loop
      vertex 11.082 11.082 10.4
      vertex 10.8101 11.3445 10.4
      vertex 10.8313 11.3092 10.4
    endloop
  endfacet
  facet normal 0 0 1
    outer loop
      vertex 11.082 11.082 10.4
      vertex 10.6055 11.6204 10.4
      vertex 10.8101 11.3445 10.4
    endloop
  endfacet
  facet normal 0 0 1
    outer loop
      vertex 12.0832 17 10.4
      vertex 10.3749 11.8749 10.4
      vertex 10.6055 11.6204 10.4
    endloop
  endfacet
  facet normal 0 0 1
    outer loop
      vertex 12.0832 17 10.4
      vertex 10.1204 12.1055 10.4
      vertex 10.3749 11.8749 10.4
    endloop
  endfacet
  facet normal 0 0 1
    outer loop
      vertex 12.0832 17 10.4
      vertex 9.84449 12.3101 10.4
      vertex 10.1204 12.1055 10.4
    endloop
  endfacet
  facet normal 0 0 1
    outer loop
      vertex 12.0832 17 10.4
      vertex 9.54989 12.4867 10.4
      vertex 9.84449 12.3101 10.4
    endloop
  endfacet
  facet normal 0 0 1
    outer loop
      vertex 12.0832 17 10.4
      vertex 9.23939 12.6336 10.4
      vertex 9.54989 12.4867 10.4
    endloop
  endfacet
  facet normal 0 0 1
    outer loop
      vertex 12.0832 17 10.4
      vertex 8.916 12.7493 10.4
      vertex 9.23939 12.6336 10.4
    endloop
  endfacet
  facet normal 0 0 1
    outer loop
      vertex 12.0832 17 10.4
      vertex 8.58282 12.8327 10.4
      vertex 8.916 12.7493 10.4
    endloop
  endfacet
  facet normal 0 0 1
    outer loop
      vertex 12.0832 17 10.4
      vertex 8.24306 12.8831 10.4
      vertex 8.58282 12.8327 10.4
    endloop
  endfacet
  facet normal 0 0 1
    outer loop
      vertex 12.0832 17 10.4
      vertex 7.9 12.9 10.4
      vertex 8.24306 12.8831 10.4
    endloop
  endfacet
  facet normal -0 0 1
    outer loop
      vertex 4.4 17 10.4
      vertex 7.9 12.9 10.4
      vertex 12.0832 17 10.4
    endloop
  endfacet
  facet normal 0 0 1
    outer loop
      vertex 7.9 12.9 10.4
      vertex 4.4 17 10.4
      vertex 7.55694 12.8831 10.4
    endloop
  endfacet
  facet normal 0 0 1
    outer loop
      vertex 7.55694 12.8831 10.4
      vertex 4.4 17 10.4
      vertex 7.21718 12.8327 10.4
    endloop
  endfacet
  facet normal 0 0 1
    outer loop
      vertex 7.21718 12.8327 10.4
      vertex 4.4 17 10.4
      vertex 6.884 12.7493 10.4
    endloop
  endfacet
  facet normal 0 0 1
    outer loop
      vertex 6.884 12.7493 10.4
      vertex 4.4 17 10.4
      vertex 6.56061 12.6336 10.4
    endloop
  endfacet
  facet normal 0 0 1
    outer loop
      vertex 6.56061 12.6336 10.4
      vertex 4.4 17 10.4
      vertex 6.25011 12.4867 10.4
    endloop
  endfacet
  facet normal 0 0 1
    outer loop
      vertex 6.25011 12.4867 10.4
      vertex 4.4 17 10.4
      vertex 5.9555 12.3101 10.4
    endloop
  endfacet
  facet normal 0 0 1
    outer loop
      vertex 4.98986 11.3445 10.4
      vertex 4.71802 11.082 10.4
      vertex 4.96868 11.3092 10.4
    endloop
  endfacet
  facet normal 0 0 1
    outer loop
      vertex 5.19446 11.6204 10.4
      vertex 4.71802 11.082 10.4
      vertex 4.98986 11.3445 10.4
    endloop
  endfacet
  facet normal 0 0 1
    outer loop
      vertex 4.4 17 10.4
      vertex 4.71802 11.082 10.4
      vertex 5.19446 11.6204 10.4
    endloop
  endfacet
  facet normal 0 0 1
    outer loop
      vertex 5.9555 12.3101 10.4
      vertex 4.4 17 10.4
      vertex 5.67962 12.1055 10.4
    endloop
  endfacet
  facet normal 0 0 1
    outer loop
      vertex 4.4 17 10.4
      vertex 5.42513 11.8749 10.4
      vertex 5.67962 12.1055 10.4
    endloop
  endfacet
  facet normal 0 0 1
    outer loop
      vertex 4.4 17 10.4
      vertex 5.19446 11.6204 10.4
      vertex 5.42513 11.8749 10.4
    endloop
  endfacet
  facet normal 0 0 1
    outer loop
      vertex 4.71802 11.082 10.4
      vertex 4.4 17 10.4
      vertex 4.42145 10.7548 10.4
    endloop
  endfacet
  facet normal 0 0 1
    outer loop
      vertex 4.42145 10.7548 10.4
      vertex 4.4 17 10.4
      vertex 4.4 10.7258 10.4
    endloop
  endfacet
  facet normal 0 0 1
    outer loop
      vertex 12.3135 50.0221 10.4
      vertex 17.6662 54.2 10.4
      vertex 12.3783 50.4589 10.4
    endloop
  endfacet
  facet normal 0 0 1
    outer loop
      vertex 15.1338 54.2 10.4
      vertex 12.3783 51.3411 10.4
      vertex 12.4 50.9 10.4
    endloop
  endfacet
  facet normal 0 0 1
    outer loop
      vertex 14.4 54.2 10.4
      vertex 12.3135 51.7779 10.4
      vertex 12.3783 51.3411 10.4
    endloop
  endfacet
  facet normal 0 0 1
    outer loop
      vertex 14.4 54.2 10.4
      vertex 12.2062 52.2063 10.4
      vertex 12.3135 51.7779 10.4
    endloop
  endfacet
  facet normal 0 0 1
    outer loop
      vertex 12.0832 52.5503 10.4
      vertex 14.4 54.2 10.4
      vertex 12.0832 54.2 10.4
    endloop
  endfacet
  facet normal 0 0 1
    outer loop
      vertex 14.4 54.2 10.4
      vertex 12.0832 52.5503 10.4
      vertex 12.2062 52.2063 10.4
    endloop
  endfacet
  facet normal -0 0 1
    outer loop
      vertex 62.4 54.2 10.4
      vertex 72.4 29.4 10.4
      vertex 72.4 54.2 10.4
    endloop
  endfacet
  facet normal -0 0 1
    outer loop
      vertex 61.6662 54.2 10.4
      vertex 72.4 29.4 10.4
      vertex 62.4 54.2 10.4
    endloop
  endfacet
  facet normal -0 0 1
    outer loop
      vertex 59.1338 54.2 10.4
      vertex 72.4 29.4 10.4
      vertex 61.6662 54.2 10.4
    endloop
  endfacet
  facet normal -0 0 1
    outer loop
      vertex 58.4 54.2 10.4
      vertex 72.4 29.4 10.4
      vertex 59.1338 54.2 10.4
    endloop
  endfacet
  facet normal 0 0 1
    outer loop
      vertex 14.4 29.4 10.4
      vertex 72.4 29.4 10.4
      vertex 58.4 54.2 10.4
    endloop
  endfacet
  facet normal 0 0 1
    outer loop
      vertex 14.4 29.4 10.4
      vertex 58.4 54.2 10.4
      vertex 18.4 54.2 10.4
    endloop
  endfacet
  facet normal -0 0 1
    outer loop
      vertex 15.1338 54.2 10.4
      vertex 12.3783 50.4589 10.4
      vertex 17.6662 54.2 10.4
    endloop
  endfacet
  facet normal 0 0 1
    outer loop
      vertex 12.3783 50.4589 10.4
      vertex 15.1338 54.2 10.4
      vertex 12.4 50.9 10.4
    endloop
  endfacet
  facet normal 0 0 1
    outer loop
      vertex 12.3783 51.3411 10.4
      vertex 15.1338 54.2 10.4
      vertex 14.4 54.2 10.4
    endloop
  endfacet
  facet normal 0 0 1
    outer loop
      vertex 12.0832 17 10.4
      vertex 72.4 29.4 10.4
      vertex 14.4 29.4 10.4
    endloop
  endfacet
  facet normal 0 0 1
    outer loop
      vertex 72.4 29.4 10.4
      vertex 12.0832 17 10.4
      vertex 72.4 4.6 10.4
    endloop
  endfacet
  facet normal -0 0 1
    outer loop
      vertex 12.3783 7.45892 10.4
      vertex 72.4 4.6 10.4
      vertex 12.4 7.9 10.4
    endloop
  endfacet
  facet normal -0 0 1
    outer loop
      vertex 12.3135 7.02209 10.4
      vertex 72.4 4.6 10.4
      vertex 12.3783 7.45892 10.4
    endloop
  endfacet
  facet normal -0 0 1
    outer loop
      vertex 12.2062 6.59372 10.4
      vertex 72.4 4.6 10.4
      vertex 12.3135 7.02209 10.4
    endloop
  endfacet
  facet normal -0 0 1
    outer loop
      vertex 12.0575 6.17793 10.4
      vertex 72.4 4.6 10.4
      vertex 12.2062 6.59372 10.4
    endloop
  endfacet
  facet normal -0 0 1
    outer loop
      vertex 11.8686 5.77872 10.4
      vertex 72.4 4.6 10.4
      vertex 12.0575 6.17793 10.4
    endloop
  endfacet
  facet normal -0 0 1
    outer loop
      vertex 11.6416 5.39993 10.4
      vertex 72.4 4.6 10.4
      vertex 11.8686 5.77872 10.4
    endloop
  endfacet
  facet normal -0 0 1
    outer loop
      vertex 11.3785 5.04523 10.4
      vertex 72.4 4.6 10.4
      vertex 11.6416 5.39993 10.4
    endloop
  endfacet
  facet normal -0 0 1
    outer loop
      vertex 11.082 4.71802 10.4
      vertex 72.4 4.6 10.4
      vertex 11.3785 5.04523 10.4
    endloop
  endfacet
  facet normal 0 0 1
    outer loop
      vertex 72.4 4.6 10.4
      vertex 11.082 4.71802 10.4
      vertex 10.9518 4.6 10.4
    endloop
  endfacet
  facet normal 0 0 1
    outer loop
      vertex 12.2062 49.5937 10.4
      vertex 17.6662 54.2 10.4
      vertex 12.3135 50.0221 10.4
    endloop
  endfacet
  facet normal -0 0 1
    outer loop
      vertex 17.6662 54.2 10.4
      vertex 12.2062 49.5937 10.4
      vertex 18.4 54.2 10.4
    endloop
  endfacet
  facet normal 0 0 1
    outer loop
      vertex 12.0832 49.2497 10.4
      vertex 18.4 54.2 10.4
      vertex 12.2062 49.5937 10.4
    endloop
  endfacet
  facet normal 0 0 1
    outer loop
      vertex 18.4 54.2 10.4
      vertex 12.0832 49.2497 10.4
      vertex 12.0832 41.8 10.4
    endloop
  endfacet
  facet normal 0 0 1
    outer loop
      vertex 18.4 54.2 10.4
      vertex 12.0832 41.8 10.4
      vertex 14.4 29.4 10.4
    endloop
  endfacet
  facet normal 0 0 1
    outer loop
      vertex 12.0832 41.8 10.4
      vertex 12.0832 29.4 10.4
      vertex 14.4 29.4 10.4
    endloop
  endfacet
  facet normal -0 0 1
    outer loop
      vertex 4.4 41.8 10.4
      vertex 12.0832 29.4 10.4
      vertex 12.0832 41.8 10.4
    endloop
  endfacet
  facet normal 0 0 1
    outer loop
      vertex 12.0832 29.4 10.4
      vertex 4.4 41.8 10.4
      vertex 4.4 29.4 10.4
    endloop
  endfacet
  facet normal 0 0 -0
    outer loop
      vertex 12.0832 29.4 10.4
      vertex 4.4 29.4 10.4
      vertex 14.4 29.4 10.4
    endloop
  endfacet
  facet normal 0 0 1
    outer loop
      vertex 4.71802 4.71802 10.4
      vertex 4.4 4.6 10.4
      vertex 4.84823 4.6 10.4
    endloop
  endfacet
  facet normal 0 0 1
    outer loop
      vertex 4.42145 5.04523 10.4
      vertex 4.4 4.6 10.4
      vertex 4.71802 4.71802 10.4
    endloop
  endfacet
  facet normal 0 0 1
    outer loop
      vertex 4.4 4.6 10.4
      vertex 4.42145 5.04523 10.4
      vertex 4.4 5.07416 10.4
    endloop
  endfacet
  facet normal 0 0 1
    outer loop
      vertex 9.06406 8.6778 10.4
      vertex 9.06406 8.6222 10.4
      vertex 9.08072 8.65 10.4
    endloop
  endfacet
  facet normal 0 0 1
    outer loop
      vertex 8.98221 8.78815 10.4
      vertex 9.06406 8.6222 10.4
      vertex 9.06406 8.6778 10.4
    endloop
  endfacet
  facet normal 0 0 1
    outer loop
      vertex 8.98221 8.78815 10.4
      vertex 8.98221 8.51185 10.4
      vertex 9.06406 8.6222 10.4
    endloop
  endfacet
  facet normal 0 0 1
    outer loop
      vertex 8.88995 8.88995 10.4
      vertex 8.98221 8.51185 10.4
      vertex 8.98221 8.78815 10.4
    endloop
  endfacet
  facet normal 0 0 1
    outer loop
      vertex 8.88995 8.88995 10.4
      vertex 8.88995 8.41005 10.4
      vertex 8.98221 8.51185 10.4
    endloop
  endfacet
  facet normal 0 0 1
    outer loop
      vertex 8.78815 8.98221 10.4
      vertex 8.88995 8.41005 10.4
      vertex 8.88995 8.88995 10.4
    endloop
  endfacet
  facet normal 0 0 1
    outer loop
      vertex 8.78815 8.98221 10.4
      vertex 8.78815 8.31779 10.4
      vertex 8.88995 8.41005 10.4
    endloop
  endfacet
  facet normal 0 0 1
    outer loop
      vertex 8.6778 9.06406 10.4
      vertex 8.78815 8.31779 10.4
      vertex 8.78815 8.98221 10.4
    endloop
  endfacet
  facet normal 0 0 1
    outer loop
      vertex 8.6778 9.06406 10.4
      vertex 8.6778 8.23594 10.4
      vertex 8.78815 8.31779 10.4
    endloop
  endfacet
  facet normal 0 0 1
    outer loop
      vertex 8.55995 9.13469 10.4
      vertex 8.6778 8.23594 10.4
      vertex 8.6778 9.06406 10.4
    endloop
  endfacet
  facet normal 0 0 1
    outer loop
      vertex 8.55995 9.13469 10.4
      vertex 8.55995 8.16531 10.4
      vertex 8.6778 8.23594 10.4
    endloop
  endfacet
  facet normal 0 0 1
    outer loop
      vertex 8.43576 9.19343 10.4
      vertex 8.55995 8.16531 10.4
      vertex 8.55995 9.13469 10.4
    endloop
  endfacet
  facet normal 0 0 1
    outer loop
      vertex 8.43576 9.19343 10.4
      vertex 8.43576 8.10657 10.4
      vertex 8.55995 8.16531 10.4
    endloop
  endfacet
  facet normal 0 0 1
    outer loop
      vertex 8.3064 9.23972 10.4
      vertex 8.43576 8.10657 10.4
      vertex 8.43576 9.19343 10.4
    endloop
  endfacet
  facet normal 0 0 1
    outer loop
      vertex 8.3064 9.23972 10.4
      vertex 8.3064 8.06028 10.4
      vertex 8.43576 8.10657 10.4
    endloop
  endfacet
  facet normal 0 0 1
    outer loop
      vertex 8.17313 9.2731 10.4
      vertex 8.3064 8.06028 10.4
      vertex 8.3064 9.23972 10.4
    endloop
  endfacet
  facet normal 0 0 1
    outer loop
      vertex 8.17313 9.2731 10.4
      vertex 8.17313 8.0269 10.4
      vertex 8.3064 8.06028 10.4
    endloop
  endfacet
  facet normal 0 0 1
    outer loop
      vertex 8.03722 9.29326 10.4
      vertex 8.17313 8.0269 10.4
      vertex 8.17313 9.2731 10.4
    endloop
  endfacet
  facet normal 0 0 1
    outer loop
      vertex 8.03722 9.29326 10.4
      vertex 8.03722 8.00674 10.4
      vertex 8.17313 8.0269 10.4
    endloop
  endfacet
  facet normal 0 0 1
    outer loop
      vertex 7.9 9.3 10.4
      vertex 8.03722 8.00674 10.4
      vertex 8.03722 9.29326 10.4
    endloop
  endfacet
  facet normal 0 0 1
    outer loop
      vertex 7.9 9.3 10.4
      vertex 7.9 8 10.4
      vertex 8.03722 8.00674 10.4
    endloop
  endfacet
  facet normal -0 0 1
    outer loop
      vertex 7.76278 9.29326 10.4
      vertex 7.9 8 10.4
      vertex 7.9 9.3 10.4
    endloop
  endfacet
  facet normal 0 0 1
    outer loop
      vertex 7.76278 9.29326 10.4
      vertex 7.76278 8.00674 10.4
      vertex 7.9 8 10.4
    endloop
  endfacet
  facet normal -0 0 1
    outer loop
      vertex 7.62687 9.2731 10.4
      vertex 7.76278 8.00674 10.4
      vertex 7.76278 9.29326 10.4
    endloop
  endfacet
  facet normal 0 0 1
    outer loop
      vertex 7.62687 9.2731 10.4
      vertex 7.62687 8.0269 10.4
      vertex 7.76278 8.00674 10.4
    endloop
  endfacet
  facet normal -0 0 1
    outer loop
      vertex 7.4936 9.23972 10.4
      vertex 7.62687 8.0269 10.4
      vertex 7.62687 9.2731 10.4
    endloop
  endfacet
  facet normal 0 0 1
    outer loop
      vertex 7.4936 9.23972 10.4
      vertex 7.4936 8.06028 10.4
      vertex 7.62687 8.0269 10.4
    endloop
  endfacet
  facet normal -0 0 1
    outer loop
      vertex 7.36424 9.19343 10.4
      vertex 7.4936 8.06028 10.4
      vertex 7.4936 9.23972 10.4
    endloop
  endfacet
  facet normal 0 0 1
    outer loop
      vertex 7.36424 9.19343 10.4
      vertex 7.36424 8.10657 10.4
      vertex 7.4936 8.06028 10.4
    endloop
  endfacet
  facet normal -0 0 1
    outer loop
      vertex 7.24005 9.13469 10.4
      vertex 7.36424 8.10657 10.4
      vertex 7.36424 9.19343 10.4
    endloop
  endfacet
  facet normal 0 0 1
    outer loop
      vertex 7.24005 9.13469 10.4
      vertex 7.24005 8.16531 10.4
      vertex 7.36424 8.10657 10.4
    endloop
  endfacet
  facet normal -0 0 1
    outer loop
      vertex 7.1222 9.06406 10.4
      vertex 7.24005 8.16531 10.4
      vertex 7.24005 9.13469 10.4
    endloop
  endfacet
  facet normal 0 0 1
    outer loop
      vertex 7.1222 9.06406 10.4
      vertex 7.1222 8.23594 10.4
      vertex 7.24005 8.16531 10.4
    endloop
  endfacet
  facet normal -0 0 1
    outer loop
      vertex 7.01185 8.98221 10.4
      vertex 7.1222 8.23594 10.4
      vertex 7.1222 9.06406 10.4
    endloop
  endfacet
  facet normal 0 0 1
    outer loop
      vertex 7.01185 8.98221 10.4
      vertex 7.01185 8.31779 10.4
      vertex 7.1222 8.23594 10.4
    endloop
  endfacet
  facet normal -0 0 1
    outer loop
      vertex 6.91005 8.88995 10.4
      vertex 7.01185 8.31779 10.4
      vertex 7.01185 8.98221 10.4
    endloop
  endfacet
  facet normal 0 0 1
    outer loop
      vertex 6.91005 8.88995 10.4
      vertex 6.91005 8.41005 10.4
      vertex 7.01185 8.31779 10.4
    endloop
  endfacet
  facet normal -0 0 1
    outer loop
      vertex 6.81779 8.78815 10.4
      vertex 6.91005 8.41005 10.4
      vertex 6.91005 8.88995 10.4
    endloop
  endfacet
  facet normal 0 0 1
    outer loop
      vertex 6.81779 8.78815 10.4
      vertex 6.81779 8.51185 10.4
      vertex 6.91005 8.41005 10.4
    endloop
  endfacet
  facet normal -0 0 1
    outer loop
      vertex 6.73594 8.6778 10.4
      vertex 6.81779 8.51185 10.4
      vertex 6.81779 8.78815 10.4
    endloop
  endfacet
  facet normal 0 0 1
    outer loop
      vertex 6.73594 8.6778 10.4
      vertex 6.73594 8.6222 10.4
      vertex 6.81779 8.51185 10.4
    endloop
  endfacet
  facet normal 0 -0 1
    outer loop
      vertex 6.73594 8.6222 10.4
      vertex 6.73594 8.6778 10.4
      vertex 6.71928 8.65 10.4
    endloop
  endfacet
  facet normal 0 0 -1
    outer loop
      vertex 9.06406 50.1222 2.4
      vertex 11.7048 48.5053 2.4
      vertex 11.6416 48.3999 2.4
    endloop
  endfacet
  facet normal 0 0 -1
    outer loop
      vertex 11.7048 48.5053 2.4
      vertex 9.08072 50.15 2.4
      vertex 11.7048 53.2947 2.4
    endloop
  endfacet
  facet normal 0 0 -1
    outer loop
      vertex 9.06406 50.1222 2.4
      vertex 11.6416 48.3999 2.4
      vertex 11.3785 48.0452 2.4
    endloop
  endfacet
  facet normal 0 0 -1
    outer loop
      vertex 9.06406 50.1778 2.4
      vertex 11.7048 53.2947 2.4
      vertex 9.08072 50.15 2.4
    endloop
  endfacet
  facet normal 0 0 -1
    outer loop
      vertex 8.98221 50.0118 2.4
      vertex 11.3785 48.0452 2.4
      vertex 11.082 47.718 2.4
    endloop
  endfacet
  facet normal 0 0 -1
    outer loop
      vertex 8.98221 50.2882 2.4
      vertex 11.7048 53.2947 2.4
      vertex 9.06406 50.1778 2.4
    endloop
  endfacet
  facet normal 0 0 -1
    outer loop
      vertex 8.88995 49.91 2.4
      vertex 11.082 47.718 2.4
      vertex 10.8313 47.4908 2.4
    endloop
  endfacet
  facet normal 0 0 -1
    outer loop
      vertex 8.55995 49.6653 2.4
      vertex 10.8313 47.4908 2.4
      vertex 10.8101 47.4555 2.4
    endloop
  endfacet
  facet normal 0 0 -1
    outer loop
      vertex 8.88995 50.3899 2.4
      vertex 11.7048 53.2947 2.4
      vertex 8.98221 50.2882 2.4
    endloop
  endfacet
  facet normal 0 0 -1
    outer loop
      vertex 8.55995 49.6653 2.4
      vertex 10.8101 47.4555 2.4
      vertex 10.6055 47.1796 2.4
    endloop
  endfacet
  facet normal 0 0 -1
    outer loop
      vertex 8.78815 50.4822 2.4
      vertex 11.7048 53.2947 2.4
      vertex 8.88995 50.3899 2.4
    endloop
  endfacet
  facet normal 0 0 -1
    outer loop
      vertex 8.55995 49.6653 2.4
      vertex 10.6055 47.1796 2.4
      vertex 10.3749 46.9251 2.4
    endloop
  endfacet
  facet normal 0 0 -1
    outer loop
      vertex 8.43576 49.6066 2.4
      vertex 10.3749 46.9251 2.4
      vertex 10.1204 46.6945 2.4
    endloop
  endfacet
  facet normal 0 0 -1
    outer loop
      vertex 8.6778 50.5641 2.4
      vertex 11.7048 53.2947 2.4
      vertex 8.78815 50.4822 2.4
    endloop
  endfacet
  facet normal 0 0 -1
    outer loop
      vertex 8.43576 49.6066 2.4
      vertex 10.1204 46.6945 2.4
      vertex 9.84449 46.4899 2.4
    endloop
  endfacet
  facet normal -0 0 -1
    outer loop
      vertex 11.7048 53.2947 2.4
      vertex 8.6778 50.5641 2.4
      vertex 11.6416 53.4001 2.4
    endloop
  endfacet
  facet normal 0 0 -1
    outer loop
      vertex 8.3064 49.5603 2.4
      vertex 9.84449 46.4899 2.4
      vertex 9.54989 46.3133 2.4
    endloop
  endfacet
  facet normal 0 0 -1
    outer loop
      vertex 8.17313 49.5269 2.4
      vertex 9.54989 46.3133 2.4
      vertex 9.23939 46.1664 2.4
    endloop
  endfacet
  facet normal -0 0 -1
    outer loop
      vertex 11.6416 53.4001 2.4
      vertex 8.6778 50.5641 2.4
      vertex 11.3785 53.7548 2.4
    endloop
  endfacet
  facet normal 0 0 -1
    outer loop
      vertex 8.55995 50.6347 2.4
      vertex 11.3785 53.7548 2.4
      vertex 8.6778 50.5641 2.4
    endloop
  endfacet
  facet normal 0 0 -1
    outer loop
      vertex 11.7048 48.5053 2.4
      vertex 9.06406 50.1222 2.4
      vertex 9.08072 50.15 2.4
    endloop
  endfacet
  facet normal 0 0 -1
    outer loop
      vertex 11.3785 48.0452 2.4
      vertex 8.98221 50.0118 2.4
      vertex 9.06406 50.1222 2.4
    endloop
  endfacet
  facet normal 0 0 -1
    outer loop
      vertex 8.17313 49.5269 2.4
      vertex 9.23939 46.1664 2.4
      vertex 8.916 46.0507 2.4
    endloop
  endfacet
  facet normal 0 0 -1
    outer loop
      vertex 11.082 47.718 2.4
      vertex 8.88995 49.91 2.4
      vertex 8.98221 50.0118 2.4
    endloop
  endfacet
  facet normal 0 0 -1
    outer loop
      vertex 10.8313 47.4908 2.4
      vertex 8.78815 49.8178 2.4
      vertex 8.88995 49.91 2.4
    endloop
  endfacet
  facet normal 0 0 -1
    outer loop
      vertex 10.8313 47.4908 2.4
      vertex 8.6778 49.7359 2.4
      vertex 8.78815 49.8178 2.4
    endloop
  endfacet
  facet normal 0 0 -1
    outer loop
      vertex 8.03722 49.5067 2.4
      vertex 8.916 46.0507 2.4
      vertex 8.58282 45.9673 2.4
    endloop
  endfacet
  facet normal 0 0 -1
    outer loop
      vertex 10.8313 47.4908 2.4
      vertex 8.55995 49.6653 2.4
      vertex 8.6778 49.7359 2.4
    endloop
  endfacet
  facet normal 0 0 -1
    outer loop
      vertex 10.3749 46.9251 2.4
      vertex 8.43576 49.6066 2.4
      vertex 8.55995 49.6653 2.4
    endloop
  endfacet
  facet normal 0 0 -1
    outer loop
      vertex 9.84449 46.4899 2.4
      vertex 8.3064 49.5603 2.4
      vertex 8.43576 49.6066 2.4
    endloop
  endfacet
  facet normal 0 0 -1
    outer loop
      vertex 8.03722 49.5067 2.4
      vertex 8.58282 45.9673 2.4
      vertex 8.24306 45.9169 2.4
    endloop
  endfacet
  facet normal 0 0 -1
    outer loop
      vertex 9.54989 46.3133 2.4
      vertex 8.17313 49.5269 2.4
      vertex 8.3064 49.5603 2.4
    endloop
  endfacet
  facet normal 0 0 -1
    outer loop
      vertex 8.916 46.0507 2.4
      vertex 8.03722 49.5067 2.4
      vertex 8.17313 49.5269 2.4
    endloop
  endfacet
  facet normal 0 0 -1
    outer loop
      vertex 7.9 49.5 2.4
      vertex 8.24306 45.9169 2.4
      vertex 7.9 45.9 2.4
    endloop
  endfacet
  facet normal 0 0 -1
    outer loop
      vertex 8.24306 45.9169 2.4
      vertex 7.9 49.5 2.4
      vertex 8.03722 49.5067 2.4
    endloop
  endfacet
  facet normal 0 0 -1
    outer loop
      vertex 7.55694 45.9169 2.4
      vertex 7.9 49.5 2.4
      vertex 7.9 45.9 2.4
    endloop
  endfacet
  facet normal -0 0 -1
    outer loop
      vertex 7.9 49.5 2.4
      vertex 7.55694 45.9169 2.4
      vertex 7.76278 49.5067 2.4
    endloop
  endfacet
  facet normal 0 0 -1
    outer loop
      vertex 7.21718 45.9673 2.4
      vertex 7.76278 49.5067 2.4
      vertex 7.55694 45.9169 2.4
    endloop
  endfacet
  facet normal 0 0 -1
    outer loop
      vertex 6.884 46.0507 2.4
      vertex 7.76278 49.5067 2.4
      vertex 7.21718 45.9673 2.4
    endloop
  endfacet
  facet normal -0 0 -1
    outer loop
      vertex 7.76278 49.5067 2.4
      vertex 6.884 46.0507 2.4
      vertex 7.62687 49.5269 2.4
    endloop
  endfacet
  facet normal 0 0 -1
    outer loop
      vertex 6.56061 46.1664 2.4
      vertex 7.62687 49.5269 2.4
      vertex 6.884 46.0507 2.4
    endloop
  endfacet
  facet normal 0 0 -1
    outer loop
      vertex 6.25011 46.3133 2.4
      vertex 7.62687 49.5269 2.4
      vertex 6.56061 46.1664 2.4
    endloop
  endfacet
  facet normal -0 0 -1
    outer loop
      vertex 7.62687 49.5269 2.4
      vertex 6.25011 46.3133 2.4
      vertex 7.4936 49.5603 2.4
    endloop
  endfacet
  facet normal 0 0 -1
    outer loop
      vertex 5.9555 46.4899 2.4
      vertex 7.4936 49.5603 2.4
      vertex 6.25011 46.3133 2.4
    endloop
  endfacet
  facet normal -0 0 -1
    outer loop
      vertex 7.4936 49.5603 2.4
      vertex 5.9555 46.4899 2.4
      vertex 7.36424 49.6066 2.4
    endloop
  endfacet
  facet normal 0 0 -1
    outer loop
      vertex 5.67962 46.6945 2.4
      vertex 7.36424 49.6066 2.4
      vertex 5.9555 46.4899 2.4
    endloop
  endfacet
  facet normal 0 0 -1
    outer loop
      vertex 5.42513 46.9251 2.4
      vertex 7.36424 49.6066 2.4
      vertex 5.67962 46.6945 2.4
    endloop
  endfacet
  facet normal -0 0 -1
    outer loop
      vertex 7.36424 49.6066 2.4
      vertex 5.42513 46.9251 2.4
      vertex 7.24005 49.6653 2.4
    endloop
  endfacet
  facet normal 0 0 -1
    outer loop
      vertex 5.19446 47.1796 2.4
      vertex 7.24005 49.6653 2.4
      vertex 5.42513 46.9251 2.4
    endloop
  endfacet
  facet normal 0 0 -1
    outer loop
      vertex 4.98986 47.4555 2.4
      vertex 7.24005 49.6653 2.4
      vertex 5.19446 47.1796 2.4
    endloop
  endfacet
  facet normal 0 0 -1
    outer loop
      vertex 4.96868 47.4908 2.4
      vertex 7.24005 49.6653 2.4
      vertex 4.98986 47.4555 2.4
    endloop
  endfacet
  facet normal -0 0 -1
    outer loop
      vertex 7.24005 49.6653 2.4
      vertex 4.96868 47.4908 2.4
      vertex 7.1222 49.7359 2.4
    endloop
  endfacet
  facet normal -0 0 -1
    outer loop
      vertex 6.81779 50.0118 2.4
      vertex 4.42145 48.0452 2.4
      vertex 6.73594 50.1222 2.4
    endloop
  endfacet
  facet normal -0 0 -1
    outer loop
      vertex 7.1222 49.7359 2.4
      vertex 4.96868 47.4908 2.4
      vertex 7.01185 49.8178 2.4
    endloop
  endfacet
  facet normal 0 0 -1
    outer loop
      vertex 6.71928 50.15 2.4
      vertex 6.17793 55.0575 2.4
      vertex 6.59372 55.2062 2.4
    endloop
  endfacet
  facet normal -0 0 -1
    outer loop
      vertex 7.01185 49.8178 2.4
      vertex 4.96868 47.4908 2.4
      vertex 6.91005 49.91 2.4
    endloop
  endfacet
  facet normal 0 0 -1
    outer loop
      vertex 4.71802 47.718 2.4
      vertex 6.91005 49.91 2.4
      vertex 4.96868 47.4908 2.4
    endloop
  endfacet
  facet normal 0 0 -1
    outer loop
      vertex 6.71928 50.15 2.4
      vertex 5.77872 54.8686 2.4
      vertex 6.17793 55.0575 2.4
    endloop
  endfacet
  facet normal 0 0 -1
    outer loop
      vertex 4.42145 48.0452 2.4
      vertex 6.81779 50.0118 2.4
      vertex 4.71802 47.718 2.4
    endloop
  endfacet
  facet normal 0 0 -1
    outer loop
      vertex 6.71928 50.15 2.4
      vertex 5.39993 54.6416 2.4
      vertex 5.77872 54.8686 2.4
    endloop
  endfacet
  facet normal -0 0 -1
    outer loop
      vertex 6.91005 49.91 2.4
      vertex 4.71802 47.718 2.4
      vertex 6.81779 50.0118 2.4
    endloop
  endfacet
  facet normal 0 0 -1
    outer loop
      vertex 6.71928 50.15 2.4
      vertex 5.04523 54.3785 2.4
      vertex 5.39993 54.6416 2.4
    endloop
  endfacet
  facet normal 0 0 -1
    outer loop
      vertex 4.15839 48.3999 2.4
      vertex 6.73594 50.1222 2.4
      vertex 4.42145 48.0452 2.4
    endloop
  endfacet
  facet normal 0 0 -1
    outer loop
      vertex 6.71928 50.15 2.4
      vertex 4.71802 54.082 2.4
      vertex 5.04523 54.3785 2.4
    endloop
  endfacet
  facet normal -0 0 -1
    outer loop
      vertex 6.73594 50.1222 2.4
      vertex 4.15839 48.3999 2.4
      vertex 6.71928 50.15 2.4
    endloop
  endfacet
  facet normal 0 0 -1
    outer loop
      vertex 6.71928 50.15 2.4
      vertex 4.42145 53.7548 2.4
      vertex 4.71802 54.082 2.4
    endloop
  endfacet
  facet normal 0 0 -1
    outer loop
      vertex 3.93135 48.7787 2.4
      vertex 6.71928 50.15 2.4
      vertex 4.15839 48.3999 2.4
    endloop
  endfacet
  facet normal 0 0 -1
    outer loop
      vertex 6.71928 50.15 2.4
      vertex 4.15839 53.4001 2.4
      vertex 4.42145 53.7548 2.4
    endloop
  endfacet
  facet normal 0 0 -1
    outer loop
      vertex 3.74254 49.1779 2.4
      vertex 6.71928 50.15 2.4
      vertex 3.93135 48.7787 2.4
    endloop
  endfacet
  facet normal 0 0 -1
    outer loop
      vertex 6.71928 50.15 2.4
      vertex 3.93135 53.0213 2.4
      vertex 4.15839 53.4001 2.4
    endloop
  endfacet
  facet normal 0 0 -1
    outer loop
      vertex 3.59377 49.5937 2.4
      vertex 6.71928 50.15 2.4
      vertex 3.74254 49.1779 2.4
    endloop
  endfacet
  facet normal 0 0 -1
    outer loop
      vertex 6.71928 50.15 2.4
      vertex 3.74254 52.6221 2.4
      vertex 3.93135 53.0213 2.4
    endloop
  endfacet
  facet normal 0 0 -1
    outer loop
      vertex 3.48647 50.0221 2.4
      vertex 6.71928 50.15 2.4
      vertex 3.59377 49.5937 2.4
    endloop
  endfacet
  facet normal 0 0 -1
    outer loop
      vertex 6.71928 50.15 2.4
      vertex 3.59377 52.2063 2.4
      vertex 3.74254 52.6221 2.4
    endloop
  endfacet
  facet normal 0 0 -1
    outer loop
      vertex 3.42167 50.4589 2.4
      vertex 6.71928 50.15 2.4
      vertex 3.48647 50.0221 2.4
    endloop
  endfacet
  facet normal 0 0 -1
    outer loop
      vertex 6.71928 50.15 2.4
      vertex 3.48647 51.7779 2.4
      vertex 3.59377 52.2063 2.4
    endloop
  endfacet
  facet normal 0 0 -1
    outer loop
      vertex 3.4 50.9 2.4
      vertex 6.71928 50.15 2.4
      vertex 3.42167 50.4589 2.4
    endloop
  endfacet
  facet normal 0 0 -1
    outer loop
      vertex 6.71928 50.15 2.4
      vertex 3.42167 51.3411 2.4
      vertex 3.48647 51.7779 2.4
    endloop
  endfacet
  facet normal 0 0 -1
    outer loop
      vertex 6.71928 50.15 2.4
      vertex 3.4 50.9 2.4
      vertex 3.42167 51.3411 2.4
    endloop
  endfacet
  facet normal 0 0 -1
    outer loop
      vertex 2.4 29.4 2.4
      vertex 11.7048 41.8 2.4
      vertex 11.7048 29.4 2.4
    endloop
  endfacet
  facet normal -0 0 -1
    outer loop
      vertex 11.7048 41.8 2.4
      vertex 2.4 29.4 2.4
      vertex 2.4 41.8 2.4
    endloop
  endfacet
  facet normal 0 0 -1
    outer loop
      vertex 14.4 29.4 2.4
      vertex 75.4 29.4 2.4
      vertex 75.4 4.6 2.4
    endloop
  endfacet
  facet normal 0 0 -1
    outer loop
      vertex 75.4 29.4 2.4
      vertex 62.4 54.2 2.4
      vertex 75.4 54.2 2.4
    endloop
  endfacet
  facet normal 0 0 -1
    outer loop
      vertex 75.4 29.4 2.4
      vertex 58.4 54.2 2.4
      vertex 62.4 54.2 2.4
    endloop
  endfacet
  facet normal 0 0 -1
    outer loop
      vertex 75.4 29.4 2.4
      vertex 14.4 29.4 2.4
      vertex 58.4 54.2 2.4
    endloop
  endfacet
  facet normal -0 0 -1
    outer loop
      vertex 58.4 54.2 2.4
      vertex 14.4 29.4 2.4
      vertex 18.4 54.2 2.4
    endloop
  endfacet
  facet normal 0 0 -1
    outer loop
      vertex 75.4 4.6 2.4
      vertex 11.7048 17 2.4
      vertex 14.4 29.4 2.4
    endloop
  endfacet
  facet normal 0 0 -1
    outer loop
      vertex 10.9518 4.6 2.4
      vertex 11.7048 17 2.4
      vertex 75.4 4.6 2.4
    endloop
  endfacet
  facet normal 0 0 -1
    outer loop
      vertex 10.4001 4.15839 2.4
      vertex 10.9518 4.6 2.4
      vertex 10.7548 4.42145 2.4
    endloop
  endfacet
  facet normal -0 0 -1
    outer loop
      vertex 10.9518 4.6 2.4
      vertex 10.4001 4.15839 2.4
      vertex 4.84823 4.6 2.4
    endloop
  endfacet
  facet normal 0 0 -1
    outer loop
      vertex 4.84823 4.6 2.4
      vertex 10.4001 4.15839 2.4
      vertex 10.0213 3.93135 2.4
    endloop
  endfacet
  facet normal 0 0 -1
    outer loop
      vertex 4.84823 4.6 2.4
      vertex 10.0213 3.93135 2.4
      vertex 9.62207 3.74254 2.4
    endloop
  endfacet
  facet normal 0 0 -1
    outer loop
      vertex 4.84823 4.6 2.4
      vertex 9.62207 3.74254 2.4
      vertex 9.20628 3.59377 2.4
    endloop
  endfacet
  facet normal 0 0 -1
    outer loop
      vertex 4.84823 4.6 2.4
      vertex 9.20628 3.59377 2.4
      vertex 8.77791 3.48647 2.4
    endloop
  endfacet
  facet normal 0 0 -1
    outer loop
      vertex 4.84823 4.6 2.4
      vertex 8.77791 3.48647 2.4
      vertex 8.34108 3.42167 2.4
    endloop
  endfacet
  facet normal 0 0 -1
    outer loop
      vertex 4.84823 4.6 2.4
      vertex 8.34108 3.42167 2.4
      vertex 7.9 3.4 2.4
    endloop
  endfacet
  facet normal 0 0 -1
    outer loop
      vertex 4.84823 4.6 2.4
      vertex 7.9 3.4 2.4
      vertex 7.45892 3.42167 2.4
    endloop
  endfacet
  facet normal 0 0 -1
    outer loop
      vertex 4.84823 4.6 2.4
      vertex 7.45892 3.42167 2.4
      vertex 7.02209 3.48647 2.4
    endloop
  endfacet
  facet normal 0 0 -1
    outer loop
      vertex 4.84823 4.6 2.4
      vertex 7.02209 3.48647 2.4
      vertex 6.59372 3.59377 2.4
    endloop
  endfacet
  facet normal 0 0 -1
    outer loop
      vertex 4.84823 4.6 2.4
      vertex 6.59372 3.59377 2.4
      vertex 6.17793 3.74254 2.4
    endloop
  endfacet
  facet normal 0 0 -1
    outer loop
      vertex 4.84823 4.6 2.4
      vertex 6.17793 3.74254 2.4
      vertex 5.77872 3.93135 2.4
    endloop
  endfacet
  facet normal 0 0 -1
    outer loop
      vertex 4.84823 4.6 2.4
      vertex 5.77872 3.93135 2.4
      vertex 5.39993 4.15839 2.4
    endloop
  endfacet
  facet normal 0 0 -1
    outer loop
      vertex 4.84823 4.6 2.4
      vertex 5.39993 4.15839 2.4
      vertex 5.04523 4.42145 2.4
    endloop
  endfacet
  facet normal 0 0 -1
    outer loop
      vertex 10.9518 4.6 2.4
      vertex 4.84823 4.6 2.4
      vertex 11.7048 17 2.4
    endloop
  endfacet
  facet normal 0 0 -1
    outer loop
      vertex 2.4 17 2.4
      vertex 4.84823 4.6 2.4
      vertex 2.4 4.6 2.4
    endloop
  endfacet
  facet normal 0 0 -1
    outer loop
      vertex 4.84823 4.6 2.4
      vertex 2.4 17 2.4
      vertex 11.7048 17 2.4
    endloop
  endfacet
  facet normal 0 0 -1
    outer loop
      vertex 11.7048 41.8 2.4
      vertex 18.4 54.2 2.4
      vertex 14.4 29.4 2.4
    endloop
  endfacet
  facet normal 0 0 -1
    outer loop
      vertex 11.7048 41.8 2.4
      vertex 14.4 29.4 2.4
      vertex 11.7048 29.4 2.4
    endloop
  endfacet
  facet normal 0 0 -1
    outer loop
      vertex 11.7048 48.5053 2.4
      vertex 18.4 54.2 2.4
      vertex 11.7048 41.8 2.4
    endloop
  endfacet
  facet normal -0 0 -1
    outer loop
      vertex 18.4 54.2 2.4
      vertex 11.7048 48.5053 2.4
      vertex 14.4 54.2 2.4
    endloop
  endfacet
  facet normal 0 0 -1
    outer loop
      vertex 11.7048 53.2947 2.4
      vertex 14.4 54.2 2.4
      vertex 11.7048 48.5053 2.4
    endloop
  endfacet
  facet normal -0 0 -1
    outer loop
      vertex 14.4 54.2 2.4
      vertex 11.7048 53.2947 2.4
      vertex 11.7048 54.2 2.4
    endloop
  endfacet
  facet normal -0 0 -1
    outer loop
      vertex 14.4 29.4 2.4
      vertex 11.7048 17 2.4
      vertex 11.7048 29.4 2.4
    endloop
  endfacet
  facet normal -0 0 -1
    outer loop
      vertex 11.3785 53.7548 2.4
      vertex 8.55995 50.6347 2.4
      vertex 11.082 54.082 2.4
    endloop
  endfacet
  facet normal -0 0 -1
    outer loop
      vertex 11.082 54.082 2.4
      vertex 8.55995 50.6347 2.4
      vertex 10.7548 54.3785 2.4
    endloop
  endfacet
  facet normal 0 0 -1
    outer loop
      vertex 8.43576 50.6934 2.4
      vertex 10.7548 54.3785 2.4
      vertex 8.55995 50.6347 2.4
    endloop
  endfacet
  facet normal -0 0 -1
    outer loop
      vertex 10.7548 54.3785 2.4
      vertex 8.43576 50.6934 2.4
      vertex 10.4001 54.6416 2.4
    endloop
  endfacet
  facet normal 0 0 -1
    outer loop
      vertex 8.3064 50.7397 2.4
      vertex 10.4001 54.6416 2.4
      vertex 8.43576 50.6934 2.4
    endloop
  endfacet
  facet normal -0 0 -1
    outer loop
      vertex 10.4001 54.6416 2.4
      vertex 8.3064 50.7397 2.4
      vertex 10.0213 54.8686 2.4
    endloop
  endfacet
  facet normal -0 0 -1
    outer loop
      vertex 10.0213 54.8686 2.4
      vertex 8.3064 50.7397 2.4
      vertex 9.62207 55.0575 2.4
    endloop
  endfacet
  facet normal 0 0 -1
    outer loop
      vertex 8.17313 50.7731 2.4
      vertex 9.62207 55.0575 2.4
      vertex 8.3064 50.7397 2.4
    endloop
  endfacet
  facet normal -0 0 -1
    outer loop
      vertex 9.62207 55.0575 2.4
      vertex 8.17313 50.7731 2.4
      vertex 9.20628 55.2062 2.4
    endloop
  endfacet
  facet normal -0 0 -1
    outer loop
      vertex 9.20628 55.2062 2.4
      vertex 8.17313 50.7731 2.4
      vertex 8.77791 55.3135 2.4
    endloop
  endfacet
  facet normal 0 0 -1
    outer loop
      vertex 8.03722 50.7933 2.4
      vertex 8.77791 55.3135 2.4
      vertex 8.17313 50.7731 2.4
    endloop
  endfacet
  facet normal -0 0 -1
    outer loop
      vertex 8.77791 55.3135 2.4
      vertex 8.03722 50.7933 2.4
      vertex 8.34108 55.3783 2.4
    endloop
  endfacet
  facet normal 0 0 -1
    outer loop
      vertex 7.9 50.8 2.4
      vertex 8.34108 55.3783 2.4
      vertex 8.03722 50.7933 2.4
    endloop
  endfacet
  facet normal 0 0 -1
    outer loop
      vertex 7.9 50.8 2.4
      vertex 7.9 55.4 2.4
      vertex 8.34108 55.3783 2.4
    endloop
  endfacet
  facet normal 0 0 -1
    outer loop
      vertex 7.45892 55.3783 2.4
      vertex 7.9 50.8 2.4
      vertex 7.76278 50.7933 2.4
    endloop
  endfacet
  facet normal 0 0 -1
    outer loop
      vertex 7.02209 55.3135 2.4
      vertex 7.76278 50.7933 2.4
      vertex 7.62687 50.7731 2.4
    endloop
  endfacet
  facet normal 0 0 -1
    outer loop
      vertex 6.59372 55.2062 2.4
      vertex 7.62687 50.7731 2.4
      vertex 7.4936 50.7397 2.4
    endloop
  endfacet
  facet normal 0 0 -1
    outer loop
      vertex 7.9 50.8 2.4
      vertex 7.45892 55.3783 2.4
      vertex 7.9 55.4 2.4
    endloop
  endfacet
  facet normal 0 0 -1
    outer loop
      vertex 6.59372 55.2062 2.4
      vertex 7.4936 50.7397 2.4
      vertex 7.36424 50.6934 2.4
    endloop
  endfacet
  facet normal 0 0 -1
    outer loop
      vertex 6.59372 55.2062 2.4
      vertex 7.36424 50.6934 2.4
      vertex 7.24005 50.6347 2.4
    endloop
  endfacet
  facet normal 0 0 -1
    outer loop
      vertex 6.59372 55.2062 2.4
      vertex 7.24005 50.6347 2.4
      vertex 7.1222 50.5641 2.4
    endloop
  endfacet
  facet normal 0 0 -1
    outer loop
      vertex 7.76278 50.7933 2.4
      vertex 7.02209 55.3135 2.4
      vertex 7.45892 55.3783 2.4
    endloop
  endfacet
  facet normal 0 0 -1
    outer loop
      vertex 6.59372 55.2062 2.4
      vertex 7.1222 50.5641 2.4
      vertex 7.01185 50.4822 2.4
    endloop
  endfacet
  facet normal 0 0 -1
    outer loop
      vertex 6.59372 55.2062 2.4
      vertex 7.01185 50.4822 2.4
      vertex 6.91005 50.3899 2.4
    endloop
  endfacet
  facet normal 0 0 -1
    outer loop
      vertex 6.59372 55.2062 2.4
      vertex 6.91005 50.3899 2.4
      vertex 6.81779 50.2882 2.4
    endloop
  endfacet
  facet normal 0 0 -1
    outer loop
      vertex 6.59372 55.2062 2.4
      vertex 6.81779 50.2882 2.4
      vertex 6.73594 50.1778 2.4
    endloop
  endfacet
  facet normal 0 0 -1
    outer loop
      vertex 6.59372 55.2062 2.4
      vertex 6.73594 50.1778 2.4
      vertex 6.71928 50.15 2.4
    endloop
  endfacet
  facet normal 0 0 -1
    outer loop
      vertex 7.62687 50.7731 2.4
      vertex 6.59372 55.2062 2.4
      vertex 7.02209 55.3135 2.4
    endloop
  endfacet
  facet normal 0 0 0
    outer loop
      vertex 2.4 29.4 2.4
      vertex 11.7048 29.4 2.4
      vertex 14.4 29.4 2.4
    endloop
  endfacet
  facet normal 1 -0 0
    outer loop
      vertex 4.4 4.6 14.4
      vertex 4.4 5.07416 10.4
      vertex 4.4 5.07416 14.4
    endloop
  endfacet
  facet normal 1 0 0
    outer loop
      vertex 4.4 5.07416 10.4
      vertex 4.4 4.6 14.4
      vertex 4.4 4.6 10.4
    endloop
  endfacet
  facet normal 1 -0 0
    outer loop
      vertex 4.4 10.7258 14.4
      vertex 4.4 17 10.4
      vertex 4.4 17 14.4
    endloop
  endfacet
  facet normal 1 0 0
    outer loop
      vertex 4.4 17 10.4
      vertex 4.4 10.7258 14.4
      vertex 4.4 10.7258 10.4
    endloop
  endfacet
  facet normal 0 1 0
    outer loop
      vertex 75.4 29.4 14.4
      vertex 72.4 29.4 10.4
      vertex 72.4 29.4 14.4
    endloop
  endfacet
  facet normal 0 1 -0
    outer loop
      vertex 75.4 29.4 2.4
      vertex 72.4 29.4 10.4
      vertex 75.4 29.4 14.4
    endloop
  endfacet
  facet normal 0 1 0
    outer loop
      vertex 62.4 29.4 2.4
      vertex 72.4 29.4 10.4
      vertex 75.4 29.4 2.4
    endloop
  endfacet
  facet normal 0 1 0
    outer loop
      vertex 72.4 29.4 10.4
      vertex 62.4 29.4 2.4
      vertex 62.4 29.4 10.4
    endloop
  endfacet
  facet normal 0 1 0
    outer loop
      vertex 14.4 29.4 10.4
      vertex 12.0845 29.4 10.3972
      vertex 12.0832 29.4 10.4
    endloop
  endfacet
  facet normal 0 1 0
    outer loop
      vertex 14.4 29.4 10.4
      vertex 12.3952 29.4 9.52868
      vertex 12.0845 29.4 10.3972
    endloop
  endfacet
  facet normal 0 1 0
    outer loop
      vertex 14.4 29.4 10.4
      vertex 12.6194 29.4 8.63385
      vertex 12.3952 29.4 9.52868
    endloop
  endfacet
  facet normal 0 1 0
    outer loop
      vertex 14.4 29.4 10.4
      vertex 12.7547 29.4 7.72136
      vertex 12.6194 29.4 8.63385
    endloop
  endfacet
  facet normal 0 1 0
    outer loop
      vertex 14.4 29.4 10.4
      vertex 12.8 29.4 6.8
      vertex 12.7547 29.4 7.72136
    endloop
  endfacet
  facet normal 0 1 -0
    outer loop
      vertex 14.4 29.4 2.4
      vertex 12.8 29.4 6.8
      vertex 14.4 29.4 10.4
    endloop
  endfacet
  facet normal 0 1 0
    outer loop
      vertex 12.8 29.4 6.8
      vertex 14.4 29.4 2.4
      vertex 12.7547 29.4 5.87864
    endloop
  endfacet
  facet normal 0 1 0
    outer loop
      vertex 12.7547 29.4 5.87864
      vertex 14.4 29.4 2.4
      vertex 12.6194 29.4 4.96615
    endloop
  endfacet
  facet normal 0 1 0
    outer loop
      vertex 12.6194 29.4 4.96615
      vertex 14.4 29.4 2.4
      vertex 12.3952 29.4 4.07132
    endloop
  endfacet
  facet normal 0 1 0
    outer loop
      vertex 14.4 29.4 2.4
      vertex 12.0845 29.4 3.20278
      vertex 12.3952 29.4 4.07132
    endloop
  endfacet
  facet normal 0 1 0
    outer loop
      vertex 12.0845 29.4 3.20278
      vertex 14.4 29.4 2.4
      vertex 11.7048 29.4 2.4
    endloop
  endfacet
  facet normal 0 1 -0
    outer loop
      vertex 58.4 29.4 2.4
      vertex 18.4 29.4 10.4
      vertex 58.4 29.4 10.4
    endloop
  endfacet
  facet normal 0 1 0
    outer loop
      vertex 18.4 29.4 10.4
      vertex 58.4 29.4 2.4
      vertex 18.4 29.4 2.4
    endloop
  endfacet
  facet normal 0 1 0
    outer loop
      vertex 18.0904 29.4 9.65293
      vertex 17.6662 29.4 10.4
      vertex 17.9155 29.4 10.075
    endloop
  endfacet
  facet normal 0 1 0
    outer loop
      vertex 17.6662 29.4 10.4
      vertex 18.0904 29.4 9.65293
      vertex 15.1338 29.4 10.4
    endloop
  endfacet
  facet normal 0 1 0
    outer loop
      vertex 14.7096 29.4 9.65293
      vertex 15.1338 29.4 10.4
      vertex 18.0904 29.4 9.65293
    endloop
  endfacet
  facet normal 0 1 0
    outer loop
      vertex 15.1338 29.4 10.4
      vertex 14.7096 29.4 9.65293
      vertex 14.8845 29.4 10.075
    endloop
  endfacet
  facet normal 0 1 0
    outer loop
      vertex 18.15 29.4 9.2
      vertex 14.7096 29.4 9.65293
      vertex 18.0904 29.4 9.65293
    endloop
  endfacet
  facet normal 0 1 0
    outer loop
      vertex 18.15 29.4 9.2
      vertex 14.65 29.4 9.2
      vertex 14.7096 29.4 9.65293
    endloop
  endfacet
  facet normal 0 1 -0
    outer loop
      vertex 18.0904 29.4 8.74707
      vertex 14.65 29.4 9.2
      vertex 18.15 29.4 9.2
    endloop
  endfacet
  facet normal 0 1 0
    outer loop
      vertex 18.0904 29.4 8.74707
      vertex 14.7096 29.4 8.74707
      vertex 14.65 29.4 9.2
    endloop
  endfacet
  facet normal 0 1 -0
    outer loop
      vertex 17.9155 29.4 8.325
      vertex 14.7096 29.4 8.74707
      vertex 18.0904 29.4 8.74707
    endloop
  endfacet
  facet normal 0 1 0
    outer loop
      vertex 17.9155 29.4 8.325
      vertex 14.8845 29.4 8.325
      vertex 14.7096 29.4 8.74707
    endloop
  endfacet
  facet normal 0 1 -0
    outer loop
      vertex 17.6374 29.4 7.96256
      vertex 14.8845 29.4 8.325
      vertex 17.9155 29.4 8.325
    endloop
  endfacet
  facet normal 0 1 0
    outer loop
      vertex 17.6374 29.4 7.96256
      vertex 15.1626 29.4 7.96256
      vertex 14.8845 29.4 8.325
    endloop
  endfacet
  facet normal 0 1 -0
    outer loop
      vertex 17.275 29.4 7.68446
      vertex 15.1626 29.4 7.96256
      vertex 17.6374 29.4 7.96256
    endloop
  endfacet
  facet normal 0 1 0
    outer loop
      vertex 17.275 29.4 7.68446
      vertex 15.525 29.4 7.68446
      vertex 15.1626 29.4 7.96256
    endloop
  endfacet
  facet normal 0 1 -0
    outer loop
      vertex 16.8529 29.4 7.50963
      vertex 15.525 29.4 7.68446
      vertex 17.275 29.4 7.68446
    endloop
  endfacet
  facet normal 0 1 0
    outer loop
      vertex 16.8529 29.4 7.50963
      vertex 15.9471 29.4 7.50963
      vertex 15.525 29.4 7.68446
    endloop
  endfacet
  facet normal -0 1 0
    outer loop
      vertex 15.9471 29.4 7.50963
      vertex 16.8529 29.4 7.50963
      vertex 16.4 29.4 7.45
    endloop
  endfacet
  facet normal 0 1 0
    outer loop
      vertex 62.0904 29.4 9.65293
      vertex 61.6662 29.4 10.4
      vertex 61.9155 29.4 10.075
    endloop
  endfacet
  facet normal 0 1 0
    outer loop
      vertex 61.6662 29.4 10.4
      vertex 62.0904 29.4 9.65293
      vertex 59.1338 29.4 10.4
    endloop
  endfacet
  facet normal 0 1 0
    outer loop
      vertex 58.7096 29.4 9.65293
      vertex 59.1338 29.4 10.4
      vertex 62.0904 29.4 9.65293
    endloop
  endfacet
  facet normal 0 1 0
    outer loop
      vertex 59.1338 29.4 10.4
      vertex 58.7096 29.4 9.65293
      vertex 58.8845 29.4 10.075
    endloop
  endfacet
  facet normal 0 1 0
    outer loop
      vertex 62.15 29.4 9.2
      vertex 58.7096 29.4 9.65293
      vertex 62.0904 29.4 9.65293
    endloop
  endfacet
  facet normal 0 1 0
    outer loop
      vertex 62.15 29.4 9.2
      vertex 58.65 29.4 9.2
      vertex 58.7096 29.4 9.65293
    endloop
  endfacet
  facet normal 0 1 -0
    outer loop
      vertex 62.0904 29.4 8.74707
      vertex 58.65 29.4 9.2
      vertex 62.15 29.4 9.2
    endloop
  endfacet
  facet normal 0 1 0
    outer loop
      vertex 62.0904 29.4 8.74707
      vertex 58.7096 29.4 8.74707
      vertex 58.65 29.4 9.2
    endloop
  endfacet
  facet normal 0 1 -0
    outer loop
      vertex 61.9155 29.4 8.325
      vertex 58.7096 29.4 8.74707
      vertex 62.0904 29.4 8.74707
    endloop
  endfacet
  facet normal 0 1 0
    outer loop
      vertex 61.9155 29.4 8.325
      vertex 58.8845 29.4 8.325
      vertex 58.7096 29.4 8.74707
    endloop
  endfacet
  facet normal 0 1 -0
    outer loop
      vertex 61.6374 29.4 7.96256
      vertex 58.8845 29.4 8.325
      vertex 61.9155 29.4 8.325
    endloop
  endfacet
  facet normal 0 1 0
    outer loop
      vertex 61.6374 29.4 7.96256
      vertex 59.1626 29.4 7.96256
      vertex 58.8845 29.4 8.325
    endloop
  endfacet
  facet normal 0 1 -0
    outer loop
      vertex 61.275 29.4 7.68446
      vertex 59.1626 29.4 7.96256
      vertex 61.6374 29.4 7.96256
    endloop
  endfacet
  facet normal 0 1 0
    outer loop
      vertex 61.275 29.4 7.68446
      vertex 59.525 29.4 7.68446
      vertex 59.1626 29.4 7.96256
    endloop
  endfacet
  facet normal 0 1 -0
    outer loop
      vertex 60.8529 29.4 7.50963
      vertex 59.525 29.4 7.68446
      vertex 61.275 29.4 7.68446
    endloop
  endfacet
  facet normal 0 1 0
    outer loop
      vertex 60.8529 29.4 7.50963
      vertex 59.9471 29.4 7.50963
      vertex 59.525 29.4 7.68446
    endloop
  endfacet
  facet normal -0 1 0
    outer loop
      vertex 59.9471 29.4 7.50963
      vertex 60.8529 29.4 7.50963
      vertex 60.4 29.4 7.45
    endloop
  endfacet
  facet normal 0 -1 0
    outer loop
      vertex 10.9518 4.6 10.4
      vertex 10.9518 4.6 2.4
      vertex 72.4 4.6 10.4
    endloop
  endfacet
  facet normal 0 -1 0
    outer loop
      vertex 72.4 4.6 10.4
      vertex 75.4 4.6 14.4
      vertex 72.4 4.6 14.4
    endloop
  endfacet
  facet normal 0 -1 0
    outer loop
      vertex 72.4 4.6 10.4
      vertex 75.4 4.6 2.4
      vertex 75.4 4.6 14.4
    endloop
  endfacet
  facet normal 0 -1 0
    outer loop
      vertex 75.4 4.6 2.4
      vertex 72.4 4.6 10.4
      vertex 10.9518 4.6 2.4
    endloop
  endfacet
  facet normal 0 -1 0
    outer loop
      vertex 2.4 4.6 14.4
      vertex 4.4 4.6 10.4
      vertex 4.4 4.6 14.4
    endloop
  endfacet
  facet normal 0 -1 0
    outer loop
      vertex 2.4 4.6 2.4
      vertex 4.4 4.6 10.4
      vertex 2.4 4.6 14.4
    endloop
  endfacet
  facet normal 0 -1 0
    outer loop
      vertex 4.84823 4.6 2.4
      vertex 4.4 4.6 10.4
      vertex 2.4 4.6 2.4
    endloop
  endfacet
  facet normal 0 -1 0
    outer loop
      vertex 4.4 4.6 10.4
      vertex 4.84823 4.6 2.4
      vertex 4.84823 4.6 10.4
    endloop
  endfacet
  facet normal -0 0 1
    outer loop
      vertex 2.4 17 14.4
      vertex 4.4 10.7258 14.4
      vertex 4.4 17 14.4
    endloop
  endfacet
  facet normal 0 0 1
    outer loop
      vertex 4.4 10.7258 14.4
      vertex 2.4 17 14.4
      vertex 4.15839 10.4001 14.4
    endloop
  endfacet
  facet normal 0 0 1
    outer loop
      vertex 4.15839 10.4001 14.4
      vertex 2.4 17 14.4
      vertex 3.93135 10.0213 14.4
    endloop
  endfacet
  facet normal 0 0 1
    outer loop
      vertex 3.93135 10.0213 14.4
      vertex 2.4 17 14.4
      vertex 3.74254 9.62207 14.4
    endloop
  endfacet
  facet normal 0 0 1
    outer loop
      vertex 3.74254 9.62207 14.4
      vertex 2.4 17 14.4
      vertex 3.59377 9.20628 14.4
    endloop
  endfacet
  facet normal 0 0 1
    outer loop
      vertex 3.59377 9.20628 14.4
      vertex 2.4 17 14.4
      vertex 3.48647 8.77791 14.4
    endloop
  endfacet
  facet normal 0 0 1
    outer loop
      vertex 2.4 4.6 14.4
      vertex 3.42167 8.34108 14.4
      vertex 2.4 17 14.4
    endloop
  endfacet
  facet normal 0 0 1
    outer loop
      vertex 3.48647 8.77791 14.4
      vertex 2.4 17 14.4
      vertex 3.42167 8.34108 14.4
    endloop
  endfacet
  facet normal 0 0 1
    outer loop
      vertex 4.15839 5.39993 14.4
      vertex 4.4 4.6 14.4
      vertex 4.4 5.07416 14.4
    endloop
  endfacet
  facet normal 0 0 1
    outer loop
      vertex 2.4 4.6 14.4
      vertex 4.15839 5.39993 14.4
      vertex 3.93135 5.77872 14.4
    endloop
  endfacet
  facet normal 0 0 1
    outer loop
      vertex 2.4 4.6 14.4
      vertex 3.93135 5.77872 14.4
      vertex 3.74254 6.17793 14.4
    endloop
  endfacet
  facet normal 0 0 1
    outer loop
      vertex 3.42167 8.34108 14.4
      vertex 2.4 4.6 14.4
      vertex 3.4 7.9 14.4
    endloop
  endfacet
  facet normal 0 0 1
    outer loop
      vertex 4.15839 5.39993 14.4
      vertex 2.4 4.6 14.4
      vertex 4.4 4.6 14.4
    endloop
  endfacet
  facet normal 0 0 1
    outer loop
      vertex 3.59377 6.59372 14.4
      vertex 2.4 4.6 14.4
      vertex 3.74254 6.17793 14.4
    endloop
  endfacet
  facet normal 0 0 1
    outer loop
      vertex 3.48647 7.02209 14.4
      vertex 2.4 4.6 14.4
      vertex 3.59377 6.59372 14.4
    endloop
  endfacet
  facet normal 0 0 1
    outer loop
      vertex 3.42167 7.45892 14.4
      vertex 2.4 4.6 14.4
      vertex 3.48647 7.02209 14.4
    endloop
  endfacet
  facet normal 0 0 1
    outer loop
      vertex 3.4 7.9 14.4
      vertex 2.4 4.6 14.4
      vertex 3.42167 7.45892 14.4
    endloop
  endfacet
  facet normal 1 -0 0
    outer loop
      vertex 75.4 4.6 14.4
      vertex 75.4 29.4 2.4
      vertex 75.4 29.4 14.4
    endloop
  endfacet
  facet normal 1 0 0
    outer loop
      vertex 75.4 29.4 2.4
      vertex 75.4 4.6 14.4
      vertex 75.4 4.6 2.4
    endloop
  endfacet
  facet normal -0 0 1
    outer loop
      vertex 72.4 29.4 14.4
      vertex 75.4 4.6 14.4
      vertex 75.4 29.4 14.4
    endloop
  endfacet
  facet normal 0 0 1
    outer loop
      vertex 75.4 4.6 14.4
      vertex 72.4 29.4 14.4
      vertex 72.4 4.6 14.4
    endloop
  endfacet
  facet normal -0.907009 0 -0.421111
    outer loop
      vertex 12.0845 17 10.3972
      vertex 12.0832 29.4 10.4
      vertex 12.0845 29.4 10.3972
    endloop
  endfacet
  facet normal -0.907009 -0 -0.421111
    outer loop
      vertex 12.0832 29.4 10.4
      vertex 12.0845 17 10.3972
      vertex 12.0832 17 10.4
    endloop
  endfacet
  facet normal -0.989185 0 0.146672
    outer loop
      vertex 12.6194 17 4.96615
      vertex 12.7547 29.4 5.87864
      vertex 12.6194 29.4 4.96615
    endloop
  endfacet
  facet normal -0.989185 0 0.146672
    outer loop
      vertex 12.7547 29.4 5.87864
      vertex 12.6194 17 4.96615
      vertex 12.7547 17 5.87864
    endloop
  endfacet
  facet normal -0.998794 0 0.0491071
    outer loop
      vertex 12.7547 17 5.87864
      vertex 12.8 29.4 6.8
      vertex 12.7547 29.4 5.87864
    endloop
  endfacet
  facet normal -0.998794 0 0.0491071
    outer loop
      vertex 12.8 29.4 6.8
      vertex 12.7547 17 5.87864
      vertex 12.8 17 6.8
    endloop
  endfacet
  facet normal -0.941568 0 0.336824
    outer loop
      vertex 12.0845 17 3.20278
      vertex 12.3952 29.4 4.07132
      vertex 12.0845 29.4 3.20278
    endloop
  endfacet
  facet normal -0.941568 0 0.336824
    outer loop
      vertex 12.3952 29.4 4.07132
      vertex 12.0845 17 3.20278
      vertex 12.3952 17 4.07132
    endloop
  endfacet
  facet normal -0.998794 0 -0.0491071
    outer loop
      vertex 12.8 17 6.8
      vertex 12.7547 29.4 7.72136
      vertex 12.8 29.4 6.8
    endloop
  endfacet
  facet normal -0.998794 -0 -0.0491071
    outer loop
      vertex 12.7547 29.4 7.72136
      vertex 12.8 17 6.8
      vertex 12.7547 17 7.72136
    endloop
  endfacet
  facet normal -0.941565 0 -0.336831
    outer loop
      vertex 12.3952 17 9.52868
      vertex 12.0845 29.4 10.3972
      vertex 12.3952 29.4 9.52868
    endloop
  endfacet
  facet normal -0.941565 -0 -0.336831
    outer loop
      vertex 12.0845 29.4 10.3972
      vertex 12.3952 17 9.52868
      vertex 12.0845 17 10.3972
    endloop
  endfacet
  facet normal -0.989185 0 -0.146672
    outer loop
      vertex 12.7547 17 7.72136
      vertex 12.6194 29.4 8.63385
      vertex 12.7547 29.4 7.72136
    endloop
  endfacet
  facet normal -0.989185 -0 -0.146672
    outer loop
      vertex 12.6194 29.4 8.63385
      vertex 12.7547 17 7.72136
      vertex 12.6194 17 8.63385
    endloop
  endfacet
  facet normal -0.903983 0 0.427567
    outer loop
      vertex 11.7048 17 2.4
      vertex 12.0845 29.4 3.20278
      vertex 11.7048 29.4 2.4
    endloop
  endfacet
  facet normal -0.903983 0 0.427567
    outer loop
      vertex 12.0845 29.4 3.20278
      vertex 11.7048 17 2.4
      vertex 12.0845 17 3.20278
    endloop
  endfacet
  facet normal -0.970017 0 -0.243038
    outer loop
      vertex 12.6194 17 8.63385
      vertex 12.3952 29.4 9.52868
      vertex 12.6194 29.4 8.63385
    endloop
  endfacet
  facet normal -0.970017 -0 -0.243038
    outer loop
      vertex 12.3952 29.4 9.52868
      vertex 12.6194 17 8.63385
      vertex 12.3952 17 9.52868
    endloop
  endfacet
  facet normal -0.970017 0 0.243038
    outer loop
      vertex 12.3952 17 4.07132
      vertex 12.6194 29.4 4.96615
      vertex 12.3952 29.4 4.07132
    endloop
  endfacet
  facet normal -0.970017 0 0.243038
    outer loop
      vertex 12.6194 29.4 4.96615
      vertex 12.3952 17 4.07132
      vertex 12.6194 17 4.96615
    endloop
  endfacet
  facet normal 0 1 0
    outer loop
      vertex 12.0832 17 10.4
      vertex 12.0845 17 10.3972
      vertex 4.4 17 10.4
    endloop
  endfacet
  facet normal 0 1 -0
    outer loop
      vertex 4.4 17 10.4
      vertex 2.4 17 14.4
      vertex 4.4 17 14.4
    endloop
  endfacet
  facet normal 0 1 0
    outer loop
      vertex 12.3952 17 9.52868
      vertex 4.4 17 10.4
      vertex 12.0845 17 10.3972
    endloop
  endfacet
  facet normal 0 1 0
    outer loop
      vertex 12.6194 17 8.63385
      vertex 4.4 17 10.4
      vertex 12.3952 17 9.52868
    endloop
  endfacet
  facet normal 0 1 0
    outer loop
      vertex 12.7547 17 7.72136
      vertex 4.4 17 10.4
      vertex 12.6194 17 8.63385
    endloop
  endfacet
  facet normal 0 1 0
    outer loop
      vertex 12.8 17 6.8
      vertex 4.4 17 10.4
      vertex 12.7547 17 7.72136
    endloop
  endfacet
  facet normal 0 1 -0
    outer loop
      vertex 12.7547 17 5.87864
      vertex 4.4 17 10.4
      vertex 12.8 17 6.8
    endloop
  endfacet
  facet normal 0 1 -0
    outer loop
      vertex 12.6194 17 4.96615
      vertex 4.4 17 10.4
      vertex 12.7547 17 5.87864
    endloop
  endfacet
  facet normal 0 1 -0
    outer loop
      vertex 12.3952 17 4.07132
      vertex 4.4 17 10.4
      vertex 12.6194 17 4.96615
    endloop
  endfacet
  facet normal 0 1 -0
    outer loop
      vertex 12.0845 17 3.20278
      vertex 4.4 17 10.4
      vertex 12.3952 17 4.07132
    endloop
  endfacet
  facet normal 0 1 0
    outer loop
      vertex 2.4 17 2.4
      vertex 12.0845 17 3.20278
      vertex 11.7048 17 2.4
    endloop
  endfacet
  facet normal 0 1 0
    outer loop
      vertex 4.4 17 10.4
      vertex 2.4 17 2.4
      vertex 2.4 17 14.4
    endloop
  endfacet
  facet normal 0 1 0
    outer loop
      vertex 12.0845 17 3.20278
      vertex 2.4 17 2.4
      vertex 4.4 17 10.4
    endloop
  endfacet
  facet normal -1 0 0
    outer loop
      vertex 72.4 29.4 10.4
      vertex 72.4 54.2 14.4
      vertex 72.4 54.2 10.4
    endloop
  endfacet
  facet normal -1 -0 0
    outer loop
      vertex 72.4 54.2 14.4
      vertex 72.4 29.4 10.4
      vertex 72.4 29.4 14.4
    endloop
  endfacet
  facet normal 1 -0 0
    outer loop
      vertex 4.4 29.4 14.4
      vertex 4.4 41.8 10.4
      vertex 4.4 41.8 14.4
    endloop
  endfacet
  facet normal 1 0 0
    outer loop
      vertex 4.4 41.8 10.4
      vertex 4.4 29.4 14.4
      vertex 4.4 29.4 10.4
    endloop
  endfacet
  facet normal 0 1 0
    outer loop
      vertex 75.4 54.2 14.4
      vertex 72.4 54.2 10.4
      vertex 72.4 54.2 14.4
    endloop
  endfacet
  facet normal 0 1 -0
    outer loop
      vertex 75.4 54.2 2.4
      vertex 72.4 54.2 10.4
      vertex 75.4 54.2 14.4
    endloop
  endfacet
  facet normal 0 1 0
    outer loop
      vertex 62.4 54.2 2.4
      vertex 72.4 54.2 10.4
      vertex 75.4 54.2 2.4
    endloop
  endfacet
  facet normal 0 1 0
    outer loop
      vertex 72.4 54.2 10.4
      vertex 62.4 54.2 2.4
      vertex 62.4 54.2 10.4
    endloop
  endfacet
  facet normal 0 1 0
    outer loop
      vertex 14.4 54.2 10.4
      vertex 12.0845 54.2 10.3972
      vertex 12.0832 54.2 10.4
    endloop
  endfacet
  facet normal 0 1 0
    outer loop
      vertex 14.4 54.2 10.4
      vertex 12.3952 54.2 9.52868
      vertex 12.0845 54.2 10.3972
    endloop
  endfacet
  facet normal 0 1 0
    outer loop
      vertex 14.4 54.2 10.4
      vertex 12.6194 54.2 8.63385
      vertex 12.3952 54.2 9.52868
    endloop
  endfacet
  facet normal 0 1 0
    outer loop
      vertex 14.4 54.2 10.4
      vertex 12.7547 54.2 7.72136
      vertex 12.6194 54.2 8.63385
    endloop
  endfacet
  facet normal 0 1 0
    outer loop
      vertex 14.4 54.2 10.4
      vertex 12.8 54.2 6.8
      vertex 12.7547 54.2 7.72136
    endloop
  endfacet
  facet normal 0 1 -0
    outer loop
      vertex 14.4 54.2 2.4
      vertex 12.8 54.2 6.8
      vertex 14.4 54.2 10.4
    endloop
  endfacet
  facet normal 0 1 0
    outer loop
      vertex 12.8 54.2 6.8
      vertex 14.4 54.2 2.4
      vertex 12.7547 54.2 5.87864
    endloop
  endfacet
  facet normal 0 1 0
    outer loop
      vertex 12.7547 54.2 5.87864
      vertex 14.4 54.2 2.4
      vertex 12.6194 54.2 4.96615
    endloop
  endfacet
  facet normal 0 1 0
    outer loop
      vertex 12.6194 54.2 4.96615
      vertex 14.4 54.2 2.4
      vertex 12.3952 54.2 4.07132
    endloop
  endfacet
  facet normal 0 1 0
    outer loop
      vertex 14.4 54.2 2.4
      vertex 12.0845 54.2 3.20278
      vertex 12.3952 54.2 4.07132
    endloop
  endfacet
  facet normal 0 1 0
    outer loop
      vertex 12.0845 54.2 3.20278
      vertex 14.4 54.2 2.4
      vertex 11.7048 54.2 2.4
    endloop
  endfacet
  facet normal 0 1 -0
    outer loop
      vertex 58.4 54.2 2.4
      vertex 18.4 54.2 10.4
      vertex 58.4 54.2 10.4
    endloop
  endfacet
  facet normal 0 1 0
    outer loop
      vertex 18.4 54.2 10.4
      vertex 58.4 54.2 2.4
      vertex 18.4 54.2 2.4
    endloop
  endfacet
  facet normal 0 1 0
    outer loop
      vertex 18.0904 54.2 9.65293
      vertex 17.6662 54.2 10.4
      vertex 17.9155 54.2 10.075
    endloop
  endfacet
  facet normal 0 1 0
    outer loop
      vertex 17.6662 54.2 10.4
      vertex 18.0904 54.2 9.65293
      vertex 15.1338 54.2 10.4
    endloop
  endfacet
  facet normal 0 1 0
    outer loop
      vertex 14.7096 54.2 9.65293
      vertex 15.1338 54.2 10.4
      vertex 18.0904 54.2 9.65293
    endloop
  endfacet
  facet normal 0 1 0
    outer loop
      vertex 15.1338 54.2 10.4
      vertex 14.7096 54.2 9.65293
      vertex 14.8845 54.2 10.075
    endloop
  endfacet
  facet normal 0 1 0
    outer loop
      vertex 18.15 54.2 9.2
      vertex 14.7096 54.2 9.65293
      vertex 18.0904 54.2 9.65293
    endloop
  endfacet
  facet normal 0 1 0
    outer loop
      vertex 18.15 54.2 9.2
      vertex 14.65 54.2 9.2
      vertex 14.7096 54.2 9.65293
    endloop
  endfacet
  facet normal 0 1 -0
    outer loop
      vertex 18.0904 54.2 8.74707
      vertex 14.65 54.2 9.2
      vertex 18.15 54.2 9.2
    endloop
  endfacet
  facet normal 0 1 0
    outer loop
      vertex 18.0904 54.2 8.74707
      vertex 14.7096 54.2 8.74707
      vertex 14.65 54.2 9.2
    endloop
  endfacet
  facet normal 0 1 -0
    outer loop
      vertex 17.9155 54.2 8.325
      vertex 14.7096 54.2 8.74707
      vertex 18.0904 54.2 8.74707
    endloop
  endfacet
  facet normal 0 1 0
    outer loop
      vertex 17.9155 54.2 8.325
      vertex 14.8845 54.2 8.325
      vertex 14.7096 54.2 8.74707
    endloop
  endfacet
  facet normal 0 1 -0
    outer loop
      vertex 17.6374 54.2 7.96256
      vertex 14.8845 54.2 8.325
      vertex 17.9155 54.2 8.325
    endloop
  endfacet
  facet normal 0 1 0
    outer loop
      vertex 17.6374 54.2 7.96256
      vertex 15.1626 54.2 7.96256
      vertex 14.8845 54.2 8.325
    endloop
  endfacet
  facet normal 0 1 -0
    outer loop
      vertex 17.275 54.2 7.68446
      vertex 15.1626 54.2 7.96256
      vertex 17.6374 54.2 7.96256
    endloop
  endfacet
  facet normal 0 1 0
    outer loop
      vertex 17.275 54.2 7.68446
      vertex 15.525 54.2 7.68446
      vertex 15.1626 54.2 7.96256
    endloop
  endfacet
  facet normal 0 1 -0
    outer loop
      vertex 16.8529 54.2 7.50963
      vertex 15.525 54.2 7.68446
      vertex 17.275 54.2 7.68446
    endloop
  endfacet
  facet normal 0 1 0
    outer loop
      vertex 16.8529 54.2 7.50963
      vertex 15.9471 54.2 7.50963
      vertex 15.525 54.2 7.68446
    endloop
  endfacet
  facet normal -0 1 0
    outer loop
      vertex 15.9471 54.2 7.50963
      vertex 16.8529 54.2 7.50963
      vertex 16.4 54.2 7.45
    endloop
  endfacet
  facet normal 0 1 0
    outer loop
      vertex 62.0904 54.2 9.65293
      vertex 61.6662 54.2 10.4
      vertex 61.9155 54.2 10.075
    endloop
  endfacet
  facet normal 0 1 0
    outer loop
      vertex 61.6662 54.2 10.4
      vertex 62.0904 54.2 9.65293
      vertex 59.1338 54.2 10.4
    endloop
  endfacet
  facet normal 0 1 0
    outer loop
      vertex 58.7096 54.2 9.65293
      vertex 59.1338 54.2 10.4
      vertex 62.0904 54.2 9.65293
    endloop
  endfacet
  facet normal 0 1 0
    outer loop
      vertex 59.1338 54.2 10.4
      vertex 58.7096 54.2 9.65293
      vertex 58.8845 54.2 10.075
    endloop
  endfacet
  facet normal 0 1 0
    outer loop
      vertex 62.15 54.2 9.2
      vertex 58.7096 54.2 9.65293
      vertex 62.0904 54.2 9.65293
    endloop
  endfacet
  facet normal 0 1 0
    outer loop
      vertex 62.15 54.2 9.2
      vertex 58.65 54.2 9.2
      vertex 58.7096 54.2 9.65293
    endloop
  endfacet
  facet normal 0 1 -0
    outer loop
      vertex 62.0904 54.2 8.74707
      vertex 58.65 54.2 9.2
      vertex 62.15 54.2 9.2
    endloop
  endfacet
  facet normal 0 1 0
    outer loop
      vertex 62.0904 54.2 8.74707
      vertex 58.7096 54.2 8.74707
      vertex 58.65 54.2 9.2
    endloop
  endfacet
  facet normal 0 1 -0
    outer loop
      vertex 61.9155 54.2 8.325
      vertex 58.7096 54.2 8.74707
      vertex 62.0904 54.2 8.74707
    endloop
  endfacet
  facet normal 0 1 0
    outer loop
      vertex 61.9155 54.2 8.325
      vertex 58.8845 54.2 8.325
      vertex 58.7096 54.2 8.74707
    endloop
  endfacet
  facet normal 0 1 -0
    outer loop
      vertex 61.6374 54.2 7.96256
      vertex 58.8845 54.2 8.325
      vertex 61.9155 54.2 8.325
    endloop
  endfacet
  facet normal 0 1 0
    outer loop
      vertex 61.6374 54.2 7.96256
      vertex 59.1626 54.2 7.96256
      vertex 58.8845 54.2 8.325
    endloop
  endfacet
  facet normal 0 1 -0
    outer loop
      vertex 61.275 54.2 7.68446
      vertex 59.1626 54.2 7.96256
      vertex 61.6374 54.2 7.96256
    endloop
  endfacet
  facet normal 0 1 0
    outer loop
      vertex 61.275 54.2 7.68446
      vertex 59.525 54.2 7.68446
      vertex 59.1626 54.2 7.96256
    endloop
  endfacet
  facet normal 0 1 -0
    outer loop
      vertex 60.8529 54.2 7.50963
      vertex 59.525 54.2 7.68446
      vertex 61.275 54.2 7.68446
    endloop
  endfacet
  facet normal 0 1 0
    outer loop
      vertex 60.8529 54.2 7.50963
      vertex 59.9471 54.2 7.50963
      vertex 59.525 54.2 7.68446
    endloop
  endfacet
  facet normal -0 1 0
    outer loop
      vertex 59.9471 54.2 7.50963
      vertex 60.8529 54.2 7.50963
      vertex 60.4 54.2 7.45
    endloop
  endfacet
  facet normal 0 -1 0
    outer loop
      vertex 62.4 29.4 10.4
      vertex 62.4 29.4 2.4
      vertex 72.4 29.4 10.4
    endloop
  endfacet
  facet normal 0 -1 0
    outer loop
      vertex 72.4 29.4 10.4
      vertex 75.4 29.4 14.4
      vertex 72.4 29.4 14.4
    endloop
  endfacet
  facet normal 0 -1 0
    outer loop
      vertex 72.4 29.4 10.4
      vertex 75.4 29.4 2.4
      vertex 75.4 29.4 14.4
    endloop
  endfacet
  facet normal 0 -1 0
    outer loop
      vertex 75.4 29.4 2.4
      vertex 72.4 29.4 10.4
      vertex 62.4 29.4 2.4
    endloop
  endfacet
  facet normal 0 -1 0
    outer loop
      vertex 2.4 29.4 14.4
      vertex 4.4 29.4 10.4
      vertex 4.4 29.4 14.4
    endloop
  endfacet
  facet normal 0 -1 0
    outer loop
      vertex 2.4 29.4 2.4
      vertex 4.4 29.4 10.4
      vertex 2.4 29.4 14.4
    endloop
  endfacet
  facet normal 0 -1 0
    outer loop
      vertex 14.4 29.4 2.4
      vertex 4.4 29.4 10.4
      vertex 2.4 29.4 2.4
    endloop
  endfacet
  facet normal 0 -1 0
    outer loop
      vertex 4.4 29.4 10.4
      vertex 14.4 29.4 2.4
      vertex 14.4 29.4 10.4
    endloop
  endfacet
  facet normal 0 -1 0
    outer loop
      vertex 18.4 29.4 2.4
      vertex 58.4 29.4 10.4
      vertex 18.4 29.4 10.4
    endloop
  endfacet
  facet normal 0 -1 -0
    outer loop
      vertex 58.4 29.4 10.4
      vertex 18.4 29.4 2.4
      vertex 58.4 29.4 2.4
    endloop
  endfacet
  facet normal 0 -1 0
    outer loop
      vertex 14.7096 29.4 9.65293
      vertex 15.1338 29.4 10.4
      vertex 14.8845 29.4 10.075
    endloop
  endfacet
  facet normal 0 -1 -0
    outer loop
      vertex 15.1338 29.4 10.4
      vertex 14.7096 29.4 9.65293
      vertex 17.6662 29.4 10.4
    endloop
  endfacet
  facet normal 0 -1 0
    outer loop
      vertex 18.0904 29.4 9.65293
      vertex 17.6662 29.4 10.4
      vertex 14.7096 29.4 9.65293
    endloop
  endfacet
  facet normal 0 -1 0
    outer loop
      vertex 17.6662 29.4 10.4
      vertex 18.0904 29.4 9.65293
      vertex 17.9155 29.4 10.075
    endloop
  endfacet
  facet normal 0 -1 0
    outer loop
      vertex 14.65 29.4 9.2
      vertex 18.0904 29.4 9.65293
      vertex 14.7096 29.4 9.65293
    endloop
  endfacet
  facet normal 0 -1 0
    outer loop
      vertex 14.65 29.4 9.2
      vertex 18.15 29.4 9.2
      vertex 18.0904 29.4 9.65293
    endloop
  endfacet
  facet normal 0 -1 0
    outer loop
      vertex 14.7096 29.4 8.74707
      vertex 18.15 29.4 9.2
      vertex 14.65 29.4 9.2
    endloop
  endfacet
  facet normal 0 -1 0
    outer loop
      vertex 14.7096 29.4 8.74707
      vertex 18.0904 29.4 8.74707
      vertex 18.15 29.4 9.2
    endloop
  endfacet
  facet normal 0 -1 0
    outer loop
      vertex 14.8845 29.4 8.325
      vertex 18.0904 29.4 8.74707
      vertex 14.7096 29.4 8.74707
    endloop
  endfacet
  facet normal 0 -1 0
    outer loop
      vertex 14.8845 29.4 8.325
      vertex 17.9155 29.4 8.325
      vertex 18.0904 29.4 8.74707
    endloop
  endfacet
  facet normal 0 -1 0
    outer loop
      vertex 15.1626 29.4 7.96256
      vertex 17.9155 29.4 8.325
      vertex 14.8845 29.4 8.325
    endloop
  endfacet
  facet normal 0 -1 0
    outer loop
      vertex 15.1626 29.4 7.96256
      vertex 17.6374 29.4 7.96256
      vertex 17.9155 29.4 8.325
    endloop
  endfacet
  facet normal 0 -1 0
    outer loop
      vertex 15.525 29.4 7.68446
      vertex 17.6374 29.4 7.96256
      vertex 15.1626 29.4 7.96256
    endloop
  endfacet
  facet normal 0 -1 0
    outer loop
      vertex 15.525 29.4 7.68446
      vertex 17.275 29.4 7.68446
      vertex 17.6374 29.4 7.96256
    endloop
  endfacet
  facet normal 0 -1 0
    outer loop
      vertex 15.9471 29.4 7.50963
      vertex 17.275 29.4 7.68446
      vertex 15.525 29.4 7.68446
    endloop
  endfacet
  facet normal 0 -1 0
    outer loop
      vertex 15.9471 29.4 7.50963
      vertex 16.8529 29.4 7.50963
      vertex 17.275 29.4 7.68446
    endloop
  endfacet
  facet normal -0 -1 0
    outer loop
      vertex 16.8529 29.4 7.50963
      vertex 15.9471 29.4 7.50963
      vertex 16.4 29.4 7.45
    endloop
  endfacet
  facet normal 0 -1 0
    outer loop
      vertex 58.7096 29.4 9.65293
      vertex 59.1338 29.4 10.4
      vertex 58.8845 29.4 10.075
    endloop
  endfacet
  facet normal 0 -1 -0
    outer loop
      vertex 59.1338 29.4 10.4
      vertex 58.7096 29.4 9.65293
      vertex 61.6662 29.4 10.4
    endloop
  endfacet
  facet normal 0 -1 0
    outer loop
      vertex 62.0904 29.4 9.65293
      vertex 61.6662 29.4 10.4
      vertex 58.7096 29.4 9.65293
    endloop
  endfacet
  facet normal 0 -1 0
    outer loop
      vertex 61.6662 29.4 10.4
      vertex 62.0904 29.4 9.65293
      vertex 61.9155 29.4 10.075
    endloop
  endfacet
  facet normal 0 -1 0
    outer loop
      vertex 58.65 29.4 9.2
      vertex 62.0904 29.4 9.65293
      vertex 58.7096 29.4 9.65293
    endloop
  endfacet
  facet normal 0 -1 0
    outer loop
      vertex 58.65 29.4 9.2
      vertex 62.15 29.4 9.2
      vertex 62.0904 29.4 9.65293
    endloop
  endfacet
  facet normal 0 -1 0
    outer loop
      vertex 58.7096 29.4 8.74707
      vertex 62.15 29.4 9.2
      vertex 58.65 29.4 9.2
    endloop
  endfacet
  facet normal 0 -1 0
    outer loop
      vertex 58.7096 29.4 8.74707
      vertex 62.0904 29.4 8.74707
      vertex 62.15 29.4 9.2
    endloop
  endfacet
  facet normal 0 -1 0
    outer loop
      vertex 58.8845 29.4 8.325
      vertex 62.0904 29.4 8.74707
      vertex 58.7096 29.4 8.74707
    endloop
  endfacet
  facet normal 0 -1 0
    outer loop
      vertex 58.8845 29.4 8.325
      vertex 61.9155 29.4 8.325
      vertex 62.0904 29.4 8.74707
    endloop
  endfacet
  facet normal 0 -1 0
    outer loop
      vertex 59.1626 29.4 7.96256
      vertex 61.9155 29.4 8.325
      vertex 58.8845 29.4 8.325
    endloop
  endfacet
  facet normal 0 -1 0
    outer loop
      vertex 59.1626 29.4 7.96256
      vertex 61.6374 29.4 7.96256
      vertex 61.9155 29.4 8.325
    endloop
  endfacet
  facet normal 0 -1 0
    outer loop
      vertex 59.525 29.4 7.68446
      vertex 61.6374 29.4 7.96256
      vertex 59.1626 29.4 7.96256
    endloop
  endfacet
  facet normal 0 -1 0
    outer loop
      vertex 59.525 29.4 7.68446
      vertex 61.275 29.4 7.68446
      vertex 61.6374 29.4 7.96256
    endloop
  endfacet
  facet normal 0 -1 0
    outer loop
      vertex 59.9471 29.4 7.50963
      vertex 61.275 29.4 7.68446
      vertex 59.525 29.4 7.68446
    endloop
  endfacet
  facet normal 0 -1 0
    outer loop
      vertex 59.9471 29.4 7.50963
      vertex 60.8529 29.4 7.50963
      vertex 61.275 29.4 7.68446
    endloop
  endfacet
  facet normal -0 -1 0
    outer loop
      vertex 60.8529 29.4 7.50963
      vertex 59.9471 29.4 7.50963
      vertex 60.4 29.4 7.45
    endloop
  endfacet
  facet normal -0 0 1
    outer loop
      vertex 2.4 41.8 14.4
      vertex 4.4 29.4 14.4
      vertex 4.4 41.8 14.4
    endloop
  endfacet
  facet normal 0 0 1
    outer loop
      vertex 4.4 29.4 14.4
      vertex 2.4 41.8 14.4
      vertex 2.4 29.4 14.4
    endloop
  endfacet
  facet normal 1 -0 0
    outer loop
      vertex 75.4 29.4 14.4
      vertex 75.4 54.2 2.4
      vertex 75.4 54.2 14.4
    endloop
  endfacet
  facet normal 1 0 0
    outer loop
      vertex 75.4 54.2 2.4
      vertex 75.4 29.4 14.4
      vertex 75.4 29.4 2.4
    endloop
  endfacet
  facet normal -0 0 1
    outer loop
      vertex 72.4 54.2 14.4
      vertex 75.4 29.4 14.4
      vertex 75.4 54.2 14.4
    endloop
  endfacet
  facet normal 0 0 1
    outer loop
      vertex 75.4 29.4 14.4
      vertex 72.4 54.2 14.4
      vertex 72.4 29.4 14.4
    endloop
  endfacet
  facet normal -0.907009 0 -0.421111
    outer loop
      vertex 12.0845 41.8 10.3972
      vertex 12.0832 49.2497 10.4
      vertex 12.0845 49.2534 10.3972
    endloop
  endfacet
  facet normal -0.907009 -0 -0.421111
    outer loop
      vertex 12.0832 49.2497 10.4
      vertex 12.0845 41.8 10.3972
      vertex 12.0832 41.8 10.4
    endloop
  endfacet
  facet normal -0.907009 0 -0.421111
    outer loop
      vertex 12.0845 54.2 10.3972
      vertex 12.0832 52.5503 10.4
      vertex 12.0832 54.2 10.4
    endloop
  endfacet
  facet normal -0.907009 0 -0.421111
    outer loop
      vertex 12.0832 52.5503 10.4
      vertex 12.0845 54.2 10.3972
      vertex 12.0845 52.5466 10.3972
    endloop
  endfacet
  facet normal -0.989185 0 0.146672
    outer loop
      vertex 12.6194 41.8 4.96615
      vertex 12.7547 54.2 5.87864
      vertex 12.6194 54.2 4.96615
    endloop
  endfacet
  facet normal -0.989185 0 0.146672
    outer loop
      vertex 12.7547 54.2 5.87864
      vertex 12.6194 41.8 4.96615
      vertex 12.7547 41.8 5.87864
    endloop
  endfacet
  facet normal -0.998794 0 0.0491071
    outer loop
      vertex 12.7547 41.8 5.87864
      vertex 12.8 54.2 6.8
      vertex 12.7547 54.2 5.87864
    endloop
  endfacet
  facet normal -0.998794 0 0.0491071
    outer loop
      vertex 12.8 54.2 6.8
      vertex 12.7547 41.8 5.87864
      vertex 12.8 41.8 6.8
    endloop
  endfacet
  facet normal -0.941568 0 0.336824
    outer loop
      vertex 12.3952 41.8 4.07132
      vertex 12.0845 49.2534 3.20278
      vertex 12.0845 41.8 3.20278
    endloop
  endfacet
  facet normal -0.941595 -9.93877e-06 0.336748
    outer loop
      vertex 12.0845 49.2534 3.20278
      vertex 12.3952 41.8 4.07132
      vertex 12.2062 49.5937 3.54308
    endloop
  endfacet
  facet normal -0.941547 3.4598e-07 0.336883
    outer loop
      vertex 12.2062 49.5937 3.54308
      vertex 12.3952 41.8 4.07132
      vertex 12.3135 50.0221 3.84297
    endloop
  endfacet
  facet normal -0.941542 7.17076e-07 0.336895
    outer loop
      vertex 12.3135 50.0221 3.84297
      vertex 12.3952 41.8 4.07132
      vertex 12.3783 50.4589 4.02407
    endloop
  endfacet
  facet normal -0.941584 0 0.336778
    outer loop
      vertex 12.3783 50.4589 4.02407
      vertex 12.3952 41.8 4.07132
      vertex 12.3952 50.8031 4.07132
    endloop
  endfacet
  facet normal -0.941568 0 0.336824
    outer loop
      vertex 12.0845 52.5466 3.20278
      vertex 12.3952 54.2 4.07132
      vertex 12.0845 54.2 3.20278
    endloop
  endfacet
  facet normal -0.941587 3.27959e-05 0.336769
    outer loop
      vertex 12.2062 52.2063 3.54308
      vertex 12.3952 54.2 4.07132
      vertex 12.0845 52.5466 3.20278
    endloop
  endfacet
  facet normal -0.941547 -1.07613e-06 0.336882
    outer loop
      vertex 12.3135 51.7779 3.84297
      vertex 12.3952 54.2 4.07132
      vertex 12.2062 52.2063 3.54308
    endloop
  endfacet
  facet normal -0.941543 -2.11608e-06 0.336892
    outer loop
      vertex 12.3783 51.3411 4.02407
      vertex 12.3952 54.2 4.07132
      vertex 12.3135 51.7779 3.84297
    endloop
  endfacet
  facet normal -0.941584 0 0.336778
    outer loop
      vertex 12.3952 54.2 4.07132
      vertex 12.3783 51.3411 4.02407
      vertex 12.3952 50.9969 4.07132
    endloop
  endfacet
  facet normal -0.998794 0 -0.0491071
    outer loop
      vertex 12.8 41.8 6.8
      vertex 12.7547 54.2 7.72136
      vertex 12.8 54.2 6.8
    endloop
  endfacet
  facet normal -0.998794 -0 -0.0491071
    outer loop
      vertex 12.7547 54.2 7.72136
      vertex 12.8 41.8 6.8
      vertex 12.7547 41.8 7.72136
    endloop
  endfacet
  facet normal -0.941584 0 -0.336778
    outer loop
      vertex 12.3952 41.8 9.52868
      vertex 12.3783 50.4589 9.57593
      vertex 12.3952 50.8031 9.52868
    endloop
  endfacet
  facet normal -0.941542 7.17076e-07 -0.336895
    outer loop
      vertex 12.3952 41.8 9.52868
      vertex 12.3135 50.0221 9.75703
      vertex 12.3783 50.4589 9.57593
    endloop
  endfacet
  facet normal -0.94154 9.46173e-07 -0.336902
    outer loop
      vertex 12.3952 41.8 9.52868
      vertex 12.2062 49.5937 10.0569
      vertex 12.3135 50.0221 9.75703
    endloop
  endfacet
  facet normal -0.941594 -1.07481e-05 -0.336749
    outer loop
      vertex 12.3952 41.8 9.52868
      vertex 12.0845 49.2534 10.3972
      vertex 12.2062 49.5937 10.0569
    endloop
  endfacet
  facet normal -0.941565 -0 -0.336831
    outer loop
      vertex 12.0845 49.2534 10.3972
      vertex 12.3952 41.8 9.52868
      vertex 12.0845 41.8 10.3972
    endloop
  endfacet
  facet normal -0.941565 0 -0.336831
    outer loop
      vertex 12.3952 54.2 9.52868
      vertex 12.0845 52.5466 10.3972
      vertex 12.0845 54.2 10.3972
    endloop
  endfacet
  facet normal -0.941587 3.54666e-05 -0.336771
    outer loop
      vertex 12.3952 54.2 9.52868
      vertex 12.2062 52.2063 10.0569
      vertex 12.0845 52.5466 10.3972
    endloop
  endfacet
  facet normal -0.941541 -2.94296e-06 -0.336899
    outer loop
      vertex 12.3952 54.2 9.52868
      vertex 12.3135 51.7779 9.75703
      vertex 12.2062 52.2063 10.0569
    endloop
  endfacet
  facet normal -0.941543 -2.11608e-06 -0.336892
    outer loop
      vertex 12.3952 54.2 9.52868
      vertex 12.3783 51.3411 9.57593
      vertex 12.3135 51.7779 9.75703
    endloop
  endfacet
  facet normal -0.941584 0 -0.336778
    outer loop
      vertex 12.3783 51.3411 9.57593
      vertex 12.3952 54.2 9.52868
      vertex 12.3952 50.9969 9.52868
    endloop
  endfacet
  facet normal -0.989185 0 -0.146672
    outer loop
      vertex 12.7547 41.8 7.72136
      vertex 12.6194 54.2 8.63385
      vertex 12.7547 54.2 7.72136
    endloop
  endfacet
  facet normal -0.989185 -0 -0.146672
    outer loop
      vertex 12.6194 54.2 8.63385
      vertex 12.7547 41.8 7.72136
      vertex 12.6194 41.8 8.63385
    endloop
  endfacet
  facet normal -0.903983 0 0.427567
    outer loop
      vertex 12.0845 41.8 3.20278
      vertex 11.7048 48.5053 2.4
      vertex 11.7048 41.8 2.4
    endloop
  endfacet
  facet normal -0.904047 -1.97329e-05 0.427433
    outer loop
      vertex 11.7048 48.5053 2.4
      vertex 12.0845 41.8 3.20278
      vertex 11.8686 48.7787 2.74646
    endloop
  endfacet
  facet normal -0.903914 2.86541e-06 0.427715
    outer loop
      vertex 11.8686 48.7787 2.74646
      vertex 12.0845 41.8 3.20278
      vertex 12.0575 49.1779 3.14567
    endloop
  endfacet
  facet normal -0.904057 0 0.427413
    outer loop
      vertex 12.0575 49.1779 3.14567
      vertex 12.0845 41.8 3.20278
      vertex 12.0845 49.2534 3.20278
    endloop
  endfacet
  facet normal -0.903983 0 0.427567
    outer loop
      vertex 11.7048 53.2947 2.4
      vertex 12.0845 54.2 3.20278
      vertex 11.7048 54.2 2.4
    endloop
  endfacet
  facet normal -0.904024 9.41075e-05 0.427481
    outer loop
      vertex 11.8686 53.0213 2.74646
      vertex 12.0845 54.2 3.20278
      vertex 11.7048 53.2947 2.4
    endloop
  endfacet
  facet normal -0.903918 -1.30302e-05 0.427707
    outer loop
      vertex 12.0575 52.6221 3.14567
      vertex 12.0845 54.2 3.20278
      vertex 11.8686 53.0213 2.74646
    endloop
  endfacet
  facet normal -0.904057 0 0.427413
    outer loop
      vertex 12.0845 54.2 3.20278
      vertex 12.0575 52.6221 3.14567
      vertex 12.0845 52.5466 3.20278
    endloop
  endfacet
  facet normal -0.970017 0 -0.243038
    outer loop
      vertex 12.6194 54.2 8.63385
      vertex 12.3952 50.9969 9.52868
      vertex 12.3952 54.2 9.52868
    endloop
  endfacet
  facet normal -0.969833 -0.000217766 -0.243771
    outer loop
      vertex 12.6194 54.2 8.63385
      vertex 12.4 50.9 9.50967
      vertex 12.3952 50.9969 9.52868
    endloop
  endfacet
  facet normal -0.970026 0 -0.242999
    outer loop
      vertex 12.6194 41.8 8.63385
      vertex 12.4 50.9 9.50967
      vertex 12.6194 54.2 8.63385
    endloop
  endfacet
  facet normal -0.96972 0.000124636 -0.244218
    outer loop
      vertex 12.4 50.9 9.50967
      vertex 12.6194 41.8 8.63385
      vertex 12.3952 50.8031 9.52868
    endloop
  endfacet
  facet normal -0.970017 -0 -0.243038
    outer loop
      vertex 12.3952 50.8031 9.52868
      vertex 12.6194 41.8 8.63385
      vertex 12.3952 41.8 9.52868
    endloop
  endfacet
  facet normal -0.970017 0 0.243038
    outer loop
      vertex 12.3952 50.9969 4.07132
      vertex 12.6194 54.2 4.96615
      vertex 12.3952 54.2 4.07132
    endloop
  endfacet
  facet normal -0.969833 -0.000217766 0.243771
    outer loop
      vertex 12.4 50.9 4.09033
      vertex 12.6194 54.2 4.96615
      vertex 12.3952 50.9969 4.07132
    endloop
  endfacet
  facet normal -0.96972 0.000124636 0.244218
    outer loop
      vertex 12.6194 41.8 4.96615
      vertex 12.4 50.9 4.09033
      vertex 12.3952 50.8031 4.07132
    endloop
  endfacet
  facet normal -0.970017 0 0.243038
    outer loop
      vertex 12.6194 41.8 4.96615
      vertex 12.3952 50.8031 4.07132
      vertex 12.3952 41.8 4.07132
    endloop
  endfacet
  facet normal -0.970026 0 0.242999
    outer loop
      vertex 12.4 50.9 4.09033
      vertex 12.6194 41.8 4.96615
      vertex 12.6194 54.2 4.96615
    endloop
  endfacet
  facet normal 0 1 0
    outer loop
      vertex 12.0832 41.8 10.4
      vertex 12.0845 41.8 10.3972
      vertex 4.4 41.8 10.4
    endloop
  endfacet
  facet normal 0 1 -0
    outer loop
      vertex 4.4 41.8 10.4
      vertex 2.4 41.8 14.4
      vertex 4.4 41.8 14.4
    endloop
  endfacet
  facet normal 0 1 0
    outer loop
      vertex 12.3952 41.8 9.52868
      vertex 4.4 41.8 10.4
      vertex 12.0845 41.8 10.3972
    endloop
  endfacet
  facet normal 0 1 0
    outer loop
      vertex 12.6194 41.8 8.63385
      vertex 4.4 41.8 10.4
      vertex 12.3952 41.8 9.52868
    endloop
  endfacet
  facet normal 0 1 0
    outer loop
      vertex 12.7547 41.8 7.72136
      vertex 4.4 41.8 10.4
      vertex 12.6194 41.8 8.63385
    endloop
  endfacet
  facet normal 0 1 0
    outer loop
      vertex 12.8 41.8 6.8
      vertex 4.4 41.8 10.4
      vertex 12.7547 41.8 7.72136
    endloop
  endfacet
  facet normal 0 1 -0
    outer loop
      vertex 12.7547 41.8 5.87864
      vertex 4.4 41.8 10.4
      vertex 12.8 41.8 6.8
    endloop
  endfacet
  facet normal 0 1 -0
    outer loop
      vertex 12.6194 41.8 4.96615
      vertex 4.4 41.8 10.4
      vertex 12.7547 41.8 5.87864
    endloop
  endfacet
  facet normal 0 1 -0
    outer loop
      vertex 12.3952 41.8 4.07132
      vertex 4.4 41.8 10.4
      vertex 12.6194 41.8 4.96615
    endloop
  endfacet
  facet normal 0 1 -0
    outer loop
      vertex 12.0845 41.8 3.20278
      vertex 4.4 41.8 10.4
      vertex 12.3952 41.8 4.07132
    endloop
  endfacet
  facet normal 0 1 0
    outer loop
      vertex 2.4 41.8 2.4
      vertex 12.0845 41.8 3.20278
      vertex 11.7048 41.8 2.4
    endloop
  endfacet
  facet normal 0 1 0
    outer loop
      vertex 4.4 41.8 10.4
      vertex 2.4 41.8 2.4
      vertex 2.4 41.8 14.4
    endloop
  endfacet
  facet normal 0 1 0
    outer loop
      vertex 12.0845 41.8 3.20278
      vertex 2.4 41.8 2.4
      vertex 4.4 41.8 10.4
    endloop
  endfacet
  facet normal 0 1 0
    outer loop
      vertex 18.4 54.2 10.4
      vertex 17.9155 54.2 10.075
      vertex 17.6662 54.2 10.4
    endloop
  endfacet
  facet normal 0 1 0
    outer loop
      vertex 18.4 54.2 10.4
      vertex 18.0904 54.2 9.65293
      vertex 17.9155 54.2 10.075
    endloop
  endfacet
  facet normal 0 1 0
    outer loop
      vertex 18.4 54.2 10.4
      vertex 18.15 54.2 9.2
      vertex 18.0904 54.2 9.65293
    endloop
  endfacet
  facet normal 0 1 0
    outer loop
      vertex 18.4 54.2 10.4
      vertex 18.0904 54.2 8.74707
      vertex 18.15 54.2 9.2
    endloop
  endfacet
  facet normal 0 1 0
    outer loop
      vertex 16.8529 54.2 7.50963
      vertex 18.4 54.2 2.4
      vertex 16.4 54.2 7.45
    endloop
  endfacet
  facet normal 0 1 0
    outer loop
      vertex 17.275 54.2 7.68446
      vertex 18.4 54.2 2.4
      vertex 16.8529 54.2 7.50963
    endloop
  endfacet
  facet normal 0 1 0
    outer loop
      vertex 17.6374 54.2 7.96256
      vertex 18.4 54.2 2.4
      vertex 17.275 54.2 7.68446
    endloop
  endfacet
  facet normal 0 1 0
    outer loop
      vertex 17.9155 54.2 8.325
      vertex 18.4 54.2 2.4
      vertex 17.6374 54.2 7.96256
    endloop
  endfacet
  facet normal 0 1 0
    outer loop
      vertex 18.0904 54.2 8.74707
      vertex 18.4 54.2 2.4
      vertex 17.9155 54.2 8.325
    endloop
  endfacet
  facet normal 0 1 -0
    outer loop
      vertex 18.4 54.2 2.4
      vertex 18.0904 54.2 8.74707
      vertex 18.4 54.2 10.4
    endloop
  endfacet
  facet normal 0 1 -0
    outer loop
      vertex 14.8845 54.2 10.075
      vertex 14.4 54.2 10.4
      vertex 15.1338 54.2 10.4
    endloop
  endfacet
  facet normal 0 1 -0
    outer loop
      vertex 14.7096 54.2 9.65293
      vertex 14.4 54.2 10.4
      vertex 14.8845 54.2 10.075
    endloop
  endfacet
  facet normal 0 1 -0
    outer loop
      vertex 14.65 54.2 9.2
      vertex 14.4 54.2 10.4
      vertex 14.7096 54.2 9.65293
    endloop
  endfacet
  facet normal 0 1 0
    outer loop
      vertex 14.7096 54.2 8.74707
      vertex 14.4 54.2 10.4
      vertex 14.65 54.2 9.2
    endloop
  endfacet
  facet normal 0 1 0
    outer loop
      vertex 14.4 54.2 2.4
      vertex 16.4 54.2 7.45
      vertex 18.4 54.2 2.4
    endloop
  endfacet
  facet normal 0 1 0
    outer loop
      vertex 16.4 54.2 7.45
      vertex 14.4 54.2 2.4
      vertex 15.9471 54.2 7.50963
    endloop
  endfacet
  facet normal 0 1 0
    outer loop
      vertex 15.9471 54.2 7.50963
      vertex 14.4 54.2 2.4
      vertex 15.525 54.2 7.68446
    endloop
  endfacet
  facet normal 0 1 0
    outer loop
      vertex 15.525 54.2 7.68446
      vertex 14.4 54.2 2.4
      vertex 15.1626 54.2 7.96256
    endloop
  endfacet
  facet normal 0 1 0
    outer loop
      vertex 14.7096 54.2 8.74707
      vertex 14.4 54.2 2.4
      vertex 14.4 54.2 10.4
    endloop
  endfacet
  facet normal 0 1 0
    outer loop
      vertex 14.8845 54.2 8.325
      vertex 14.4 54.2 2.4
      vertex 14.7096 54.2 8.74707
    endloop
  endfacet
  facet normal 0 1 0
    outer loop
      vertex 15.1626 54.2 7.96256
      vertex 14.4 54.2 2.4
      vertex 14.8845 54.2 8.325
    endloop
  endfacet
  facet normal 0 1 0
    outer loop
      vertex 62.4 54.2 10.4
      vertex 61.9155 54.2 10.075
      vertex 61.6662 54.2 10.4
    endloop
  endfacet
  facet normal 0 1 0
    outer loop
      vertex 62.4 54.2 10.4
      vertex 62.0904 54.2 9.65293
      vertex 61.9155 54.2 10.075
    endloop
  endfacet
  facet normal 0 1 0
    outer loop
      vertex 62.4 54.2 10.4
      vertex 62.15 54.2 9.2
      vertex 62.0904 54.2 9.65293
    endloop
  endfacet
  facet normal 0 1 0
    outer loop
      vertex 62.4 54.2 10.4
      vertex 62.0904 54.2 8.74707
      vertex 62.15 54.2 9.2
    endloop
  endfacet
  facet normal 0 1 0
    outer loop
      vertex 60.8529 54.2 7.50963
      vertex 62.4 54.2 2.4
      vertex 60.4 54.2 7.45
    endloop
  endfacet
  facet normal 0 1 0
    outer loop
      vertex 61.275 54.2 7.68446
      vertex 62.4 54.2 2.4
      vertex 60.8529 54.2 7.50963
    endloop
  endfacet
  facet normal 0 1 0
    outer loop
      vertex 61.6374 54.2 7.96256
      vertex 62.4 54.2 2.4
      vertex 61.275 54.2 7.68446
    endloop
  endfacet
  facet normal 0 1 0
    outer loop
      vertex 61.9155 54.2 8.325
      vertex 62.4 54.2 2.4
      vertex 61.6374 54.2 7.96256
    endloop
  endfacet
  facet normal 0 1 0
    outer loop
      vertex 62.0904 54.2 8.74707
      vertex 62.4 54.2 2.4
      vertex 61.9155 54.2 8.325
    endloop
  endfacet
  facet normal 0 1 -0
    outer loop
      vertex 62.4 54.2 2.4
      vertex 62.0904 54.2 8.74707
      vertex 62.4 54.2 10.4
    endloop
  endfacet
  facet normal 0 1 -0
    outer loop
      vertex 58.8845 54.2 10.075
      vertex 58.4 54.2 10.4
      vertex 59.1338 54.2 10.4
    endloop
  endfacet
  facet normal 0 1 -0
    outer loop
      vertex 58.7096 54.2 9.65293
      vertex 58.4 54.2 10.4
      vertex 58.8845 54.2 10.075
    endloop
  endfacet
  facet normal 0 1 -0
    outer loop
      vertex 58.65 54.2 9.2
      vertex 58.4 54.2 10.4
      vertex 58.7096 54.2 9.65293
    endloop
  endfacet
  facet normal 0 1 0
    outer loop
      vertex 58.7096 54.2 8.74707
      vertex 58.4 54.2 10.4
      vertex 58.65 54.2 9.2
    endloop
  endfacet
  facet normal 0 1 0
    outer loop
      vertex 58.4 54.2 2.4
      vertex 60.4 54.2 7.45
      vertex 62.4 54.2 2.4
    endloop
  endfacet
  facet normal 0 1 0
    outer loop
      vertex 60.4 54.2 7.45
      vertex 58.4 54.2 2.4
      vertex 59.9471 54.2 7.50963
    endloop
  endfacet
  facet normal 0 1 0
    outer loop
      vertex 59.9471 54.2 7.50963
      vertex 58.4 54.2 2.4
      vertex 59.525 54.2 7.68446
    endloop
  endfacet
  facet normal 0 1 0
    outer loop
      vertex 59.525 54.2 7.68446
      vertex 58.4 54.2 2.4
      vertex 59.1626 54.2 7.96256
    endloop
  endfacet
  facet normal 0 1 0
    outer loop
      vertex 58.7096 54.2 8.74707
      vertex 58.4 54.2 2.4
      vertex 58.4 54.2 10.4
    endloop
  endfacet
  facet normal 0 1 0
    outer loop
      vertex 58.8845 54.2 8.325
      vertex 58.4 54.2 2.4
      vertex 58.7096 54.2 8.74707
    endloop
  endfacet
  facet normal 0 1 0
    outer loop
      vertex 59.1626 54.2 7.96256
      vertex 58.4 54.2 2.4
      vertex 58.8845 54.2 8.325
    endloop
  endfacet
  facet normal 0.514153 0.857698 -0
    outer loop
      vertex 9.84449 12.3101 10.4
      vertex 9.54989 12.4867 26.4
      vertex 9.84449 12.3101 26.4
    endloop
  endfacet
  facet normal 0.514153 0.857698 0
    outer loop
      vertex 9.54989 12.4867 26.4
      vertex 9.84449 12.3101 10.4
      vertex 9.54989 12.4867 10.4
    endloop
  endfacet
  facet normal -0.242823 0.970071 0
    outer loop
      vertex 7.21718 12.8327 10.4
      vertex 6.884 12.7493 26.4
      vertex 7.21718 12.8327 26.4
    endloop
  endfacet
  facet normal -0.242823 0.970071 0
    outer loop
      vertex 6.884 12.7493 26.4
      vertex 7.21718 12.8327 10.4
      vertex 6.884 12.7493 10.4
    endloop
  endfacet
  facet normal 0.741046 0.671454 0
    outer loop
      vertex 10.6055 11.6204 26.4
      vertex 10.3749 11.8749 10.4
      vertex 10.3749 11.8749 26.4
    endloop
  endfacet
  facet normal 0.741046 0.671454 0
    outer loop
      vertex 10.3749 11.8749 10.4
      vertex 10.6055 11.6204 26.4
      vertex 10.6055 11.6204 10.4
    endloop
  endfacet
  facet normal 0.857279 0.514853 0
    outer loop
      vertex 10.8313 11.3092 26.4
      vertex 10.8101 11.3445 10.4
      vertex 10.8101 11.3445 26.4
    endloop
  endfacet
  facet normal 0.857279 0.514853 0
    outer loop
      vertex 10.8101 11.3445 10.4
      vertex 10.8313 11.3092 26.4
      vertex 10.8313 11.3092 10.4
    endloop
  endfacet
  facet normal 0.671454 0.741046 -0
    outer loop
      vertex 10.3749 11.8749 10.4
      vertex 10.1204 12.1055 26.4
      vertex 10.3749 11.8749 26.4
    endloop
  endfacet
  facet normal 0.671454 0.741046 0
    outer loop
      vertex 10.1204 12.1055 26.4
      vertex 10.3749 11.8749 10.4
      vertex 10.1204 12.1055 10.4
    endloop
  endfacet
  facet normal -0.0492029 0.998789 0
    outer loop
      vertex 7.9 12.9 10.4
      vertex 7.55694 12.8831 26.4
      vertex 7.9 12.9 26.4
    endloop
  endfacet
  facet normal -0.0492029 0.998789 0
    outer loop
      vertex 7.55694 12.8831 26.4
      vertex 7.9 12.9 10.4
      vertex 7.55694 12.8831 10.4
    endloop
  endfacet
  facet normal 0.595645 0.803248 -0
    outer loop
      vertex 10.1204 12.1055 10.4
      vertex 9.84449 12.3101 26.4
      vertex 10.1204 12.1055 26.4
    endloop
  endfacet
  facet normal 0.595645 0.803248 0
    outer loop
      vertex 9.84449 12.3101 26.4
      vertex 10.1204 12.1055 10.4
      vertex 9.84449 12.3101 10.4
    endloop
  endfacet
  facet normal 0.803237 0.595659 0
    outer loop
      vertex 10.8101 11.3445 26.4
      vertex 10.6055 11.6204 10.4
      vertex 10.6055 11.6204 26.4
    endloop
  endfacet
  facet normal 0.803237 0.595659 0
    outer loop
      vertex 10.6055 11.6204 10.4
      vertex 10.8101 11.3445 26.4
      vertex 10.8101 11.3445 10.4
    endloop
  endfacet
  facet normal -0.671469 0.741033 0
    outer loop
      vertex 5.67962 12.1055 10.4
      vertex 5.42513 11.8749 26.4
      vertex 5.67962 12.1055 26.4
    endloop
  endfacet
  facet normal -0.671469 0.741033 0
    outer loop
      vertex 5.42513 11.8749 26.4
      vertex 5.67962 12.1055 10.4
      vertex 5.42513 11.8749 10.4
    endloop
  endfacet
  facet normal 0.146734 0.989176 -0
    outer loop
      vertex 8.58282 12.8327 10.4
      vertex 8.24306 12.8831 26.4
      vertex 8.58282 12.8327 26.4
    endloop
  endfacet
  facet normal 0.146734 0.989176 0
    outer loop
      vertex 8.24306 12.8831 26.4
      vertex 8.58282 12.8327 10.4
      vertex 8.24306 12.8831 10.4
    endloop
  endfacet
  facet normal 0.427661 0.903939 -0
    outer loop
      vertex 9.54989 12.4867 10.4
      vertex 9.23939 12.6336 26.4
      vertex 9.54989 12.4867 26.4
    endloop
  endfacet
  facet normal 0.427661 0.903939 0
    outer loop
      vertex 9.23939 12.6336 26.4
      vertex 9.54989 12.4867 10.4
      vertex 9.23939 12.6336 10.4
    endloop
  endfacet
  facet normal -0.740944 0.671566 0
    outer loop
      vertex 5.19446 11.6204 10.4
      vertex 5.42513 11.8749 26.4
      vertex 5.42513 11.8749 10.4
    endloop
  endfacet
  facet normal -0.740944 0.671566 0
    outer loop
      vertex 5.42513 11.8749 26.4
      vertex 5.19446 11.6204 10.4
      vertex 5.19446 11.6204 26.4
    endloop
  endfacet
  facet normal -0.857493 0.514496 0
    outer loop
      vertex 4.96868 11.3092 10.4
      vertex 4.98986 11.3445 26.4
      vertex 4.98986 11.3445 10.4
    endloop
  endfacet
  facet normal -0.857493 0.514496 0
    outer loop
      vertex 4.98986 11.3445 26.4
      vertex 4.96868 11.3092 10.4
      vertex 4.96868 11.3092 26.4
    endloop
  endfacet
  facet normal -0.51414 0.857706 0
    outer loop
      vertex 6.25011 12.4867 10.4
      vertex 5.9555 12.3101 26.4
      vertex 6.25011 12.4867 26.4
    endloop
  endfacet
  facet normal -0.51414 0.857706 0
    outer loop
      vertex 5.9555 12.3101 26.4
      vertex 6.25011 12.4867 10.4
      vertex 5.9555 12.3101 10.4
    endloop
  endfacet
  facet normal 0.336862 0.941554 -0
    outer loop
      vertex 9.23939 12.6336 10.4
      vertex 8.916 12.7493 26.4
      vertex 9.23939 12.6336 26.4
    endloop
  endfacet
  facet normal 0.336862 0.941554 0
    outer loop
      vertex 8.916 12.7493 26.4
      vertex 9.23939 12.6336 10.4
      vertex 8.916 12.7493 10.4
    endloop
  endfacet
  facet normal 0.242823 0.970071 -0
    outer loop
      vertex 8.916 12.7493 10.4
      vertex 8.58282 12.8327 26.4
      vertex 8.916 12.7493 26.4
    endloop
  endfacet
  facet normal 0.242823 0.970071 0
    outer loop
      vertex 8.58282 12.8327 26.4
      vertex 8.916 12.7493 10.4
      vertex 8.58282 12.8327 10.4
    endloop
  endfacet
  facet normal -0.427661 0.903939 0
    outer loop
      vertex 6.56061 12.6336 10.4
      vertex 6.25011 12.4867 26.4
      vertex 6.56061 12.6336 26.4
    endloop
  endfacet
  facet normal -0.427661 0.903939 0
    outer loop
      vertex 6.25011 12.4867 26.4
      vertex 6.56061 12.6336 10.4
      vertex 6.25011 12.4867 10.4
    endloop
  endfacet
  facet normal -0.595687 0.803217 0
    outer loop
      vertex 5.9555 12.3101 10.4
      vertex 5.67962 12.1055 26.4
      vertex 5.9555 12.3101 26.4
    endloop
  endfacet
  facet normal -0.595687 0.803217 0
    outer loop
      vertex 5.67962 12.1055 26.4
      vertex 5.9555 12.3101 10.4
      vertex 5.67962 12.1055 10.4
    endloop
  endfacet
  facet normal -0.146734 0.989176 0
    outer loop
      vertex 7.55694 12.8831 10.4
      vertex 7.21718 12.8327 26.4
      vertex 7.55694 12.8831 26.4
    endloop
  endfacet
  facet normal -0.146734 0.989176 0
    outer loop
      vertex 7.21718 12.8327 26.4
      vertex 7.55694 12.8831 10.4
      vertex 7.21718 12.8327 10.4
    endloop
  endfacet
  facet normal -0.336862 0.941554 0
    outer loop
      vertex 6.884 12.7493 10.4
      vertex 6.56061 12.6336 26.4
      vertex 6.884 12.7493 26.4
    endloop
  endfacet
  facet normal -0.336862 0.941554 0
    outer loop
      vertex 6.56061 12.6336 26.4
      vertex 6.884 12.7493 10.4
      vertex 6.56061 12.6336 10.4
    endloop
  endfacet
  facet normal -0.803237 0.595659 0
    outer loop
      vertex 4.98986 11.3445 10.4
      vertex 5.19446 11.6204 26.4
      vertex 5.19446 11.6204 10.4
    endloop
  endfacet
  facet normal -0.803237 0.595659 0
    outer loop
      vertex 5.19446 11.6204 26.4
      vertex 4.98986 11.3445 10.4
      vertex 4.98986 11.3445 26.4
    endloop
  endfacet
  facet normal 0.0492029 0.998789 -0
    outer loop
      vertex 8.24306 12.8831 10.4
      vertex 7.9 12.9 26.4
      vertex 8.24306 12.8831 26.4
    endloop
  endfacet
  facet normal 0.0492029 0.998789 0
    outer loop
      vertex 7.9 12.9 26.4
      vertex 8.24306 12.8831 10.4
      vertex 7.9 12.9 10.4
    endloop
  endfacet
  facet normal 0 0 1
    outer loop
      vertex 10.8101 11.3445 26.4
      vertex 10.7548 11.3785 26.4
      vertex 10.8313 11.3092 26.4
    endloop
  endfacet
  facet normal 0 0 1
    outer loop
      vertex 10.6055 11.6204 26.4
      vertex 10.7548 11.3785 26.4
      vertex 10.8101 11.3445 26.4
    endloop
  endfacet
  facet normal 0 0 1
    outer loop
      vertex 10.6055 11.6204 26.4
      vertex 10.4001 11.6416 26.4
      vertex 10.7548 11.3785 26.4
    endloop
  endfacet
  facet normal 0 0 1
    outer loop
      vertex 10.3749 11.8749 26.4
      vertex 10.4001 11.6416 26.4
      vertex 10.6055 11.6204 26.4
    endloop
  endfacet
  facet normal 0 0 1
    outer loop
      vertex 10.0213 11.8686 26.4
      vertex 10.3749 11.8749 26.4
      vertex 10.1204 12.1055 26.4
    endloop
  endfacet
  facet normal 0 0 1
    outer loop
      vertex 10.3749 11.8749 26.4
      vertex 10.0213 11.8686 26.4
      vertex 10.4001 11.6416 26.4
    endloop
  endfacet
  facet normal 0 0 1
    outer loop
      vertex 9.84449 12.3101 26.4
      vertex 10.0213 11.8686 26.4
      vertex 10.1204 12.1055 26.4
    endloop
  endfacet
  facet normal 0 0 1
    outer loop
      vertex 9.84449 12.3101 26.4
      vertex 9.62207 12.0575 26.4
      vertex 10.0213 11.8686 26.4
    endloop
  endfacet
  facet normal 0 0 1
    outer loop
      vertex 9.54989 12.4867 26.4
      vertex 9.62207 12.0575 26.4
      vertex 9.84449 12.3101 26.4
    endloop
  endfacet
  facet normal 0 0 1
    outer loop
      vertex 9.20628 12.2062 26.4
      vertex 9.54989 12.4867 26.4
      vertex 9.23939 12.6336 26.4
    endloop
  endfacet
  facet normal 0 0 1
    outer loop
      vertex 9.54989 12.4867 26.4
      vertex 9.20628 12.2062 26.4
      vertex 9.62207 12.0575 26.4
    endloop
  endfacet
  facet normal 0 0 1
    outer loop
      vertex 8.77791 12.3135 26.4
      vertex 9.23939 12.6336 26.4
      vertex 8.916 12.7493 26.4
    endloop
  endfacet
  facet normal 0 0 1
    outer loop
      vertex 9.23939 12.6336 26.4
      vertex 8.77791 12.3135 26.4
      vertex 9.20628 12.2062 26.4
    endloop
  endfacet
  facet normal 0 0 1
    outer loop
      vertex 8.58282 12.8327 26.4
      vertex 8.77791 12.3135 26.4
      vertex 8.916 12.7493 26.4
    endloop
  endfacet
  facet normal 0 0 1
    outer loop
      vertex 8.58282 12.8327 26.4
      vertex 8.34108 12.3783 26.4
      vertex 8.77791 12.3135 26.4
    endloop
  endfacet
  facet normal 0 0 1
    outer loop
      vertex 8.24306 12.8831 26.4
      vertex 8.34108 12.3783 26.4
      vertex 8.58282 12.8327 26.4
    endloop
  endfacet
  facet normal 0 0 1
    outer loop
      vertex 7.9 12.4 26.4
      vertex 8.24306 12.8831 26.4
      vertex 7.9 12.9 26.4
    endloop
  endfacet
  facet normal 0 0 1
    outer loop
      vertex 8.24306 12.8831 26.4
      vertex 7.9 12.4 26.4
      vertex 8.34108 12.3783 26.4
    endloop
  endfacet
  facet normal -0 0 1
    outer loop
      vertex 7.55694 12.8831 26.4
      vertex 7.9 12.4 26.4
      vertex 7.9 12.9 26.4
    endloop
  endfacet
  facet normal 0 0 1
    outer loop
      vertex 7.55694 12.8831 26.4
      vertex 7.45892 12.3783 26.4
      vertex 7.9 12.4 26.4
    endloop
  endfacet
  facet normal -0 0 1
    outer loop
      vertex 7.21718 12.8327 26.4
      vertex 7.45892 12.3783 26.4
      vertex 7.55694 12.8831 26.4
    endloop
  endfacet
  facet normal 0 0 1
    outer loop
      vertex 7.21718 12.8327 26.4
      vertex 7.02209 12.3135 26.4
      vertex 7.45892 12.3783 26.4
    endloop
  endfacet
  facet normal -0 0 1
    outer loop
      vertex 6.884 12.7493 26.4
      vertex 7.02209 12.3135 26.4
      vertex 7.21718 12.8327 26.4
    endloop
  endfacet
  facet normal -0 0 1
    outer loop
      vertex 6.56061 12.6336 26.4
      vertex 7.02209 12.3135 26.4
      vertex 6.884 12.7493 26.4
    endloop
  endfacet
  facet normal 0 0 1
    outer loop
      vertex 7.02209 12.3135 26.4
      vertex 6.56061 12.6336 26.4
      vertex 6.59372 12.2062 26.4
    endloop
  endfacet
  facet normal -0 0 1
    outer loop
      vertex 6.25011 12.4867 26.4
      vertex 6.59372 12.2062 26.4
      vertex 6.56061 12.6336 26.4
    endloop
  endfacet
  facet normal 0 0 1
    outer loop
      vertex 6.25011 12.4867 26.4
      vertex 6.17793 12.0575 26.4
      vertex 6.59372 12.2062 26.4
    endloop
  endfacet
  facet normal -0 0 1
    outer loop
      vertex 5.9555 12.3101 26.4
      vertex 6.17793 12.0575 26.4
      vertex 6.25011 12.4867 26.4
    endloop
  endfacet
  facet normal 0 0 1
    outer loop
      vertex 5.9555 12.3101 26.4
      vertex 5.77872 11.8686 26.4
      vertex 6.17793 12.0575 26.4
    endloop
  endfacet
  facet normal -0 0 1
    outer loop
      vertex 5.67962 12.1055 26.4
      vertex 5.77872 11.8686 26.4
      vertex 5.9555 12.3101 26.4
    endloop
  endfacet
  facet normal -0 0 1
    outer loop
      vertex 5.42513 11.8749 26.4
      vertex 5.77872 11.8686 26.4
      vertex 5.67962 12.1055 26.4
    endloop
  endfacet
  facet normal 0 0 1
    outer loop
      vertex 5.42513 11.8749 26.4
      vertex 5.39993 11.6416 26.4
      vertex 5.77872 11.8686 26.4
    endloop
  endfacet
  facet normal 0 0 1
    outer loop
      vertex 5.19446 11.6204 26.4
      vertex 5.39993 11.6416 26.4
      vertex 5.42513 11.8749 26.4
    endloop
  endfacet
  facet normal -0 0 1
    outer loop
      vertex 5.19446 11.6204 26.4
      vertex 5.04523 11.3785 26.4
      vertex 5.39993 11.6416 26.4
    endloop
  endfacet
  facet normal 0 0 1
    outer loop
      vertex 4.98986 11.3445 26.4
      vertex 5.04523 11.3785 26.4
      vertex 5.19446 11.6204 26.4
    endloop
  endfacet
  facet normal 0 0 1
    outer loop
      vertex 5.04523 11.3785 26.4
      vertex 4.98986 11.3445 26.4
      vertex 4.96868 11.3092 26.4
    endloop
  endfacet
  facet normal 0 0 1
    outer loop
      vertex 8.6778 8.23594 26.4
      vertex 9.3 7.9 26.4
      vertex 9.29326 8.03722 26.4
    endloop
  endfacet
  facet normal 0 0 1
    outer loop
      vertex 8.78815 8.31779 26.4
      vertex 9.29326 8.03722 26.4
      vertex 9.2731 8.17313 26.4
    endloop
  endfacet
  facet normal 0 0 1
    outer loop
      vertex 9.3 7.9 26.4
      vertex 8.6778 8.23594 26.4
      vertex 9.29326 7.76278 26.4
    endloop
  endfacet
  facet normal 0 0 1
    outer loop
      vertex 8.88995 8.41005 26.4
      vertex 9.2731 8.17313 26.4
      vertex 9.23972 8.3064 26.4
    endloop
  endfacet
  facet normal 0 0 1
    outer loop
      vertex 9.29326 8.03722 26.4
      vertex 8.78815 8.31779 26.4
      vertex 8.6778 8.23594 26.4
    endloop
  endfacet
  facet normal -0 0 1
    outer loop
      vertex 8.88995 8.41005 26.4
      vertex 9.23972 8.3064 26.4
      vertex 9.19343 8.43576 26.4
    endloop
  endfacet
  facet normal -0 0 1
    outer loop
      vertex 8.55995 8.16531 26.4
      vertex 9.29326 7.76278 26.4
      vertex 8.6778 8.23594 26.4
    endloop
  endfacet
  facet normal -0 0 1
    outer loop
      vertex 8.98221 8.51185 26.4
      vertex 9.19343 8.43576 26.4
      vertex 9.13469 8.55995 26.4
    endloop
  endfacet
  facet normal 0 0 1
    outer loop
      vertex 9.2731 8.17313 26.4
      vertex 8.88995 8.41005 26.4
      vertex 8.78815 8.31779 26.4
    endloop
  endfacet
  facet normal -0 0 1
    outer loop
      vertex 9.06406 8.6222 26.4
      vertex 9.13469 8.55995 26.4
      vertex 9.08072 8.65 26.4
    endloop
  endfacet
  facet normal 0 0 1
    outer loop
      vertex 8.98221 8.51185 26.4
      vertex 9.13469 8.55995 26.4
      vertex 9.06406 8.6222 26.4
    endloop
  endfacet
  facet normal 0 0 1
    outer loop
      vertex 9.19343 8.43576 26.4
      vertex 8.98221 8.51185 26.4
      vertex 8.88995 8.41005 26.4
    endloop
  endfacet
  facet normal 0 0 1
    outer loop
      vertex 9.29326 7.76278 26.4
      vertex 8.55995 8.16531 26.4
      vertex 9.2731 7.62687 26.4
    endloop
  endfacet
  facet normal 0 0 1
    outer loop
      vertex 9.2731 7.62687 26.4
      vertex 8.55995 8.16531 26.4
      vertex 9.23972 7.4936 26.4
    endloop
  endfacet
  facet normal -0 0 1
    outer loop
      vertex 8.43576 8.10657 26.4
      vertex 9.23972 7.4936 26.4
      vertex 8.55995 8.16531 26.4
    endloop
  endfacet
  facet normal 0 0 1
    outer loop
      vertex 9.23972 7.4936 26.4
      vertex 8.43576 8.10657 26.4
      vertex 9.19343 7.36424 26.4
    endloop
  endfacet
  facet normal 0 0 1
    outer loop
      vertex 9.19343 7.36424 26.4
      vertex 8.43576 8.10657 26.4
      vertex 9.13469 7.24005 26.4
    endloop
  endfacet
  facet normal -0 0 1
    outer loop
      vertex 8.3064 8.06028 26.4
      vertex 9.13469 7.24005 26.4
      vertex 8.43576 8.10657 26.4
    endloop
  endfacet
  facet normal 0 0 1
    outer loop
      vertex 9.13469 7.24005 26.4
      vertex 8.3064 8.06028 26.4
      vertex 9.06406 7.1222 26.4
    endloop
  endfacet
  facet normal 0 0 1
    outer loop
      vertex 9.06406 7.1222 26.4
      vertex 8.3064 8.06028 26.4
      vertex 8.98221 7.01185 26.4
    endloop
  endfacet
  facet normal 0 0 1
    outer loop
      vertex 8.98221 7.01185 26.4
      vertex 8.3064 8.06028 26.4
      vertex 8.88995 6.91005 26.4
    endloop
  endfacet
  facet normal -0 0 1
    outer loop
      vertex 8.17313 8.0269 26.4
      vertex 8.88995 6.91005 26.4
      vertex 8.3064 8.06028 26.4
    endloop
  endfacet
  facet normal 0 0 1
    outer loop
      vertex 8.88995 6.91005 26.4
      vertex 8.17313 8.0269 26.4
      vertex 8.78815 6.81779 26.4
    endloop
  endfacet
  facet normal 0 0 1
    outer loop
      vertex 8.78815 6.81779 26.4
      vertex 8.17313 8.0269 26.4
      vertex 8.6778 6.73594 26.4
    endloop
  endfacet
  facet normal 0 0 1
    outer loop
      vertex 8.6778 6.73594 26.4
      vertex 8.17313 8.0269 26.4
      vertex 8.55995 6.66531 26.4
    endloop
  endfacet
  facet normal -0 0 1
    outer loop
      vertex 8.03722 8.00674 26.4
      vertex 8.55995 6.66531 26.4
      vertex 8.17313 8.0269 26.4
    endloop
  endfacet
  facet normal 0 0 1
    outer loop
      vertex 8.55995 6.66531 26.4
      vertex 8.03722 8.00674 26.4
      vertex 8.43576 6.60657 26.4
    endloop
  endfacet
  facet normal 0 0 1
    outer loop
      vertex 8.43576 6.60657 26.4
      vertex 8.03722 8.00674 26.4
      vertex 8.3064 6.56028 26.4
    endloop
  endfacet
  facet normal 0 0 1
    outer loop
      vertex 8.3064 6.56028 26.4
      vertex 8.03722 8.00674 26.4
      vertex 8.17313 6.5269 26.4
    endloop
  endfacet
  facet normal -0 0 1
    outer loop
      vertex 7.9 8 26.4
      vertex 8.17313 6.5269 26.4
      vertex 8.03722 8.00674 26.4
    endloop
  endfacet
  facet normal 0 0 1
    outer loop
      vertex 8.17313 6.5269 26.4
      vertex 7.9 8 26.4
      vertex 8.03722 6.50674 26.4
    endloop
  endfacet
  facet normal 0 0 1
    outer loop
      vertex 7.9 8 26.4
      vertex 7.9 6.5 26.4
      vertex 8.03722 6.50674 26.4
    endloop
  endfacet
  facet normal 0 0 1
    outer loop
      vertex 7.62687 6.5269 26.4
      vertex 7.9 8 26.4
      vertex 7.76278 8.00674 26.4
    endloop
  endfacet
  facet normal 0 0 1
    outer loop
      vertex 7.9 8 26.4
      vertex 7.76278 6.50674 26.4
      vertex 7.9 6.5 26.4
    endloop
  endfacet
  facet normal 0 0 1
    outer loop
      vertex 7.24005 6.66531 26.4
      vertex 7.76278 8.00674 26.4
      vertex 7.62687 8.0269 26.4
    endloop
  endfacet
  facet normal 0 0 1
    outer loop
      vertex 7.9 8 26.4
      vertex 7.62687 6.5269 26.4
      vertex 7.76278 6.50674 26.4
    endloop
  endfacet
  facet normal 0 0 1
    outer loop
      vertex 6.91005 6.91005 26.4
      vertex 7.62687 8.0269 26.4
      vertex 7.4936 8.06028 26.4
    endloop
  endfacet
  facet normal 0 0 1
    outer loop
      vertex 7.76278 8.00674 26.4
      vertex 7.4936 6.56028 26.4
      vertex 7.62687 6.5269 26.4
    endloop
  endfacet
  facet normal 0 0 1
    outer loop
      vertex 6.66531 7.24005 26.4
      vertex 7.4936 8.06028 26.4
      vertex 7.36424 8.10657 26.4
    endloop
  endfacet
  facet normal 0 0 1
    outer loop
      vertex 7.76278 8.00674 26.4
      vertex 7.36424 6.60657 26.4
      vertex 7.4936 6.56028 26.4
    endloop
  endfacet
  facet normal 0 0 1
    outer loop
      vertex 6.56028 7.4936 26.4
      vertex 7.36424 8.10657 26.4
      vertex 7.24005 8.16531 26.4
    endloop
  endfacet
  facet normal 0 0 1
    outer loop
      vertex 7.76278 8.00674 26.4
      vertex 7.24005 6.66531 26.4
      vertex 7.36424 6.60657 26.4
    endloop
  endfacet
  facet normal 0 0 1
    outer loop
      vertex 6.50674 7.76278 26.4
      vertex 7.24005 8.16531 26.4
      vertex 7.1222 8.23594 26.4
    endloop
  endfacet
  facet normal 0 0 1
    outer loop
      vertex 7.62687 8.0269 26.4
      vertex 7.1222 6.73594 26.4
      vertex 7.24005 6.66531 26.4
    endloop
  endfacet
  facet normal 0 0 1
    outer loop
      vertex 6.50674 8.03722 26.4
      vertex 7.1222 8.23594 26.4
      vertex 7.01185 8.31779 26.4
    endloop
  endfacet
  facet normal 0 0 1
    outer loop
      vertex 7.62687 8.0269 26.4
      vertex 7.01185 6.81779 26.4
      vertex 7.1222 6.73594 26.4
    endloop
  endfacet
  facet normal 0 0 1
    outer loop
      vertex 6.5269 8.17313 26.4
      vertex 7.01185 8.31779 26.4
      vertex 6.91005 8.41005 26.4
    endloop
  endfacet
  facet normal 0 0 1
    outer loop
      vertex 7.62687 8.0269 26.4
      vertex 6.91005 6.91005 26.4
      vertex 7.01185 6.81779 26.4
    endloop
  endfacet
  facet normal -0 0 1
    outer loop
      vertex 6.60657 8.43576 26.4
      vertex 6.91005 8.41005 26.4
      vertex 6.81779 8.51185 26.4
    endloop
  endfacet
  facet normal 0 0 1
    outer loop
      vertex 7.4936 8.06028 26.4
      vertex 6.81779 7.01185 26.4
      vertex 6.91005 6.91005 26.4
    endloop
  endfacet
  facet normal -0 0 1
    outer loop
      vertex 6.66531 8.55995 26.4
      vertex 6.81779 8.51185 26.4
      vertex 6.73594 8.6222 26.4
    endloop
  endfacet
  facet normal 0 0 1
    outer loop
      vertex 7.4936 8.06028 26.4
      vertex 6.73594 7.1222 26.4
      vertex 6.81779 7.01185 26.4
    endloop
  endfacet
  facet normal 0 0 1
    outer loop
      vertex 6.66531 8.55995 26.4
      vertex 6.73594 8.6222 26.4
      vertex 6.71928 8.65 26.4
    endloop
  endfacet
  facet normal 0 0 1
    outer loop
      vertex 6.81779 8.51185 26.4
      vertex 6.66531 8.55995 26.4
      vertex 6.60657 8.43576 26.4
    endloop
  endfacet
  facet normal 0 0 1
    outer loop
      vertex 7.4936 8.06028 26.4
      vertex 6.66531 7.24005 26.4
      vertex 6.73594 7.1222 26.4
    endloop
  endfacet
  facet normal 0 0 1
    outer loop
      vertex 6.91005 8.41005 26.4
      vertex 6.60657 8.43576 26.4
      vertex 6.56028 8.3064 26.4
    endloop
  endfacet
  facet normal 0 0 1
    outer loop
      vertex 7.36424 8.10657 26.4
      vertex 6.60657 7.36424 26.4
      vertex 6.66531 7.24005 26.4
    endloop
  endfacet
  facet normal 0 0 1
    outer loop
      vertex 6.91005 8.41005 26.4
      vertex 6.56028 8.3064 26.4
      vertex 6.5269 8.17313 26.4
    endloop
  endfacet
  facet normal 0 0 1
    outer loop
      vertex 7.36424 8.10657 26.4
      vertex 6.56028 7.4936 26.4
      vertex 6.60657 7.36424 26.4
    endloop
  endfacet
  facet normal 0 0 1
    outer loop
      vertex 7.01185 8.31779 26.4
      vertex 6.5269 8.17313 26.4
      vertex 6.50674 8.03722 26.4
    endloop
  endfacet
  facet normal 0 0 1
    outer loop
      vertex 7.24005 8.16531 26.4
      vertex 6.5269 7.62687 26.4
      vertex 6.56028 7.4936 26.4
    endloop
  endfacet
  facet normal 0 0 1
    outer loop
      vertex 7.1222 8.23594 26.4
      vertex 6.50674 8.03722 26.4
      vertex 6.5 7.9 26.4
    endloop
  endfacet
  facet normal 0 0 1
    outer loop
      vertex 7.24005 8.16531 26.4
      vertex 6.50674 7.76278 26.4
      vertex 6.5269 7.62687 26.4
    endloop
  endfacet
  facet normal 0 0 1
    outer loop
      vertex 7.1222 8.23594 26.4
      vertex 6.5 7.9 26.4
      vertex 6.50674 7.76278 26.4
    endloop
  endfacet
  facet normal 0.242964 0.970035 -0
    outer loop
      vertex 7.62687 8.0269 10.4
      vertex 7.4936 8.06028 26.4
      vertex 7.62687 8.0269 26.4
    endloop
  endfacet
  facet normal 0.242964 0.970035 0
    outer loop
      vertex 7.4936 8.06028 26.4
      vertex 7.62687 8.0269 10.4
      vertex 7.4936 8.06028 10.4
    endloop
  endfacet
  facet normal 0.857765 0.514042 0
    outer loop
      vertex 6.73594 8.6222 26.4
      vertex 6.71928 8.65 10.4
      vertex 6.71928 8.65 26.4
    endloop
  endfacet
  facet normal 0.857765 0.514042 0
    outer loop
      vertex 6.71928 8.65 10.4
      vertex 6.73594 8.6222 26.4
      vertex 6.73594 8.6222 10.4
    endloop
  endfacet
  facet normal -0.146728 0.989177 0
    outer loop
      vertex 8.17313 8.0269 10.4
      vertex 8.03722 8.00674 26.4
      vertex 8.17313 8.0269 26.4
    endloop
  endfacet
  facet normal -0.146728 0.989177 0
    outer loop
      vertex 8.03722 8.00674 26.4
      vertex 8.17313 8.0269 10.4
      vertex 8.03722 8.00674 10.4
    endloop
  endfacet
  facet normal -0.740973 0.671534 0
    outer loop
      vertex 8.88995 8.41005 10.4
      vertex 8.98221 8.51185 26.4
      vertex 8.98221 8.51185 10.4
    endloop
  endfacet
  facet normal -0.740973 0.671534 0
    outer loop
      vertex 8.98221 8.51185 26.4
      vertex 8.88995 8.41005 10.4
      vertex 8.88995 8.41005 26.4
    endloop
  endfacet
  facet normal -0.514068 0.85775 0
    outer loop
      vertex 8.6778 8.23594 10.4
      vertex 8.55995 8.16531 26.4
      vertex 8.6778 8.23594 26.4
    endloop
  endfacet
  facet normal -0.514068 0.85775 0
    outer loop
      vertex 8.55995 8.16531 26.4
      vertex 8.6778 8.23594 10.4
      vertex 8.55995 8.16531 10.4
    endloop
  endfacet
  facet normal 0.146728 0.989177 -0
    outer loop
      vertex 7.76278 8.00674 10.4
      vertex 7.62687 8.0269 26.4
      vertex 7.76278 8.00674 26.4
    endloop
  endfacet
  facet normal 0.146728 0.989177 0
    outer loop
      vertex 7.62687 8.0269 26.4
      vertex 7.76278 8.00674 10.4
      vertex 7.62687 8.0269 10.4
    endloop
  endfacet
  facet normal -0.42757 0.903982 0
    outer loop
      vertex 8.55995 8.16531 10.4
      vertex 8.43576 8.10657 26.4
      vertex 8.55995 8.16531 26.4
    endloop
  endfacet
  facet normal -0.42757 0.903982 0
    outer loop
      vertex 8.43576 8.10657 26.4
      vertex 8.55995 8.16531 10.4
      vertex 8.43576 8.10657 10.4
    endloop
  endfacet
  facet normal 0.514068 0.85775 -0
    outer loop
      vertex 7.24005 8.16531 10.4
      vertex 7.1222 8.23594 26.4
      vertex 7.24005 8.16531 26.4
    endloop
  endfacet
  facet normal 0.514068 0.85775 0
    outer loop
      vertex 7.1222 8.23594 26.4
      vertex 7.24005 8.16531 10.4
      vertex 7.1222 8.23594 10.4
    endloop
  endfacet
  facet normal -0.0490591 0.998796 0
    outer loop
      vertex 8.03722 8.00674 10.4
      vertex 7.9 8 26.4
      vertex 8.03722 8.00674 26.4
    endloop
  endfacet
  facet normal -0.0490591 0.998796 0
    outer loop
      vertex 7.9 8 26.4
      vertex 8.03722 8.00674 10.4
      vertex 7.9 8 10.4
    endloop
  endfacet
  facet normal -0.803177 0.595741 0
    outer loop
      vertex 8.98221 8.51185 10.4
      vertex 9.06406 8.6222 26.4
      vertex 9.06406 8.6222 10.4
    endloop
  endfacet
  facet normal -0.803177 0.595741 0
    outer loop
      vertex 9.06406 8.6222 26.4
      vertex 8.98221 8.51185 10.4
      vertex 8.98221 8.51185 26.4
    endloop
  endfacet
  facet normal -0.595741 0.803177 0
    outer loop
      vertex 8.78815 8.31779 10.4
      vertex 8.6778 8.23594 26.4
      vertex 8.78815 8.31779 26.4
    endloop
  endfacet
  facet normal -0.595741 0.803177 0
    outer loop
      vertex 8.6778 8.23594 26.4
      vertex 8.78815 8.31779 10.4
      vertex 8.6778 8.23594 10.4
    endloop
  endfacet
  facet normal 0.671534 0.740973 -0
    outer loop
      vertex 7.01185 8.31779 10.4
      vertex 6.91005 8.41005 26.4
      vertex 7.01185 8.31779 26.4
    endloop
  endfacet
  facet normal 0.671534 0.740973 0
    outer loop
      vertex 6.91005 8.41005 26.4
      vertex 7.01185 8.31779 10.4
      vertex 6.91005 8.41005 10.4
    endloop
  endfacet
  facet normal 0.803177 0.595741 0
    outer loop
      vertex 6.81779 8.51185 26.4
      vertex 6.73594 8.6222 10.4
      vertex 6.73594 8.6222 26.4
    endloop
  endfacet
  facet normal 0.803177 0.595741 0
    outer loop
      vertex 6.73594 8.6222 10.4
      vertex 6.81779 8.51185 26.4
      vertex 6.81779 8.51185 10.4
    endloop
  endfacet
  facet normal 0.42757 0.903982 -0
    outer loop
      vertex 7.36424 8.10657 10.4
      vertex 7.24005 8.16531 26.4
      vertex 7.36424 8.10657 26.4
    endloop
  endfacet
  facet normal 0.42757 0.903982 0
    outer loop
      vertex 7.24005 8.16531 26.4
      vertex 7.36424 8.10657 10.4
      vertex 7.24005 8.16531 10.4
    endloop
  endfacet
  facet normal -0.336917 0.941534 0
    outer loop
      vertex 8.43576 8.10657 10.4
      vertex 8.3064 8.06028 26.4
      vertex 8.43576 8.10657 26.4
    endloop
  endfacet
  facet normal -0.336917 0.941534 0
    outer loop
      vertex 8.3064 8.06028 26.4
      vertex 8.43576 8.10657 10.4
      vertex 8.3064 8.06028 10.4
    endloop
  endfacet
  facet normal -0.242964 0.970035 0
    outer loop
      vertex 8.3064 8.06028 10.4
      vertex 8.17313 8.0269 26.4
      vertex 8.3064 8.06028 26.4
    endloop
  endfacet
  facet normal -0.242964 0.970035 0
    outer loop
      vertex 8.17313 8.0269 26.4
      vertex 8.3064 8.06028 10.4
      vertex 8.17313 8.0269 10.4
    endloop
  endfacet
  facet normal 0.740973 0.671534 0
    outer loop
      vertex 6.91005 8.41005 26.4
      vertex 6.81779 8.51185 10.4
      vertex 6.81779 8.51185 26.4
    endloop
  endfacet
  facet normal 0.740973 0.671534 0
    outer loop
      vertex 6.81779 8.51185 10.4
      vertex 6.91005 8.41005 26.4
      vertex 6.91005 8.41005 10.4
    endloop
  endfacet
  facet normal 0.595741 0.803177 -0
    outer loop
      vertex 7.1222 8.23594 10.4
      vertex 7.01185 8.31779 26.4
      vertex 7.1222 8.23594 26.4
    endloop
  endfacet
  facet normal 0.595741 0.803177 0
    outer loop
      vertex 7.01185 8.31779 26.4
      vertex 7.1222 8.23594 10.4
      vertex 7.01185 8.31779 10.4
    endloop
  endfacet
  facet normal -0.857765 0.514042 0
    outer loop
      vertex 9.06406 8.6222 10.4
      vertex 9.08072 8.65 26.4
      vertex 9.08072 8.65 10.4
    endloop
  endfacet
  facet normal -0.857765 0.514042 0
    outer loop
      vertex 9.08072 8.65 26.4
      vertex 9.06406 8.6222 10.4
      vertex 9.06406 8.6222 26.4
    endloop
  endfacet
  facet normal 0.0490591 0.998796 -0
    outer loop
      vertex 7.9 8 10.4
      vertex 7.76278 8.00674 26.4
      vertex 7.9 8 26.4
    endloop
  endfacet
  facet normal 0.0490591 0.998796 0
    outer loop
      vertex 7.76278 8.00674 26.4
      vertex 7.9 8 10.4
      vertex 7.76278 8.00674 10.4
    endloop
  endfacet
  facet normal 0.336917 0.941534 -0
    outer loop
      vertex 7.4936 8.06028 10.4
      vertex 7.36424 8.10657 26.4
      vertex 7.4936 8.06028 26.4
    endloop
  endfacet
  facet normal 0.336917 0.941534 0
    outer loop
      vertex 7.36424 8.10657 26.4
      vertex 7.4936 8.06028 10.4
      vertex 7.36424 8.10657 10.4
    endloop
  endfacet
  facet normal -0.671534 0.740973 0
    outer loop
      vertex 8.88995 8.41005 10.4
      vertex 8.78815 8.31779 26.4
      vertex 8.88995 8.41005 26.4
    endloop
  endfacet
  facet normal -0.671534 0.740973 0
    outer loop
      vertex 8.78815 8.31779 26.4
      vertex 8.88995 8.41005 10.4
      vertex 8.78815 8.31779 10.4
    endloop
  endfacet
  facet normal 0.595645 -0.803248 0
    outer loop
      vertex 9.84449 46.4899 2.4
      vertex 10.1204 46.6945 26.4
      vertex 9.84449 46.4899 26.4
    endloop
  endfacet
  facet normal 0.595645 -0.803248 0
    outer loop
      vertex 10.1204 46.6945 26.4
      vertex 9.84449 46.4899 2.4
      vertex 10.1204 46.6945 2.4
    endloop
  endfacet
  facet normal 0.427661 -0.903939 0
    outer loop
      vertex 9.23939 46.1664 2.4
      vertex 9.54989 46.3133 26.4
      vertex 9.23939 46.1664 26.4
    endloop
  endfacet
  facet normal 0.427661 -0.903939 0
    outer loop
      vertex 9.54989 46.3133 26.4
      vertex 9.23939 46.1664 2.4
      vertex 9.54989 46.3133 2.4
    endloop
  endfacet
  facet normal -0.671469 -0.741033 0
    outer loop
      vertex 5.42513 46.9251 2.4
      vertex 5.67962 46.6945 26.4
      vertex 5.42513 46.9251 26.4
    endloop
  endfacet
  facet normal -0.671469 -0.741033 -0
    outer loop
      vertex 5.67962 46.6945 26.4
      vertex 5.42513 46.9251 2.4
      vertex 5.67962 46.6945 2.4
    endloop
  endfacet
  facet normal -0.146734 -0.989176 0
    outer loop
      vertex 7.21718 45.9673 2.4
      vertex 7.55694 45.9169 26.4
      vertex 7.21718 45.9673 26.4
    endloop
  endfacet
  facet normal -0.146734 -0.989176 -0
    outer loop
      vertex 7.55694 45.9169 26.4
      vertex 7.21718 45.9673 2.4
      vertex 7.55694 45.9169 2.4
    endloop
  endfacet
  facet normal 0.336862 -0.941554 0
    outer loop
      vertex 8.916 46.0507 2.4
      vertex 9.23939 46.1664 26.4
      vertex 8.916 46.0507 26.4
    endloop
  endfacet
  facet normal 0.336862 -0.941554 0
    outer loop
      vertex 9.23939 46.1664 26.4
      vertex 8.916 46.0507 2.4
      vertex 9.23939 46.1664 2.4
    endloop
  endfacet
  facet normal -0.336862 -0.941554 0
    outer loop
      vertex 6.56061 46.1664 2.4
      vertex 6.884 46.0507 26.4
      vertex 6.56061 46.1664 26.4
    endloop
  endfacet
  facet normal -0.336862 -0.941554 -0
    outer loop
      vertex 6.884 46.0507 26.4
      vertex 6.56061 46.1664 2.4
      vertex 6.884 46.0507 2.4
    endloop
  endfacet
  facet normal -0.0492029 -0.998789 0
    outer loop
      vertex 7.55694 45.9169 2.4
      vertex 7.9 45.9 26.4
      vertex 7.55694 45.9169 26.4
    endloop
  endfacet
  facet normal -0.0492029 -0.998789 -0
    outer loop
      vertex 7.9 45.9 26.4
      vertex 7.55694 45.9169 2.4
      vertex 7.9 45.9 2.4
    endloop
  endfacet
  facet normal 0.0492029 -0.998789 0
    outer loop
      vertex 7.9 45.9 2.4
      vertex 8.24306 45.9169 26.4
      vertex 7.9 45.9 26.4
    endloop
  endfacet
  facet normal 0.0492029 -0.998789 0
    outer loop
      vertex 8.24306 45.9169 26.4
      vertex 7.9 45.9 2.4
      vertex 8.24306 45.9169 2.4
    endloop
  endfacet
  facet normal 0.146734 -0.989176 0
    outer loop
      vertex 8.24306 45.9169 2.4
      vertex 8.58282 45.9673 26.4
      vertex 8.24306 45.9169 26.4
    endloop
  endfacet
  facet normal 0.146734 -0.989176 0
    outer loop
      vertex 8.58282 45.9673 26.4
      vertex 8.24306 45.9169 2.4
      vertex 8.58282 45.9673 2.4
    endloop
  endfacet
  facet normal 0.741046 -0.671454 0
    outer loop
      vertex 10.3749 46.9251 26.4
      vertex 10.6055 47.1796 2.4
      vertex 10.6055 47.1796 26.4
    endloop
  endfacet
  facet normal 0.741046 -0.671454 0
    outer loop
      vertex 10.6055 47.1796 2.4
      vertex 10.3749 46.9251 26.4
      vertex 10.3749 46.9251 2.4
    endloop
  endfacet
  facet normal 0.514153 -0.857698 0
    outer loop
      vertex 9.54989 46.3133 2.4
      vertex 9.84449 46.4899 26.4
      vertex 9.54989 46.3133 26.4
    endloop
  endfacet
  facet normal 0.514153 -0.857698 0
    outer loop
      vertex 9.84449 46.4899 26.4
      vertex 9.54989 46.3133 2.4
      vertex 9.84449 46.4899 2.4
    endloop
  endfacet
  facet normal 0.242823 -0.970071 0
    outer loop
      vertex 8.58282 45.9673 2.4
      vertex 8.916 46.0507 26.4
      vertex 8.58282 45.9673 26.4
    endloop
  endfacet
  facet normal 0.242823 -0.970071 0
    outer loop
      vertex 8.916 46.0507 26.4
      vertex 8.58282 45.9673 2.4
      vertex 8.916 46.0507 2.4
    endloop
  endfacet
  facet normal -0.740944 -0.671566 0
    outer loop
      vertex 5.42513 46.9251 2.4
      vertex 5.19446 47.1796 26.4
      vertex 5.19446 47.1796 2.4
    endloop
  endfacet
  facet normal -0.740944 -0.671566 0
    outer loop
      vertex 5.19446 47.1796 26.4
      vertex 5.42513 46.9251 2.4
      vertex 5.42513 46.9251 26.4
    endloop
  endfacet
  facet normal -0.803237 -0.595659 0
    outer loop
      vertex 5.19446 47.1796 2.4
      vertex 4.98986 47.4555 26.4
      vertex 4.98986 47.4555 2.4
    endloop
  endfacet
  facet normal -0.803237 -0.595659 0
    outer loop
      vertex 4.98986 47.4555 26.4
      vertex 5.19446 47.1796 2.4
      vertex 5.19446 47.1796 26.4
    endloop
  endfacet
  facet normal 0.857279 -0.514853 0
    outer loop
      vertex 10.8101 47.4555 26.4
      vertex 10.8313 47.4908 2.4
      vertex 10.8313 47.4908 26.4
    endloop
  endfacet
  facet normal 0.857279 -0.514853 0
    outer loop
      vertex 10.8313 47.4908 2.4
      vertex 10.8101 47.4555 26.4
      vertex 10.8101 47.4555 2.4
    endloop
  endfacet
  facet normal -0.51414 -0.857706 0
    outer loop
      vertex 5.9555 46.4899 2.4
      vertex 6.25011 46.3133 26.4
      vertex 5.9555 46.4899 26.4
    endloop
  endfacet
  facet normal -0.51414 -0.857706 -0
    outer loop
      vertex 6.25011 46.3133 26.4
      vertex 5.9555 46.4899 2.4
      vertex 6.25011 46.3133 2.4
    endloop
  endfacet
  facet normal -0.595687 -0.803217 0
    outer loop
      vertex 5.67962 46.6945 2.4
      vertex 5.9555 46.4899 26.4
      vertex 5.67962 46.6945 26.4
    endloop
  endfacet
  facet normal -0.595687 -0.803217 -0
    outer loop
      vertex 5.9555 46.4899 26.4
      vertex 5.67962 46.6945 2.4
      vertex 5.9555 46.4899 2.4
    endloop
  endfacet
  facet normal -0.427661 -0.903939 0
    outer loop
      vertex 6.25011 46.3133 2.4
      vertex 6.56061 46.1664 26.4
      vertex 6.25011 46.3133 26.4
    endloop
  endfacet
  facet normal -0.427661 -0.903939 -0
    outer loop
      vertex 6.56061 46.1664 26.4
      vertex 6.25011 46.3133 2.4
      vertex 6.56061 46.1664 2.4
    endloop
  endfacet
  facet normal 0.803237 -0.595659 0
    outer loop
      vertex 10.6055 47.1796 26.4
      vertex 10.8101 47.4555 2.4
      vertex 10.8101 47.4555 26.4
    endloop
  endfacet
  facet normal 0.803237 -0.595659 0
    outer loop
      vertex 10.8101 47.4555 2.4
      vertex 10.6055 47.1796 26.4
      vertex 10.6055 47.1796 2.4
    endloop
  endfacet
  facet normal -0.242823 -0.970071 0
    outer loop
      vertex 6.884 46.0507 2.4
      vertex 7.21718 45.9673 26.4
      vertex 6.884 46.0507 26.4
    endloop
  endfacet
  facet normal -0.242823 -0.970071 -0
    outer loop
      vertex 7.21718 45.9673 26.4
      vertex 6.884 46.0507 2.4
      vertex 7.21718 45.9673 2.4
    endloop
  endfacet
  facet normal -0.857493 -0.514496 0
    outer loop
      vertex 4.98986 47.4555 2.4
      vertex 4.96868 47.4908 26.4
      vertex 4.96868 47.4908 2.4
    endloop
  endfacet
  facet normal -0.857493 -0.514496 0
    outer loop
      vertex 4.96868 47.4908 26.4
      vertex 4.98986 47.4555 2.4
      vertex 4.98986 47.4555 26.4
    endloop
  endfacet
  facet normal 0.671454 -0.741046 0
    outer loop
      vertex 10.1204 46.6945 2.4
      vertex 10.3749 46.9251 26.4
      vertex 10.1204 46.6945 26.4
    endloop
  endfacet
  facet normal 0.671454 -0.741046 0
    outer loop
      vertex 10.3749 46.9251 26.4
      vertex 10.1204 46.6945 2.4
      vertex 10.3749 46.9251 2.4
    endloop
  endfacet
  facet normal 0 0 1
    outer loop
      vertex 10.7548 47.4215 26.4
      vertex 10.8101 47.4555 26.4
      vertex 10.8313 47.4908 26.4
    endloop
  endfacet
  facet normal -0 0 1
    outer loop
      vertex 10.7548 47.4215 26.4
      vertex 10.6055 47.1796 26.4
      vertex 10.8101 47.4555 26.4
    endloop
  endfacet
  facet normal 0 0 1
    outer loop
      vertex 10.4001 47.1584 26.4
      vertex 10.6055 47.1796 26.4
      vertex 10.7548 47.4215 26.4
    endloop
  endfacet
  facet normal -0 0 1
    outer loop
      vertex 10.4001 47.1584 26.4
      vertex 10.3749 46.9251 26.4
      vertex 10.6055 47.1796 26.4
    endloop
  endfacet
  facet normal -0 0 1
    outer loop
      vertex 10.0213 46.9314 26.4
      vertex 10.3749 46.9251 26.4
      vertex 10.4001 47.1584 26.4
    endloop
  endfacet
  facet normal 0 0 1
    outer loop
      vertex 10.3749 46.9251 26.4
      vertex 10.0213 46.9314 26.4
      vertex 10.1204 46.6945 26.4
    endloop
  endfacet
  facet normal 0 0 1
    outer loop
      vertex 10.0213 46.9314 26.4
      vertex 9.84449 46.4899 26.4
      vertex 10.1204 46.6945 26.4
    endloop
  endfacet
  facet normal -0 0 1
    outer loop
      vertex 9.62207 46.7425 26.4
      vertex 9.84449 46.4899 26.4
      vertex 10.0213 46.9314 26.4
    endloop
  endfacet
  facet normal 0 0 1
    outer loop
      vertex 9.62207 46.7425 26.4
      vertex 9.54989 46.3133 26.4
      vertex 9.84449 46.4899 26.4
    endloop
  endfacet
  facet normal -0 0 1
    outer loop
      vertex 9.20628 46.5938 26.4
      vertex 9.54989 46.3133 26.4
      vertex 9.62207 46.7425 26.4
    endloop
  endfacet
  facet normal 0 0 1
    outer loop
      vertex 9.54989 46.3133 26.4
      vertex 9.20628 46.5938 26.4
      vertex 9.23939 46.1664 26.4
    endloop
  endfacet
  facet normal -0 0 1
    outer loop
      vertex 8.77791 46.4865 26.4
      vertex 9.23939 46.1664 26.4
      vertex 9.20628 46.5938 26.4
    endloop
  endfacet
  facet normal 0 0 1
    outer loop
      vertex 9.23939 46.1664 26.4
      vertex 8.77791 46.4865 26.4
      vertex 8.916 46.0507 26.4
    endloop
  endfacet
  facet normal 0 0 1
    outer loop
      vertex 8.77791 46.4865 26.4
      vertex 8.58282 45.9673 26.4
      vertex 8.916 46.0507 26.4
    endloop
  endfacet
  facet normal -0 0 1
    outer loop
      vertex 8.34108 46.4217 26.4
      vertex 8.58282 45.9673 26.4
      vertex 8.77791 46.4865 26.4
    endloop
  endfacet
  facet normal 0 0 1
    outer loop
      vertex 8.34108 46.4217 26.4
      vertex 8.24306 45.9169 26.4
      vertex 8.58282 45.9673 26.4
    endloop
  endfacet
  facet normal -0 0 1
    outer loop
      vertex 7.9 46.4 26.4
      vertex 8.24306 45.9169 26.4
      vertex 8.34108 46.4217 26.4
    endloop
  endfacet
  facet normal 0 0 1
    outer loop
      vertex 7.9 46.4 26.4
      vertex 7.9 45.9 26.4
      vertex 8.24306 45.9169 26.4
    endloop
  endfacet
  facet normal 0 0 1
    outer loop
      vertex 7.9 46.4 26.4
      vertex 7.55694 45.9169 26.4
      vertex 7.9 45.9 26.4
    endloop
  endfacet
  facet normal 0 0 1
    outer loop
      vertex 7.45892 46.4217 26.4
      vertex 7.55694 45.9169 26.4
      vertex 7.9 46.4 26.4
    endloop
  endfacet
  facet normal 0 0 1
    outer loop
      vertex 7.45892 46.4217 26.4
      vertex 7.21718 45.9673 26.4
      vertex 7.55694 45.9169 26.4
    endloop
  endfacet
  facet normal 0 0 1
    outer loop
      vertex 7.02209 46.4865 26.4
      vertex 7.21718 45.9673 26.4
      vertex 7.45892 46.4217 26.4
    endloop
  endfacet
  facet normal 0 0 1
    outer loop
      vertex 7.02209 46.4865 26.4
      vertex 6.884 46.0507 26.4
      vertex 7.21718 45.9673 26.4
    endloop
  endfacet
  facet normal 0 0 1
    outer loop
      vertex 6.56061 46.1664 26.4
      vertex 7.02209 46.4865 26.4
      vertex 6.59372 46.5938 26.4
    endloop
  endfacet
  facet normal 0 0 1
    outer loop
      vertex 7.02209 46.4865 26.4
      vertex 6.56061 46.1664 26.4
      vertex 6.884 46.0507 26.4
    endloop
  endfacet
  facet normal 0 0 1
    outer loop
      vertex 6.59372 46.5938 26.4
      vertex 6.25011 46.3133 26.4
      vertex 6.56061 46.1664 26.4
    endloop
  endfacet
  facet normal 0 0 1
    outer loop
      vertex 6.17793 46.7425 26.4
      vertex 6.25011 46.3133 26.4
      vertex 6.59372 46.5938 26.4
    endloop
  endfacet
  facet normal 0 0 1
    outer loop
      vertex 6.17793 46.7425 26.4
      vertex 5.9555 46.4899 26.4
      vertex 6.25011 46.3133 26.4
    endloop
  endfacet
  facet normal 0 0 1
    outer loop
      vertex 5.77872 46.9314 26.4
      vertex 5.9555 46.4899 26.4
      vertex 6.17793 46.7425 26.4
    endloop
  endfacet
  facet normal 0 0 1
    outer loop
      vertex 5.77872 46.9314 26.4
      vertex 5.67962 46.6945 26.4
      vertex 5.9555 46.4899 26.4
    endloop
  endfacet
  facet normal 0 0 1
    outer loop
      vertex 5.77872 46.9314 26.4
      vertex 5.42513 46.9251 26.4
      vertex 5.67962 46.6945 26.4
    endloop
  endfacet
  facet normal 0 0 1
    outer loop
      vertex 5.39993 47.1584 26.4
      vertex 5.42513 46.9251 26.4
      vertex 5.77872 46.9314 26.4
    endloop
  endfacet
  facet normal 0 0 1
    outer loop
      vertex 5.39993 47.1584 26.4
      vertex 5.19446 47.1796 26.4
      vertex 5.42513 46.9251 26.4
    endloop
  endfacet
  facet normal 0 0 1
    outer loop
      vertex 5.04523 47.4215 26.4
      vertex 5.19446 47.1796 26.4
      vertex 5.39993 47.1584 26.4
    endloop
  endfacet
  facet normal 0 0 1
    outer loop
      vertex 5.04523 47.4215 26.4
      vertex 4.98986 47.4555 26.4
      vertex 5.19446 47.1796 26.4
    endloop
  endfacet
  facet normal -0 -0 1
    outer loop
      vertex 4.98986 47.4555 26.4
      vertex 5.04523 47.4215 26.4
      vertex 4.96868 47.4908 26.4
    endloop
  endfacet
  facet normal 0 0 1
    outer loop
      vertex 8.6778 50.5641 26.4
      vertex 9.3 50.9 26.4
      vertex 9.29326 51.0372 26.4
    endloop
  endfacet
  facet normal 0 0 1
    outer loop
      vertex 8.55995 50.6347 26.4
      vertex 9.29326 51.0372 26.4
      vertex 9.2731 51.1731 26.4
    endloop
  endfacet
  facet normal 0 0 1
    outer loop
      vertex 9.3 50.9 26.4
      vertex 8.6778 50.5641 26.4
      vertex 9.29326 50.7628 26.4
    endloop
  endfacet
  facet normal 0 0 1
    outer loop
      vertex 8.55995 50.6347 26.4
      vertex 9.2731 51.1731 26.4
      vertex 9.23972 51.3064 26.4
    endloop
  endfacet
  facet normal 0 -0 1
    outer loop
      vertex 8.78815 50.4822 26.4
      vertex 9.29326 50.7628 26.4
      vertex 8.6778 50.5641 26.4
    endloop
  endfacet
  facet normal 0 0 1
    outer loop
      vertex 8.43576 50.6934 26.4
      vertex 9.23972 51.3064 26.4
      vertex 9.19343 51.4358 26.4
    endloop
  endfacet
  facet normal 0 0 1
    outer loop
      vertex 9.29326 50.7628 26.4
      vertex 8.78815 50.4822 26.4
      vertex 9.2731 50.6269 26.4
    endloop
  endfacet
  facet normal 0 0 1
    outer loop
      vertex 8.43576 50.6934 26.4
      vertex 9.19343 51.4358 26.4
      vertex 9.13469 51.56 26.4
    endloop
  endfacet
  facet normal 0 0 1
    outer loop
      vertex 9.2731 50.6269 26.4
      vertex 8.88995 50.3899 26.4
      vertex 9.23972 50.4936 26.4
    endloop
  endfacet
  facet normal 0 -0 1
    outer loop
      vertex 8.98221 50.2882 26.4
      vertex 9.19343 50.3642 26.4
      vertex 8.88995 50.3899 26.4
    endloop
  endfacet
  facet normal 0 0 1
    outer loop
      vertex 8.3064 50.7397 26.4
      vertex 9.13469 51.56 26.4
      vertex 9.06406 51.6778 26.4
    endloop
  endfacet
  facet normal 0 0 1
    outer loop
      vertex 9.13469 50.24 26.4
      vertex 9.06406 50.1778 26.4
      vertex 9.08072 50.15 26.4
    endloop
  endfacet
  facet normal 0 0 1
    outer loop
      vertex 8.3064 50.7397 26.4
      vertex 9.06406 51.6778 26.4
      vertex 8.98221 51.7882 26.4
    endloop
  endfacet
  facet normal 0 0 1
    outer loop
      vertex 9.13469 50.24 26.4
      vertex 8.98221 50.2882 26.4
      vertex 9.06406 50.1778 26.4
    endloop
  endfacet
  facet normal 0 0 1
    outer loop
      vertex 8.3064 50.7397 26.4
      vertex 8.98221 51.7882 26.4
      vertex 8.88995 51.8899 26.4
    endloop
  endfacet
  facet normal 0 0 1
    outer loop
      vertex 9.19343 50.3642 26.4
      vertex 8.98221 50.2882 26.4
      vertex 9.13469 50.24 26.4
    endloop
  endfacet
  facet normal 0 0 1
    outer loop
      vertex 8.17313 50.7731 26.4
      vertex 8.88995 51.8899 26.4
      vertex 8.78815 51.9822 26.4
    endloop
  endfacet
  facet normal 0 0 1
    outer loop
      vertex 9.23972 50.4936 26.4
      vertex 8.88995 50.3899 26.4
      vertex 9.19343 50.3642 26.4
    endloop
  endfacet
  facet normal 0 0 1
    outer loop
      vertex 8.17313 50.7731 26.4
      vertex 8.78815 51.9822 26.4
      vertex 8.6778 52.0641 26.4
    endloop
  endfacet
  facet normal 0 -0 1
    outer loop
      vertex 8.88995 50.3899 26.4
      vertex 9.2731 50.6269 26.4
      vertex 8.78815 50.4822 26.4
    endloop
  endfacet
  facet normal 0 0 1
    outer loop
      vertex 8.17313 50.7731 26.4
      vertex 8.6778 52.0641 26.4
      vertex 8.55995 52.1347 26.4
    endloop
  endfacet
  facet normal 0 0 1
    outer loop
      vertex 9.29326 51.0372 26.4
      vertex 8.55995 50.6347 26.4
      vertex 8.6778 50.5641 26.4
    endloop
  endfacet
  facet normal 0 0 1
    outer loop
      vertex 8.03722 50.7933 26.4
      vertex 8.55995 52.1347 26.4
      vertex 8.43576 52.1934 26.4
    endloop
  endfacet
  facet normal 0 0 1
    outer loop
      vertex 9.23972 51.3064 26.4
      vertex 8.43576 50.6934 26.4
      vertex 8.55995 50.6347 26.4
    endloop
  endfacet
  facet normal 0 0 1
    outer loop
      vertex 8.03722 50.7933 26.4
      vertex 8.43576 52.1934 26.4
      vertex 8.3064 52.2397 26.4
    endloop
  endfacet
  facet normal 0 0 1
    outer loop
      vertex 9.13469 51.56 26.4
      vertex 8.3064 50.7397 26.4
      vertex 8.43576 50.6934 26.4
    endloop
  endfacet
  facet normal 0 0 1
    outer loop
      vertex 8.03722 50.7933 26.4
      vertex 8.3064 52.2397 26.4
      vertex 8.17313 52.2731 26.4
    endloop
  endfacet
  facet normal 0 0 1
    outer loop
      vertex 8.88995 51.8899 26.4
      vertex 8.17313 50.7731 26.4
      vertex 8.3064 50.7397 26.4
    endloop
  endfacet
  facet normal 0 0 1
    outer loop
      vertex 7.9 50.8 26.4
      vertex 8.17313 52.2731 26.4
      vertex 8.03722 52.2933 26.4
    endloop
  endfacet
  facet normal 0 0 1
    outer loop
      vertex 8.55995 52.1347 26.4
      vertex 8.03722 50.7933 26.4
      vertex 8.17313 50.7731 26.4
    endloop
  endfacet
  facet normal 0 0 1
    outer loop
      vertex 7.9 50.8 26.4
      vertex 8.03722 52.2933 26.4
      vertex 7.9 52.3 26.4
    endloop
  endfacet
  facet normal 0 0 1
    outer loop
      vertex 8.17313 52.2731 26.4
      vertex 7.9 50.8 26.4
      vertex 8.03722 50.7933 26.4
    endloop
  endfacet
  facet normal -0 0 1
    outer loop
      vertex 7.76278 52.2933 26.4
      vertex 7.9 50.8 26.4
      vertex 7.9 52.3 26.4
    endloop
  endfacet
  facet normal -0 0 1
    outer loop
      vertex 7.62687 52.2731 26.4
      vertex 7.9 50.8 26.4
      vertex 7.76278 52.2933 26.4
    endloop
  endfacet
  facet normal 0 0 1
    outer loop
      vertex 7.9 50.8 26.4
      vertex 7.62687 52.2731 26.4
      vertex 7.76278 50.7933 26.4
    endloop
  endfacet
  facet normal -0 0 1
    outer loop
      vertex 7.4936 52.2397 26.4
      vertex 7.76278 50.7933 26.4
      vertex 7.62687 52.2731 26.4
    endloop
  endfacet
  facet normal -0 0 1
    outer loop
      vertex 7.36424 52.1934 26.4
      vertex 7.76278 50.7933 26.4
      vertex 7.4936 52.2397 26.4
    endloop
  endfacet
  facet normal -0 0 1
    outer loop
      vertex 7.24005 52.1347 26.4
      vertex 7.76278 50.7933 26.4
      vertex 7.36424 52.1934 26.4
    endloop
  endfacet
  facet normal 0 0 1
    outer loop
      vertex 7.76278 50.7933 26.4
      vertex 7.24005 52.1347 26.4
      vertex 7.62687 50.7731 26.4
    endloop
  endfacet
  facet normal -0 0 1
    outer loop
      vertex 7.1222 52.0641 26.4
      vertex 7.62687 50.7731 26.4
      vertex 7.24005 52.1347 26.4
    endloop
  endfacet
  facet normal -0 0 1
    outer loop
      vertex 7.01185 51.9822 26.4
      vertex 7.62687 50.7731 26.4
      vertex 7.1222 52.0641 26.4
    endloop
  endfacet
  facet normal -0 0 1
    outer loop
      vertex 6.91005 51.8899 26.4
      vertex 7.62687 50.7731 26.4
      vertex 7.01185 51.9822 26.4
    endloop
  endfacet
  facet normal 0 0 1
    outer loop
      vertex 7.62687 50.7731 26.4
      vertex 6.91005 51.8899 26.4
      vertex 7.4936 50.7397 26.4
    endloop
  endfacet
  facet normal -0 0 1
    outer loop
      vertex 6.81779 51.7882 26.4
      vertex 7.4936 50.7397 26.4
      vertex 6.91005 51.8899 26.4
    endloop
  endfacet
  facet normal -0 0 1
    outer loop
      vertex 6.73594 51.6778 26.4
      vertex 7.4936 50.7397 26.4
      vertex 6.81779 51.7882 26.4
    endloop
  endfacet
  facet normal -0 0 1
    outer loop
      vertex 6.66531 51.56 26.4
      vertex 7.4936 50.7397 26.4
      vertex 6.73594 51.6778 26.4
    endloop
  endfacet
  facet normal 0 0 1
    outer loop
      vertex 7.4936 50.7397 26.4
      vertex 6.66531 51.56 26.4
      vertex 7.36424 50.6934 26.4
    endloop
  endfacet
  facet normal -0 0 1
    outer loop
      vertex 6.60657 51.4358 26.4
      vertex 7.36424 50.6934 26.4
      vertex 6.66531 51.56 26.4
    endloop
  endfacet
  facet normal -0 0 1
    outer loop
      vertex 6.56028 51.3064 26.4
      vertex 7.36424 50.6934 26.4
      vertex 6.60657 51.4358 26.4
    endloop
  endfacet
  facet normal 0 0 1
    outer loop
      vertex 7.36424 50.6934 26.4
      vertex 6.56028 51.3064 26.4
      vertex 7.24005 50.6347 26.4
    endloop
  endfacet
  facet normal -0 0 1
    outer loop
      vertex 6.5269 51.1731 26.4
      vertex 7.24005 50.6347 26.4
      vertex 6.56028 51.3064 26.4
    endloop
  endfacet
  facet normal -0 0 1
    outer loop
      vertex 6.50674 51.0372 26.4
      vertex 7.24005 50.6347 26.4
      vertex 6.5269 51.1731 26.4
    endloop
  endfacet
  facet normal 0 0 1
    outer loop
      vertex 7.24005 50.6347 26.4
      vertex 6.50674 51.0372 26.4
      vertex 7.1222 50.5641 26.4
    endloop
  endfacet
  facet normal -0 0 1
    outer loop
      vertex 6.5 50.9 26.4
      vertex 7.1222 50.5641 26.4
      vertex 6.50674 51.0372 26.4
    endloop
  endfacet
  facet normal -0 -0 1
    outer loop
      vertex 6.50674 50.7628 26.4
      vertex 7.1222 50.5641 26.4
      vertex 6.5 50.9 26.4
    endloop
  endfacet
  facet normal 0 0 1
    outer loop
      vertex 6.81779 50.2882 26.4
      vertex 6.66531 50.24 26.4
      vertex 6.73594 50.1778 26.4
    endloop
  endfacet
  facet normal 0 0 1
    outer loop
      vertex 6.73594 50.1778 26.4
      vertex 6.66531 50.24 26.4
      vertex 6.71928 50.15 26.4
    endloop
  endfacet
  facet normal 0 0 1
    outer loop
      vertex 7.1222 50.5641 26.4
      vertex 6.50674 50.7628 26.4
      vertex 7.01185 50.4822 26.4
    endloop
  endfacet
  facet normal 0 -0 1
    outer loop
      vertex 6.66531 50.24 26.4
      vertex 6.81779 50.2882 26.4
      vertex 6.60657 50.3642 26.4
    endloop
  endfacet
  facet normal -0 -0 1
    outer loop
      vertex 6.5269 50.6269 26.4
      vertex 7.01185 50.4822 26.4
      vertex 6.50674 50.7628 26.4
    endloop
  endfacet
  facet normal 0 0 1
    outer loop
      vertex 6.91005 50.3899 26.4
      vertex 6.60657 50.3642 26.4
      vertex 6.81779 50.2882 26.4
    endloop
  endfacet
  facet normal 0 0 1
    outer loop
      vertex 7.01185 50.4822 26.4
      vertex 6.5269 50.6269 26.4
      vertex 6.91005 50.3899 26.4
    endloop
  endfacet
  facet normal 0 -0 1
    outer loop
      vertex 6.60657 50.3642 26.4
      vertex 6.91005 50.3899 26.4
      vertex 6.56028 50.4936 26.4
    endloop
  endfacet
  facet normal -0 -0 1
    outer loop
      vertex 6.56028 50.4936 26.4
      vertex 6.91005 50.3899 26.4
      vertex 6.5269 50.6269 26.4
    endloop
  endfacet
  facet normal -0.427332 -0.904095 0
    outer loop
      vertex 8.43576 50.6934 2.4
      vertex 8.55995 50.6347 26.4
      vertex 8.43576 50.6934 26.4
    endloop
  endfacet
  facet normal -0.427332 -0.904095 -0
    outer loop
      vertex 8.55995 50.6347 26.4
      vertex 8.43576 50.6934 2.4
      vertex 8.55995 50.6347 2.4
    endloop
  endfacet
  facet normal -0.740645 -0.671897 0
    outer loop
      vertex 8.98221 50.2882 2.4
      vertex 8.88995 50.3899 26.4
      vertex 8.88995 50.3899 2.4
    endloop
  endfacet
  facet normal -0.740645 -0.671897 0
    outer loop
      vertex 8.88995 50.3899 26.4
      vertex 8.98221 50.2882 2.4
      vertex 8.98221 50.2882 26.4
    endloop
  endfacet
  facet normal 0.513907 -0.857846 0
    outer loop
      vertex 7.1222 50.5641 2.4
      vertex 7.24005 50.6347 26.4
      vertex 7.1222 50.5641 26.4
    endloop
  endfacet
  facet normal 0.513907 -0.857846 0
    outer loop
      vertex 7.24005 50.6347 26.4
      vertex 7.1222 50.5641 2.4
      vertex 7.24005 50.6347 2.4
    endloop
  endfacet
  facet normal -0.243101 -0.970001 0
    outer loop
      vertex 8.17313 50.7731 2.4
      vertex 8.3064 50.7397 26.4
      vertex 8.17313 50.7731 26.4
    endloop
  endfacet
  facet normal -0.243101 -0.970001 -0
    outer loop
      vertex 8.3064 50.7397 26.4
      vertex 8.17313 50.7731 2.4
      vertex 8.3064 50.7397 2.4
    endloop
  endfacet
  facet normal -0.857765 -0.514042 0
    outer loop
      vertex 9.08072 50.15 2.4
      vertex 9.06406 50.1778 26.4
      vertex 9.06406 50.1778 2.4
    endloop
  endfacet
  facet normal -0.857765 -0.514042 0
    outer loop
      vertex 9.06406 50.1778 26.4
      vertex 9.08072 50.15 2.4
      vertex 9.08072 50.15 26.4
    endloop
  endfacet
  facet normal -0.147013 -0.989135 0
    outer loop
      vertex 8.03722 50.7933 2.4
      vertex 8.17313 50.7731 26.4
      vertex 8.03722 50.7933 26.4
    endloop
  endfacet
  facet normal -0.147013 -0.989135 -0
    outer loop
      vertex 8.17313 50.7731 26.4
      vertex 8.03722 50.7933 2.4
      vertex 8.17313 50.7731 2.4
    endloop
  endfacet
  facet normal -0.671694 -0.740829 0
    outer loop
      vertex 8.78815 50.4822 2.4
      vertex 8.88995 50.3899 26.4
      vertex 8.78815 50.4822 26.4
    endloop
  endfacet
  facet normal -0.671694 -0.740829 -0
    outer loop
      vertex 8.88995 50.3899 26.4
      vertex 8.78815 50.4822 2.4
      vertex 8.88995 50.3899 2.4
    endloop
  endfacet
  facet normal 0.740645 -0.671897 0
    outer loop
      vertex 6.81779 50.2882 26.4
      vertex 6.91005 50.3899 2.4
      vertex 6.91005 50.3899 26.4
    endloop
  endfacet
  facet normal 0.740645 -0.671897 0
    outer loop
      vertex 6.91005 50.3899 2.4
      vertex 6.81779 50.2882 26.4
      vertex 6.81779 50.2882 2.4
    endloop
  endfacet
  facet normal 0.336982 -0.941511 0
    outer loop
      vertex 7.36424 50.6934 2.4
      vertex 7.4936 50.7397 26.4
      vertex 7.36424 50.6934 26.4
    endloop
  endfacet
  facet normal 0.336982 -0.941511 0
    outer loop
      vertex 7.4936 50.7397 26.4
      vertex 7.36424 50.6934 2.4
      vertex 7.4936 50.7397 2.4
    endloop
  endfacet
  facet normal -0.336982 -0.941511 0
    outer loop
      vertex 8.3064 50.7397 2.4
      vertex 8.43576 50.6934 26.4
      vertex 8.3064 50.7397 26.4
    endloop
  endfacet
  facet normal -0.336982 -0.941511 -0
    outer loop
      vertex 8.43576 50.6934 26.4
      vertex 8.3064 50.7397 2.4
      vertex 8.43576 50.6934 2.4
    endloop
  endfacet
  facet normal 0.803306 -0.595567 0
    outer loop
      vertex 6.73594 50.1778 26.4
      vertex 6.81779 50.2882 2.4
      vertex 6.81779 50.2882 26.4
    endloop
  endfacet
  facet normal 0.803306 -0.595567 0
    outer loop
      vertex 6.81779 50.2882 2.4
      vertex 6.73594 50.1778 26.4
      vertex 6.73594 50.1778 2.4
    endloop
  endfacet
  facet normal -0.803306 -0.595567 0
    outer loop
      vertex 9.06406 50.1778 2.4
      vertex 8.98221 50.2882 26.4
      vertex 8.98221 50.2882 2.4
    endloop
  endfacet
  facet normal -0.803306 -0.595567 0
    outer loop
      vertex 8.98221 50.2882 26.4
      vertex 9.06406 50.1778 2.4
      vertex 9.06406 50.1778 26.4
    endloop
  endfacet
  facet normal 0.671694 -0.740829 0
    outer loop
      vertex 6.91005 50.3899 2.4
      vertex 7.01185 50.4822 26.4
      vertex 6.91005 50.3899 26.4
    endloop
  endfacet
  facet normal 0.671694 -0.740829 0
    outer loop
      vertex 7.01185 50.4822 26.4
      vertex 6.91005 50.3899 2.4
      vertex 7.01185 50.4822 2.4
    endloop
  endfacet
  facet normal 0.243101 -0.970001 0
    outer loop
      vertex 7.4936 50.7397 2.4
      vertex 7.62687 50.7731 26.4
      vertex 7.4936 50.7397 26.4
    endloop
  endfacet
  facet normal 0.243101 -0.970001 0
    outer loop
      vertex 7.62687 50.7731 26.4
      vertex 7.4936 50.7397 2.4
      vertex 7.62687 50.7731 2.4
    endloop
  endfacet
  facet normal -0.513907 -0.857846 0
    outer loop
      vertex 8.55995 50.6347 2.4
      vertex 8.6778 50.5641 26.4
      vertex 8.55995 50.6347 26.4
    endloop
  endfacet
  facet normal -0.513907 -0.857846 -0
    outer loop
      vertex 8.6778 50.5641 26.4
      vertex 8.55995 50.6347 2.4
      vertex 8.6778 50.5641 2.4
    endloop
  endfacet
  facet normal 0.595976 -0.803003 0
    outer loop
      vertex 7.01185 50.4822 2.4
      vertex 7.1222 50.5641 26.4
      vertex 7.01185 50.4822 26.4
    endloop
  endfacet
  facet normal 0.595976 -0.803003 0
    outer loop
      vertex 7.1222 50.5641 26.4
      vertex 7.01185 50.4822 2.4
      vertex 7.1222 50.5641 2.4
    endloop
  endfacet
  facet normal 0.857765 -0.514042 0
    outer loop
      vertex 6.71928 50.15 26.4
      vertex 6.73594 50.1778 2.4
      vertex 6.73594 50.1778 26.4
    endloop
  endfacet
  facet normal 0.857765 -0.514042 0
    outer loop
      vertex 6.73594 50.1778 2.4
      vertex 6.71928 50.15 26.4
      vertex 6.71928 50.15 2.4
    endloop
  endfacet
  facet normal 0.427332 -0.904095 0
    outer loop
      vertex 7.24005 50.6347 2.4
      vertex 7.36424 50.6934 26.4
      vertex 7.24005 50.6347 26.4
    endloop
  endfacet
  facet normal 0.427332 -0.904095 0
    outer loop
      vertex 7.36424 50.6934 26.4
      vertex 7.24005 50.6347 2.4
      vertex 7.36424 50.6934 2.4
    endloop
  endfacet
  facet normal -0.595976 -0.803003 0
    outer loop
      vertex 8.6778 50.5641 2.4
      vertex 8.78815 50.4822 26.4
      vertex 8.6778 50.5641 26.4
    endloop
  endfacet
  facet normal -0.595976 -0.803003 -0
    outer loop
      vertex 8.78815 50.4822 26.4
      vertex 8.6778 50.5641 2.4
      vertex 8.78815 50.4822 2.4
    endloop
  endfacet
  facet normal -0.0487686 -0.99881 0
    outer loop
      vertex 7.9 50.8 2.4
      vertex 8.03722 50.7933 26.4
      vertex 7.9 50.8 26.4
    endloop
  endfacet
  facet normal -0.0487686 -0.99881 -0
    outer loop
      vertex 8.03722 50.7933 26.4
      vertex 7.9 50.8 2.4
      vertex 8.03722 50.7933 2.4
    endloop
  endfacet
  facet normal 0.0487686 -0.99881 0
    outer loop
      vertex 7.76278 50.7933 2.4
      vertex 7.9 50.8 26.4
      vertex 7.76278 50.7933 26.4
    endloop
  endfacet
  facet normal 0.0487686 -0.99881 0
    outer loop
      vertex 7.9 50.8 26.4
      vertex 7.76278 50.7933 2.4
      vertex 7.9 50.8 2.4
    endloop
  endfacet
  facet normal 0.147013 -0.989135 0
    outer loop
      vertex 7.62687 50.7731 2.4
      vertex 7.76278 50.7933 26.4
      vertex 7.62687 50.7731 26.4
    endloop
  endfacet
  facet normal 0.147013 -0.989135 0
    outer loop
      vertex 7.76278 50.7933 26.4
      vertex 7.62687 50.7731 2.4
      vertex 7.76278 50.7933 2.4
    endloop
  endfacet
  facet normal 0.989175 0.146743 0
    outer loop
      vertex 83.3831 9.74306 26.4
      vertex 83.3327 10.0828 2.4
      vertex 83.3327 10.0828 26.4
    endloop
  endfacet
  facet normal 0.989175 0.146743 0
    outer loop
      vertex 83.3327 10.0828 2.4
      vertex 83.3831 9.74306 26.4
      vertex 83.3831 9.74306 2.4
    endloop
  endfacet
  facet normal 0.998789 0.0492029 0
    outer loop
      vertex 83.4 9.4 26.4
      vertex 83.3831 9.74306 2.4
      vertex 83.3831 9.74306 26.4
    endloop
  endfacet
  facet normal 0.998789 0.0492029 0
    outer loop
      vertex 83.3831 9.74306 2.4
      vertex 83.4 9.4 26.4
      vertex 83.4 9.4 2.4
    endloop
  endfacet
  facet normal 0.970074 0.24281 0
    outer loop
      vertex 83.3327 10.0828 26.4
      vertex 83.2493 10.416 2.4
      vertex 83.2493 10.416 26.4
    endloop
  endfacet
  facet normal 0.970074 0.24281 0
    outer loop
      vertex 83.2493 10.416 2.4
      vertex 83.3327 10.0828 26.4
      vertex 83.3327 10.0828 2.4
    endloop
  endfacet
  facet normal 0.595659 -0.803237 0
    outer loop
      vertex 81.8445 6.48986 2.4
      vertex 82.1204 6.69446 26.4
      vertex 81.8445 6.48986 26.4
    endloop
  endfacet
  facet normal 0.595659 -0.803237 0
    outer loop
      vertex 82.1204 6.69446 26.4
      vertex 81.8445 6.48986 2.4
      vertex 82.1204 6.69446 2.4
    endloop
  endfacet
  facet normal 0.427566 -0.903984 0
    outer loop
      vertex 81.2394 6.16642 2.4
      vertex 81.5499 6.31328 26.4
      vertex 81.2394 6.16642 26.4
    endloop
  endfacet
  facet normal 0.427566 -0.903984 0
    outer loop
      vertex 81.5499 6.31328 26.4
      vertex 81.2394 6.16642 2.4
      vertex 81.5499 6.31328 2.4
    endloop
  endfacet
  facet normal -0.671566 -0.740944 0
    outer loop
      vertex 77.4251 6.92513 2.4
      vertex 77.6796 6.69446 26.4
      vertex 77.4251 6.92513 26.4
    endloop
  endfacet
  facet normal -0.671566 -0.740944 -0
    outer loop
      vertex 77.6796 6.69446 26.4
      vertex 77.4251 6.92513 2.4
      vertex 77.6796 6.69446 2.4
    endloop
  endfacet
  facet normal 0.514153 0.857698 -0
    outer loop
      vertex 81.8445 12.3101 2.4
      vertex 81.5499 12.4867 26.4
      vertex 81.8445 12.3101 26.4
    endloop
  endfacet
  facet normal 0.514153 0.857698 0
    outer loop
      vertex 81.5499 12.4867 26.4
      vertex 81.8445 12.3101 2.4
      vertex 81.5499 12.4867 2.4
    endloop
  endfacet
  facet normal -0.14676 -0.989172 0
    outer loop
      vertex 79.2172 5.96725 2.4
      vertex 79.5569 5.91685 26.4
      vertex 79.2172 5.96725 26.4
    endloop
  endfacet
  facet normal -0.14676 -0.989172 -0
    outer loop
      vertex 79.5569 5.91685 26.4
      vertex 79.2172 5.96725 2.4
      vertex 79.5569 5.91685 2.4
    endloop
  endfacet
  facet normal -0.24281 0.970074 0
    outer loop
      vertex 79.2172 12.8327 2.4
      vertex 78.884 12.7493 26.4
      vertex 79.2172 12.8327 26.4
    endloop
  endfacet
  facet normal -0.24281 0.970074 0
    outer loop
      vertex 78.884 12.7493 26.4
      vertex 79.2172 12.8327 2.4
      vertex 78.884 12.7493 2.4
    endloop
  endfacet
  facet normal 0.741046 0.671454 0
    outer loop
      vertex 82.6055 11.6204 26.4
      vertex 82.3749 11.8749 2.4
      vertex 82.3749 11.8749 26.4
    endloop
  endfacet
  facet normal 0.741046 0.671454 0
    outer loop
      vertex 82.3749 11.8749 2.4
      vertex 82.6055 11.6204 26.4
      vertex 82.6055 11.6204 2.4
    endloop
  endfacet
  facet normal -0.970071 -0.242823 0
    outer loop
      vertex 76.5507 8.384 2.4
      vertex 76.4673 8.71718 26.4
      vertex 76.4673 8.71718 2.4
    endloop
  endfacet
  facet normal -0.970071 -0.242823 0
    outer loop
      vertex 76.4673 8.71718 26.4
      vertex 76.5507 8.384 2.4
      vertex 76.5507 8.384 26.4
    endloop
  endfacet
  facet normal 0.857698 0.514153 0
    outer loop
      vertex 82.9867 11.0499 26.4
      vertex 82.8101 11.3445 2.4
      vertex 82.8101 11.3445 26.4
    endloop
  endfacet
  facet normal 0.857698 0.514153 0
    outer loop
      vertex 82.8101 11.3445 2.4
      vertex 82.9867 11.0499 26.4
      vertex 82.9867 11.0499 2.4
    endloop
  endfacet
  facet normal 0.671454 0.741046 -0
    outer loop
      vertex 82.3749 11.8749 2.4
      vertex 82.1204 12.1055 26.4
      vertex 82.3749 11.8749 26.4
    endloop
  endfacet
  facet normal 0.671454 0.741046 0
    outer loop
      vertex 82.1204 12.1055 26.4
      vertex 82.3749 11.8749 2.4
      vertex 82.1204 12.1055 2.4
    endloop
  endfacet
  facet normal -0.941554 -0.336862 0
    outer loop
      vertex 76.6664 8.06061 2.4
      vertex 76.5507 8.384 26.4
      vertex 76.5507 8.384 2.4
    endloop
  endfacet
  facet normal -0.941554 -0.336862 0
    outer loop
      vertex 76.5507 8.384 26.4
      vertex 76.6664 8.06061 2.4
      vertex 76.6664 8.06061 26.4
    endloop
  endfacet
  facet normal 0.336879 -0.941548 0
    outer loop
      vertex 80.916 6.05071 2.4
      vertex 81.2394 6.16642 26.4
      vertex 80.916 6.05071 26.4
    endloop
  endfacet
  facet normal 0.336879 -0.941548 0
    outer loop
      vertex 81.2394 6.16642 26.4
      vertex 80.916 6.05071 2.4
      vertex 81.2394 6.16642 2.4
    endloop
  endfacet
  facet normal 0.941557 0.336853 0
    outer loop
      vertex 83.2493 10.416 26.4
      vertex 83.1336 10.7394 2.4
      vertex 83.1336 10.7394 26.4
    endloop
  endfacet
  facet normal 0.941557 0.336853 0
    outer loop
      vertex 83.1336 10.7394 2.4
      vertex 83.2493 10.416 26.4
      vertex 83.2493 10.416 2.4
    endloop
  endfacet
  facet normal -0.998789 -0.0492029 0
    outer loop
      vertex 76.4169 9.05694 2.4
      vertex 76.4 9.4 26.4
      vertex 76.4 9.4 2.4
    endloop
  endfacet
  facet normal -0.998789 -0.0492029 0
    outer loop
      vertex 76.4 9.4 26.4
      vertex 76.4169 9.05694 2.4
      vertex 76.4169 9.05694 26.4
    endloop
  endfacet
  facet normal -0.0491971 0.998789 0
    outer loop
      vertex 79.9 12.9 2.4
      vertex 79.5569 12.8831 26.4
      vertex 79.9 12.9 26.4
    endloop
  endfacet
  facet normal -0.0491971 0.998789 0
    outer loop
      vertex 79.5569 12.8831 26.4
      vertex 79.9 12.9 2.4
      vertex 79.5569 12.8831 2.4
    endloop
  endfacet
  facet normal 0.903939 -0.427661 0
    outer loop
      vertex 82.9867 7.75011 26.4
      vertex 83.1336 8.06061 2.4
      vertex 83.1336 8.06061 26.4
    endloop
  endfacet
  facet normal 0.903939 -0.427661 0
    outer loop
      vertex 83.1336 8.06061 2.4
      vertex 82.9867 7.75011 26.4
      vertex 82.9867 7.75011 2.4
    endloop
  endfacet
  facet normal 0.595659 0.803237 -0
    outer loop
      vertex 82.1204 12.1055 2.4
      vertex 81.8445 12.3101 26.4
      vertex 82.1204 12.1055 26.4
    endloop
  endfacet
  facet normal 0.595659 0.803237 0
    outer loop
      vertex 81.8445 12.3101 26.4
      vertex 82.1204 12.1055 2.4
      vertex 81.8445 12.3101 2.4
    endloop
  endfacet
  facet normal 0.998789 -0.0492029 0
    outer loop
      vertex 83.3831 9.05694 26.4
      vertex 83.4 9.4 2.4
      vertex 83.4 9.4 26.4
    endloop
  endfacet
  facet normal 0.998789 -0.0492029 0
    outer loop
      vertex 83.4 9.4 2.4
      vertex 83.3831 9.05694 26.4
      vertex 83.3831 9.05694 2.4
    endloop
  endfacet
  facet normal -0.336879 -0.941548 0
    outer loop
      vertex 78.5606 6.16642 2.4
      vertex 78.884 6.05071 26.4
      vertex 78.5606 6.16642 26.4
    endloop
  endfacet
  facet normal -0.336879 -0.941548 -0
    outer loop
      vertex 78.884 6.05071 26.4
      vertex 78.5606 6.16642 2.4
      vertex 78.884 6.05071 2.4
    endloop
  endfacet
  facet normal -0.0490519 -0.998796 0
    outer loop
      vertex 79.5569 5.91685 2.4
      vertex 79.9 5.9 26.4
      vertex 79.5569 5.91685 26.4
    endloop
  endfacet
  facet normal -0.0490519 -0.998796 -0
    outer loop
      vertex 79.9 5.9 26.4
      vertex 79.5569 5.91685 2.4
      vertex 79.9 5.9 2.4
    endloop
  endfacet
  facet normal 0.0490519 -0.998796 0
    outer loop
      vertex 79.9 5.9 2.4
      vertex 80.2431 5.91685 26.4
      vertex 79.9 5.9 26.4
    endloop
  endfacet
  facet normal 0.0490519 -0.998796 0
    outer loop
      vertex 80.2431 5.91685 26.4
      vertex 79.9 5.9 2.4
      vertex 80.2431 5.91685 2.4
    endloop
  endfacet
  facet normal 0.803237 0.595659 0
    outer loop
      vertex 82.8101 11.3445 26.4
      vertex 82.6055 11.6204 2.4
      vertex 82.6055 11.6204 26.4
    endloop
  endfacet
  facet normal 0.803237 0.595659 0
    outer loop
      vertex 82.6055 11.6204 2.4
      vertex 82.8101 11.3445 26.4
      vertex 82.8101 11.3445 2.4
    endloop
  endfacet
  facet normal -0.671454 0.741046 0
    outer loop
      vertex 77.6796 12.1055 2.4
      vertex 77.4251 11.8749 26.4
      vertex 77.6796 12.1055 26.4
    endloop
  endfacet
  facet normal -0.671454 0.741046 0
    outer loop
      vertex 77.4251 11.8749 26.4
      vertex 77.6796 12.1055 2.4
      vertex 77.4251 11.8749 2.4
    endloop
  endfacet
  facet normal 0.14676 0.989172 -0
    outer loop
      vertex 80.5828 12.8327 2.4
      vertex 80.2431 12.8831 26.4
      vertex 80.5828 12.8327 26.4
    endloop
  endfacet
  facet normal 0.14676 0.989172 0
    outer loop
      vertex 80.2431 12.8831 26.4
      vertex 80.5828 12.8327 2.4
      vertex 80.2431 12.8831 2.4
    endloop
  endfacet
  facet normal 0.14676 -0.989172 0
    outer loop
      vertex 80.2431 5.91685 2.4
      vertex 80.5828 5.96725 26.4
      vertex 80.2431 5.91685 26.4
    endloop
  endfacet
  facet normal 0.14676 -0.989172 0
    outer loop
      vertex 80.5828 5.96725 26.4
      vertex 80.2431 5.91685 2.4
      vertex 80.5828 5.96725 2.4
    endloop
  endfacet
  facet normal 0.427661 0.903939 -0
    outer loop
      vertex 81.5499 12.4867 2.4
      vertex 81.2394 12.6336 26.4
      vertex 81.5499 12.4867 26.4
    endloop
  endfacet
  facet normal 0.427661 0.903939 0
    outer loop
      vertex 81.2394 12.6336 26.4
      vertex 81.5499 12.4867 2.4
      vertex 81.2394 12.6336 2.4
    endloop
  endfacet
  facet normal 0.941554 -0.336862 0
    outer loop
      vertex 83.1336 8.06061 26.4
      vertex 83.2493 8.384 2.4
      vertex 83.2493 8.384 26.4
    endloop
  endfacet
  facet normal 0.941554 -0.336862 0
    outer loop
      vertex 83.2493 8.384 2.4
      vertex 83.1336 8.06061 26.4
      vertex 83.1336 8.06061 2.4
    endloop
  endfacet
  facet normal 0.741033 -0.671469 0
    outer loop
      vertex 82.3749 6.92513 26.4
      vertex 82.6055 7.17962 2.4
      vertex 82.6055 7.17962 26.4
    endloop
  endfacet
  facet normal 0.741033 -0.671469 0
    outer loop
      vertex 82.6055 7.17962 2.4
      vertex 82.3749 6.92513 26.4
      vertex 82.3749 6.92513 2.4
    endloop
  endfacet
  facet normal -0.741046 0.671454 0
    outer loop
      vertex 77.1945 11.6204 2.4
      vertex 77.4251 11.8749 26.4
      vertex 77.4251 11.8749 2.4
    endloop
  endfacet
  facet normal -0.741046 0.671454 0
    outer loop
      vertex 77.4251 11.8749 26.4
      vertex 77.1945 11.6204 2.4
      vertex 77.1945 11.6204 26.4
    endloop
  endfacet
  facet normal -0.857698 0.514153 0
    outer loop
      vertex 76.8133 11.0499 2.4
      vertex 76.9899 11.3445 26.4
      vertex 76.9899 11.3445 2.4
    endloop
  endfacet
  facet normal -0.857698 0.514153 0
    outer loop
      vertex 76.9899 11.3445 26.4
      vertex 76.8133 11.0499 2.4
      vertex 76.8133 11.0499 26.4
    endloop
  endfacet
  facet normal 0.903939 0.427661 0
    outer loop
      vertex 83.1336 10.7394 26.4
      vertex 82.9867 11.0499 2.4
      vertex 82.9867 11.0499 26.4
    endloop
  endfacet
  facet normal 0.903939 0.427661 0
    outer loop
      vertex 82.9867 11.0499 2.4
      vertex 83.1336 10.7394 26.4
      vertex 83.1336 10.7394 2.4
    endloop
  endfacet
  facet normal -0.514153 0.857698 0
    outer loop
      vertex 78.2501 12.4867 2.4
      vertex 77.9555 12.3101 26.4
      vertex 78.2501 12.4867 26.4
    endloop
  endfacet
  facet normal -0.514153 0.857698 0
    outer loop
      vertex 77.9555 12.3101 26.4
      vertex 78.2501 12.4867 2.4
      vertex 77.9555 12.3101 2.4
    endloop
  endfacet
  facet normal 0.989176 -0.146734 0
    outer loop
      vertex 83.3327 8.71718 26.4
      vertex 83.3831 9.05694 2.4
      vertex 83.3831 9.05694 26.4
    endloop
  endfacet
  facet normal 0.989176 -0.146734 0
    outer loop
      vertex 83.3831 9.05694 2.4
      vertex 83.3327 8.71718 26.4
      vertex 83.3327 8.71718 2.4
    endloop
  endfacet
  facet normal 0.51411 -0.857724 0
    outer loop
      vertex 81.5499 6.31328 2.4
      vertex 81.8445 6.48986 26.4
      vertex 81.5499 6.31328 26.4
    endloop
  endfacet
  facet normal 0.51411 -0.857724 0
    outer loop
      vertex 81.8445 6.48986 26.4
      vertex 81.5499 6.31328 2.4
      vertex 81.8445 6.48986 2.4
    endloop
  endfacet
  facet normal -0.941557 0.336853 0
    outer loop
      vertex 76.5507 10.416 2.4
      vertex 76.6664 10.7394 26.4
      vertex 76.6664 10.7394 2.4
    endloop
  endfacet
  facet normal -0.941557 0.336853 0
    outer loop
      vertex 76.6664 10.7394 26.4
      vertex 76.5507 10.416 2.4
      vertex 76.5507 10.416 26.4
    endloop
  endfacet
  facet normal 0.336853 0.941557 -0
    outer loop
      vertex 81.2394 12.6336 2.4
      vertex 80.916 12.7493 26.4
      vertex 81.2394 12.6336 26.4
    endloop
  endfacet
  facet normal 0.336853 0.941557 0
    outer loop
      vertex 80.916 12.7493 26.4
      vertex 81.2394 12.6336 2.4
      vertex 80.916 12.7493 2.4
    endloop
  endfacet
  facet normal 0.24281 0.970074 -0
    outer loop
      vertex 80.916 12.7493 2.4
      vertex 80.5828 12.8327 26.4
      vertex 80.916 12.7493 26.4
    endloop
  endfacet
  facet normal 0.24281 0.970074 0
    outer loop
      vertex 80.5828 12.8327 26.4
      vertex 80.916 12.7493 2.4
      vertex 80.5828 12.8327 2.4
    endloop
  endfacet
  facet normal -0.427661 0.903939 0
    outer loop
      vertex 78.5606 12.6336 2.4
      vertex 78.2501 12.4867 26.4
      vertex 78.5606 12.6336 26.4
    endloop
  endfacet
  facet normal -0.427661 0.903939 0
    outer loop
      vertex 78.2501 12.4867 26.4
      vertex 78.5606 12.6336 2.4
      vertex 78.2501 12.4867 2.4
    endloop
  endfacet
  facet normal -0.595659 0.803237 0
    outer loop
      vertex 77.9555 12.3101 2.4
      vertex 77.6796 12.1055 26.4
      vertex 77.9555 12.3101 26.4
    endloop
  endfacet
  facet normal -0.595659 0.803237 0
    outer loop
      vertex 77.6796 12.1055 26.4
      vertex 77.9555 12.3101 2.4
      vertex 77.6796 12.1055 2.4
    endloop
  endfacet
  facet normal 0.970071 -0.242823 0
    outer loop
      vertex 83.2493 8.384 26.4
      vertex 83.3327 8.71718 2.4
      vertex 83.3327 8.71718 26.4
    endloop
  endfacet
  facet normal 0.970071 -0.242823 0
    outer loop
      vertex 83.3327 8.71718 2.4
      vertex 83.2493 8.384 26.4
      vertex 83.2493 8.384 2.4
    endloop
  endfacet
  facet normal -0.14676 0.989172 0
    outer loop
      vertex 79.5569 12.8831 2.4
      vertex 79.2172 12.8327 26.4
      vertex 79.5569 12.8831 26.4
    endloop
  endfacet
  facet normal -0.14676 0.989172 0
    outer loop
      vertex 79.2172 12.8327 26.4
      vertex 79.5569 12.8831 2.4
      vertex 79.2172 12.8327 2.4
    endloop
  endfacet
  facet normal 0.242974 -0.970033 0
    outer loop
      vertex 80.5828 5.96725 2.4
      vertex 80.916 6.05071 26.4
      vertex 80.5828 5.96725 26.4
    endloop
  endfacet
  facet normal 0.242974 -0.970033 0
    outer loop
      vertex 80.916 6.05071 26.4
      vertex 80.5828 5.96725 2.4
      vertex 80.916 6.05071 2.4
    endloop
  endfacet
  facet normal -0.903939 -0.427661 0
    outer loop
      vertex 76.8133 7.75011 2.4
      vertex 76.6664 8.06061 26.4
      vertex 76.6664 8.06061 2.4
    endloop
  endfacet
  facet normal -0.903939 -0.427661 0
    outer loop
      vertex 76.6664 8.06061 26.4
      vertex 76.8133 7.75011 2.4
      vertex 76.8133 7.75011 26.4
    endloop
  endfacet
  facet normal -0.970074 0.24281 0
    outer loop
      vertex 76.4673 10.0828 2.4
      vertex 76.5507 10.416 26.4
      vertex 76.5507 10.416 2.4
    endloop
  endfacet
  facet normal -0.970074 0.24281 0
    outer loop
      vertex 76.5507 10.416 26.4
      vertex 76.4673 10.0828 2.4
      vertex 76.4673 10.0828 26.4
    endloop
  endfacet
  facet normal -0.741033 -0.671469 0
    outer loop
      vertex 77.4251 6.92513 2.4
      vertex 77.1945 7.17962 26.4
      vertex 77.1945 7.17962 2.4
    endloop
  endfacet
  facet normal -0.741033 -0.671469 0
    outer loop
      vertex 77.1945 7.17962 26.4
      vertex 77.4251 6.92513 2.4
      vertex 77.4251 6.92513 26.4
    endloop
  endfacet
  facet normal -0.336853 0.941557 0
    outer loop
      vertex 78.884 12.7493 2.4
      vertex 78.5606 12.6336 26.4
      vertex 78.884 12.7493 26.4
    endloop
  endfacet
  facet normal -0.336853 0.941557 0
    outer loop
      vertex 78.5606 12.6336 26.4
      vertex 78.884 12.7493 2.4
      vertex 78.5606 12.6336 2.4
    endloop
  endfacet
  facet normal -0.989175 0.146743 0
    outer loop
      vertex 76.4169 9.74306 2.4
      vertex 76.4673 10.0828 26.4
      vertex 76.4673 10.0828 2.4
    endloop
  endfacet
  facet normal -0.989175 0.146743 0
    outer loop
      vertex 76.4673 10.0828 26.4
      vertex 76.4169 9.74306 2.4
      vertex 76.4169 9.74306 26.4
    endloop
  endfacet
  facet normal -0.998789 0.0492029 0
    outer loop
      vertex 76.4 9.4 2.4
      vertex 76.4169 9.74306 26.4
      vertex 76.4169 9.74306 2.4
    endloop
  endfacet
  facet normal -0.998789 0.0492029 0
    outer loop
      vertex 76.4169 9.74306 26.4
      vertex 76.4 9.4 2.4
      vertex 76.4 9.4 26.4
    endloop
  endfacet
  facet normal -0.803237 0.595659 0
    outer loop
      vertex 76.9899 11.3445 2.4
      vertex 77.1945 11.6204 26.4
      vertex 77.1945 11.6204 2.4
    endloop
  endfacet
  facet normal -0.803237 0.595659 0
    outer loop
      vertex 77.1945 11.6204 26.4
      vertex 76.9899 11.3445 2.4
      vertex 76.9899 11.3445 26.4
    endloop
  endfacet
  facet normal -0.803217 -0.595687 0
    outer loop
      vertex 77.1945 7.17962 2.4
      vertex 76.9899 7.4555 26.4
      vertex 76.9899 7.4555 2.4
    endloop
  endfacet
  facet normal -0.803217 -0.595687 0
    outer loop
      vertex 76.9899 7.4555 26.4
      vertex 77.1945 7.17962 2.4
      vertex 77.1945 7.17962 26.4
    endloop
  endfacet
  facet normal -0.989176 -0.146734 0
    outer loop
      vertex 76.4673 8.71718 2.4
      vertex 76.4169 9.05694 26.4
      vertex 76.4169 9.05694 2.4
    endloop
  endfacet
  facet normal -0.989176 -0.146734 0
    outer loop
      vertex 76.4169 9.05694 26.4
      vertex 76.4673 8.71718 2.4
      vertex 76.4673 8.71718 26.4
    endloop
  endfacet
  facet normal 0.0491971 0.998789 -0
    outer loop
      vertex 80.2431 12.8831 2.4
      vertex 79.9 12.9 26.4
      vertex 80.2431 12.8831 26.4
    endloop
  endfacet
  facet normal 0.0491971 0.998789 0
    outer loop
      vertex 79.9 12.9 26.4
      vertex 80.2431 12.8831 2.4
      vertex 79.9 12.9 2.4
    endloop
  endfacet
  facet normal 0.857706 -0.51414 0
    outer loop
      vertex 82.8101 7.4555 26.4
      vertex 82.9867 7.75011 2.4
      vertex 82.9867 7.75011 26.4
    endloop
  endfacet
  facet normal 0.857706 -0.51414 0
    outer loop
      vertex 82.9867 7.75011 2.4
      vertex 82.8101 7.4555 26.4
      vertex 82.8101 7.4555 2.4
    endloop
  endfacet
  facet normal -0.51411 -0.857724 0
    outer loop
      vertex 77.9555 6.48986 2.4
      vertex 78.2501 6.31328 26.4
      vertex 77.9555 6.48986 26.4
    endloop
  endfacet
  facet normal -0.51411 -0.857724 -0
    outer loop
      vertex 78.2501 6.31328 26.4
      vertex 77.9555 6.48986 2.4
      vertex 78.2501 6.31328 2.4
    endloop
  endfacet
  facet normal -0.595659 -0.803237 0
    outer loop
      vertex 77.6796 6.69446 2.4
      vertex 77.9555 6.48986 26.4
      vertex 77.6796 6.69446 26.4
    endloop
  endfacet
  facet normal -0.595659 -0.803237 -0
    outer loop
      vertex 77.9555 6.48986 26.4
      vertex 77.6796 6.69446 2.4
      vertex 77.9555 6.48986 2.4
    endloop
  endfacet
  facet normal -0.427566 -0.903984 0
    outer loop
      vertex 78.2501 6.31328 2.4
      vertex 78.5606 6.16642 26.4
      vertex 78.2501 6.31328 26.4
    endloop
  endfacet
  facet normal -0.427566 -0.903984 -0
    outer loop
      vertex 78.5606 6.16642 26.4
      vertex 78.2501 6.31328 2.4
      vertex 78.5606 6.16642 2.4
    endloop
  endfacet
  facet normal 0.803217 -0.595687 0
    outer loop
      vertex 82.6055 7.17962 26.4
      vertex 82.8101 7.4555 2.4
      vertex 82.8101 7.4555 26.4
    endloop
  endfacet
  facet normal 0.803217 -0.595687 0
    outer loop
      vertex 82.8101 7.4555 2.4
      vertex 82.6055 7.17962 26.4
      vertex 82.6055 7.17962 2.4
    endloop
  endfacet
  facet normal -0.242974 -0.970033 0
    outer loop
      vertex 78.884 6.05071 2.4
      vertex 79.2172 5.96725 26.4
      vertex 78.884 6.05071 26.4
    endloop
  endfacet
  facet normal -0.242974 -0.970033 -0
    outer loop
      vertex 79.2172 5.96725 26.4
      vertex 78.884 6.05071 2.4
      vertex 79.2172 5.96725 2.4
    endloop
  endfacet
  facet normal -0.857706 -0.51414 0
    outer loop
      vertex 76.9899 7.4555 2.4
      vertex 76.8133 7.75011 26.4
      vertex 76.8133 7.75011 2.4
    endloop
  endfacet
  facet normal -0.857706 -0.51414 0
    outer loop
      vertex 76.8133 7.75011 26.4
      vertex 76.9899 7.4555 2.4
      vertex 76.9899 7.4555 26.4
    endloop
  endfacet
  facet normal -0.903939 0.427661 0
    outer loop
      vertex 76.6664 10.7394 2.4
      vertex 76.8133 11.0499 26.4
      vertex 76.8133 11.0499 2.4
    endloop
  endfacet
  facet normal -0.903939 0.427661 0
    outer loop
      vertex 76.8133 11.0499 26.4
      vertex 76.6664 10.7394 2.4
      vertex 76.6664 10.7394 26.4
    endloop
  endfacet
  facet normal 0.671566 -0.740944 0
    outer loop
      vertex 82.1204 6.69446 2.4
      vertex 82.3749 6.92513 26.4
      vertex 82.1204 6.69446 26.4
    endloop
  endfacet
  facet normal 0.671566 -0.740944 0
    outer loop
      vertex 82.3749 6.92513 26.4
      vertex 82.1204 6.69446 2.4
      vertex 82.3749 6.92513 2.4
    endloop
  endfacet
  facet normal 0 0 -1
    outer loop
      vertex 81.3 9.4 2.4
      vertex 83.4 9.4 2.4
      vertex 83.3831 9.05694 2.4
    endloop
  endfacet
  facet normal 0 0 -1
    outer loop
      vertex 81.2933 9.26278 2.4
      vertex 83.3831 9.05694 2.4
      vertex 83.3327 8.71718 2.4
    endloop
  endfacet
  facet normal 0 0 -1
    outer loop
      vertex 83.4 9.4 2.4
      vertex 81.3 9.4 2.4
      vertex 83.3831 9.74306 2.4
    endloop
  endfacet
  facet normal 0 0 -1
    outer loop
      vertex 81.2731 9.12687 2.4
      vertex 83.3327 8.71718 2.4
      vertex 83.2493 8.384 2.4
    endloop
  endfacet
  facet normal 0 0 -1
    outer loop
      vertex 81.2933 9.53722 2.4
      vertex 83.3831 9.74306 2.4
      vertex 81.3 9.4 2.4
    endloop
  endfacet
  facet normal 0 0 -1
    outer loop
      vertex 81.2397 8.9936 2.4
      vertex 83.2493 8.384 2.4
      vertex 83.1336 8.06061 2.4
    endloop
  endfacet
  facet normal -0 0 -1
    outer loop
      vertex 83.3831 9.74306 2.4
      vertex 81.2933 9.53722 2.4
      vertex 83.3327 10.0828 2.4
    endloop
  endfacet
  facet normal 0 0 -1
    outer loop
      vertex 81.1934 8.86424 2.4
      vertex 83.1336 8.06061 2.4
      vertex 82.9867 7.75011 2.4
    endloop
  endfacet
  facet normal 0 0 -1
    outer loop
      vertex 81.2731 9.67313 2.4
      vertex 83.3327 10.0828 2.4
      vertex 81.2933 9.53722 2.4
    endloop
  endfacet
  facet normal 0 0 -1
    outer loop
      vertex 81.1347 8.74004 2.4
      vertex 82.9867 7.75011 2.4
      vertex 82.8101 7.4555 2.4
    endloop
  endfacet
  facet normal -0 0 -1
    outer loop
      vertex 83.3327 10.0828 2.4
      vertex 81.2731 9.67313 2.4
      vertex 83.2493 10.416 2.4
    endloop
  endfacet
  facet normal 0 0 -1
    outer loop
      vertex 81.0641 8.6222 2.4
      vertex 82.8101 7.4555 2.4
      vertex 82.6055 7.17962 2.4
    endloop
  endfacet
  facet normal 0 0 -1
    outer loop
      vertex 81.2397 9.8064 2.4
      vertex 83.2493 10.416 2.4
      vertex 81.2731 9.67313 2.4
    endloop
  endfacet
  facet normal 0 0 -1
    outer loop
      vertex 80.9822 8.51185 2.4
      vertex 82.6055 7.17962 2.4
      vertex 82.3749 6.92513 2.4
    endloop
  endfacet
  facet normal -0 0 -1
    outer loop
      vertex 83.2493 10.416 2.4
      vertex 81.2397 9.8064 2.4
      vertex 83.1336 10.7394 2.4
    endloop
  endfacet
  facet normal 0 0 -1
    outer loop
      vertex 80.8899 8.41005 2.4
      vertex 82.3749 6.92513 2.4
      vertex 82.1204 6.69446 2.4
    endloop
  endfacet
  facet normal 0 0 -1
    outer loop
      vertex 81.1934 9.93576 2.4
      vertex 83.1336 10.7394 2.4
      vertex 81.2397 9.8064 2.4
    endloop
  endfacet
  facet normal 0 0 -1
    outer loop
      vertex 80.7881 8.31779 2.4
      vertex 82.1204 6.69446 2.4
      vertex 81.8445 6.48986 2.4
    endloop
  endfacet
  facet normal -0 0 -1
    outer loop
      vertex 83.1336 10.7394 2.4
      vertex 81.1934 9.93576 2.4
      vertex 82.9867 11.0499 2.4
    endloop
  endfacet
  facet normal 0 0 -1
    outer loop
      vertex 80.6778 8.23594 2.4
      vertex 81.8445 6.48986 2.4
      vertex 81.5499 6.31328 2.4
    endloop
  endfacet
  facet normal 0 0 -1
    outer loop
      vertex 81.1347 10.06 2.4
      vertex 82.9867 11.0499 2.4
      vertex 81.1934 9.93576 2.4
    endloop
  endfacet
  facet normal -0 0 -1
    outer loop
      vertex 82.9867 11.0499 2.4
      vertex 81.1347 10.06 2.4
      vertex 82.8101 11.3445 2.4
    endloop
  endfacet
  facet normal 0 0 -1
    outer loop
      vertex 83.3831 9.05694 2.4
      vertex 81.2933 9.26278 2.4
      vertex 81.3 9.4 2.4
    endloop
  endfacet
  facet normal 0 0 -1
    outer loop
      vertex 83.3327 8.71718 2.4
      vertex 81.2731 9.12687 2.4
      vertex 81.2933 9.26278 2.4
    endloop
  endfacet
  facet normal 0 0 -1
    outer loop
      vertex 83.2493 8.384 2.4
      vertex 81.2397 8.9936 2.4
      vertex 81.2731 9.12687 2.4
    endloop
  endfacet
  facet normal 0 0 -1
    outer loop
      vertex 80.56 8.16531 2.4
      vertex 81.5499 6.31328 2.4
      vertex 81.2394 6.16642 2.4
    endloop
  endfacet
  facet normal 0 0 -1
    outer loop
      vertex 83.1336 8.06061 2.4
      vertex 81.1934 8.86424 2.4
      vertex 81.2397 8.9936 2.4
    endloop
  endfacet
  facet normal 0 0 -1
    outer loop
      vertex 82.9867 7.75011 2.4
      vertex 81.1347 8.74004 2.4
      vertex 81.1934 8.86424 2.4
    endloop
  endfacet
  facet normal 0 0 -1
    outer loop
      vertex 82.8101 7.4555 2.4
      vertex 81.0641 8.6222 2.4
      vertex 81.1347 8.74004 2.4
    endloop
  endfacet
  facet normal 0 0 -1
    outer loop
      vertex 82.6055 7.17962 2.4
      vertex 80.9822 8.51185 2.4
      vertex 81.0641 8.6222 2.4
    endloop
  endfacet
  facet normal 0 0 -1
    outer loop
      vertex 80.4358 8.10657 2.4
      vertex 81.2394 6.16642 2.4
      vertex 80.916 6.05071 2.4
    endloop
  endfacet
  facet normal 0 0 -1
    outer loop
      vertex 82.3749 6.92513 2.4
      vertex 80.8899 8.41005 2.4
      vertex 80.9822 8.51185 2.4
    endloop
  endfacet
  facet normal 0 0 -1
    outer loop
      vertex 82.1204 6.69446 2.4
      vertex 80.7881 8.31779 2.4
      vertex 80.8899 8.41005 2.4
    endloop
  endfacet
  facet normal 0 0 -1
    outer loop
      vertex 81.8445 6.48986 2.4
      vertex 80.6778 8.23594 2.4
      vertex 80.7881 8.31779 2.4
    endloop
  endfacet
  facet normal 0 0 -1
    outer loop
      vertex 80.3064 8.06028 2.4
      vertex 80.916 6.05071 2.4
      vertex 80.5828 5.96725 2.4
    endloop
  endfacet
  facet normal 0 0 -1
    outer loop
      vertex 81.5499 6.31328 2.4
      vertex 80.56 8.16531 2.4
      vertex 80.6778 8.23594 2.4
    endloop
  endfacet
  facet normal 0 0 -1
    outer loop
      vertex 81.2394 6.16642 2.4
      vertex 80.4358 8.10657 2.4
      vertex 80.56 8.16531 2.4
    endloop
  endfacet
  facet normal 0 0 -1
    outer loop
      vertex 80.916 6.05071 2.4
      vertex 80.3064 8.06028 2.4
      vertex 80.4358 8.10657 2.4
    endloop
  endfacet
  facet normal 0 0 -1
    outer loop
      vertex 80.1731 8.0269 2.4
      vertex 80.5828 5.96725 2.4
      vertex 80.2431 5.91685 2.4
    endloop
  endfacet
  facet normal 0 0 -1
    outer loop
      vertex 80.5828 5.96725 2.4
      vertex 80.1731 8.0269 2.4
      vertex 80.3064 8.06028 2.4
    endloop
  endfacet
  facet normal 0 0 -1
    outer loop
      vertex 80.2431 5.91685 2.4
      vertex 80.0372 8.00674 2.4
      vertex 80.1731 8.0269 2.4
    endloop
  endfacet
  facet normal 0 0 -1
    outer loop
      vertex 79.9 5.9 2.4
      vertex 80.0372 8.00674 2.4
      vertex 80.2431 5.91685 2.4
    endloop
  endfacet
  facet normal 0 0 -1
    outer loop
      vertex 79.9 5.9 2.4
      vertex 79.9 8 2.4
      vertex 80.0372 8.00674 2.4
    endloop
  endfacet
  facet normal 0 0 -1
    outer loop
      vertex 79.9 5.9 2.4
      vertex 79.7628 8.00674 2.4
      vertex 79.9 8 2.4
    endloop
  endfacet
  facet normal 0 0 -1
    outer loop
      vertex 79.5569 5.91685 2.4
      vertex 79.7628 8.00674 2.4
      vertex 79.9 5.9 2.4
    endloop
  endfacet
  facet normal -0 0 -1
    outer loop
      vertex 79.7628 8.00674 2.4
      vertex 79.5569 5.91685 2.4
      vertex 79.6269 8.0269 2.4
    endloop
  endfacet
  facet normal 0 0 -1
    outer loop
      vertex 79.2172 5.96725 2.4
      vertex 79.6269 8.0269 2.4
      vertex 79.5569 5.91685 2.4
    endloop
  endfacet
  facet normal -0 0 -1
    outer loop
      vertex 79.6269 8.0269 2.4
      vertex 79.2172 5.96725 2.4
      vertex 79.4936 8.06028 2.4
    endloop
  endfacet
  facet normal 0 0 -1
    outer loop
      vertex 78.884 6.05071 2.4
      vertex 79.4936 8.06028 2.4
      vertex 79.2172 5.96725 2.4
    endloop
  endfacet
  facet normal -0 0 -1
    outer loop
      vertex 79.4936 8.06028 2.4
      vertex 78.884 6.05071 2.4
      vertex 79.3642 8.10657 2.4
    endloop
  endfacet
  facet normal 0 0 -1
    outer loop
      vertex 78.5606 6.16642 2.4
      vertex 79.3642 8.10657 2.4
      vertex 78.884 6.05071 2.4
    endloop
  endfacet
  facet normal -0 0 -1
    outer loop
      vertex 79.3642 8.10657 2.4
      vertex 78.5606 6.16642 2.4
      vertex 79.24 8.16531 2.4
    endloop
  endfacet
  facet normal 0 0 -1
    outer loop
      vertex 78.2501 6.31328 2.4
      vertex 79.24 8.16531 2.4
      vertex 78.5606 6.16642 2.4
    endloop
  endfacet
  facet normal -0 0 -1
    outer loop
      vertex 79.24 8.16531 2.4
      vertex 78.2501 6.31328 2.4
      vertex 79.1222 8.23594 2.4
    endloop
  endfacet
  facet normal 0 0 -1
    outer loop
      vertex 77.9555 6.48986 2.4
      vertex 79.1222 8.23594 2.4
      vertex 78.2501 6.31328 2.4
    endloop
  endfacet
  facet normal -0 0 -1
    outer loop
      vertex 79.1222 8.23594 2.4
      vertex 77.9555 6.48986 2.4
      vertex 79.0118 8.31779 2.4
    endloop
  endfacet
  facet normal 0 0 -1
    outer loop
      vertex 77.6796 6.69446 2.4
      vertex 79.0118 8.31779 2.4
      vertex 77.9555 6.48986 2.4
    endloop
  endfacet
  facet normal -0 0 -1
    outer loop
      vertex 79.0118 8.31779 2.4
      vertex 77.6796 6.69446 2.4
      vertex 78.91 8.41005 2.4
    endloop
  endfacet
  facet normal 0 0 -1
    outer loop
      vertex 77.4251 6.92513 2.4
      vertex 78.91 8.41005 2.4
      vertex 77.6796 6.69446 2.4
    endloop
  endfacet
  facet normal -0 0 -1
    outer loop
      vertex 78.91 8.41005 2.4
      vertex 77.4251 6.92513 2.4
      vertex 78.8178 8.51185 2.4
    endloop
  endfacet
  facet normal 0 0 -1
    outer loop
      vertex 77.1945 7.17962 2.4
      vertex 78.8178 8.51185 2.4
      vertex 77.4251 6.92513 2.4
    endloop
  endfacet
  facet normal -0 0 -1
    outer loop
      vertex 78.8178 8.51185 2.4
      vertex 77.1945 7.17962 2.4
      vertex 78.7359 8.6222 2.4
    endloop
  endfacet
  facet normal 0 0 -1
    outer loop
      vertex 76.9899 7.4555 2.4
      vertex 78.7359 8.6222 2.4
      vertex 77.1945 7.17962 2.4
    endloop
  endfacet
  facet normal -0 0 -1
    outer loop
      vertex 78.7359 8.6222 2.4
      vertex 76.9899 7.4555 2.4
      vertex 78.6653 8.74004 2.4
    endloop
  endfacet
  facet normal 0 0 -1
    outer loop
      vertex 81.0641 10.1778 2.4
      vertex 82.8101 11.3445 2.4
      vertex 81.1347 10.06 2.4
    endloop
  endfacet
  facet normal -0 0 -1
    outer loop
      vertex 82.8101 11.3445 2.4
      vertex 81.0641 10.1778 2.4
      vertex 82.6055 11.6204 2.4
    endloop
  endfacet
  facet normal 0 0 -1
    outer loop
      vertex 80.9822 10.2881 2.4
      vertex 82.6055 11.6204 2.4
      vertex 81.0641 10.1778 2.4
    endloop
  endfacet
  facet normal -0 0 -1
    outer loop
      vertex 82.6055 11.6204 2.4
      vertex 80.9822 10.2881 2.4
      vertex 82.3749 11.8749 2.4
    endloop
  endfacet
  facet normal 0 0 -1
    outer loop
      vertex 80.8899 10.3899 2.4
      vertex 82.3749 11.8749 2.4
      vertex 80.9822 10.2881 2.4
    endloop
  endfacet
  facet normal -0 0 -1
    outer loop
      vertex 82.3749 11.8749 2.4
      vertex 80.8899 10.3899 2.4
      vertex 82.1204 12.1055 2.4
    endloop
  endfacet
  facet normal 0 0 -1
    outer loop
      vertex 80.7881 10.4822 2.4
      vertex 82.1204 12.1055 2.4
      vertex 80.8899 10.3899 2.4
    endloop
  endfacet
  facet normal -0 0 -1
    outer loop
      vertex 82.1204 12.1055 2.4
      vertex 80.7881 10.4822 2.4
      vertex 81.8445 12.3101 2.4
    endloop
  endfacet
  facet normal 0 0 -1
    outer loop
      vertex 80.6778 10.5641 2.4
      vertex 81.8445 12.3101 2.4
      vertex 80.7881 10.4822 2.4
    endloop
  endfacet
  facet normal -0 0 -1
    outer loop
      vertex 81.8445 12.3101 2.4
      vertex 80.6778 10.5641 2.4
      vertex 81.5499 12.4867 2.4
    endloop
  endfacet
  facet normal 0 0 -1
    outer loop
      vertex 80.56 10.6347 2.4
      vertex 81.5499 12.4867 2.4
      vertex 80.6778 10.5641 2.4
    endloop
  endfacet
  facet normal -0 0 -1
    outer loop
      vertex 81.5499 12.4867 2.4
      vertex 80.56 10.6347 2.4
      vertex 81.2394 12.6336 2.4
    endloop
  endfacet
  facet normal 0 0 -1
    outer loop
      vertex 80.4358 10.6934 2.4
      vertex 81.2394 12.6336 2.4
      vertex 80.56 10.6347 2.4
    endloop
  endfacet
  facet normal -0 0 -1
    outer loop
      vertex 81.2394 12.6336 2.4
      vertex 80.4358 10.6934 2.4
      vertex 80.916 12.7493 2.4
    endloop
  endfacet
  facet normal 0 0 -1
    outer loop
      vertex 80.3064 10.7397 2.4
      vertex 80.916 12.7493 2.4
      vertex 80.4358 10.6934 2.4
    endloop
  endfacet
  facet normal -0 0 -1
    outer loop
      vertex 80.916 12.7493 2.4
      vertex 80.3064 10.7397 2.4
      vertex 80.5828 12.8327 2.4
    endloop
  endfacet
  facet normal 0 0 -1
    outer loop
      vertex 80.1731 10.7731 2.4
      vertex 80.5828 12.8327 2.4
      vertex 80.3064 10.7397 2.4
    endloop
  endfacet
  facet normal -0 0 -1
    outer loop
      vertex 80.5828 12.8327 2.4
      vertex 80.1731 10.7731 2.4
      vertex 80.2431 12.8831 2.4
    endloop
  endfacet
  facet normal 0 0 -1
    outer loop
      vertex 80.0372 10.7933 2.4
      vertex 80.2431 12.8831 2.4
      vertex 80.1731 10.7731 2.4
    endloop
  endfacet
  facet normal 0 0 -1
    outer loop
      vertex 79.9 10.8 2.4
      vertex 80.2431 12.8831 2.4
      vertex 80.0372 10.7933 2.4
    endloop
  endfacet
  facet normal 0 0 -1
    outer loop
      vertex 79.9 10.8 2.4
      vertex 79.9 12.9 2.4
      vertex 80.2431 12.8831 2.4
    endloop
  endfacet
  facet normal 0 0 -1
    outer loop
      vertex 79.7628 10.7933 2.4
      vertex 79.9 12.9 2.4
      vertex 79.9 10.8 2.4
    endloop
  endfacet
  facet normal 0 0 -1
    outer loop
      vertex 79.5569 12.8831 2.4
      vertex 79.7628 10.7933 2.4
      vertex 79.6269 10.7731 2.4
    endloop
  endfacet
  facet normal 0 0 -1
    outer loop
      vertex 79.7628 10.7933 2.4
      vertex 79.5569 12.8831 2.4
      vertex 79.9 12.9 2.4
    endloop
  endfacet
  facet normal 0 0 -1
    outer loop
      vertex 79.2172 12.8327 2.4
      vertex 79.6269 10.7731 2.4
      vertex 79.4936 10.7397 2.4
    endloop
  endfacet
  facet normal 0 0 -1
    outer loop
      vertex 78.884 12.7493 2.4
      vertex 79.4936 10.7397 2.4
      vertex 79.3642 10.6934 2.4
    endloop
  endfacet
  facet normal 0 0 -1
    outer loop
      vertex 78.5606 12.6336 2.4
      vertex 79.3642 10.6934 2.4
      vertex 79.24 10.6347 2.4
    endloop
  endfacet
  facet normal 0 0 -1
    outer loop
      vertex 79.6269 10.7731 2.4
      vertex 79.2172 12.8327 2.4
      vertex 79.5569 12.8831 2.4
    endloop
  endfacet
  facet normal 0 0 -1
    outer loop
      vertex 78.2501 12.4867 2.4
      vertex 79.24 10.6347 2.4
      vertex 79.1222 10.5641 2.4
    endloop
  endfacet
  facet normal 0 0 -1
    outer loop
      vertex 77.9555 12.3101 2.4
      vertex 79.1222 10.5641 2.4
      vertex 79.0118 10.4822 2.4
    endloop
  endfacet
  facet normal 0 0 -1
    outer loop
      vertex 77.6796 12.1055 2.4
      vertex 79.0118 10.4822 2.4
      vertex 78.91 10.3899 2.4
    endloop
  endfacet
  facet normal 0 0 -1
    outer loop
      vertex 79.4936 10.7397 2.4
      vertex 78.884 12.7493 2.4
      vertex 79.2172 12.8327 2.4
    endloop
  endfacet
  facet normal 0 0 -1
    outer loop
      vertex 77.4251 11.8749 2.4
      vertex 78.91 10.3899 2.4
      vertex 78.8178 10.2881 2.4
    endloop
  endfacet
  facet normal 0 0 -1
    outer loop
      vertex 77.1945 11.6204 2.4
      vertex 78.8178 10.2881 2.4
      vertex 78.7359 10.1778 2.4
    endloop
  endfacet
  facet normal 0 0 -1
    outer loop
      vertex 76.9899 11.3445 2.4
      vertex 78.7359 10.1778 2.4
      vertex 78.6653 10.06 2.4
    endloop
  endfacet
  facet normal 0 0 -1
    outer loop
      vertex 76.8133 11.0499 2.4
      vertex 78.6653 10.06 2.4
      vertex 78.6066 9.93576 2.4
    endloop
  endfacet
  facet normal 0 0 -1
    outer loop
      vertex 79.3642 10.6934 2.4
      vertex 78.5606 12.6336 2.4
      vertex 78.884 12.7493 2.4
    endloop
  endfacet
  facet normal 0 0 -1
    outer loop
      vertex 76.6664 10.7394 2.4
      vertex 78.6066 9.93576 2.4
      vertex 78.5603 9.8064 2.4
    endloop
  endfacet
  facet normal 0 0 -1
    outer loop
      vertex 76.5507 10.416 2.4
      vertex 78.5603 9.8064 2.4
      vertex 78.5269 9.67313 2.4
    endloop
  endfacet
  facet normal 0 0 -1
    outer loop
      vertex 76.4673 10.0828 2.4
      vertex 78.5269 9.67313 2.4
      vertex 78.5067 9.53722 2.4
    endloop
  endfacet
  facet normal 0 0 -1
    outer loop
      vertex 76.4169 9.74306 2.4
      vertex 78.5067 9.53722 2.4
      vertex 78.5 9.4 2.4
    endloop
  endfacet
  facet normal 0 0 -1
    outer loop
      vertex 76.8133 7.75011 2.4
      vertex 78.6653 8.74004 2.4
      vertex 76.9899 7.4555 2.4
    endloop
  endfacet
  facet normal 0 0 -1
    outer loop
      vertex 79.24 10.6347 2.4
      vertex 78.2501 12.4867 2.4
      vertex 78.5606 12.6336 2.4
    endloop
  endfacet
  facet normal -0 0 -1
    outer loop
      vertex 78.6653 8.74004 2.4
      vertex 76.8133 7.75011 2.4
      vertex 78.6066 8.86424 2.4
    endloop
  endfacet
  facet normal 0 0 -1
    outer loop
      vertex 79.1222 10.5641 2.4
      vertex 77.9555 12.3101 2.4
      vertex 78.2501 12.4867 2.4
    endloop
  endfacet
  facet normal 0 0 -1
    outer loop
      vertex 76.6664 8.06061 2.4
      vertex 78.6066 8.86424 2.4
      vertex 76.8133 7.75011 2.4
    endloop
  endfacet
  facet normal 0 0 -1
    outer loop
      vertex 79.0118 10.4822 2.4
      vertex 77.6796 12.1055 2.4
      vertex 77.9555 12.3101 2.4
    endloop
  endfacet
  facet normal -0 0 -1
    outer loop
      vertex 78.6066 8.86424 2.4
      vertex 76.6664 8.06061 2.4
      vertex 78.5603 8.9936 2.4
    endloop
  endfacet
  facet normal 0 0 -1
    outer loop
      vertex 78.91 10.3899 2.4
      vertex 77.4251 11.8749 2.4
      vertex 77.6796 12.1055 2.4
    endloop
  endfacet
  facet normal 0 0 -1
    outer loop
      vertex 76.5507 8.384 2.4
      vertex 78.5603 8.9936 2.4
      vertex 76.6664 8.06061 2.4
    endloop
  endfacet
  facet normal 0 0 -1
    outer loop
      vertex 78.8178 10.2881 2.4
      vertex 77.1945 11.6204 2.4
      vertex 77.4251 11.8749 2.4
    endloop
  endfacet
  facet normal -0 0 -1
    outer loop
      vertex 78.5603 8.9936 2.4
      vertex 76.5507 8.384 2.4
      vertex 78.5269 9.12687 2.4
    endloop
  endfacet
  facet normal 0 0 -1
    outer loop
      vertex 78.7359 10.1778 2.4
      vertex 76.9899 11.3445 2.4
      vertex 77.1945 11.6204 2.4
    endloop
  endfacet
  facet normal 0 0 -1
    outer loop
      vertex 76.4673 8.71718 2.4
      vertex 78.5269 9.12687 2.4
      vertex 76.5507 8.384 2.4
    endloop
  endfacet
  facet normal 0 0 -1
    outer loop
      vertex 78.6653 10.06 2.4
      vertex 76.8133 11.0499 2.4
      vertex 76.9899 11.3445 2.4
    endloop
  endfacet
  facet normal -0 0 -1
    outer loop
      vertex 78.5269 9.12687 2.4
      vertex 76.4673 8.71718 2.4
      vertex 78.5067 9.26278 2.4
    endloop
  endfacet
  facet normal 0 0 -1
    outer loop
      vertex 78.6066 9.93576 2.4
      vertex 76.6664 10.7394 2.4
      vertex 76.8133 11.0499 2.4
    endloop
  endfacet
  facet normal 0 0 -1
    outer loop
      vertex 76.4169 9.05694 2.4
      vertex 78.5067 9.26278 2.4
      vertex 76.4673 8.71718 2.4
    endloop
  endfacet
  facet normal 0 0 -1
    outer loop
      vertex 78.5603 9.8064 2.4
      vertex 76.5507 10.416 2.4
      vertex 76.6664 10.7394 2.4
    endloop
  endfacet
  facet normal -0 0 -1
    outer loop
      vertex 78.5067 9.26278 2.4
      vertex 76.4169 9.05694 2.4
      vertex 78.5 9.4 2.4
    endloop
  endfacet
  facet normal 0 0 -1
    outer loop
      vertex 78.5269 9.67313 2.4
      vertex 76.4673 10.0828 2.4
      vertex 76.5507 10.416 2.4
    endloop
  endfacet
  facet normal 0 0 -1
    outer loop
      vertex 76.4 9.4 2.4
      vertex 78.5 9.4 2.4
      vertex 76.4169 9.05694 2.4
    endloop
  endfacet
  facet normal 0 0 -1
    outer loop
      vertex 78.5067 9.53722 2.4
      vertex 76.4169 9.74306 2.4
      vertex 76.4673 10.0828 2.4
    endloop
  endfacet
  facet normal 0 0 -1
    outer loop
      vertex 78.5 9.4 2.4
      vertex 76.4 9.4 2.4
      vertex 76.4169 9.74306 2.4
    endloop
  endfacet
  facet normal 0 0 1
    outer loop
      vertex 81.3 9.4 26.4
      vertex 83.4 9.4 26.4
      vertex 83.3831 9.74306 26.4
    endloop
  endfacet
  facet normal 0 0 1
    outer loop
      vertex 81.2933 9.53722 26.4
      vertex 83.3831 9.74306 26.4
      vertex 83.3327 10.0828 26.4
    endloop
  endfacet
  facet normal 0 0 1
    outer loop
      vertex 83.4 9.4 26.4
      vertex 81.3 9.4 26.4
      vertex 83.3831 9.05694 26.4
    endloop
  endfacet
  facet normal 0 0 1
    outer loop
      vertex 81.2731 9.67313 26.4
      vertex 83.3327 10.0828 26.4
      vertex 83.2493 10.416 26.4
    endloop
  endfacet
  facet normal -0 0 1
    outer loop
      vertex 81.2933 9.26278 26.4
      vertex 83.3831 9.05694 26.4
      vertex 81.3 9.4 26.4
    endloop
  endfacet
  facet normal 0 0 1
    outer loop
      vertex 81.2397 9.8064 26.4
      vertex 83.2493 10.416 26.4
      vertex 83.1336 10.7394 26.4
    endloop
  endfacet
  facet normal 0 0 1
    outer loop
      vertex 83.3831 9.05694 26.4
      vertex 81.2933 9.26278 26.4
      vertex 83.3327 8.71718 26.4
    endloop
  endfacet
  facet normal 0 0 1
    outer loop
      vertex 81.1934 9.93576 26.4
      vertex 83.1336 10.7394 26.4
      vertex 82.9867 11.0499 26.4
    endloop
  endfacet
  facet normal -0 0 1
    outer loop
      vertex 81.2731 9.12687 26.4
      vertex 83.3327 8.71718 26.4
      vertex 81.2933 9.26278 26.4
    endloop
  endfacet
  facet normal 0 0 1
    outer loop
      vertex 81.1347 10.06 26.4
      vertex 82.9867 11.0499 26.4
      vertex 82.8101 11.3445 26.4
    endloop
  endfacet
  facet normal 0 0 1
    outer loop
      vertex 83.3327 8.71718 26.4
      vertex 81.2731 9.12687 26.4
      vertex 83.2493 8.384 26.4
    endloop
  endfacet
  facet normal 0 0 1
    outer loop
      vertex 81.0641 10.1778 26.4
      vertex 82.8101 11.3445 26.4
      vertex 82.6055 11.6204 26.4
    endloop
  endfacet
  facet normal -0 0 1
    outer loop
      vertex 81.2397 8.9936 26.4
      vertex 83.2493 8.384 26.4
      vertex 81.2731 9.12687 26.4
    endloop
  endfacet
  facet normal 0 0 1
    outer loop
      vertex 80.9822 10.2881 26.4
      vertex 82.6055 11.6204 26.4
      vertex 82.3749 11.8749 26.4
    endloop
  endfacet
  facet normal 0 0 1
    outer loop
      vertex 83.2493 8.384 26.4
      vertex 81.2397 8.9936 26.4
      vertex 83.1336 8.06061 26.4
    endloop
  endfacet
  facet normal 0 0 1
    outer loop
      vertex 80.8899 10.3899 26.4
      vertex 82.3749 11.8749 26.4
      vertex 82.1204 12.1055 26.4
    endloop
  endfacet
  facet normal -0 0 1
    outer loop
      vertex 81.1934 8.86424 26.4
      vertex 83.1336 8.06061 26.4
      vertex 81.2397 8.9936 26.4
    endloop
  endfacet
  facet normal 0 0 1
    outer loop
      vertex 80.7881 10.4822 26.4
      vertex 82.1204 12.1055 26.4
      vertex 81.8445 12.3101 26.4
    endloop
  endfacet
  facet normal 0 0 1
    outer loop
      vertex 83.1336 8.06061 26.4
      vertex 81.1934 8.86424 26.4
      vertex 82.9867 7.75011 26.4
    endloop
  endfacet
  facet normal 0 0 1
    outer loop
      vertex 80.6778 10.5641 26.4
      vertex 81.8445 12.3101 26.4
      vertex 81.5499 12.4867 26.4
    endloop
  endfacet
  facet normal -0 0 1
    outer loop
      vertex 81.1347 8.74004 26.4
      vertex 82.9867 7.75011 26.4
      vertex 81.1934 8.86424 26.4
    endloop
  endfacet
  facet normal 0 0 1
    outer loop
      vertex 82.9867 7.75011 26.4
      vertex 81.1347 8.74004 26.4
      vertex 82.8101 7.4555 26.4
    endloop
  endfacet
  facet normal 0 0 1
    outer loop
      vertex 83.3831 9.74306 26.4
      vertex 81.2933 9.53722 26.4
      vertex 81.3 9.4 26.4
    endloop
  endfacet
  facet normal 0 0 1
    outer loop
      vertex 83.3327 10.0828 26.4
      vertex 81.2731 9.67313 26.4
      vertex 81.2933 9.53722 26.4
    endloop
  endfacet
  facet normal 0 0 1
    outer loop
      vertex 83.2493 10.416 26.4
      vertex 81.2397 9.8064 26.4
      vertex 81.2731 9.67313 26.4
    endloop
  endfacet
  facet normal 0 0 1
    outer loop
      vertex 80.56 10.6347 26.4
      vertex 81.5499 12.4867 26.4
      vertex 81.2394 12.6336 26.4
    endloop
  endfacet
  facet normal 0 0 1
    outer loop
      vertex 83.1336 10.7394 26.4
      vertex 81.1934 9.93576 26.4
      vertex 81.2397 9.8064 26.4
    endloop
  endfacet
  facet normal 0 0 1
    outer loop
      vertex 82.9867 11.0499 26.4
      vertex 81.1347 10.06 26.4
      vertex 81.1934 9.93576 26.4
    endloop
  endfacet
  facet normal 0 0 1
    outer loop
      vertex 82.8101 11.3445 26.4
      vertex 81.0641 10.1778 26.4
      vertex 81.1347 10.06 26.4
    endloop
  endfacet
  facet normal 0 0 1
    outer loop
      vertex 82.6055 11.6204 26.4
      vertex 80.9822 10.2881 26.4
      vertex 81.0641 10.1778 26.4
    endloop
  endfacet
  facet normal 0 0 1
    outer loop
      vertex 80.4358 10.6934 26.4
      vertex 81.2394 12.6336 26.4
      vertex 80.916 12.7493 26.4
    endloop
  endfacet
  facet normal 0 0 1
    outer loop
      vertex 82.3749 11.8749 26.4
      vertex 80.8899 10.3899 26.4
      vertex 80.9822 10.2881 26.4
    endloop
  endfacet
  facet normal 0 0 1
    outer loop
      vertex 82.1204 12.1055 26.4
      vertex 80.7881 10.4822 26.4
      vertex 80.8899 10.3899 26.4
    endloop
  endfacet
  facet normal 0 0 1
    outer loop
      vertex 81.8445 12.3101 26.4
      vertex 80.6778 10.5641 26.4
      vertex 80.7881 10.4822 26.4
    endloop
  endfacet
  facet normal 0 0 1
    outer loop
      vertex 80.3064 10.7397 26.4
      vertex 80.916 12.7493 26.4
      vertex 80.5828 12.8327 26.4
    endloop
  endfacet
  facet normal 0 0 1
    outer loop
      vertex 81.5499 12.4867 26.4
      vertex 80.56 10.6347 26.4
      vertex 80.6778 10.5641 26.4
    endloop
  endfacet
  facet normal 0 0 1
    outer loop
      vertex 81.2394 12.6336 26.4
      vertex 80.4358 10.6934 26.4
      vertex 80.56 10.6347 26.4
    endloop
  endfacet
  facet normal 0 0 1
    outer loop
      vertex 80.916 12.7493 26.4
      vertex 80.3064 10.7397 26.4
      vertex 80.4358 10.6934 26.4
    endloop
  endfacet
  facet normal 0 0 1
    outer loop
      vertex 80.1731 10.7731 26.4
      vertex 80.5828 12.8327 26.4
      vertex 80.2431 12.8831 26.4
    endloop
  endfacet
  facet normal 0 0 1
    outer loop
      vertex 80.5828 12.8327 26.4
      vertex 80.1731 10.7731 26.4
      vertex 80.3064 10.7397 26.4
    endloop
  endfacet
  facet normal 0 0 1
    outer loop
      vertex 80.2431 12.8831 26.4
      vertex 80.0372 10.7933 26.4
      vertex 80.1731 10.7731 26.4
    endloop
  endfacet
  facet normal 0 0 1
    outer loop
      vertex 79.9 12.9 26.4
      vertex 80.0372 10.7933 26.4
      vertex 80.2431 12.8831 26.4
    endloop
  endfacet
  facet normal 0 0 1
    outer loop
      vertex 79.9 12.9 26.4
      vertex 79.9 10.8 26.4
      vertex 80.0372 10.7933 26.4
    endloop
  endfacet
  facet normal 0 0 1
    outer loop
      vertex 79.9 12.9 26.4
      vertex 79.7628 10.7933 26.4
      vertex 79.9 10.8 26.4
    endloop
  endfacet
  facet normal -0 0 1
    outer loop
      vertex 79.5569 12.8831 26.4
      vertex 79.7628 10.7933 26.4
      vertex 79.9 12.9 26.4
    endloop
  endfacet
  facet normal 0 0 1
    outer loop
      vertex 79.7628 10.7933 26.4
      vertex 79.5569 12.8831 26.4
      vertex 79.6269 10.7731 26.4
    endloop
  endfacet
  facet normal -0 0 1
    outer loop
      vertex 79.2172 12.8327 26.4
      vertex 79.6269 10.7731 26.4
      vertex 79.5569 12.8831 26.4
    endloop
  endfacet
  facet normal 0 0 1
    outer loop
      vertex 79.6269 10.7731 26.4
      vertex 79.2172 12.8327 26.4
      vertex 79.4936 10.7397 26.4
    endloop
  endfacet
  facet normal -0 0 1
    outer loop
      vertex 78.884 12.7493 26.4
      vertex 79.4936 10.7397 26.4
      vertex 79.2172 12.8327 26.4
    endloop
  endfacet
  facet normal 0 0 1
    outer loop
      vertex 79.4936 10.7397 26.4
      vertex 78.884 12.7493 26.4
      vertex 79.3642 10.6934 26.4
    endloop
  endfacet
  facet normal -0 0 1
    outer loop
      vertex 78.5606 12.6336 26.4
      vertex 79.3642 10.6934 26.4
      vertex 78.884 12.7493 26.4
    endloop
  endfacet
  facet normal 0 0 1
    outer loop
      vertex 79.3642 10.6934 26.4
      vertex 78.5606 12.6336 26.4
      vertex 79.24 10.6347 26.4
    endloop
  endfacet
  facet normal -0 0 1
    outer loop
      vertex 78.2501 12.4867 26.4
      vertex 79.24 10.6347 26.4
      vertex 78.5606 12.6336 26.4
    endloop
  endfacet
  facet normal 0 0 1
    outer loop
      vertex 79.24 10.6347 26.4
      vertex 78.2501 12.4867 26.4
      vertex 79.1222 10.5641 26.4
    endloop
  endfacet
  facet normal -0 0 1
    outer loop
      vertex 77.9555 12.3101 26.4
      vertex 79.1222 10.5641 26.4
      vertex 78.2501 12.4867 26.4
    endloop
  endfacet
  facet normal 0 0 1
    outer loop
      vertex 79.1222 10.5641 26.4
      vertex 77.9555 12.3101 26.4
      vertex 79.0118 10.4822 26.4
    endloop
  endfacet
  facet normal -0 0 1
    outer loop
      vertex 77.6796 12.1055 26.4
      vertex 79.0118 10.4822 26.4
      vertex 77.9555 12.3101 26.4
    endloop
  endfacet
  facet normal 0 0 1
    outer loop
      vertex 79.0118 10.4822 26.4
      vertex 77.6796 12.1055 26.4
      vertex 78.91 10.3899 26.4
    endloop
  endfacet
  facet normal -0 0 1
    outer loop
      vertex 77.4251 11.8749 26.4
      vertex 78.91 10.3899 26.4
      vertex 77.6796 12.1055 26.4
    endloop
  endfacet
  facet normal 0 0 1
    outer loop
      vertex 78.91 10.3899 26.4
      vertex 77.4251 11.8749 26.4
      vertex 78.8178 10.2881 26.4
    endloop
  endfacet
  facet normal -0 0 1
    outer loop
      vertex 77.1945 11.6204 26.4
      vertex 78.8178 10.2881 26.4
      vertex 77.4251 11.8749 26.4
    endloop
  endfacet
  facet normal 0 0 1
    outer loop
      vertex 78.8178 10.2881 26.4
      vertex 77.1945 11.6204 26.4
      vertex 78.7359 10.1778 26.4
    endloop
  endfacet
  facet normal -0 0 1
    outer loop
      vertex 76.9899 11.3445 26.4
      vertex 78.7359 10.1778 26.4
      vertex 77.1945 11.6204 26.4
    endloop
  endfacet
  facet normal 0 0 1
    outer loop
      vertex 78.7359 10.1778 26.4
      vertex 76.9899 11.3445 26.4
      vertex 78.6653 10.06 26.4
    endloop
  endfacet
  facet normal -0 0 1
    outer loop
      vertex 81.0641 8.6222 26.4
      vertex 82.8101 7.4555 26.4
      vertex 81.1347 8.74004 26.4
    endloop
  endfacet
  facet normal 0 0 1
    outer loop
      vertex 82.8101 7.4555 26.4
      vertex 81.0641 8.6222 26.4
      vertex 82.6055 7.17962 26.4
    endloop
  endfacet
  facet normal -0 0 1
    outer loop
      vertex 80.9822 8.51185 26.4
      vertex 82.6055 7.17962 26.4
      vertex 81.0641 8.6222 26.4
    endloop
  endfacet
  facet normal 0 0 1
    outer loop
      vertex 82.6055 7.17962 26.4
      vertex 80.9822 8.51185 26.4
      vertex 82.3749 6.92513 26.4
    endloop
  endfacet
  facet normal -0 0 1
    outer loop
      vertex 80.8899 8.41005 26.4
      vertex 82.3749 6.92513 26.4
      vertex 80.9822 8.51185 26.4
    endloop
  endfacet
  facet normal 0 0 1
    outer loop
      vertex 82.3749 6.92513 26.4
      vertex 80.8899 8.41005 26.4
      vertex 82.1204 6.69446 26.4
    endloop
  endfacet
  facet normal -0 0 1
    outer loop
      vertex 80.7881 8.31779 26.4
      vertex 82.1204 6.69446 26.4
      vertex 80.8899 8.41005 26.4
    endloop
  endfacet
  facet normal 0 0 1
    outer loop
      vertex 82.1204 6.69446 26.4
      vertex 80.7881 8.31779 26.4
      vertex 81.8445 6.48986 26.4
    endloop
  endfacet
  facet normal -0 0 1
    outer loop
      vertex 80.6778 8.23594 26.4
      vertex 81.8445 6.48986 26.4
      vertex 80.7881 8.31779 26.4
    endloop
  endfacet
  facet normal 0 0 1
    outer loop
      vertex 81.8445 6.48986 26.4
      vertex 80.6778 8.23594 26.4
      vertex 81.5499 6.31328 26.4
    endloop
  endfacet
  facet normal -0 0 1
    outer loop
      vertex 80.56 8.16531 26.4
      vertex 81.5499 6.31328 26.4
      vertex 80.6778 8.23594 26.4
    endloop
  endfacet
  facet normal 0 0 1
    outer loop
      vertex 81.5499 6.31328 26.4
      vertex 80.56 8.16531 26.4
      vertex 81.2394 6.16642 26.4
    endloop
  endfacet
  facet normal -0 0 1
    outer loop
      vertex 80.4358 8.10657 26.4
      vertex 81.2394 6.16642 26.4
      vertex 80.56 8.16531 26.4
    endloop
  endfacet
  facet normal 0 0 1
    outer loop
      vertex 81.2394 6.16642 26.4
      vertex 80.4358 8.10657 26.4
      vertex 80.916 6.05071 26.4
    endloop
  endfacet
  facet normal -0 0 1
    outer loop
      vertex 80.3064 8.06028 26.4
      vertex 80.916 6.05071 26.4
      vertex 80.4358 8.10657 26.4
    endloop
  endfacet
  facet normal 0 0 1
    outer loop
      vertex 80.916 6.05071 26.4
      vertex 80.3064 8.06028 26.4
      vertex 80.5828 5.96725 26.4
    endloop
  endfacet
  facet normal -0 0 1
    outer loop
      vertex 80.1731 8.0269 26.4
      vertex 80.5828 5.96725 26.4
      vertex 80.3064 8.06028 26.4
    endloop
  endfacet
  facet normal 0 0 1
    outer loop
      vertex 80.5828 5.96725 26.4
      vertex 80.1731 8.0269 26.4
      vertex 80.2431 5.91685 26.4
    endloop
  endfacet
  facet normal -0 0 1
    outer loop
      vertex 80.0372 8.00674 26.4
      vertex 80.2431 5.91685 26.4
      vertex 80.1731 8.0269 26.4
    endloop
  endfacet
  facet normal -0 0 1
    outer loop
      vertex 79.9 8 26.4
      vertex 80.2431 5.91685 26.4
      vertex 80.0372 8.00674 26.4
    endloop
  endfacet
  facet normal 0 0 1
    outer loop
      vertex 79.9 8 26.4
      vertex 79.9 5.9 26.4
      vertex 80.2431 5.91685 26.4
    endloop
  endfacet
  facet normal 0 0 1
    outer loop
      vertex 79.7628 8.00674 26.4
      vertex 79.9 5.9 26.4
      vertex 79.9 8 26.4
    endloop
  endfacet
  facet normal 0 0 1
    outer loop
      vertex 79.5569 5.91685 26.4
      vertex 79.7628 8.00674 26.4
      vertex 79.6269 8.0269 26.4
    endloop
  endfacet
  facet normal 0 0 1
    outer loop
      vertex 79.7628 8.00674 26.4
      vertex 79.5569 5.91685 26.4
      vertex 79.9 5.9 26.4
    endloop
  endfacet
  facet normal 0 0 1
    outer loop
      vertex 79.2172 5.96725 26.4
      vertex 79.6269 8.0269 26.4
      vertex 79.4936 8.06028 26.4
    endloop
  endfacet
  facet normal 0 0 1
    outer loop
      vertex 78.884 6.05071 26.4
      vertex 79.4936 8.06028 26.4
      vertex 79.3642 8.10657 26.4
    endloop
  endfacet
  facet normal 0 0 1
    outer loop
      vertex 78.5606 6.16642 26.4
      vertex 79.3642 8.10657 26.4
      vertex 79.24 8.16531 26.4
    endloop
  endfacet
  facet normal 0 0 1
    outer loop
      vertex 79.6269 8.0269 26.4
      vertex 79.2172 5.96725 26.4
      vertex 79.5569 5.91685 26.4
    endloop
  endfacet
  facet normal 0 0 1
    outer loop
      vertex 78.2501 6.31328 26.4
      vertex 79.24 8.16531 26.4
      vertex 79.1222 8.23594 26.4
    endloop
  endfacet
  facet normal 0 0 1
    outer loop
      vertex 77.9555 6.48986 26.4
      vertex 79.1222 8.23594 26.4
      vertex 79.0118 8.31779 26.4
    endloop
  endfacet
  facet normal 0 0 1
    outer loop
      vertex 77.6796 6.69446 26.4
      vertex 79.0118 8.31779 26.4
      vertex 78.91 8.41005 26.4
    endloop
  endfacet
  facet normal 0 0 1
    outer loop
      vertex 79.4936 8.06028 26.4
      vertex 78.884 6.05071 26.4
      vertex 79.2172 5.96725 26.4
    endloop
  endfacet
  facet normal 0 0 1
    outer loop
      vertex 77.4251 6.92513 26.4
      vertex 78.91 8.41005 26.4
      vertex 78.8178 8.51185 26.4
    endloop
  endfacet
  facet normal 0 0 1
    outer loop
      vertex 77.1945 7.17962 26.4
      vertex 78.8178 8.51185 26.4
      vertex 78.7359 8.6222 26.4
    endloop
  endfacet
  facet normal 0 0 1
    outer loop
      vertex 76.9899 7.4555 26.4
      vertex 78.7359 8.6222 26.4
      vertex 78.6653 8.74004 26.4
    endloop
  endfacet
  facet normal 0 0 1
    outer loop
      vertex 76.8133 7.75011 26.4
      vertex 78.6653 8.74004 26.4
      vertex 78.6066 8.86424 26.4
    endloop
  endfacet
  facet normal 0 0 1
    outer loop
      vertex 79.3642 8.10657 26.4
      vertex 78.5606 6.16642 26.4
      vertex 78.884 6.05071 26.4
    endloop
  endfacet
  facet normal 0 0 1
    outer loop
      vertex 76.6664 8.06061 26.4
      vertex 78.6066 8.86424 26.4
      vertex 78.5603 8.9936 26.4
    endloop
  endfacet
  facet normal 0 0 1
    outer loop
      vertex 76.5507 8.384 26.4
      vertex 78.5603 8.9936 26.4
      vertex 78.5269 9.12687 26.4
    endloop
  endfacet
  facet normal 0 0 1
    outer loop
      vertex 76.4673 8.71718 26.4
      vertex 78.5269 9.12687 26.4
      vertex 78.5067 9.26278 26.4
    endloop
  endfacet
  facet normal 0 0 1
    outer loop
      vertex 76.4169 9.05694 26.4
      vertex 78.5067 9.26278 26.4
      vertex 78.5 9.4 26.4
    endloop
  endfacet
  facet normal -0 0 1
    outer loop
      vertex 76.8133 11.0499 26.4
      vertex 78.6653 10.06 26.4
      vertex 76.9899 11.3445 26.4
    endloop
  endfacet
  facet normal 0 0 1
    outer loop
      vertex 79.24 8.16531 26.4
      vertex 78.2501 6.31328 26.4
      vertex 78.5606 6.16642 26.4
    endloop
  endfacet
  facet normal 0 0 1
    outer loop
      vertex 78.6653 10.06 26.4
      vertex 76.8133 11.0499 26.4
      vertex 78.6066 9.93576 26.4
    endloop
  endfacet
  facet normal 0 0 1
    outer loop
      vertex 79.1222 8.23594 26.4
      vertex 77.9555 6.48986 26.4
      vertex 78.2501 6.31328 26.4
    endloop
  endfacet
  facet normal -0 0 1
    outer loop
      vertex 76.6664 10.7394 26.4
      vertex 78.6066 9.93576 26.4
      vertex 76.8133 11.0499 26.4
    endloop
  endfacet
  facet normal 0 0 1
    outer loop
      vertex 79.0118 8.31779 26.4
      vertex 77.6796 6.69446 26.4
      vertex 77.9555 6.48986 26.4
    endloop
  endfacet
  facet normal 0 0 1
    outer loop
      vertex 78.6066 9.93576 26.4
      vertex 76.6664 10.7394 26.4
      vertex 78.5603 9.8064 26.4
    endloop
  endfacet
  facet normal 0 0 1
    outer loop
      vertex 78.91 8.41005 26.4
      vertex 77.4251 6.92513 26.4
      vertex 77.6796 6.69446 26.4
    endloop
  endfacet
  facet normal -0 0 1
    outer loop
      vertex 76.5507 10.416 26.4
      vertex 78.5603 9.8064 26.4
      vertex 76.6664 10.7394 26.4
    endloop
  endfacet
  facet normal 0 0 1
    outer loop
      vertex 78.8178 8.51185 26.4
      vertex 77.1945 7.17962 26.4
      vertex 77.4251 6.92513 26.4
    endloop
  endfacet
  facet normal 0 0 1
    outer loop
      vertex 78.5603 9.8064 26.4
      vertex 76.5507 10.416 26.4
      vertex 78.5269 9.67313 26.4
    endloop
  endfacet
  facet normal 0 0 1
    outer loop
      vertex 78.7359 8.6222 26.4
      vertex 76.9899 7.4555 26.4
      vertex 77.1945 7.17962 26.4
    endloop
  endfacet
  facet normal -0 0 1
    outer loop
      vertex 76.4673 10.0828 26.4
      vertex 78.5269 9.67313 26.4
      vertex 76.5507 10.416 26.4
    endloop
  endfacet
  facet normal 0 0 1
    outer loop
      vertex 78.6653 8.74004 26.4
      vertex 76.8133 7.75011 26.4
      vertex 76.9899 7.4555 26.4
    endloop
  endfacet
  facet normal 0 0 1
    outer loop
      vertex 78.5269 9.67313 26.4
      vertex 76.4673 10.0828 26.4
      vertex 78.5067 9.53722 26.4
    endloop
  endfacet
  facet normal 0 0 1
    outer loop
      vertex 78.6066 8.86424 26.4
      vertex 76.6664 8.06061 26.4
      vertex 76.8133 7.75011 26.4
    endloop
  endfacet
  facet normal -0 0 1
    outer loop
      vertex 76.4169 9.74306 26.4
      vertex 78.5067 9.53722 26.4
      vertex 76.4673 10.0828 26.4
    endloop
  endfacet
  facet normal 0 0 1
    outer loop
      vertex 78.5603 8.9936 26.4
      vertex 76.5507 8.384 26.4
      vertex 76.6664 8.06061 26.4
    endloop
  endfacet
  facet normal 0 0 1
    outer loop
      vertex 78.5067 9.53722 26.4
      vertex 76.4169 9.74306 26.4
      vertex 78.5 9.4 26.4
    endloop
  endfacet
  facet normal 0 0 1
    outer loop
      vertex 78.5269 9.12687 26.4
      vertex 76.4673 8.71718 26.4
      vertex 76.5507 8.384 26.4
    endloop
  endfacet
  facet normal 0 0 1
    outer loop
      vertex 76.4 9.4 26.4
      vertex 78.5 9.4 26.4
      vertex 76.4169 9.74306 26.4
    endloop
  endfacet
  facet normal 0 0 1
    outer loop
      vertex 78.5067 9.26278 26.4
      vertex 76.4169 9.05694 26.4
      vertex 76.4673 8.71718 26.4
    endloop
  endfacet
  facet normal 0 0 1
    outer loop
      vertex 78.5 9.4 26.4
      vertex 76.4 9.4 26.4
      vertex 76.4169 9.05694 26.4
    endloop
  endfacet
  facet normal -0.989135 -0.147013 0
    outer loop
      vertex 81.2933 9.53722 2.4
      vertex 81.2731 9.67313 26.4
      vertex 81.2731 9.67313 2.4
    endloop
  endfacet
  facet normal -0.989135 -0.147013 0
    outer loop
      vertex 81.2731 9.67313 26.4
      vertex 81.2933 9.53722 2.4
      vertex 81.2933 9.53722 26.4
    endloop
  endfacet
  facet normal -0.99881 -0.0487686 0
    outer loop
      vertex 81.3 9.4 2.4
      vertex 81.2933 9.53722 26.4
      vertex 81.2933 9.53722 2.4
    endloop
  endfacet
  facet normal -0.99881 -0.0487686 0
    outer loop
      vertex 81.2933 9.53722 26.4
      vertex 81.3 9.4 2.4
      vertex 81.3 9.4 26.4
    endloop
  endfacet
  facet normal -0.970001 -0.243101 0
    outer loop
      vertex 81.2731 9.67313 2.4
      vertex 81.2397 9.8064 26.4
      vertex 81.2397 9.8064 2.4
    endloop
  endfacet
  facet normal -0.970001 -0.243101 0
    outer loop
      vertex 81.2397 9.8064 26.4
      vertex 81.2731 9.67313 2.4
      vertex 81.2731 9.67313 26.4
    endloop
  endfacet
  facet normal -0.427304 -0.904108 0
    outer loop
      vertex 80.4358 10.6934 2.4
      vertex 80.56 10.6347 26.4
      vertex 80.4358 10.6934 26.4
    endloop
  endfacet
  facet normal -0.427304 -0.904108 -0
    outer loop
      vertex 80.56 10.6347 26.4
      vertex 80.4358 10.6934 2.4
      vertex 80.56 10.6347 2.4
    endloop
  endfacet
  facet normal 0.242912 0.970048 -0
    outer loop
      vertex 79.6269 8.0269 2.4
      vertex 79.4936 8.06028 26.4
      vertex 79.6269 8.0269 26.4
    endloop
  endfacet
  facet normal 0.242912 0.970048 0
    outer loop
      vertex 79.4936 8.06028 26.4
      vertex 79.6269 8.0269 2.4
      vertex 79.4936 8.06028 2.4
    endloop
  endfacet
  facet normal 0.857827 0.513939 0
    outer loop
      vertex 78.7359 8.6222 26.4
      vertex 78.6653 8.74004 2.4
      vertex 78.6653 8.74004 26.4
    endloop
  endfacet
  facet normal 0.857827 0.513939 0
    outer loop
      vertex 78.6653 8.74004 2.4
      vertex 78.7359 8.6222 26.4
      vertex 78.7359 8.6222 2.4
    endloop
  endfacet
  facet normal -0.146739 0.989175 0
    outer loop
      vertex 80.1731 8.0269 2.4
      vertex 80.0372 8.00674 26.4
      vertex 80.1731 8.0269 26.4
    endloop
  endfacet
  facet normal -0.146739 0.989175 0
    outer loop
      vertex 80.0372 8.00674 26.4
      vertex 80.1731 8.0269 2.4
      vertex 80.0372 8.00674 2.4
    endloop
  endfacet
  facet normal -0.740829 -0.671694 0
    outer loop
      vertex 80.9822 10.2881 2.4
      vertex 80.8899 10.3899 26.4
      vertex 80.8899 10.3899 2.4
    endloop
  endfacet
  facet normal -0.740829 -0.671694 0
    outer loop
      vertex 80.8899 10.3899 26.4
      vertex 80.9822 10.2881 2.4
      vertex 80.9822 10.2881 26.4
    endloop
  endfacet
  facet normal 0.514067 -0.85775 0
    outer loop
      vertex 79.1222 10.5641 2.4
      vertex 79.24 10.6347 26.4
      vertex 79.1222 10.5641 26.4
    endloop
  endfacet
  facet normal 0.514067 -0.85775 0
    outer loop
      vertex 79.24 10.6347 26.4
      vertex 79.1222 10.5641 2.4
      vertex 79.24 10.6347 2.4
    endloop
  endfacet
  facet normal -0.740829 0.671694 0
    outer loop
      vertex 80.8899 8.41005 2.4
      vertex 80.9822 8.51185 26.4
      vertex 80.9822 8.51185 2.4
    endloop
  endfacet
  facet normal -0.740829 0.671694 0
    outer loop
      vertex 80.9822 8.51185 26.4
      vertex 80.8899 8.41005 2.4
      vertex 80.8899 8.41005 26.4
    endloop
  endfacet
  facet normal -0.514228 0.857653 0
    outer loop
      vertex 80.6778 8.23594 2.4
      vertex 80.56 8.16531 26.4
      vertex 80.6778 8.23594 26.4
    endloop
  endfacet
  facet normal -0.514228 0.857653 0
    outer loop
      vertex 80.56 8.16531 26.4
      vertex 80.6778 8.23594 2.4
      vertex 80.56 8.16531 2.4
    endloop
  endfacet
  facet normal -0.243049 -0.970014 0
    outer loop
      vertex 80.1731 10.7731 2.4
      vertex 80.3064 10.7397 26.4
      vertex 80.1731 10.7731 26.4
    endloop
  endfacet
  facet normal -0.243049 -0.970014 -0
    outer loop
      vertex 80.3064 10.7397 26.4
      vertex 80.1731 10.7731 2.4
      vertex 80.3064 10.7397 2.4
    endloop
  endfacet
  facet normal 0.989135 -0.147013 0
    outer loop
      vertex 78.5067 9.53722 26.4
      vertex 78.5269 9.67313 2.4
      vertex 78.5269 9.67313 26.4
    endloop
  endfacet
  facet normal 0.989135 -0.147013 0
    outer loop
      vertex 78.5269 9.67313 2.4
      vertex 78.5067 9.53722 26.4
      vertex 78.5067 9.53722 2.4
    endloop
  endfacet
  facet normal -0.85775 -0.514067 0
    outer loop
      vertex 81.1347 10.06 2.4
      vertex 81.0641 10.1778 26.4
      vertex 81.0641 10.1778 2.4
    endloop
  endfacet
  facet normal -0.85775 -0.514067 0
    outer loop
      vertex 81.0641 10.1778 26.4
      vertex 81.1347 10.06 2.4
      vertex 81.1347 10.06 26.4
    endloop
  endfacet
  facet normal -0.970001 0.243101 0
    outer loop
      vertex 81.2397 8.9936 2.4
      vertex 81.2731 9.12687 26.4
      vertex 81.2731 9.12687 2.4
    endloop
  endfacet
  facet normal -0.970001 0.243101 0
    outer loop
      vertex 81.2731 9.12687 26.4
      vertex 81.2397 8.9936 2.4
      vertex 81.2397 8.9936 26.4
    endloop
  endfacet
  facet normal 0.146739 0.989175 -0
    outer loop
      vertex 79.7628 8.00674 2.4
      vertex 79.6269 8.0269 26.4
      vertex 79.7628 8.00674 26.4
    endloop
  endfacet
  facet normal 0.146739 0.989175 0
    outer loop
      vertex 79.6269 8.0269 26.4
      vertex 79.7628 8.00674 2.4
      vertex 79.6269 8.0269 2.4
    endloop
  endfacet
  facet normal 0.99881 0.0487686 0
    outer loop
      vertex 78.5067 9.26278 26.4
      vertex 78.5 9.4 2.4
      vertex 78.5 9.4 26.4
    endloop
  endfacet
  facet normal 0.99881 0.0487686 0
    outer loop
      vertex 78.5 9.4 2.4
      vertex 78.5067 9.26278 26.4
      vertex 78.5067 9.26278 2.4
    endloop
  endfacet
  facet normal -0.147023 -0.989133 0
    outer loop
      vertex 80.0372 10.7933 2.4
      vertex 80.1731 10.7731 26.4
      vertex 80.0372 10.7933 26.4
    endloop
  endfacet
  facet normal -0.147023 -0.989133 -0
    outer loop
      vertex 80.1731 10.7731 26.4
      vertex 80.0372 10.7933 2.4
      vertex 80.1731 10.7731 2.4
    endloop
  endfacet
  facet normal -0.941511 -0.336982 0
    outer loop
      vertex 81.2397 9.8064 2.4
      vertex 81.1934 9.93576 26.4
      vertex 81.1934 9.93576 2.4
    endloop
  endfacet
  facet normal -0.941511 -0.336982 0
    outer loop
      vertex 81.1934 9.93576 26.4
      vertex 81.2397 9.8064 2.4
      vertex 81.2397 9.8064 26.4
    endloop
  endfacet
  facet normal -0.671694 -0.740829 0
    outer loop
      vertex 80.7881 10.4822 2.4
      vertex 80.8899 10.3899 26.4
      vertex 80.7881 10.4822 26.4
    endloop
  endfacet
  facet normal -0.671694 -0.740829 -0
    outer loop
      vertex 80.8899 10.3899 26.4
      vertex 80.7881 10.4822 2.4
      vertex 80.8899 10.3899 2.4
    endloop
  endfacet
  facet normal 0.741191 -0.671295 0
    outer loop
      vertex 78.8178 10.2881 26.4
      vertex 78.91 10.3899 2.4
      vertex 78.91 10.3899 26.4
    endloop
  endfacet
  facet normal 0.741191 -0.671295 0
    outer loop
      vertex 78.91 10.3899 2.4
      vertex 78.8178 10.2881 26.4
      vertex 78.8178 10.2881 2.4
    endloop
  endfacet
  facet normal 0.970001 0.243101 0
    outer loop
      vertex 78.5603 8.9936 26.4
      vertex 78.5269 9.12687 2.4
      vertex 78.5269 9.12687 26.4
    endloop
  endfacet
  facet normal 0.970001 0.243101 0
    outer loop
      vertex 78.5269 9.12687 2.4
      vertex 78.5603 8.9936 26.4
      vertex 78.5603 8.9936 2.4
    endloop
  endfacet
  facet normal 0.336889 -0.941544 0
    outer loop
      vertex 79.3642 10.6934 2.4
      vertex 79.4936 10.7397 26.4
      vertex 79.3642 10.6934 26.4
    endloop
  endfacet
  facet normal 0.336889 -0.941544 0
    outer loop
      vertex 79.4936 10.7397 26.4
      vertex 79.3642 10.6934 2.4
      vertex 79.4936 10.7397 2.4
    endloop
  endfacet
  facet normal 0.941511 0.336982 0
    outer loop
      vertex 78.6066 8.86424 26.4
      vertex 78.5603 8.9936 2.4
      vertex 78.5603 8.9936 26.4
    endloop
  endfacet
  facet normal 0.941511 0.336982 0
    outer loop
      vertex 78.5603 8.9936 2.4
      vertex 78.6066 8.86424 26.4
      vertex 78.6066 8.86424 2.4
    endloop
  endfacet
  facet normal -0.336889 -0.941544 0
    outer loop
      vertex 80.3064 10.7397 2.4
      vertex 80.4358 10.6934 26.4
      vertex 80.3064 10.7397 26.4
    endloop
  endfacet
  facet normal -0.336889 -0.941544 -0
    outer loop
      vertex 80.4358 10.6934 26.4
      vertex 80.3064 10.7397 2.4
      vertex 80.4358 10.6934 2.4
    endloop
  endfacet
  facet normal 0.802873 -0.59615 0
    outer loop
      vertex 78.7359 10.1778 26.4
      vertex 78.8178 10.2881 2.4
      vertex 78.8178 10.2881 26.4
    endloop
  endfacet
  facet normal 0.802873 -0.59615 0
    outer loop
      vertex 78.8178 10.2881 2.4
      vertex 78.7359 10.1778 26.4
      vertex 78.7359 10.1778 2.4
    endloop
  endfacet
  facet normal -0.802873 -0.59615 0
    outer loop
      vertex 81.0641 10.1778 2.4
      vertex 80.9822 10.2881 26.4
      vertex 80.9822 10.2881 2.4
    endloop
  endfacet
  facet normal -0.802873 -0.59615 0
    outer loop
      vertex 80.9822 10.2881 26.4
      vertex 81.0641 10.1778 2.4
      vertex 81.0641 10.1778 26.4
    endloop
  endfacet
  facet normal 0.970001 -0.243101 0
    outer loop
      vertex 78.5269 9.67313 26.4
      vertex 78.5603 9.8064 2.4
      vertex 78.5603 9.8064 26.4
    endloop
  endfacet
  facet normal 0.970001 -0.243101 0
    outer loop
      vertex 78.5603 9.8064 2.4
      vertex 78.5269 9.67313 26.4
      vertex 78.5269 9.67313 2.4
    endloop
  endfacet
  facet normal 0.671694 -0.740829 0
    outer loop
      vertex 78.91 10.3899 2.4
      vertex 79.0118 10.4822 26.4
      vertex 78.91 10.3899 26.4
    endloop
  endfacet
  facet normal 0.671694 -0.740829 0
    outer loop
      vertex 79.0118 10.4822 26.4
      vertex 78.91 10.3899 2.4
      vertex 79.0118 10.4822 2.4
    endloop
  endfacet
  facet normal -0.427542 0.903996 0
    outer loop
      vertex 80.56 8.16531 2.4
      vertex 80.4358 8.10657 26.4
      vertex 80.56 8.16531 26.4
    endloop
  endfacet
  facet normal -0.427542 0.903996 0
    outer loop
      vertex 80.4358 8.10657 26.4
      vertex 80.56 8.16531 2.4
      vertex 80.4358 8.10657 2.4
    endloop
  endfacet
  facet normal 0.243049 -0.970014 0
    outer loop
      vertex 79.4936 10.7397 2.4
      vertex 79.6269 10.7731 26.4
      vertex 79.4936 10.7397 26.4
    endloop
  endfacet
  facet normal 0.243049 -0.970014 0
    outer loop
      vertex 79.6269 10.7731 26.4
      vertex 79.4936 10.7397 2.4
      vertex 79.6269 10.7731 2.4
    endloop
  endfacet
  facet normal 0.941511 -0.336982 0
    outer loop
      vertex 78.5603 9.8064 26.4
      vertex 78.6066 9.93576 2.4
      vertex 78.6066 9.93576 26.4
    endloop
  endfacet
  facet normal 0.941511 -0.336982 0
    outer loop
      vertex 78.6066 9.93576 2.4
      vertex 78.5603 9.8064 26.4
      vertex 78.5603 9.8064 2.4
    endloop
  endfacet
  facet normal -0.514067 -0.85775 0
    outer loop
      vertex 80.56 10.6347 2.4
      vertex 80.6778 10.5641 26.4
      vertex 80.56 10.6347 26.4
    endloop
  endfacet
  facet normal -0.514067 -0.85775 -0
    outer loop
      vertex 80.6778 10.5641 26.4
      vertex 80.56 10.6347 2.4
      vertex 80.6778 10.5641 2.4
    endloop
  endfacet
  facet normal 0.514228 0.857653 -0
    outer loop
      vertex 79.24 8.16531 2.4
      vertex 79.1222 8.23594 26.4
      vertex 79.24 8.16531 26.4
    endloop
  endfacet
  facet normal 0.514228 0.857653 0
    outer loop
      vertex 79.1222 8.23594 26.4
      vertex 79.24 8.16531 2.4
      vertex 79.1222 8.23594 2.4
    endloop
  endfacet
  facet normal 0.595802 -0.803132 0
    outer loop
      vertex 79.0118 10.4822 2.4
      vertex 79.1222 10.5641 26.4
      vertex 79.0118 10.4822 26.4
    endloop
  endfacet
  facet normal 0.595802 -0.803132 0
    outer loop
      vertex 79.1222 10.5641 26.4
      vertex 79.0118 10.4822 2.4
      vertex 79.1222 10.5641 2.4
    endloop
  endfacet
  facet normal -0.0490662 0.998796 0
    outer loop
      vertex 80.0372 8.00674 2.4
      vertex 79.9 8 26.4
      vertex 80.0372 8.00674 26.4
    endloop
  endfacet
  facet normal -0.0490662 0.998796 0
    outer loop
      vertex 79.9 8 26.4
      vertex 80.0372 8.00674 2.4
      vertex 79.9 8 2.4
    endloop
  endfacet
  facet normal -0.941511 0.336982 0
    outer loop
      vertex 81.1934 8.86424 2.4
      vertex 81.2397 8.9936 26.4
      vertex 81.2397 8.9936 2.4
    endloop
  endfacet
  facet normal -0.941511 0.336982 0
    outer loop
      vertex 81.2397 8.9936 26.4
      vertex 81.1934 8.86424 2.4
      vertex 81.1934 8.86424 26.4
    endloop
  endfacet
  facet normal -0.803003 0.595976 0
    outer loop
      vertex 80.9822 8.51185 2.4
      vertex 81.0641 8.6222 26.4
      vertex 81.0641 8.6222 2.4
    endloop
  endfacet
  facet normal -0.803003 0.595976 0
    outer loop
      vertex 81.0641 8.6222 26.4
      vertex 80.9822 8.51185 2.4
      vertex 80.9822 8.51185 26.4
    endloop
  endfacet
  facet normal -0.989135 0.147013 0
    outer loop
      vertex 81.2731 9.12687 2.4
      vertex 81.2933 9.26278 26.4
      vertex 81.2933 9.26278 2.4
    endloop
  endfacet
  facet normal -0.989135 0.147013 0
    outer loop
      vertex 81.2933 9.26278 26.4
      vertex 81.2731 9.12687 2.4
      vertex 81.2731 9.12687 26.4
    endloop
  endfacet
  facet normal 0.85775 -0.514067 0
    outer loop
      vertex 78.6653 10.06 26.4
      vertex 78.7359 10.1778 2.4
      vertex 78.7359 10.1778 26.4
    endloop
  endfacet
  facet normal 0.85775 -0.514067 0
    outer loop
      vertex 78.7359 10.1778 2.4
      vertex 78.6653 10.06 26.4
      vertex 78.6653 10.06 2.4
    endloop
  endfacet
  facet normal -0.904161 -0.427191 0
    outer loop
      vertex 81.1934 9.93576 2.4
      vertex 81.1347 10.06 26.4
      vertex 81.1347 10.06 2.4
    endloop
  endfacet
  facet normal -0.904161 -0.427191 0
    outer loop
      vertex 81.1347 10.06 26.4
      vertex 81.1934 9.93576 2.4
      vertex 81.1934 9.93576 26.4
    endloop
  endfacet
  facet normal 0.427304 -0.904108 0
    outer loop
      vertex 79.24 10.6347 2.4
      vertex 79.3642 10.6934 26.4
      vertex 79.24 10.6347 26.4
    endloop
  endfacet
  facet normal 0.427304 -0.904108 0
    outer loop
      vertex 79.3642 10.6934 26.4
      vertex 79.24 10.6347 2.4
      vertex 79.3642 10.6934 2.4
    endloop
  endfacet
  facet normal -0.595915 0.803047 0
    outer loop
      vertex 80.7881 8.31779 2.4
      vertex 80.6778 8.23594 26.4
      vertex 80.7881 8.31779 26.4
    endloop
  endfacet
  facet normal -0.595915 0.803047 0
    outer loop
      vertex 80.6778 8.23594 26.4
      vertex 80.7881 8.31779 2.4
      vertex 80.6778 8.23594 2.4
    endloop
  endfacet
  facet normal -0.59615 -0.802873 0
    outer loop
      vertex 80.6778 10.5641 2.4
      vertex 80.7881 10.4822 26.4
      vertex 80.6778 10.5641 26.4
    endloop
  endfacet
  facet normal -0.59615 -0.802873 -0
    outer loop
      vertex 80.7881 10.4822 26.4
      vertex 80.6778 10.5641 2.4
      vertex 80.7881 10.4822 2.4
    endloop
  endfacet
  facet normal 0.671534 0.740973 -0
    outer loop
      vertex 79.0118 8.31779 2.4
      vertex 78.91 8.41005 26.4
      vertex 79.0118 8.31779 26.4
    endloop
  endfacet
  facet normal 0.671534 0.740973 0
    outer loop
      vertex 78.91 8.41005 26.4
      vertex 79.0118 8.31779 2.4
      vertex 78.91 8.41005 2.4
    endloop
  endfacet
  facet normal -0.99881 0.0487686 0
    outer loop
      vertex 81.2933 9.26278 2.4
      vertex 81.3 9.4 26.4
      vertex 81.3 9.4 2.4
    endloop
  endfacet
  facet normal -0.99881 0.0487686 0
    outer loop
      vertex 81.3 9.4 26.4
      vertex 81.2933 9.26278 2.4
      vertex 81.2933 9.26278 26.4
    endloop
  endfacet
  facet normal 0.803003 0.595976 0
    outer loop
      vertex 78.8178 8.51185 26.4
      vertex 78.7359 8.6222 2.4
      vertex 78.7359 8.6222 26.4
    endloop
  endfacet
  facet normal 0.803003 0.595976 0
    outer loop
      vertex 78.7359 8.6222 2.4
      vertex 78.8178 8.51185 26.4
      vertex 78.8178 8.51185 2.4
    endloop
  endfacet
  facet normal 0.904108 0.427304 0
    outer loop
      vertex 78.6653 8.74004 26.4
      vertex 78.6066 8.86424 2.4
      vertex 78.6066 8.86424 26.4
    endloop
  endfacet
  facet normal 0.904108 0.427304 0
    outer loop
      vertex 78.6066 8.86424 2.4
      vertex 78.6653 8.74004 26.4
      vertex 78.6653 8.74004 2.4
    endloop
  endfacet
  facet normal -0.0487757 -0.99881 0
    outer loop
      vertex 79.9 10.8 2.4
      vertex 80.0372 10.7933 26.4
      vertex 79.9 10.8 26.4
    endloop
  endfacet
  facet normal -0.0487757 -0.99881 -0
    outer loop
      vertex 80.0372 10.7933 26.4
      vertex 79.9 10.8 2.4
      vertex 80.0372 10.7933 2.4
    endloop
  endfacet
  facet normal 0.0487757 -0.99881 0
    outer loop
      vertex 79.7628 10.7933 2.4
      vertex 79.9 10.8 26.4
      vertex 79.7628 10.7933 26.4
    endloop
  endfacet
  facet normal 0.0487757 -0.99881 0
    outer loop
      vertex 79.9 10.8 26.4
      vertex 79.7628 10.7933 2.4
      vertex 79.9 10.8 2.4
    endloop
  endfacet
  facet normal 0.427542 0.903996 -0
    outer loop
      vertex 79.3642 8.10657 2.4
      vertex 79.24 8.16531 26.4
      vertex 79.3642 8.10657 26.4
    endloop
  endfacet
  facet normal 0.427542 0.903996 0
    outer loop
      vertex 79.24 8.16531 26.4
      vertex 79.3642 8.10657 2.4
      vertex 79.24 8.16531 2.4
    endloop
  endfacet
  facet normal 0.147023 -0.989133 0
    outer loop
      vertex 79.6269 10.7731 2.4
      vertex 79.7628 10.7933 26.4
      vertex 79.6269 10.7731 26.4
    endloop
  endfacet
  facet normal 0.147023 -0.989133 0
    outer loop
      vertex 79.7628 10.7933 26.4
      vertex 79.6269 10.7731 2.4
      vertex 79.7628 10.7933 2.4
    endloop
  endfacet
  facet normal 0.989135 0.147013 0
    outer loop
      vertex 78.5269 9.12687 26.4
      vertex 78.5067 9.26278 2.4
      vertex 78.5067 9.26278 26.4
    endloop
  endfacet
  facet normal 0.989135 0.147013 0
    outer loop
      vertex 78.5067 9.26278 2.4
      vertex 78.5269 9.12687 26.4
      vertex 78.5269 9.12687 2.4
    endloop
  endfacet
  facet normal -0.336825 0.941567 0
    outer loop
      vertex 80.4358 8.10657 2.4
      vertex 80.3064 8.06028 26.4
      vertex 80.4358 8.10657 26.4
    endloop
  endfacet
  facet normal -0.336825 0.941567 0
    outer loop
      vertex 80.3064 8.06028 26.4
      vertex 80.4358 8.10657 2.4
      vertex 80.3064 8.06028 2.4
    endloop
  endfacet
  facet normal -0.242912 0.970048 0
    outer loop
      vertex 80.3064 8.06028 2.4
      vertex 80.1731 8.0269 26.4
      vertex 80.3064 8.06028 26.4
    endloop
  endfacet
  facet normal -0.242912 0.970048 0
    outer loop
      vertex 80.1731 8.0269 26.4
      vertex 80.3064 8.06028 2.4
      vertex 80.1731 8.0269 2.4
    endloop
  endfacet
  facet normal 0.904161 -0.427191 0
    outer loop
      vertex 78.6066 9.93576 26.4
      vertex 78.6653 10.06 2.4
      vertex 78.6653 10.06 26.4
    endloop
  endfacet
  facet normal 0.904161 -0.427191 0
    outer loop
      vertex 78.6653 10.06 2.4
      vertex 78.6066 9.93576 26.4
      vertex 78.6066 9.93576 2.4
    endloop
  endfacet
  facet normal 0.741191 0.671295 0
    outer loop
      vertex 78.91 8.41005 26.4
      vertex 78.8178 8.51185 2.4
      vertex 78.8178 8.51185 26.4
    endloop
  endfacet
  facet normal 0.741191 0.671295 0
    outer loop
      vertex 78.8178 8.51185 2.4
      vertex 78.91 8.41005 26.4
      vertex 78.91 8.41005 2.4
    endloop
  endfacet
  facet normal 0.595567 0.803306 -0
    outer loop
      vertex 79.1222 8.23594 2.4
      vertex 79.0118 8.31779 26.4
      vertex 79.1222 8.23594 26.4
    endloop
  endfacet
  facet normal 0.595567 0.803306 0
    outer loop
      vertex 79.0118 8.31779 26.4
      vertex 79.1222 8.23594 2.4
      vertex 79.0118 8.31779 2.4
    endloop
  endfacet
  facet normal -0.904108 0.427304 0
    outer loop
      vertex 81.1347 8.74004 2.4
      vertex 81.1934 8.86424 26.4
      vertex 81.1934 8.86424 2.4
    endloop
  endfacet
  facet normal -0.904108 0.427304 0
    outer loop
      vertex 81.1934 8.86424 26.4
      vertex 81.1347 8.74004 2.4
      vertex 81.1347 8.74004 26.4
    endloop
  endfacet
  facet normal -0.857827 0.513939 0
    outer loop
      vertex 81.0641 8.6222 2.4
      vertex 81.1347 8.74004 26.4
      vertex 81.1347 8.74004 2.4
    endloop
  endfacet
  facet normal -0.857827 0.513939 0
    outer loop
      vertex 81.1347 8.74004 26.4
      vertex 81.0641 8.6222 2.4
      vertex 81.0641 8.6222 26.4
    endloop
  endfacet
  facet normal 0.0490662 0.998796 -0
    outer loop
      vertex 79.9 8 2.4
      vertex 79.7628 8.00674 26.4
      vertex 79.9 8 26.4
    endloop
  endfacet
  facet normal 0.0490662 0.998796 0
    outer loop
      vertex 79.7628 8.00674 26.4
      vertex 79.9 8 2.4
      vertex 79.7628 8.00674 2.4
    endloop
  endfacet
  facet normal 0.99881 -0.0487686 0
    outer loop
      vertex 78.5 9.4 26.4
      vertex 78.5067 9.53722 2.4
      vertex 78.5067 9.53722 26.4
    endloop
  endfacet
  facet normal 0.99881 -0.0487686 0
    outer loop
      vertex 78.5067 9.53722 2.4
      vertex 78.5 9.4 26.4
      vertex 78.5 9.4 2.4
    endloop
  endfacet
  facet normal 0.336825 0.941567 -0
    outer loop
      vertex 79.4936 8.06028 2.4
      vertex 79.3642 8.10657 26.4
      vertex 79.4936 8.06028 26.4
    endloop
  endfacet
  facet normal 0.336825 0.941567 0
    outer loop
      vertex 79.3642 8.10657 26.4
      vertex 79.4936 8.06028 2.4
      vertex 79.3642 8.10657 2.4
    endloop
  endfacet
  facet normal -0.671534 0.740973 0
    outer loop
      vertex 80.8899 8.41005 2.4
      vertex 80.7881 8.31779 26.4
      vertex 80.8899 8.41005 26.4
    endloop
  endfacet
  facet normal -0.671534 0.740973 0
    outer loop
      vertex 80.7881 8.31779 26.4
      vertex 80.8899 8.41005 2.4
      vertex 80.7881 8.31779 2.4
    endloop
  endfacet
  facet normal 0.989172 0.14676 0
    outer loop
      vertex 83.3831 49.7431 26.4
      vertex 83.3327 50.0828 2.4
      vertex 83.3327 50.0828 26.4
    endloop
  endfacet
  facet normal 0.989172 0.14676 0
    outer loop
      vertex 83.3327 50.0828 2.4
      vertex 83.3831 49.7431 26.4
      vertex 83.3831 49.7431 2.4
    endloop
  endfacet
  facet normal 0.998789 0.0491971 0
    outer loop
      vertex 83.4 49.4 26.4
      vertex 83.3831 49.7431 2.4
      vertex 83.3831 49.7431 26.4
    endloop
  endfacet
  facet normal 0.998789 0.0491971 0
    outer loop
      vertex 83.3831 49.7431 2.4
      vertex 83.4 49.4 26.4
      vertex 83.4 49.4 2.4
    endloop
  endfacet
  facet normal 0.970074 0.24281 0
    outer loop
      vertex 83.3327 50.0828 26.4
      vertex 83.2493 50.416 2.4
      vertex 83.2493 50.416 26.4
    endloop
  endfacet
  facet normal 0.970074 0.24281 0
    outer loop
      vertex 83.2493 50.416 2.4
      vertex 83.3327 50.0828 26.4
      vertex 83.3327 50.0828 2.4
    endloop
  endfacet
  facet normal 0.595659 -0.803237 0
    outer loop
      vertex 81.8445 46.4899 2.4
      vertex 82.1204 46.6945 26.4
      vertex 81.8445 46.4899 26.4
    endloop
  endfacet
  facet normal 0.595659 -0.803237 0
    outer loop
      vertex 82.1204 46.6945 26.4
      vertex 81.8445 46.4899 2.4
      vertex 82.1204 46.6945 2.4
    endloop
  endfacet
  facet normal 0.427661 -0.903939 0
    outer loop
      vertex 81.2394 46.1664 2.4
      vertex 81.5499 46.3133 26.4
      vertex 81.2394 46.1664 26.4
    endloop
  endfacet
  facet normal 0.427661 -0.903939 0
    outer loop
      vertex 81.5499 46.3133 26.4
      vertex 81.2394 46.1664 2.4
      vertex 81.5499 46.3133 2.4
    endloop
  endfacet
  facet normal -0.671454 -0.741046 0
    outer loop
      vertex 77.4251 46.9251 2.4
      vertex 77.6796 46.6945 26.4
      vertex 77.4251 46.9251 26.4
    endloop
  endfacet
  facet normal -0.671454 -0.741046 -0
    outer loop
      vertex 77.6796 46.6945 26.4
      vertex 77.4251 46.9251 2.4
      vertex 77.6796 46.6945 2.4
    endloop
  endfacet
  facet normal 0.514153 0.857698 -0
    outer loop
      vertex 81.8445 52.3101 2.4
      vertex 81.5499 52.4867 26.4
      vertex 81.8445 52.3101 26.4
    endloop
  endfacet
  facet normal 0.514153 0.857698 0
    outer loop
      vertex 81.5499 52.4867 26.4
      vertex 81.8445 52.3101 2.4
      vertex 81.5499 52.4867 2.4
    endloop
  endfacet
  facet normal -0.14676 -0.989172 0
    outer loop
      vertex 79.2172 45.9673 2.4
      vertex 79.5569 45.9169 26.4
      vertex 79.2172 45.9673 26.4
    endloop
  endfacet
  facet normal -0.14676 -0.989172 -0
    outer loop
      vertex 79.5569 45.9169 26.4
      vertex 79.2172 45.9673 2.4
      vertex 79.5569 45.9169 2.4
    endloop
  endfacet
  facet normal -0.24281 0.970074 0
    outer loop
      vertex 79.2172 52.8327 2.4
      vertex 78.884 52.7493 26.4
      vertex 79.2172 52.8327 26.4
    endloop
  endfacet
  facet normal -0.24281 0.970074 0
    outer loop
      vertex 78.884 52.7493 26.4
      vertex 79.2172 52.8327 2.4
      vertex 78.884 52.7493 2.4
    endloop
  endfacet
  facet normal 0.741046 0.671454 0
    outer loop
      vertex 82.6055 51.6204 26.4
      vertex 82.3749 51.8749 2.4
      vertex 82.3749 51.8749 26.4
    endloop
  endfacet
  facet normal 0.741046 0.671454 0
    outer loop
      vertex 82.3749 51.8749 2.4
      vertex 82.6055 51.6204 26.4
      vertex 82.6055 51.6204 2.4
    endloop
  endfacet
  facet normal -0.970074 -0.24281 0
    outer loop
      vertex 76.5507 48.384 2.4
      vertex 76.4673 48.7172 26.4
      vertex 76.4673 48.7172 2.4
    endloop
  endfacet
  facet normal -0.970074 -0.24281 0
    outer loop
      vertex 76.4673 48.7172 26.4
      vertex 76.5507 48.384 2.4
      vertex 76.5507 48.384 26.4
    endloop
  endfacet
  facet normal 0.857698 0.514153 0
    outer loop
      vertex 82.9867 51.0499 26.4
      vertex 82.8101 51.3445 2.4
      vertex 82.8101 51.3445 26.4
    endloop
  endfacet
  facet normal 0.857698 0.514153 0
    outer loop
      vertex 82.8101 51.3445 2.4
      vertex 82.9867 51.0499 26.4
      vertex 82.9867 51.0499 2.4
    endloop
  endfacet
  facet normal 0.671454 0.741046 -0
    outer loop
      vertex 82.3749 51.8749 2.4
      vertex 82.1204 52.1055 26.4
      vertex 82.3749 51.8749 26.4
    endloop
  endfacet
  facet normal 0.671454 0.741046 0
    outer loop
      vertex 82.1204 52.1055 26.4
      vertex 82.3749 51.8749 2.4
      vertex 82.1204 52.1055 2.4
    endloop
  endfacet
  facet normal -0.941557 -0.336853 0
    outer loop
      vertex 76.6664 48.0606 2.4
      vertex 76.5507 48.384 26.4
      vertex 76.5507 48.384 2.4
    endloop
  endfacet
  facet normal -0.941557 -0.336853 0
    outer loop
      vertex 76.5507 48.384 26.4
      vertex 76.6664 48.0606 2.4
      vertex 76.6664 48.0606 26.4
    endloop
  endfacet
  facet normal 0.336853 -0.941557 0
    outer loop
      vertex 80.916 46.0507 2.4
      vertex 81.2394 46.1664 26.4
      vertex 80.916 46.0507 26.4
    endloop
  endfacet
  facet normal 0.336853 -0.941557 0
    outer loop
      vertex 81.2394 46.1664 26.4
      vertex 80.916 46.0507 2.4
      vertex 81.2394 46.1664 2.4
    endloop
  endfacet
  facet normal 0.941557 0.336853 0
    outer loop
      vertex 83.2493 50.416 26.4
      vertex 83.1336 50.7394 2.4
      vertex 83.1336 50.7394 26.4
    endloop
  endfacet
  facet normal 0.941557 0.336853 0
    outer loop
      vertex 83.1336 50.7394 2.4
      vertex 83.2493 50.416 26.4
      vertex 83.2493 50.416 2.4
    endloop
  endfacet
  facet normal -0.998789 -0.0491971 0
    outer loop
      vertex 76.4169 49.0569 2.4
      vertex 76.4 49.4 26.4
      vertex 76.4 49.4 2.4
    endloop
  endfacet
  facet normal -0.998789 -0.0491971 0
    outer loop
      vertex 76.4 49.4 26.4
      vertex 76.4169 49.0569 2.4
      vertex 76.4169 49.0569 26.4
    endloop
  endfacet
  facet normal -0.0491971 0.998789 0
    outer loop
      vertex 79.9 52.9 2.4
      vertex 79.5569 52.8831 26.4
      vertex 79.9 52.9 26.4
    endloop
  endfacet
  facet normal -0.0491971 0.998789 0
    outer loop
      vertex 79.5569 52.8831 26.4
      vertex 79.9 52.9 2.4
      vertex 79.5569 52.8831 2.4
    endloop
  endfacet
  facet normal 0.903939 -0.427661 0
    outer loop
      vertex 82.9867 47.7501 26.4
      vertex 83.1336 48.0606 2.4
      vertex 83.1336 48.0606 26.4
    endloop
  endfacet
  facet normal 0.903939 -0.427661 0
    outer loop
      vertex 83.1336 48.0606 2.4
      vertex 82.9867 47.7501 26.4
      vertex 82.9867 47.7501 2.4
    endloop
  endfacet
  facet normal 0.595659 0.803237 -0
    outer loop
      vertex 82.1204 52.1055 2.4
      vertex 81.8445 52.3101 26.4
      vertex 82.1204 52.1055 26.4
    endloop
  endfacet
  facet normal 0.595659 0.803237 0
    outer loop
      vertex 81.8445 52.3101 26.4
      vertex 82.1204 52.1055 2.4
      vertex 81.8445 52.3101 2.4
    endloop
  endfacet
  facet normal 0.998789 -0.0491971 0
    outer loop
      vertex 83.3831 49.0569 26.4
      vertex 83.4 49.4 2.4
      vertex 83.4 49.4 26.4
    endloop
  endfacet
  facet normal 0.998789 -0.0491971 0
    outer loop
      vertex 83.4 49.4 2.4
      vertex 83.3831 49.0569 26.4
      vertex 83.3831 49.0569 2.4
    endloop
  endfacet
  facet normal -0.336853 -0.941557 0
    outer loop
      vertex 78.5606 46.1664 2.4
      vertex 78.884 46.0507 26.4
      vertex 78.5606 46.1664 26.4
    endloop
  endfacet
  facet normal -0.336853 -0.941557 -0
    outer loop
      vertex 78.884 46.0507 26.4
      vertex 78.5606 46.1664 2.4
      vertex 78.884 46.0507 2.4
    endloop
  endfacet
  facet normal -0.0491971 -0.998789 0
    outer loop
      vertex 79.5569 45.9169 2.4
      vertex 79.9 45.9 26.4
      vertex 79.5569 45.9169 26.4
    endloop
  endfacet
  facet normal -0.0491971 -0.998789 -0
    outer loop
      vertex 79.9 45.9 26.4
      vertex 79.5569 45.9169 2.4
      vertex 79.9 45.9 2.4
    endloop
  endfacet
  facet normal 0.0491971 -0.998789 0
    outer loop
      vertex 79.9 45.9 2.4
      vertex 80.2431 45.9169 26.4
      vertex 79.9 45.9 26.4
    endloop
  endfacet
  facet normal 0.0491971 -0.998789 0
    outer loop
      vertex 80.2431 45.9169 26.4
      vertex 79.9 45.9 2.4
      vertex 80.2431 45.9169 2.4
    endloop
  endfacet
  facet normal 0.803237 0.595659 0
    outer loop
      vertex 82.8101 51.3445 26.4
      vertex 82.6055 51.6204 2.4
      vertex 82.6055 51.6204 26.4
    endloop
  endfacet
  facet normal 0.803237 0.595659 0
    outer loop
      vertex 82.6055 51.6204 2.4
      vertex 82.8101 51.3445 26.4
      vertex 82.8101 51.3445 2.4
    endloop
  endfacet
  facet normal -0.671454 0.741046 0
    outer loop
      vertex 77.6796 52.1055 2.4
      vertex 77.4251 51.8749 26.4
      vertex 77.6796 52.1055 26.4
    endloop
  endfacet
  facet normal -0.671454 0.741046 0
    outer loop
      vertex 77.4251 51.8749 26.4
      vertex 77.6796 52.1055 2.4
      vertex 77.4251 51.8749 2.4
    endloop
  endfacet
  facet normal 0.14676 0.989172 -0
    outer loop
      vertex 80.5828 52.8327 2.4
      vertex 80.2431 52.8831 26.4
      vertex 80.5828 52.8327 26.4
    endloop
  endfacet
  facet normal 0.14676 0.989172 0
    outer loop
      vertex 80.2431 52.8831 26.4
      vertex 80.5828 52.8327 2.4
      vertex 80.2431 52.8831 2.4
    endloop
  endfacet
  facet normal 0.14676 -0.989172 0
    outer loop
      vertex 80.2431 45.9169 2.4
      vertex 80.5828 45.9673 26.4
      vertex 80.2431 45.9169 26.4
    endloop
  endfacet
  facet normal 0.14676 -0.989172 0
    outer loop
      vertex 80.5828 45.9673 26.4
      vertex 80.2431 45.9169 2.4
      vertex 80.5828 45.9673 2.4
    endloop
  endfacet
  facet normal 0.427661 0.903939 -0
    outer loop
      vertex 81.5499 52.4867 2.4
      vertex 81.2394 52.6336 26.4
      vertex 81.5499 52.4867 26.4
    endloop
  endfacet
  facet normal 0.427661 0.903939 0
    outer loop
      vertex 81.2394 52.6336 26.4
      vertex 81.5499 52.4867 2.4
      vertex 81.2394 52.6336 2.4
    endloop
  endfacet
  facet normal 0.941557 -0.336853 0
    outer loop
      vertex 83.1336 48.0606 26.4
      vertex 83.2493 48.384 2.4
      vertex 83.2493 48.384 26.4
    endloop
  endfacet
  facet normal 0.941557 -0.336853 0
    outer loop
      vertex 83.2493 48.384 2.4
      vertex 83.1336 48.0606 26.4
      vertex 83.1336 48.0606 2.4
    endloop
  endfacet
  facet normal 0.741046 -0.671454 0
    outer loop
      vertex 82.3749 46.9251 26.4
      vertex 82.6055 47.1796 2.4
      vertex 82.6055 47.1796 26.4
    endloop
  endfacet
  facet normal 0.741046 -0.671454 0
    outer loop
      vertex 82.6055 47.1796 2.4
      vertex 82.3749 46.9251 26.4
      vertex 82.3749 46.9251 2.4
    endloop
  endfacet
  facet normal -0.741046 0.671454 0
    outer loop
      vertex 77.1945 51.6204 2.4
      vertex 77.4251 51.8749 26.4
      vertex 77.4251 51.8749 2.4
    endloop
  endfacet
  facet normal -0.741046 0.671454 0
    outer loop
      vertex 77.4251 51.8749 26.4
      vertex 77.1945 51.6204 2.4
      vertex 77.1945 51.6204 26.4
    endloop
  endfacet
  facet normal -0.857698 0.514153 0
    outer loop
      vertex 76.8133 51.0499 2.4
      vertex 76.9899 51.3445 26.4
      vertex 76.9899 51.3445 2.4
    endloop
  endfacet
  facet normal -0.857698 0.514153 0
    outer loop
      vertex 76.9899 51.3445 26.4
      vertex 76.8133 51.0499 2.4
      vertex 76.8133 51.0499 26.4
    endloop
  endfacet
  facet normal 0.903939 0.427661 0
    outer loop
      vertex 83.1336 50.7394 26.4
      vertex 82.9867 51.0499 2.4
      vertex 82.9867 51.0499 26.4
    endloop
  endfacet
  facet normal 0.903939 0.427661 0
    outer loop
      vertex 82.9867 51.0499 2.4
      vertex 83.1336 50.7394 26.4
      vertex 83.1336 50.7394 2.4
    endloop
  endfacet
  facet normal -0.514153 0.857698 0
    outer loop
      vertex 78.2501 52.4867 2.4
      vertex 77.9555 52.3101 26.4
      vertex 78.2501 52.4867 26.4
    endloop
  endfacet
  facet normal -0.514153 0.857698 0
    outer loop
      vertex 77.9555 52.3101 26.4
      vertex 78.2501 52.4867 2.4
      vertex 77.9555 52.3101 2.4
    endloop
  endfacet
  facet normal 0.989172 -0.14676 0
    outer loop
      vertex 83.3327 48.7172 26.4
      vertex 83.3831 49.0569 2.4
      vertex 83.3831 49.0569 26.4
    endloop
  endfacet
  facet normal 0.989172 -0.14676 0
    outer loop
      vertex 83.3831 49.0569 2.4
      vertex 83.3327 48.7172 26.4
      vertex 83.3327 48.7172 2.4
    endloop
  endfacet
  facet normal 0.514153 -0.857698 0
    outer loop
      vertex 81.5499 46.3133 2.4
      vertex 81.8445 46.4899 26.4
      vertex 81.5499 46.3133 26.4
    endloop
  endfacet
  facet normal 0.514153 -0.857698 0
    outer loop
      vertex 81.8445 46.4899 26.4
      vertex 81.5499 46.3133 2.4
      vertex 81.8445 46.4899 2.4
    endloop
  endfacet
  facet normal -0.941557 0.336853 0
    outer loop
      vertex 76.5507 50.416 2.4
      vertex 76.6664 50.7394 26.4
      vertex 76.6664 50.7394 2.4
    endloop
  endfacet
  facet normal -0.941557 0.336853 0
    outer loop
      vertex 76.6664 50.7394 26.4
      vertex 76.5507 50.416 2.4
      vertex 76.5507 50.416 26.4
    endloop
  endfacet
  facet normal 0.336853 0.941557 -0
    outer loop
      vertex 81.2394 52.6336 2.4
      vertex 80.916 52.7493 26.4
      vertex 81.2394 52.6336 26.4
    endloop
  endfacet
  facet normal 0.336853 0.941557 0
    outer loop
      vertex 80.916 52.7493 26.4
      vertex 81.2394 52.6336 2.4
      vertex 80.916 52.7493 2.4
    endloop
  endfacet
  facet normal 0.24281 0.970074 -0
    outer loop
      vertex 80.916 52.7493 2.4
      vertex 80.5828 52.8327 26.4
      vertex 80.916 52.7493 26.4
    endloop
  endfacet
  facet normal 0.24281 0.970074 0
    outer loop
      vertex 80.5828 52.8327 26.4
      vertex 80.916 52.7493 2.4
      vertex 80.5828 52.8327 2.4
    endloop
  endfacet
  facet normal -0.427661 0.903939 0
    outer loop
      vertex 78.5606 52.6336 2.4
      vertex 78.2501 52.4867 26.4
      vertex 78.5606 52.6336 26.4
    endloop
  endfacet
  facet normal -0.427661 0.903939 0
    outer loop
      vertex 78.2501 52.4867 26.4
      vertex 78.5606 52.6336 2.4
      vertex 78.2501 52.4867 2.4
    endloop
  endfacet
  facet normal -0.595659 0.803237 0
    outer loop
      vertex 77.9555 52.3101 2.4
      vertex 77.6796 52.1055 26.4
      vertex 77.9555 52.3101 26.4
    endloop
  endfacet
  facet normal -0.595659 0.803237 0
    outer loop
      vertex 77.6796 52.1055 26.4
      vertex 77.9555 52.3101 2.4
      vertex 77.6796 52.1055 2.4
    endloop
  endfacet
  facet normal 0.970074 -0.24281 0
    outer loop
      vertex 83.2493 48.384 26.4
      vertex 83.3327 48.7172 2.4
      vertex 83.3327 48.7172 26.4
    endloop
  endfacet
  facet normal 0.970074 -0.24281 0
    outer loop
      vertex 83.3327 48.7172 2.4
      vertex 83.2493 48.384 26.4
      vertex 83.2493 48.384 2.4
    endloop
  endfacet
  facet normal -0.14676 0.989172 0
    outer loop
      vertex 79.5569 52.8831 2.4
      vertex 79.2172 52.8327 26.4
      vertex 79.5569 52.8831 26.4
    endloop
  endfacet
  facet normal -0.14676 0.989172 0
    outer loop
      vertex 79.2172 52.8327 26.4
      vertex 79.5569 52.8831 2.4
      vertex 79.2172 52.8327 2.4
    endloop
  endfacet
  facet normal 0.24281 -0.970074 0
    outer loop
      vertex 80.5828 45.9673 2.4
      vertex 80.916 46.0507 26.4
      vertex 80.5828 45.9673 26.4
    endloop
  endfacet
  facet normal 0.24281 -0.970074 0
    outer loop
      vertex 80.916 46.0507 26.4
      vertex 80.5828 45.9673 2.4
      vertex 80.916 46.0507 2.4
    endloop
  endfacet
  facet normal -0.903939 -0.427661 0
    outer loop
      vertex 76.8133 47.7501 2.4
      vertex 76.6664 48.0606 26.4
      vertex 76.6664 48.0606 2.4
    endloop
  endfacet
  facet normal -0.903939 -0.427661 0
    outer loop
      vertex 76.6664 48.0606 26.4
      vertex 76.8133 47.7501 2.4
      vertex 76.8133 47.7501 26.4
    endloop
  endfacet
  facet normal -0.970074 0.24281 0
    outer loop
      vertex 76.4673 50.0828 2.4
      vertex 76.5507 50.416 26.4
      vertex 76.5507 50.416 2.4
    endloop
  endfacet
  facet normal -0.970074 0.24281 0
    outer loop
      vertex 76.5507 50.416 26.4
      vertex 76.4673 50.0828 2.4
      vertex 76.4673 50.0828 26.4
    endloop
  endfacet
  facet normal -0.741046 -0.671454 0
    outer loop
      vertex 77.4251 46.9251 2.4
      vertex 77.1945 47.1796 26.4
      vertex 77.1945 47.1796 2.4
    endloop
  endfacet
  facet normal -0.741046 -0.671454 0
    outer loop
      vertex 77.1945 47.1796 26.4
      vertex 77.4251 46.9251 2.4
      vertex 77.4251 46.9251 26.4
    endloop
  endfacet
  facet normal -0.336853 0.941557 0
    outer loop
      vertex 78.884 52.7493 2.4
      vertex 78.5606 52.6336 26.4
      vertex 78.884 52.7493 26.4
    endloop
  endfacet
  facet normal -0.336853 0.941557 0
    outer loop
      vertex 78.5606 52.6336 26.4
      vertex 78.884 52.7493 2.4
      vertex 78.5606 52.6336 2.4
    endloop
  endfacet
  facet normal -0.989172 0.14676 0
    outer loop
      vertex 76.4169 49.7431 2.4
      vertex 76.4673 50.0828 26.4
      vertex 76.4673 50.0828 2.4
    endloop
  endfacet
  facet normal -0.989172 0.14676 0
    outer loop
      vertex 76.4673 50.0828 26.4
      vertex 76.4169 49.7431 2.4
      vertex 76.4169 49.7431 26.4
    endloop
  endfacet
  facet normal -0.998789 0.0491971 0
    outer loop
      vertex 76.4 49.4 2.4
      vertex 76.4169 49.7431 26.4
      vertex 76.4169 49.7431 2.4
    endloop
  endfacet
  facet normal -0.998789 0.0491971 0
    outer loop
      vertex 76.4169 49.7431 26.4
      vertex 76.4 49.4 2.4
      vertex 76.4 49.4 26.4
    endloop
  endfacet
  facet normal -0.803237 0.595659 0
    outer loop
      vertex 76.9899 51.3445 2.4
      vertex 77.1945 51.6204 26.4
      vertex 77.1945 51.6204 2.4
    endloop
  endfacet
  facet normal -0.803237 0.595659 0
    outer loop
      vertex 77.1945 51.6204 26.4
      vertex 76.9899 51.3445 2.4
      vertex 76.9899 51.3445 26.4
    endloop
  endfacet
  facet normal -0.803237 -0.595659 0
    outer loop
      vertex 77.1945 47.1796 2.4
      vertex 76.9899 47.4555 26.4
      vertex 76.9899 47.4555 2.4
    endloop
  endfacet
  facet normal -0.803237 -0.595659 0
    outer loop
      vertex 76.9899 47.4555 26.4
      vertex 77.1945 47.1796 2.4
      vertex 77.1945 47.1796 26.4
    endloop
  endfacet
  facet normal -0.989172 -0.14676 0
    outer loop
      vertex 76.4673 48.7172 2.4
      vertex 76.4169 49.0569 26.4
      vertex 76.4169 49.0569 2.4
    endloop
  endfacet
  facet normal -0.989172 -0.14676 0
    outer loop
      vertex 76.4169 49.0569 26.4
      vertex 76.4673 48.7172 2.4
      vertex 76.4673 48.7172 26.4
    endloop
  endfacet
  facet normal 0.0491971 0.998789 -0
    outer loop
      vertex 80.2431 52.8831 2.4
      vertex 79.9 52.9 26.4
      vertex 80.2431 52.8831 26.4
    endloop
  endfacet
  facet normal 0.0491971 0.998789 0
    outer loop
      vertex 79.9 52.9 26.4
      vertex 80.2431 52.8831 2.4
      vertex 79.9 52.9 2.4
    endloop
  endfacet
  facet normal 0.857698 -0.514153 0
    outer loop
      vertex 82.8101 47.4555 26.4
      vertex 82.9867 47.7501 2.4
      vertex 82.9867 47.7501 26.4
    endloop
  endfacet
  facet normal 0.857698 -0.514153 0
    outer loop
      vertex 82.9867 47.7501 2.4
      vertex 82.8101 47.4555 26.4
      vertex 82.8101 47.4555 2.4
    endloop
  endfacet
  facet normal -0.514153 -0.857698 0
    outer loop
      vertex 77.9555 46.4899 2.4
      vertex 78.2501 46.3133 26.4
      vertex 77.9555 46.4899 26.4
    endloop
  endfacet
  facet normal -0.514153 -0.857698 -0
    outer loop
      vertex 78.2501 46.3133 26.4
      vertex 77.9555 46.4899 2.4
      vertex 78.2501 46.3133 2.4
    endloop
  endfacet
  facet normal -0.595659 -0.803237 0
    outer loop
      vertex 77.6796 46.6945 2.4
      vertex 77.9555 46.4899 26.4
      vertex 77.6796 46.6945 26.4
    endloop
  endfacet
  facet normal -0.595659 -0.803237 -0
    outer loop
      vertex 77.9555 46.4899 26.4
      vertex 77.6796 46.6945 2.4
      vertex 77.9555 46.4899 2.4
    endloop
  endfacet
  facet normal -0.427661 -0.903939 0
    outer loop
      vertex 78.2501 46.3133 2.4
      vertex 78.5606 46.1664 26.4
      vertex 78.2501 46.3133 26.4
    endloop
  endfacet
  facet normal -0.427661 -0.903939 -0
    outer loop
      vertex 78.5606 46.1664 26.4
      vertex 78.2501 46.3133 2.4
      vertex 78.5606 46.1664 2.4
    endloop
  endfacet
  facet normal 0.803237 -0.595659 0
    outer loop
      vertex 82.6055 47.1796 26.4
      vertex 82.8101 47.4555 2.4
      vertex 82.8101 47.4555 26.4
    endloop
  endfacet
  facet normal 0.803237 -0.595659 0
    outer loop
      vertex 82.8101 47.4555 2.4
      vertex 82.6055 47.1796 26.4
      vertex 82.6055 47.1796 2.4
    endloop
  endfacet
  facet normal -0.24281 -0.970074 0
    outer loop
      vertex 78.884 46.0507 2.4
      vertex 79.2172 45.9673 26.4
      vertex 78.884 46.0507 26.4
    endloop
  endfacet
  facet normal -0.24281 -0.970074 -0
    outer loop
      vertex 79.2172 45.9673 26.4
      vertex 78.884 46.0507 2.4
      vertex 79.2172 45.9673 2.4
    endloop
  endfacet
  facet normal -0.857698 -0.514153 0
    outer loop
      vertex 76.9899 47.4555 2.4
      vertex 76.8133 47.7501 26.4
      vertex 76.8133 47.7501 2.4
    endloop
  endfacet
  facet normal -0.857698 -0.514153 0
    outer loop
      vertex 76.8133 47.7501 26.4
      vertex 76.9899 47.4555 2.4
      vertex 76.9899 47.4555 26.4
    endloop
  endfacet
  facet normal -0.903939 0.427661 0
    outer loop
      vertex 76.6664 50.7394 2.4
      vertex 76.8133 51.0499 26.4
      vertex 76.8133 51.0499 2.4
    endloop
  endfacet
  facet normal -0.903939 0.427661 0
    outer loop
      vertex 76.8133 51.0499 26.4
      vertex 76.6664 50.7394 2.4
      vertex 76.6664 50.7394 26.4
    endloop
  endfacet
  facet normal 0.671454 -0.741046 0
    outer loop
      vertex 82.1204 46.6945 2.4
      vertex 82.3749 46.9251 26.4
      vertex 82.1204 46.6945 26.4
    endloop
  endfacet
  facet normal 0.671454 -0.741046 0
    outer loop
      vertex 82.3749 46.9251 26.4
      vertex 82.1204 46.6945 2.4
      vertex 82.3749 46.9251 2.4
    endloop
  endfacet
  facet normal 0 0 -1
    outer loop
      vertex 81.3 49.4 2.4
      vertex 83.4 49.4 2.4
      vertex 83.3831 49.0569 2.4
    endloop
  endfacet
  facet normal 0 0 -1
    outer loop
      vertex 81.2933 49.2628 2.4
      vertex 83.3831 49.0569 2.4
      vertex 83.3327 48.7172 2.4
    endloop
  endfacet
  facet normal 0 0 -1
    outer loop
      vertex 83.4 49.4 2.4
      vertex 81.3 49.4 2.4
      vertex 83.3831 49.7431 2.4
    endloop
  endfacet
  facet normal 0 0 -1
    outer loop
      vertex 81.2731 49.1269 2.4
      vertex 83.3327 48.7172 2.4
      vertex 83.2493 48.384 2.4
    endloop
  endfacet
  facet normal 0 0 -1
    outer loop
      vertex 81.2933 49.5372 2.4
      vertex 83.3831 49.7431 2.4
      vertex 81.3 49.4 2.4
    endloop
  endfacet
  facet normal 0 0 -1
    outer loop
      vertex 81.2397 48.9936 2.4
      vertex 83.2493 48.384 2.4
      vertex 83.1336 48.0606 2.4
    endloop
  endfacet
  facet normal -0 0 -1
    outer loop
      vertex 83.3831 49.7431 2.4
      vertex 81.2933 49.5372 2.4
      vertex 83.3327 50.0828 2.4
    endloop
  endfacet
  facet normal 0 0 -1
    outer loop
      vertex 81.1934 48.8642 2.4
      vertex 83.1336 48.0606 2.4
      vertex 82.9867 47.7501 2.4
    endloop
  endfacet
  facet normal 0 0 -1
    outer loop
      vertex 81.2731 49.6731 2.4
      vertex 83.3327 50.0828 2.4
      vertex 81.2933 49.5372 2.4
    endloop
  endfacet
  facet normal 0 0 -1
    outer loop
      vertex 81.1347 48.74 2.4
      vertex 82.9867 47.7501 2.4
      vertex 82.8101 47.4555 2.4
    endloop
  endfacet
  facet normal -0 0 -1
    outer loop
      vertex 83.3327 50.0828 2.4
      vertex 81.2731 49.6731 2.4
      vertex 83.2493 50.416 2.4
    endloop
  endfacet
  facet normal 0 0 -1
    outer loop
      vertex 81.0641 48.6222 2.4
      vertex 82.8101 47.4555 2.4
      vertex 82.6055 47.1796 2.4
    endloop
  endfacet
  facet normal 0 0 -1
    outer loop
      vertex 81.2397 49.8064 2.4
      vertex 83.2493 50.416 2.4
      vertex 81.2731 49.6731 2.4
    endloop
  endfacet
  facet normal 0 0 -1
    outer loop
      vertex 80.9822 48.5118 2.4
      vertex 82.6055 47.1796 2.4
      vertex 82.3749 46.9251 2.4
    endloop
  endfacet
  facet normal -0 0 -1
    outer loop
      vertex 83.2493 50.416 2.4
      vertex 81.2397 49.8064 2.4
      vertex 83.1336 50.7394 2.4
    endloop
  endfacet
  facet normal 0 0 -1
    outer loop
      vertex 80.8899 48.41 2.4
      vertex 82.3749 46.9251 2.4
      vertex 82.1204 46.6945 2.4
    endloop
  endfacet
  facet normal 0 0 -1
    outer loop
      vertex 81.1934 49.9358 2.4
      vertex 83.1336 50.7394 2.4
      vertex 81.2397 49.8064 2.4
    endloop
  endfacet
  facet normal 0 0 -1
    outer loop
      vertex 80.7881 48.3178 2.4
      vertex 82.1204 46.6945 2.4
      vertex 81.8445 46.4899 2.4
    endloop
  endfacet
  facet normal -0 0 -1
    outer loop
      vertex 83.1336 50.7394 2.4
      vertex 81.1934 49.9358 2.4
      vertex 82.9867 51.0499 2.4
    endloop
  endfacet
  facet normal 0 0 -1
    outer loop
      vertex 80.6778 48.2359 2.4
      vertex 81.8445 46.4899 2.4
      vertex 81.5499 46.3133 2.4
    endloop
  endfacet
  facet normal 0 0 -1
    outer loop
      vertex 81.1347 50.06 2.4
      vertex 82.9867 51.0499 2.4
      vertex 81.1934 49.9358 2.4
    endloop
  endfacet
  facet normal -0 0 -1
    outer loop
      vertex 82.9867 51.0499 2.4
      vertex 81.1347 50.06 2.4
      vertex 82.8101 51.3445 2.4
    endloop
  endfacet
  facet normal 0 0 -1
    outer loop
      vertex 83.3831 49.0569 2.4
      vertex 81.2933 49.2628 2.4
      vertex 81.3 49.4 2.4
    endloop
  endfacet
  facet normal 0 0 -1
    outer loop
      vertex 83.3327 48.7172 2.4
      vertex 81.2731 49.1269 2.4
      vertex 81.2933 49.2628 2.4
    endloop
  endfacet
  facet normal 0 0 -1
    outer loop
      vertex 83.2493 48.384 2.4
      vertex 81.2397 48.9936 2.4
      vertex 81.2731 49.1269 2.4
    endloop
  endfacet
  facet normal 0 0 -1
    outer loop
      vertex 80.56 48.1653 2.4
      vertex 81.5499 46.3133 2.4
      vertex 81.2394 46.1664 2.4
    endloop
  endfacet
  facet normal 0 0 -1
    outer loop
      vertex 83.1336 48.0606 2.4
      vertex 81.1934 48.8642 2.4
      vertex 81.2397 48.9936 2.4
    endloop
  endfacet
  facet normal 0 0 -1
    outer loop
      vertex 82.9867 47.7501 2.4
      vertex 81.1347 48.74 2.4
      vertex 81.1934 48.8642 2.4
    endloop
  endfacet
  facet normal 0 0 -1
    outer loop
      vertex 82.8101 47.4555 2.4
      vertex 81.0641 48.6222 2.4
      vertex 81.1347 48.74 2.4
    endloop
  endfacet
  facet normal 0 0 -1
    outer loop
      vertex 82.6055 47.1796 2.4
      vertex 80.9822 48.5118 2.4
      vertex 81.0641 48.6222 2.4
    endloop
  endfacet
  facet normal 0 0 -1
    outer loop
      vertex 80.4358 48.1066 2.4
      vertex 81.2394 46.1664 2.4
      vertex 80.916 46.0507 2.4
    endloop
  endfacet
  facet normal 0 0 -1
    outer loop
      vertex 82.3749 46.9251 2.4
      vertex 80.8899 48.41 2.4
      vertex 80.9822 48.5118 2.4
    endloop
  endfacet
  facet normal 0 0 -1
    outer loop
      vertex 82.1204 46.6945 2.4
      vertex 80.7881 48.3178 2.4
      vertex 80.8899 48.41 2.4
    endloop
  endfacet
  facet normal 0 0 -1
    outer loop
      vertex 81.8445 46.4899 2.4
      vertex 80.6778 48.2359 2.4
      vertex 80.7881 48.3178 2.4
    endloop
  endfacet
  facet normal 0 0 -1
    outer loop
      vertex 80.3064 48.0603 2.4
      vertex 80.916 46.0507 2.4
      vertex 80.5828 45.9673 2.4
    endloop
  endfacet
  facet normal 0 0 -1
    outer loop
      vertex 81.5499 46.3133 2.4
      vertex 80.56 48.1653 2.4
      vertex 80.6778 48.2359 2.4
    endloop
  endfacet
  facet normal 0 0 -1
    outer loop
      vertex 81.2394 46.1664 2.4
      vertex 80.4358 48.1066 2.4
      vertex 80.56 48.1653 2.4
    endloop
  endfacet
  facet normal 0 0 -1
    outer loop
      vertex 80.916 46.0507 2.4
      vertex 80.3064 48.0603 2.4
      vertex 80.4358 48.1066 2.4
    endloop
  endfacet
  facet normal 0 0 -1
    outer loop
      vertex 80.1731 48.0269 2.4
      vertex 80.5828 45.9673 2.4
      vertex 80.2431 45.9169 2.4
    endloop
  endfacet
  facet normal 0 0 -1
    outer loop
      vertex 80.5828 45.9673 2.4
      vertex 80.1731 48.0269 2.4
      vertex 80.3064 48.0603 2.4
    endloop
  endfacet
  facet normal 0 0 -1
    outer loop
      vertex 80.2431 45.9169 2.4
      vertex 80.0372 48.0067 2.4
      vertex 80.1731 48.0269 2.4
    endloop
  endfacet
  facet normal 0 0 -1
    outer loop
      vertex 79.9 45.9 2.4
      vertex 80.0372 48.0067 2.4
      vertex 80.2431 45.9169 2.4
    endloop
  endfacet
  facet normal 0 0 -1
    outer loop
      vertex 79.9 45.9 2.4
      vertex 79.9 48 2.4
      vertex 80.0372 48.0067 2.4
    endloop
  endfacet
  facet normal 0 0 -1
    outer loop
      vertex 79.9 45.9 2.4
      vertex 79.7628 48.0067 2.4
      vertex 79.9 48 2.4
    endloop
  endfacet
  facet normal 0 0 -1
    outer loop
      vertex 79.5569 45.9169 2.4
      vertex 79.7628 48.0067 2.4
      vertex 79.9 45.9 2.4
    endloop
  endfacet
  facet normal -0 0 -1
    outer loop
      vertex 79.7628 48.0067 2.4
      vertex 79.5569 45.9169 2.4
      vertex 79.6269 48.0269 2.4
    endloop
  endfacet
  facet normal 0 0 -1
    outer loop
      vertex 79.2172 45.9673 2.4
      vertex 79.6269 48.0269 2.4
      vertex 79.5569 45.9169 2.4
    endloop
  endfacet
  facet normal -0 0 -1
    outer loop
      vertex 79.6269 48.0269 2.4
      vertex 79.2172 45.9673 2.4
      vertex 79.4936 48.0603 2.4
    endloop
  endfacet
  facet normal 0 0 -1
    outer loop
      vertex 78.884 46.0507 2.4
      vertex 79.4936 48.0603 2.4
      vertex 79.2172 45.9673 2.4
    endloop
  endfacet
  facet normal -0 0 -1
    outer loop
      vertex 79.4936 48.0603 2.4
      vertex 78.884 46.0507 2.4
      vertex 79.3642 48.1066 2.4
    endloop
  endfacet
  facet normal 0 0 -1
    outer loop
      vertex 78.5606 46.1664 2.4
      vertex 79.3642 48.1066 2.4
      vertex 78.884 46.0507 2.4
    endloop
  endfacet
  facet normal -0 0 -1
    outer loop
      vertex 79.3642 48.1066 2.4
      vertex 78.5606 46.1664 2.4
      vertex 79.24 48.1653 2.4
    endloop
  endfacet
  facet normal 0 0 -1
    outer loop
      vertex 78.2501 46.3133 2.4
      vertex 79.24 48.1653 2.4
      vertex 78.5606 46.1664 2.4
    endloop
  endfacet
  facet normal -0 0 -1
    outer loop
      vertex 79.24 48.1653 2.4
      vertex 78.2501 46.3133 2.4
      vertex 79.1222 48.2359 2.4
    endloop
  endfacet
  facet normal 0 0 -1
    outer loop
      vertex 77.9555 46.4899 2.4
      vertex 79.1222 48.2359 2.4
      vertex 78.2501 46.3133 2.4
    endloop
  endfacet
  facet normal -0 0 -1
    outer loop
      vertex 79.1222 48.2359 2.4
      vertex 77.9555 46.4899 2.4
      vertex 79.0118 48.3178 2.4
    endloop
  endfacet
  facet normal 0 0 -1
    outer loop
      vertex 77.6796 46.6945 2.4
      vertex 79.0118 48.3178 2.4
      vertex 77.9555 46.4899 2.4
    endloop
  endfacet
  facet normal -0 0 -1
    outer loop
      vertex 79.0118 48.3178 2.4
      vertex 77.6796 46.6945 2.4
      vertex 78.91 48.41 2.4
    endloop
  endfacet
  facet normal 0 0 -1
    outer loop
      vertex 77.4251 46.9251 2.4
      vertex 78.91 48.41 2.4
      vertex 77.6796 46.6945 2.4
    endloop
  endfacet
  facet normal -0 0 -1
    outer loop
      vertex 78.91 48.41 2.4
      vertex 77.4251 46.9251 2.4
      vertex 78.8178 48.5118 2.4
    endloop
  endfacet
  facet normal 0 0 -1
    outer loop
      vertex 77.1945 47.1796 2.4
      vertex 78.8178 48.5118 2.4
      vertex 77.4251 46.9251 2.4
    endloop
  endfacet
  facet normal -0 0 -1
    outer loop
      vertex 78.8178 48.5118 2.4
      vertex 77.1945 47.1796 2.4
      vertex 78.7359 48.6222 2.4
    endloop
  endfacet
  facet normal 0 0 -1
    outer loop
      vertex 76.9899 47.4555 2.4
      vertex 78.7359 48.6222 2.4
      vertex 77.1945 47.1796 2.4
    endloop
  endfacet
  facet normal -0 0 -1
    outer loop
      vertex 78.7359 48.6222 2.4
      vertex 76.9899 47.4555 2.4
      vertex 78.6653 48.74 2.4
    endloop
  endfacet
  facet normal 0 0 -1
    outer loop
      vertex 81.0641 50.1778 2.4
      vertex 82.8101 51.3445 2.4
      vertex 81.1347 50.06 2.4
    endloop
  endfacet
  facet normal -0 0 -1
    outer loop
      vertex 82.8101 51.3445 2.4
      vertex 81.0641 50.1778 2.4
      vertex 82.6055 51.6204 2.4
    endloop
  endfacet
  facet normal 0 0 -1
    outer loop
      vertex 80.9822 50.2882 2.4
      vertex 82.6055 51.6204 2.4
      vertex 81.0641 50.1778 2.4
    endloop
  endfacet
  facet normal -0 0 -1
    outer loop
      vertex 82.6055 51.6204 2.4
      vertex 80.9822 50.2882 2.4
      vertex 82.3749 51.8749 2.4
    endloop
  endfacet
  facet normal 0 0 -1
    outer loop
      vertex 80.8899 50.3899 2.4
      vertex 82.3749 51.8749 2.4
      vertex 80.9822 50.2882 2.4
    endloop
  endfacet
  facet normal -0 0 -1
    outer loop
      vertex 82.3749 51.8749 2.4
      vertex 80.8899 50.3899 2.4
      vertex 82.1204 52.1055 2.4
    endloop
  endfacet
  facet normal 0 0 -1
    outer loop
      vertex 80.7881 50.4822 2.4
      vertex 82.1204 52.1055 2.4
      vertex 80.8899 50.3899 2.4
    endloop
  endfacet
  facet normal -0 0 -1
    outer loop
      vertex 82.1204 52.1055 2.4
      vertex 80.7881 50.4822 2.4
      vertex 81.8445 52.3101 2.4
    endloop
  endfacet
  facet normal 0 0 -1
    outer loop
      vertex 80.6778 50.5641 2.4
      vertex 81.8445 52.3101 2.4
      vertex 80.7881 50.4822 2.4
    endloop
  endfacet
  facet normal -0 0 -1
    outer loop
      vertex 81.8445 52.3101 2.4
      vertex 80.6778 50.5641 2.4
      vertex 81.5499 52.4867 2.4
    endloop
  endfacet
  facet normal 0 0 -1
    outer loop
      vertex 80.56 50.6347 2.4
      vertex 81.5499 52.4867 2.4
      vertex 80.6778 50.5641 2.4
    endloop
  endfacet
  facet normal -0 0 -1
    outer loop
      vertex 81.5499 52.4867 2.4
      vertex 80.56 50.6347 2.4
      vertex 81.2394 52.6336 2.4
    endloop
  endfacet
  facet normal 0 0 -1
    outer loop
      vertex 80.4358 50.6934 2.4
      vertex 81.2394 52.6336 2.4
      vertex 80.56 50.6347 2.4
    endloop
  endfacet
  facet normal -0 0 -1
    outer loop
      vertex 81.2394 52.6336 2.4
      vertex 80.4358 50.6934 2.4
      vertex 80.916 52.7493 2.4
    endloop
  endfacet
  facet normal 0 0 -1
    outer loop
      vertex 80.3064 50.7397 2.4
      vertex 80.916 52.7493 2.4
      vertex 80.4358 50.6934 2.4
    endloop
  endfacet
  facet normal -0 0 -1
    outer loop
      vertex 80.916 52.7493 2.4
      vertex 80.3064 50.7397 2.4
      vertex 80.5828 52.8327 2.4
    endloop
  endfacet
  facet normal 0 0 -1
    outer loop
      vertex 80.1731 50.7731 2.4
      vertex 80.5828 52.8327 2.4
      vertex 80.3064 50.7397 2.4
    endloop
  endfacet
  facet normal -0 0 -1
    outer loop
      vertex 80.5828 52.8327 2.4
      vertex 80.1731 50.7731 2.4
      vertex 80.2431 52.8831 2.4
    endloop
  endfacet
  facet normal 0 0 -1
    outer loop
      vertex 80.0372 50.7933 2.4
      vertex 80.2431 52.8831 2.4
      vertex 80.1731 50.7731 2.4
    endloop
  endfacet
  facet normal 0 0 -1
    outer loop
      vertex 79.9 50.8 2.4
      vertex 80.2431 52.8831 2.4
      vertex 80.0372 50.7933 2.4
    endloop
  endfacet
  facet normal 0 0 -1
    outer loop
      vertex 79.9 50.8 2.4
      vertex 79.9 52.9 2.4
      vertex 80.2431 52.8831 2.4
    endloop
  endfacet
  facet normal 0 0 -1
    outer loop
      vertex 79.7628 50.7933 2.4
      vertex 79.9 52.9 2.4
      vertex 79.9 50.8 2.4
    endloop
  endfacet
  facet normal 0 0 -1
    outer loop
      vertex 79.5569 52.8831 2.4
      vertex 79.7628 50.7933 2.4
      vertex 79.6269 50.7731 2.4
    endloop
  endfacet
  facet normal 0 0 -1
    outer loop
      vertex 79.7628 50.7933 2.4
      vertex 79.5569 52.8831 2.4
      vertex 79.9 52.9 2.4
    endloop
  endfacet
  facet normal 0 0 -1
    outer loop
      vertex 79.2172 52.8327 2.4
      vertex 79.6269 50.7731 2.4
      vertex 79.4936 50.7397 2.4
    endloop
  endfacet
  facet normal 0 0 -1
    outer loop
      vertex 78.884 52.7493 2.4
      vertex 79.4936 50.7397 2.4
      vertex 79.3642 50.6934 2.4
    endloop
  endfacet
  facet normal 0 0 -1
    outer loop
      vertex 78.5606 52.6336 2.4
      vertex 79.3642 50.6934 2.4
      vertex 79.24 50.6347 2.4
    endloop
  endfacet
  facet normal 0 0 -1
    outer loop
      vertex 79.6269 50.7731 2.4
      vertex 79.2172 52.8327 2.4
      vertex 79.5569 52.8831 2.4
    endloop
  endfacet
  facet normal 0 0 -1
    outer loop
      vertex 78.2501 52.4867 2.4
      vertex 79.24 50.6347 2.4
      vertex 79.1222 50.5641 2.4
    endloop
  endfacet
  facet normal 0 0 -1
    outer loop
      vertex 77.9555 52.3101 2.4
      vertex 79.1222 50.5641 2.4
      vertex 79.0118 50.4822 2.4
    endloop
  endfacet
  facet normal 0 0 -1
    outer loop
      vertex 77.6796 52.1055 2.4
      vertex 79.0118 50.4822 2.4
      vertex 78.91 50.3899 2.4
    endloop
  endfacet
  facet normal 0 0 -1
    outer loop
      vertex 79.4936 50.7397 2.4
      vertex 78.884 52.7493 2.4
      vertex 79.2172 52.8327 2.4
    endloop
  endfacet
  facet normal 0 0 -1
    outer loop
      vertex 77.4251 51.8749 2.4
      vertex 78.91 50.3899 2.4
      vertex 78.8178 50.2882 2.4
    endloop
  endfacet
  facet normal 0 0 -1
    outer loop
      vertex 77.1945 51.6204 2.4
      vertex 78.8178 50.2882 2.4
      vertex 78.7359 50.1778 2.4
    endloop
  endfacet
  facet normal 0 0 -1
    outer loop
      vertex 76.9899 51.3445 2.4
      vertex 78.7359 50.1778 2.4
      vertex 78.6653 50.06 2.4
    endloop
  endfacet
  facet normal 0 0 -1
    outer loop
      vertex 76.8133 51.0499 2.4
      vertex 78.6653 50.06 2.4
      vertex 78.6066 49.9358 2.4
    endloop
  endfacet
  facet normal 0 0 -1
    outer loop
      vertex 79.3642 50.6934 2.4
      vertex 78.5606 52.6336 2.4
      vertex 78.884 52.7493 2.4
    endloop
  endfacet
  facet normal 0 0 -1
    outer loop
      vertex 76.6664 50.7394 2.4
      vertex 78.6066 49.9358 2.4
      vertex 78.5603 49.8064 2.4
    endloop
  endfacet
  facet normal 0 0 -1
    outer loop
      vertex 76.5507 50.416 2.4
      vertex 78.5603 49.8064 2.4
      vertex 78.5269 49.6731 2.4
    endloop
  endfacet
  facet normal 0 0 -1
    outer loop
      vertex 76.4673 50.0828 2.4
      vertex 78.5269 49.6731 2.4
      vertex 78.5067 49.5372 2.4
    endloop
  endfacet
  facet normal 0 0 -1
    outer loop
      vertex 76.4169 49.7431 2.4
      vertex 78.5067 49.5372 2.4
      vertex 78.5 49.4 2.4
    endloop
  endfacet
  facet normal 0 0 -1
    outer loop
      vertex 76.8133 47.7501 2.4
      vertex 78.6653 48.74 2.4
      vertex 76.9899 47.4555 2.4
    endloop
  endfacet
  facet normal 0 0 -1
    outer loop
      vertex 79.24 50.6347 2.4
      vertex 78.2501 52.4867 2.4
      vertex 78.5606 52.6336 2.4
    endloop
  endfacet
  facet normal -0 0 -1
    outer loop
      vertex 78.6653 48.74 2.4
      vertex 76.8133 47.7501 2.4
      vertex 78.6066 48.8642 2.4
    endloop
  endfacet
  facet normal 0 0 -1
    outer loop
      vertex 79.1222 50.5641 2.4
      vertex 77.9555 52.3101 2.4
      vertex 78.2501 52.4867 2.4
    endloop
  endfacet
  facet normal 0 0 -1
    outer loop
      vertex 76.6664 48.0606 2.4
      vertex 78.6066 48.8642 2.4
      vertex 76.8133 47.7501 2.4
    endloop
  endfacet
  facet normal 0 0 -1
    outer loop
      vertex 79.0118 50.4822 2.4
      vertex 77.6796 52.1055 2.4
      vertex 77.9555 52.3101 2.4
    endloop
  endfacet
  facet normal -0 0 -1
    outer loop
      vertex 78.6066 48.8642 2.4
      vertex 76.6664 48.0606 2.4
      vertex 78.5603 48.9936 2.4
    endloop
  endfacet
  facet normal 0 0 -1
    outer loop
      vertex 78.91 50.3899 2.4
      vertex 77.4251 51.8749 2.4
      vertex 77.6796 52.1055 2.4
    endloop
  endfacet
  facet normal 0 0 -1
    outer loop
      vertex 76.5507 48.384 2.4
      vertex 78.5603 48.9936 2.4
      vertex 76.6664 48.0606 2.4
    endloop
  endfacet
  facet normal 0 0 -1
    outer loop
      vertex 78.8178 50.2882 2.4
      vertex 77.1945 51.6204 2.4
      vertex 77.4251 51.8749 2.4
    endloop
  endfacet
  facet normal -0 0 -1
    outer loop
      vertex 78.5603 48.9936 2.4
      vertex 76.5507 48.384 2.4
      vertex 78.5269 49.1269 2.4
    endloop
  endfacet
  facet normal 0 0 -1
    outer loop
      vertex 78.7359 50.1778 2.4
      vertex 76.9899 51.3445 2.4
      vertex 77.1945 51.6204 2.4
    endloop
  endfacet
  facet normal 0 0 -1
    outer loop
      vertex 76.4673 48.7172 2.4
      vertex 78.5269 49.1269 2.4
      vertex 76.5507 48.384 2.4
    endloop
  endfacet
  facet normal 0 0 -1
    outer loop
      vertex 78.6653 50.06 2.4
      vertex 76.8133 51.0499 2.4
      vertex 76.9899 51.3445 2.4
    endloop
  endfacet
  facet normal -0 0 -1
    outer loop
      vertex 78.5269 49.1269 2.4
      vertex 76.4673 48.7172 2.4
      vertex 78.5067 49.2628 2.4
    endloop
  endfacet
  facet normal 0 0 -1
    outer loop
      vertex 78.6066 49.9358 2.4
      vertex 76.6664 50.7394 2.4
      vertex 76.8133 51.0499 2.4
    endloop
  endfacet
  facet normal 0 0 -1
    outer loop
      vertex 76.4169 49.0569 2.4
      vertex 78.5067 49.2628 2.4
      vertex 76.4673 48.7172 2.4
    endloop
  endfacet
  facet normal 0 0 -1
    outer loop
      vertex 78.5603 49.8064 2.4
      vertex 76.5507 50.416 2.4
      vertex 76.6664 50.7394 2.4
    endloop
  endfacet
  facet normal -0 0 -1
    outer loop
      vertex 78.5067 49.2628 2.4
      vertex 76.4169 49.0569 2.4
      vertex 78.5 49.4 2.4
    endloop
  endfacet
  facet normal 0 0 -1
    outer loop
      vertex 78.5269 49.6731 2.4
      vertex 76.4673 50.0828 2.4
      vertex 76.5507 50.416 2.4
    endloop
  endfacet
  facet normal 0 0 -1
    outer loop
      vertex 76.4 49.4 2.4
      vertex 78.5 49.4 2.4
      vertex 76.4169 49.0569 2.4
    endloop
  endfacet
  facet normal 0 0 -1
    outer loop
      vertex 78.5067 49.5372 2.4
      vertex 76.4169 49.7431 2.4
      vertex 76.4673 50.0828 2.4
    endloop
  endfacet
  facet normal 0 0 -1
    outer loop
      vertex 78.5 49.4 2.4
      vertex 76.4 49.4 2.4
      vertex 76.4169 49.7431 2.4
    endloop
  endfacet
  facet normal 0 0 1
    outer loop
      vertex 81.3 49.4 26.4
      vertex 83.4 49.4 26.4
      vertex 83.3831 49.7431 26.4
    endloop
  endfacet
  facet normal 0 0 1
    outer loop
      vertex 81.2933 49.5372 26.4
      vertex 83.3831 49.7431 26.4
      vertex 83.3327 50.0828 26.4
    endloop
  endfacet
  facet normal 0 0 1
    outer loop
      vertex 83.4 49.4 26.4
      vertex 81.3 49.4 26.4
      vertex 83.3831 49.0569 26.4
    endloop
  endfacet
  facet normal 0 0 1
    outer loop
      vertex 81.2731 49.6731 26.4
      vertex 83.3327 50.0828 26.4
      vertex 83.2493 50.416 26.4
    endloop
  endfacet
  facet normal -0 0 1
    outer loop
      vertex 81.2933 49.2628 26.4
      vertex 83.3831 49.0569 26.4
      vertex 81.3 49.4 26.4
    endloop
  endfacet
  facet normal 0 0 1
    outer loop
      vertex 81.2397 49.8064 26.4
      vertex 83.2493 50.416 26.4
      vertex 83.1336 50.7394 26.4
    endloop
  endfacet
  facet normal 0 0 1
    outer loop
      vertex 83.3831 49.0569 26.4
      vertex 81.2933 49.2628 26.4
      vertex 83.3327 48.7172 26.4
    endloop
  endfacet
  facet normal 0 0 1
    outer loop
      vertex 81.1934 49.9358 26.4
      vertex 83.1336 50.7394 26.4
      vertex 82.9867 51.0499 26.4
    endloop
  endfacet
  facet normal -0 0 1
    outer loop
      vertex 81.2731 49.1269 26.4
      vertex 83.3327 48.7172 26.4
      vertex 81.2933 49.2628 26.4
    endloop
  endfacet
  facet normal 0 0 1
    outer loop
      vertex 81.1347 50.06 26.4
      vertex 82.9867 51.0499 26.4
      vertex 82.8101 51.3445 26.4
    endloop
  endfacet
  facet normal 0 0 1
    outer loop
      vertex 83.3327 48.7172 26.4
      vertex 81.2731 49.1269 26.4
      vertex 83.2493 48.384 26.4
    endloop
  endfacet
  facet normal 0 0 1
    outer loop
      vertex 81.0641 50.1778 26.4
      vertex 82.8101 51.3445 26.4
      vertex 82.6055 51.6204 26.4
    endloop
  endfacet
  facet normal -0 0 1
    outer loop
      vertex 81.2397 48.9936 26.4
      vertex 83.2493 48.384 26.4
      vertex 81.2731 49.1269 26.4
    endloop
  endfacet
  facet normal 0 0 1
    outer loop
      vertex 80.9822 50.2882 26.4
      vertex 82.6055 51.6204 26.4
      vertex 82.3749 51.8749 26.4
    endloop
  endfacet
  facet normal 0 0 1
    outer loop
      vertex 83.2493 48.384 26.4
      vertex 81.2397 48.9936 26.4
      vertex 83.1336 48.0606 26.4
    endloop
  endfacet
  facet normal 0 0 1
    outer loop
      vertex 80.8899 50.3899 26.4
      vertex 82.3749 51.8749 26.4
      vertex 82.1204 52.1055 26.4
    endloop
  endfacet
  facet normal -0 0 1
    outer loop
      vertex 81.1934 48.8642 26.4
      vertex 83.1336 48.0606 26.4
      vertex 81.2397 48.9936 26.4
    endloop
  endfacet
  facet normal 0 0 1
    outer loop
      vertex 80.7881 50.4822 26.4
      vertex 82.1204 52.1055 26.4
      vertex 81.8445 52.3101 26.4
    endloop
  endfacet
  facet normal 0 0 1
    outer loop
      vertex 83.1336 48.0606 26.4
      vertex 81.1934 48.8642 26.4
      vertex 82.9867 47.7501 26.4
    endloop
  endfacet
  facet normal 0 0 1
    outer loop
      vertex 80.6778 50.5641 26.4
      vertex 81.8445 52.3101 26.4
      vertex 81.5499 52.4867 26.4
    endloop
  endfacet
  facet normal -0 0 1
    outer loop
      vertex 81.1347 48.74 26.4
      vertex 82.9867 47.7501 26.4
      vertex 81.1934 48.8642 26.4
    endloop
  endfacet
  facet normal 0 0 1
    outer loop
      vertex 82.9867 47.7501 26.4
      vertex 81.1347 48.74 26.4
      vertex 82.8101 47.4555 26.4
    endloop
  endfacet
  facet normal 0 0 1
    outer loop
      vertex 83.3831 49.7431 26.4
      vertex 81.2933 49.5372 26.4
      vertex 81.3 49.4 26.4
    endloop
  endfacet
  facet normal 0 0 1
    outer loop
      vertex 83.3327 50.0828 26.4
      vertex 81.2731 49.6731 26.4
      vertex 81.2933 49.5372 26.4
    endloop
  endfacet
  facet normal 0 0 1
    outer loop
      vertex 83.2493 50.416 26.4
      vertex 81.2397 49.8064 26.4
      vertex 81.2731 49.6731 26.4
    endloop
  endfacet
  facet normal 0 0 1
    outer loop
      vertex 80.56 50.6347 26.4
      vertex 81.5499 52.4867 26.4
      vertex 81.2394 52.6336 26.4
    endloop
  endfacet
  facet normal 0 0 1
    outer loop
      vertex 83.1336 50.7394 26.4
      vertex 81.1934 49.9358 26.4
      vertex 81.2397 49.8064 26.4
    endloop
  endfacet
  facet normal 0 0 1
    outer loop
      vertex 82.9867 51.0499 26.4
      vertex 81.1347 50.06 26.4
      vertex 81.1934 49.9358 26.4
    endloop
  endfacet
  facet normal 0 0 1
    outer loop
      vertex 82.8101 51.3445 26.4
      vertex 81.0641 50.1778 26.4
      vertex 81.1347 50.06 26.4
    endloop
  endfacet
  facet normal 0 0 1
    outer loop
      vertex 82.6055 51.6204 26.4
      vertex 80.9822 50.2882 26.4
      vertex 81.0641 50.1778 26.4
    endloop
  endfacet
  facet normal 0 0 1
    outer loop
      vertex 80.4358 50.6934 26.4
      vertex 81.2394 52.6336 26.4
      vertex 80.916 52.7493 26.4
    endloop
  endfacet
  facet normal 0 0 1
    outer loop
      vertex 82.3749 51.8749 26.4
      vertex 80.8899 50.3899 26.4
      vertex 80.9822 50.2882 26.4
    endloop
  endfacet
  facet normal 0 0 1
    outer loop
      vertex 82.1204 52.1055 26.4
      vertex 80.7881 50.4822 26.4
      vertex 80.8899 50.3899 26.4
    endloop
  endfacet
  facet normal 0 0 1
    outer loop
      vertex 81.8445 52.3101 26.4
      vertex 80.6778 50.5641 26.4
      vertex 80.7881 50.4822 26.4
    endloop
  endfacet
  facet normal 0 0 1
    outer loop
      vertex 80.3064 50.7397 26.4
      vertex 80.916 52.7493 26.4
      vertex 80.5828 52.8327 26.4
    endloop
  endfacet
  facet normal 0 0 1
    outer loop
      vertex 81.5499 52.4867 26.4
      vertex 80.56 50.6347 26.4
      vertex 80.6778 50.5641 26.4
    endloop
  endfacet
  facet normal 0 0 1
    outer loop
      vertex 81.2394 52.6336 26.4
      vertex 80.4358 50.6934 26.4
      vertex 80.56 50.6347 26.4
    endloop
  endfacet
  facet normal 0 0 1
    outer loop
      vertex 80.916 52.7493 26.4
      vertex 80.3064 50.7397 26.4
      vertex 80.4358 50.6934 26.4
    endloop
  endfacet
  facet normal 0 0 1
    outer loop
      vertex 80.1731 50.7731 26.4
      vertex 80.5828 52.8327 26.4
      vertex 80.2431 52.8831 26.4
    endloop
  endfacet
  facet normal 0 0 1
    outer loop
      vertex 80.5828 52.8327 26.4
      vertex 80.1731 50.7731 26.4
      vertex 80.3064 50.7397 26.4
    endloop
  endfacet
  facet normal 0 0 1
    outer loop
      vertex 80.2431 52.8831 26.4
      vertex 80.0372 50.7933 26.4
      vertex 80.1731 50.7731 26.4
    endloop
  endfacet
  facet normal 0 0 1
    outer loop
      vertex 79.9 52.9 26.4
      vertex 80.0372 50.7933 26.4
      vertex 80.2431 52.8831 26.4
    endloop
  endfacet
  facet normal 0 0 1
    outer loop
      vertex 79.9 52.9 26.4
      vertex 79.9 50.8 26.4
      vertex 80.0372 50.7933 26.4
    endloop
  endfacet
  facet normal 0 0 1
    outer loop
      vertex 79.9 52.9 26.4
      vertex 79.7628 50.7933 26.4
      vertex 79.9 50.8 26.4
    endloop
  endfacet
  facet normal -0 0 1
    outer loop
      vertex 79.5569 52.8831 26.4
      vertex 79.7628 50.7933 26.4
      vertex 79.9 52.9 26.4
    endloop
  endfacet
  facet normal 0 0 1
    outer loop
      vertex 79.7628 50.7933 26.4
      vertex 79.5569 52.8831 26.4
      vertex 79.6269 50.7731 26.4
    endloop
  endfacet
  facet normal -0 0 1
    outer loop
      vertex 79.2172 52.8327 26.4
      vertex 79.6269 50.7731 26.4
      vertex 79.5569 52.8831 26.4
    endloop
  endfacet
  facet normal 0 0 1
    outer loop
      vertex 79.6269 50.7731 26.4
      vertex 79.2172 52.8327 26.4
      vertex 79.4936 50.7397 26.4
    endloop
  endfacet
  facet normal -0 0 1
    outer loop
      vertex 78.884 52.7493 26.4
      vertex 79.4936 50.7397 26.4
      vertex 79.2172 52.8327 26.4
    endloop
  endfacet
  facet normal 0 0 1
    outer loop
      vertex 79.4936 50.7397 26.4
      vertex 78.884 52.7493 26.4
      vertex 79.3642 50.6934 26.4
    endloop
  endfacet
  facet normal -0 0 1
    outer loop
      vertex 78.5606 52.6336 26.4
      vertex 79.3642 50.6934 26.4
      vertex 78.884 52.7493 26.4
    endloop
  endfacet
  facet normal 0 0 1
    outer loop
      vertex 79.3642 50.6934 26.4
      vertex 78.5606 52.6336 26.4
      vertex 79.24 50.6347 26.4
    endloop
  endfacet
  facet normal -0 0 1
    outer loop
      vertex 78.2501 52.4867 26.4
      vertex 79.24 50.6347 26.4
      vertex 78.5606 52.6336 26.4
    endloop
  endfacet
  facet normal 0 0 1
    outer loop
      vertex 79.24 50.6347 26.4
      vertex 78.2501 52.4867 26.4
      vertex 79.1222 50.5641 26.4
    endloop
  endfacet
  facet normal -0 0 1
    outer loop
      vertex 77.9555 52.3101 26.4
      vertex 79.1222 50.5641 26.4
      vertex 78.2501 52.4867 26.4
    endloop
  endfacet
  facet normal 0 0 1
    outer loop
      vertex 79.1222 50.5641 26.4
      vertex 77.9555 52.3101 26.4
      vertex 79.0118 50.4822 26.4
    endloop
  endfacet
  facet normal -0 0 1
    outer loop
      vertex 77.6796 52.1055 26.4
      vertex 79.0118 50.4822 26.4
      vertex 77.9555 52.3101 26.4
    endloop
  endfacet
  facet normal 0 0 1
    outer loop
      vertex 79.0118 50.4822 26.4
      vertex 77.6796 52.1055 26.4
      vertex 78.91 50.3899 26.4
    endloop
  endfacet
  facet normal -0 0 1
    outer loop
      vertex 77.4251 51.8749 26.4
      vertex 78.91 50.3899 26.4
      vertex 77.6796 52.1055 26.4
    endloop
  endfacet
  facet normal 0 0 1
    outer loop
      vertex 78.91 50.3899 26.4
      vertex 77.4251 51.8749 26.4
      vertex 78.8178 50.2882 26.4
    endloop
  endfacet
  facet normal -0 0 1
    outer loop
      vertex 77.1945 51.6204 26.4
      vertex 78.8178 50.2882 26.4
      vertex 77.4251 51.8749 26.4
    endloop
  endfacet
  facet normal 0 0 1
    outer loop
      vertex 78.8178 50.2882 26.4
      vertex 77.1945 51.6204 26.4
      vertex 78.7359 50.1778 26.4
    endloop
  endfacet
  facet normal -0 0 1
    outer loop
      vertex 76.9899 51.3445 26.4
      vertex 78.7359 50.1778 26.4
      vertex 77.1945 51.6204 26.4
    endloop
  endfacet
  facet normal 0 0 1
    outer loop
      vertex 78.7359 50.1778 26.4
      vertex 76.9899 51.3445 26.4
      vertex 78.6653 50.06 26.4
    endloop
  endfacet
  facet normal -0 0 1
    outer loop
      vertex 81.0641 48.6222 26.4
      vertex 82.8101 47.4555 26.4
      vertex 81.1347 48.74 26.4
    endloop
  endfacet
  facet normal 0 0 1
    outer loop
      vertex 82.8101 47.4555 26.4
      vertex 81.0641 48.6222 26.4
      vertex 82.6055 47.1796 26.4
    endloop
  endfacet
  facet normal -0 0 1
    outer loop
      vertex 80.9822 48.5118 26.4
      vertex 82.6055 47.1796 26.4
      vertex 81.0641 48.6222 26.4
    endloop
  endfacet
  facet normal 0 0 1
    outer loop
      vertex 82.6055 47.1796 26.4
      vertex 80.9822 48.5118 26.4
      vertex 82.3749 46.9251 26.4
    endloop
  endfacet
  facet normal -0 0 1
    outer loop
      vertex 80.8899 48.41 26.4
      vertex 82.3749 46.9251 26.4
      vertex 80.9822 48.5118 26.4
    endloop
  endfacet
  facet normal 0 0 1
    outer loop
      vertex 82.3749 46.9251 26.4
      vertex 80.8899 48.41 26.4
      vertex 82.1204 46.6945 26.4
    endloop
  endfacet
  facet normal -0 0 1
    outer loop
      vertex 80.7881 48.3178 26.4
      vertex 82.1204 46.6945 26.4
      vertex 80.8899 48.41 26.4
    endloop
  endfacet
  facet normal 0 0 1
    outer loop
      vertex 82.1204 46.6945 26.4
      vertex 80.7881 48.3178 26.4
      vertex 81.8445 46.4899 26.4
    endloop
  endfacet
  facet normal -0 0 1
    outer loop
      vertex 80.6778 48.2359 26.4
      vertex 81.8445 46.4899 26.4
      vertex 80.7881 48.3178 26.4
    endloop
  endfacet
  facet normal 0 0 1
    outer loop
      vertex 81.8445 46.4899 26.4
      vertex 80.6778 48.2359 26.4
      vertex 81.5499 46.3133 26.4
    endloop
  endfacet
  facet normal -0 0 1
    outer loop
      vertex 80.56 48.1653 26.4
      vertex 81.5499 46.3133 26.4
      vertex 80.6778 48.2359 26.4
    endloop
  endfacet
  facet normal 0 0 1
    outer loop
      vertex 81.5499 46.3133 26.4
      vertex 80.56 48.1653 26.4
      vertex 81.2394 46.1664 26.4
    endloop
  endfacet
  facet normal -0 0 1
    outer loop
      vertex 80.4358 48.1066 26.4
      vertex 81.2394 46.1664 26.4
      vertex 80.56 48.1653 26.4
    endloop
  endfacet
  facet normal 0 0 1
    outer loop
      vertex 81.2394 46.1664 26.4
      vertex 80.4358 48.1066 26.4
      vertex 80.916 46.0507 26.4
    endloop
  endfacet
  facet normal -0 0 1
    outer loop
      vertex 80.3064 48.0603 26.4
      vertex 80.916 46.0507 26.4
      vertex 80.4358 48.1066 26.4
    endloop
  endfacet
  facet normal 0 0 1
    outer loop
      vertex 80.916 46.0507 26.4
      vertex 80.3064 48.0603 26.4
      vertex 80.5828 45.9673 26.4
    endloop
  endfacet
  facet normal -0 0 1
    outer loop
      vertex 80.1731 48.0269 26.4
      vertex 80.5828 45.9673 26.4
      vertex 80.3064 48.0603 26.4
    endloop
  endfacet
  facet normal 0 0 1
    outer loop
      vertex 80.5828 45.9673 26.4
      vertex 80.1731 48.0269 26.4
      vertex 80.2431 45.9169 26.4
    endloop
  endfacet
  facet normal -0 0 1
    outer loop
      vertex 80.0372 48.0067 26.4
      vertex 80.2431 45.9169 26.4
      vertex 80.1731 48.0269 26.4
    endloop
  endfacet
  facet normal -0 0 1
    outer loop
      vertex 79.9 48 26.4
      vertex 80.2431 45.9169 26.4
      vertex 80.0372 48.0067 26.4
    endloop
  endfacet
  facet normal 0 0 1
    outer loop
      vertex 79.9 48 26.4
      vertex 79.9 45.9 26.4
      vertex 80.2431 45.9169 26.4
    endloop
  endfacet
  facet normal 0 0 1
    outer loop
      vertex 79.7628 48.0067 26.4
      vertex 79.9 45.9 26.4
      vertex 79.9 48 26.4
    endloop
  endfacet
  facet normal 0 0 1
    outer loop
      vertex 79.5569 45.9169 26.4
      vertex 79.7628 48.0067 26.4
      vertex 79.6269 48.0269 26.4
    endloop
  endfacet
  facet normal 0 0 1
    outer loop
      vertex 79.7628 48.0067 26.4
      vertex 79.5569 45.9169 26.4
      vertex 79.9 45.9 26.4
    endloop
  endfacet
  facet normal 0 0 1
    outer loop
      vertex 79.2172 45.9673 26.4
      vertex 79.6269 48.0269 26.4
      vertex 79.4936 48.0603 26.4
    endloop
  endfacet
  facet normal 0 0 1
    outer loop
      vertex 78.884 46.0507 26.4
      vertex 79.4936 48.0603 26.4
      vertex 79.3642 48.1066 26.4
    endloop
  endfacet
  facet normal 0 0 1
    outer loop
      vertex 78.5606 46.1664 26.4
      vertex 79.3642 48.1066 26.4
      vertex 79.24 48.1653 26.4
    endloop
  endfacet
  facet normal 0 0 1
    outer loop
      vertex 79.6269 48.0269 26.4
      vertex 79.2172 45.9673 26.4
      vertex 79.5569 45.9169 26.4
    endloop
  endfacet
  facet normal 0 0 1
    outer loop
      vertex 78.2501 46.3133 26.4
      vertex 79.24 48.1653 26.4
      vertex 79.1222 48.2359 26.4
    endloop
  endfacet
  facet normal 0 0 1
    outer loop
      vertex 77.9555 46.4899 26.4
      vertex 79.1222 48.2359 26.4
      vertex 79.0118 48.3178 26.4
    endloop
  endfacet
  facet normal 0 0 1
    outer loop
      vertex 77.6796 46.6945 26.4
      vertex 79.0118 48.3178 26.4
      vertex 78.91 48.41 26.4
    endloop
  endfacet
  facet normal 0 0 1
    outer loop
      vertex 79.4936 48.0603 26.4
      vertex 78.884 46.0507 26.4
      vertex 79.2172 45.9673 26.4
    endloop
  endfacet
  facet normal 0 0 1
    outer loop
      vertex 77.4251 46.9251 26.4
      vertex 78.91 48.41 26.4
      vertex 78.8178 48.5118 26.4
    endloop
  endfacet
  facet normal 0 0 1
    outer loop
      vertex 77.1945 47.1796 26.4
      vertex 78.8178 48.5118 26.4
      vertex 78.7359 48.6222 26.4
    endloop
  endfacet
  facet normal 0 0 1
    outer loop
      vertex 76.9899 47.4555 26.4
      vertex 78.7359 48.6222 26.4
      vertex 78.6653 48.74 26.4
    endloop
  endfacet
  facet normal 0 0 1
    outer loop
      vertex 76.8133 47.7501 26.4
      vertex 78.6653 48.74 26.4
      vertex 78.6066 48.8642 26.4
    endloop
  endfacet
  facet normal 0 0 1
    outer loop
      vertex 79.3642 48.1066 26.4
      vertex 78.5606 46.1664 26.4
      vertex 78.884 46.0507 26.4
    endloop
  endfacet
  facet normal 0 0 1
    outer loop
      vertex 76.6664 48.0606 26.4
      vertex 78.6066 48.8642 26.4
      vertex 78.5603 48.9936 26.4
    endloop
  endfacet
  facet normal 0 0 1
    outer loop
      vertex 76.5507 48.384 26.4
      vertex 78.5603 48.9936 26.4
      vertex 78.5269 49.1269 26.4
    endloop
  endfacet
  facet normal 0 0 1
    outer loop
      vertex 76.4673 48.7172 26.4
      vertex 78.5269 49.1269 26.4
      vertex 78.5067 49.2628 26.4
    endloop
  endfacet
  facet normal 0 0 1
    outer loop
      vertex 76.4169 49.0569 26.4
      vertex 78.5067 49.2628 26.4
      vertex 78.5 49.4 26.4
    endloop
  endfacet
  facet normal -0 0 1
    outer loop
      vertex 76.8133 51.0499 26.4
      vertex 78.6653 50.06 26.4
      vertex 76.9899 51.3445 26.4
    endloop
  endfacet
  facet normal 0 0 1
    outer loop
      vertex 79.24 48.1653 26.4
      vertex 78.2501 46.3133 26.4
      vertex 78.5606 46.1664 26.4
    endloop
  endfacet
  facet normal 0 0 1
    outer loop
      vertex 78.6653 50.06 26.4
      vertex 76.8133 51.0499 26.4
      vertex 78.6066 49.9358 26.4
    endloop
  endfacet
  facet normal 0 0 1
    outer loop
      vertex 79.1222 48.2359 26.4
      vertex 77.9555 46.4899 26.4
      vertex 78.2501 46.3133 26.4
    endloop
  endfacet
  facet normal -0 0 1
    outer loop
      vertex 76.6664 50.7394 26.4
      vertex 78.6066 49.9358 26.4
      vertex 76.8133 51.0499 26.4
    endloop
  endfacet
  facet normal 0 0 1
    outer loop
      vertex 79.0118 48.3178 26.4
      vertex 77.6796 46.6945 26.4
      vertex 77.9555 46.4899 26.4
    endloop
  endfacet
  facet normal 0 0 1
    outer loop
      vertex 78.6066 49.9358 26.4
      vertex 76.6664 50.7394 26.4
      vertex 78.5603 49.8064 26.4
    endloop
  endfacet
  facet normal 0 0 1
    outer loop
      vertex 78.91 48.41 26.4
      vertex 77.4251 46.9251 26.4
      vertex 77.6796 46.6945 26.4
    endloop
  endfacet
  facet normal -0 0 1
    outer loop
      vertex 76.5507 50.416 26.4
      vertex 78.5603 49.8064 26.4
      vertex 76.6664 50.7394 26.4
    endloop
  endfacet
  facet normal 0 0 1
    outer loop
      vertex 78.8178 48.5118 26.4
      vertex 77.1945 47.1796 26.4
      vertex 77.4251 46.9251 26.4
    endloop
  endfacet
  facet normal 0 0 1
    outer loop
      vertex 78.5603 49.8064 26.4
      vertex 76.5507 50.416 26.4
      vertex 78.5269 49.6731 26.4
    endloop
  endfacet
  facet normal 0 0 1
    outer loop
      vertex 78.7359 48.6222 26.4
      vertex 76.9899 47.4555 26.4
      vertex 77.1945 47.1796 26.4
    endloop
  endfacet
  facet normal -0 0 1
    outer loop
      vertex 76.4673 50.0828 26.4
      vertex 78.5269 49.6731 26.4
      vertex 76.5507 50.416 26.4
    endloop
  endfacet
  facet normal 0 0 1
    outer loop
      vertex 78.6653 48.74 26.4
      vertex 76.8133 47.7501 26.4
      vertex 76.9899 47.4555 26.4
    endloop
  endfacet
  facet normal 0 0 1
    outer loop
      vertex 78.5269 49.6731 26.4
      vertex 76.4673 50.0828 26.4
      vertex 78.5067 49.5372 26.4
    endloop
  endfacet
  facet normal 0 0 1
    outer loop
      vertex 78.6066 48.8642 26.4
      vertex 76.6664 48.0606 26.4
      vertex 76.8133 47.7501 26.4
    endloop
  endfacet
  facet normal -0 0 1
    outer loop
      vertex 76.4169 49.7431 26.4
      vertex 78.5067 49.5372 26.4
      vertex 76.4673 50.0828 26.4
    endloop
  endfacet
  facet normal 0 0 1
    outer loop
      vertex 78.5603 48.9936 26.4
      vertex 76.5507 48.384 26.4
      vertex 76.6664 48.0606 26.4
    endloop
  endfacet
  facet normal 0 0 1
    outer loop
      vertex 78.5067 49.5372 26.4
      vertex 76.4169 49.7431 26.4
      vertex 78.5 49.4 26.4
    endloop
  endfacet
  facet normal 0 0 1
    outer loop
      vertex 78.5269 49.1269 26.4
      vertex 76.4673 48.7172 26.4
      vertex 76.5507 48.384 26.4
    endloop
  endfacet
  facet normal 0 0 1
    outer loop
      vertex 76.4 49.4 26.4
      vertex 78.5 49.4 26.4
      vertex 76.4169 49.7431 26.4
    endloop
  endfacet
  facet normal 0 0 1
    outer loop
      vertex 78.5067 49.2628 26.4
      vertex 76.4169 49.0569 26.4
      vertex 76.4673 48.7172 26.4
    endloop
  endfacet
  facet normal 0 0 1
    outer loop
      vertex 78.5 49.4 26.4
      vertex 76.4 49.4 26.4
      vertex 76.4169 49.0569 26.4
    endloop
  endfacet
  facet normal -0.989133 -0.147023 0
    outer loop
      vertex 81.2933 49.5372 2.4
      vertex 81.2731 49.6731 26.4
      vertex 81.2731 49.6731 2.4
    endloop
  endfacet
  facet normal -0.989133 -0.147023 0
    outer loop
      vertex 81.2731 49.6731 26.4
      vertex 81.2933 49.5372 2.4
      vertex 81.2933 49.5372 26.4
    endloop
  endfacet
  facet normal -0.99881 -0.0487757 0
    outer loop
      vertex 81.3 49.4 2.4
      vertex 81.2933 49.5372 26.4
      vertex 81.2933 49.5372 2.4
    endloop
  endfacet
  facet normal -0.99881 -0.0487757 0
    outer loop
      vertex 81.2933 49.5372 26.4
      vertex 81.3 49.4 2.4
      vertex 81.3 49.4 26.4
    endloop
  endfacet
  facet normal -0.970014 -0.243049 0
    outer loop
      vertex 81.2731 49.6731 2.4
      vertex 81.2397 49.8064 26.4
      vertex 81.2397 49.8064 2.4
    endloop
  endfacet
  facet normal -0.970014 -0.243049 0
    outer loop
      vertex 81.2397 49.8064 26.4
      vertex 81.2731 49.6731 2.4
      vertex 81.2731 49.6731 26.4
    endloop
  endfacet
  facet normal -0.427304 -0.904108 0
    outer loop
      vertex 80.4358 50.6934 2.4
      vertex 80.56 50.6347 26.4
      vertex 80.4358 50.6934 26.4
    endloop
  endfacet
  facet normal -0.427304 -0.904108 -0
    outer loop
      vertex 80.56 50.6347 26.4
      vertex 80.4358 50.6934 2.4
      vertex 80.56 50.6347 2.4
    endloop
  endfacet
  facet normal 0.243049 0.970014 -0
    outer loop
      vertex 79.6269 48.0269 2.4
      vertex 79.4936 48.0603 26.4
      vertex 79.6269 48.0269 26.4
    endloop
  endfacet
  facet normal 0.243049 0.970014 0
    outer loop
      vertex 79.4936 48.0603 26.4
      vertex 79.6269 48.0269 2.4
      vertex 79.4936 48.0603 2.4
    endloop
  endfacet
  facet normal 0.85775 0.514067 0
    outer loop
      vertex 78.7359 48.6222 26.4
      vertex 78.6653 48.74 2.4
      vertex 78.6653 48.74 26.4
    endloop
  endfacet
  facet normal 0.85775 0.514067 0
    outer loop
      vertex 78.6653 48.74 2.4
      vertex 78.7359 48.6222 26.4
      vertex 78.7359 48.6222 2.4
    endloop
  endfacet
  facet normal -0.147023 0.989133 0
    outer loop
      vertex 80.1731 48.0269 2.4
      vertex 80.0372 48.0067 26.4
      vertex 80.1731 48.0269 26.4
    endloop
  endfacet
  facet normal -0.147023 0.989133 0
    outer loop
      vertex 80.0372 48.0067 26.4
      vertex 80.1731 48.0269 2.4
      vertex 80.0372 48.0067 2.4
    endloop
  endfacet
  facet normal -0.7405 -0.672056 0
    outer loop
      vertex 80.9822 50.2882 2.4
      vertex 80.8899 50.3899 26.4
      vertex 80.8899 50.3899 2.4
    endloop
  endfacet
  facet normal -0.7405 -0.672056 0
    outer loop
      vertex 80.8899 50.3899 26.4
      vertex 80.9822 50.2882 2.4
      vertex 80.9822 50.2882 26.4
    endloop
  endfacet
  facet normal 0.514067 -0.85775 0
    outer loop
      vertex 79.1222 50.5641 2.4
      vertex 79.24 50.6347 26.4
      vertex 79.1222 50.5641 26.4
    endloop
  endfacet
  facet normal 0.514067 -0.85775 0
    outer loop
      vertex 79.24 50.6347 26.4
      vertex 79.1222 50.5641 2.4
      vertex 79.24 50.6347 2.4
    endloop
  endfacet
  facet normal -0.740829 0.671694 0
    outer loop
      vertex 80.8899 48.41 2.4
      vertex 80.9822 48.5118 26.4
      vertex 80.9822 48.5118 2.4
    endloop
  endfacet
  facet normal -0.740829 0.671694 0
    outer loop
      vertex 80.9822 48.5118 26.4
      vertex 80.8899 48.41 2.4
      vertex 80.8899 48.41 26.4
    endloop
  endfacet
  facet normal -0.514067 0.85775 0
    outer loop
      vertex 80.6778 48.2359 2.4
      vertex 80.56 48.1653 26.4
      vertex 80.6778 48.2359 26.4
    endloop
  endfacet
  facet normal -0.514067 0.85775 0
    outer loop
      vertex 80.56 48.1653 26.4
      vertex 80.6778 48.2359 2.4
      vertex 80.56 48.1653 2.4
    endloop
  endfacet
  facet normal -0.243049 -0.970014 0
    outer loop
      vertex 80.1731 50.7731 2.4
      vertex 80.3064 50.7397 26.4
      vertex 80.1731 50.7731 26.4
    endloop
  endfacet
  facet normal -0.243049 -0.970014 -0
    outer loop
      vertex 80.3064 50.7397 26.4
      vertex 80.1731 50.7731 2.4
      vertex 80.3064 50.7397 2.4
    endloop
  endfacet
  facet normal 0.989133 -0.147023 0
    outer loop
      vertex 78.5067 49.5372 26.4
      vertex 78.5269 49.6731 2.4
      vertex 78.5269 49.6731 26.4
    endloop
  endfacet
  facet normal 0.989133 -0.147023 0
    outer loop
      vertex 78.5269 49.6731 2.4
      vertex 78.5067 49.5372 26.4
      vertex 78.5067 49.5372 2.4
    endloop
  endfacet
  facet normal -0.85775 -0.514067 0
    outer loop
      vertex 81.1347 50.06 2.4
      vertex 81.0641 50.1778 26.4
      vertex 81.0641 50.1778 2.4
    endloop
  endfacet
  facet normal -0.85775 -0.514067 0
    outer loop
      vertex 81.0641 50.1778 26.4
      vertex 81.1347 50.06 2.4
      vertex 81.1347 50.06 26.4
    endloop
  endfacet
  facet normal -0.970014 0.243049 0
    outer loop
      vertex 81.2397 48.9936 2.4
      vertex 81.2731 49.1269 26.4
      vertex 81.2731 49.1269 2.4
    endloop
  endfacet
  facet normal -0.970014 0.243049 0
    outer loop
      vertex 81.2731 49.1269 26.4
      vertex 81.2397 48.9936 2.4
      vertex 81.2397 48.9936 26.4
    endloop
  endfacet
  facet normal 0.147023 0.989133 -0
    outer loop
      vertex 79.7628 48.0067 2.4
      vertex 79.6269 48.0269 26.4
      vertex 79.7628 48.0067 26.4
    endloop
  endfacet
  facet normal 0.147023 0.989133 0
    outer loop
      vertex 79.6269 48.0269 26.4
      vertex 79.7628 48.0067 2.4
      vertex 79.6269 48.0269 2.4
    endloop
  endfacet
  facet normal 0.99881 0.0487757 0
    outer loop
      vertex 78.5067 49.2628 26.4
      vertex 78.5 49.4 2.4
      vertex 78.5 49.4 26.4
    endloop
  endfacet
  facet normal 0.99881 0.0487757 0
    outer loop
      vertex 78.5 49.4 2.4
      vertex 78.5067 49.2628 26.4
      vertex 78.5067 49.2628 2.4
    endloop
  endfacet
  facet normal -0.147023 -0.989133 0
    outer loop
      vertex 80.0372 50.7933 2.4
      vertex 80.1731 50.7731 26.4
      vertex 80.0372 50.7933 26.4
    endloop
  endfacet
  facet normal -0.147023 -0.989133 -0
    outer loop
      vertex 80.1731 50.7731 26.4
      vertex 80.0372 50.7933 2.4
      vertex 80.1731 50.7731 2.4
    endloop
  endfacet
  facet normal -0.941544 -0.336889 0
    outer loop
      vertex 81.2397 49.8064 2.4
      vertex 81.1934 49.9358 26.4
      vertex 81.1934 49.9358 2.4
    endloop
  endfacet
  facet normal -0.941544 -0.336889 0
    outer loop
      vertex 81.1934 49.9358 26.4
      vertex 81.2397 49.8064 2.4
      vertex 81.2397 49.8064 26.4
    endloop
  endfacet
  facet normal -0.671694 -0.740829 0
    outer loop
      vertex 80.7881 50.4822 2.4
      vertex 80.8899 50.3899 26.4
      vertex 80.7881 50.4822 26.4
    endloop
  endfacet
  facet normal -0.671694 -0.740829 -0
    outer loop
      vertex 80.8899 50.3899 26.4
      vertex 80.7881 50.4822 2.4
      vertex 80.8899 50.3899 2.4
    endloop
  endfacet
  facet normal 0.740862 -0.671657 0
    outer loop
      vertex 78.8178 50.2882 26.4
      vertex 78.91 50.3899 2.4
      vertex 78.91 50.3899 26.4
    endloop
  endfacet
  facet normal 0.740862 -0.671657 0
    outer loop
      vertex 78.91 50.3899 2.4
      vertex 78.8178 50.2882 26.4
      vertex 78.8178 50.2882 2.4
    endloop
  endfacet
  facet normal 0.970014 0.243049 0
    outer loop
      vertex 78.5603 48.9936 26.4
      vertex 78.5269 49.1269 2.4
      vertex 78.5269 49.1269 26.4
    endloop
  endfacet
  facet normal 0.970014 0.243049 0
    outer loop
      vertex 78.5269 49.1269 2.4
      vertex 78.5603 48.9936 26.4
      vertex 78.5603 48.9936 2.4
    endloop
  endfacet
  facet normal 0.336889 -0.941544 0
    outer loop
      vertex 79.3642 50.6934 2.4
      vertex 79.4936 50.7397 26.4
      vertex 79.3642 50.6934 26.4
    endloop
  endfacet
  facet normal 0.336889 -0.941544 0
    outer loop
      vertex 79.4936 50.7397 26.4
      vertex 79.3642 50.6934 2.4
      vertex 79.4936 50.7397 2.4
    endloop
  endfacet
  facet normal 0.941544 0.336889 0
    outer loop
      vertex 78.6066 48.8642 26.4
      vertex 78.5603 48.9936 2.4
      vertex 78.5603 48.9936 26.4
    endloop
  endfacet
  facet normal 0.941544 0.336889 0
    outer loop
      vertex 78.5603 48.9936 2.4
      vertex 78.6066 48.8642 26.4
      vertex 78.6066 48.8642 2.4
    endloop
  endfacet
  facet normal -0.336889 -0.941544 0
    outer loop
      vertex 80.3064 50.7397 2.4
      vertex 80.4358 50.6934 26.4
      vertex 80.3064 50.7397 26.4
    endloop
  endfacet
  facet normal -0.336889 -0.941544 -0
    outer loop
      vertex 80.4358 50.6934 26.4
      vertex 80.3064 50.7397 2.4
      vertex 80.4358 50.6934 2.4
    endloop
  endfacet
  facet normal 0.803132 -0.595802 0
    outer loop
      vertex 78.7359 50.1778 26.4
      vertex 78.8178 50.2882 2.4
      vertex 78.8178 50.2882 26.4
    endloop
  endfacet
  facet normal 0.803132 -0.595802 0
    outer loop
      vertex 78.8178 50.2882 2.4
      vertex 78.7359 50.1778 26.4
      vertex 78.7359 50.1778 2.4
    endloop
  endfacet
  facet normal -0.803132 -0.595802 0
    outer loop
      vertex 81.0641 50.1778 2.4
      vertex 80.9822 50.2882 26.4
      vertex 80.9822 50.2882 2.4
    endloop
  endfacet
  facet normal -0.803132 -0.595802 0
    outer loop
      vertex 80.9822 50.2882 26.4
      vertex 81.0641 50.1778 2.4
      vertex 81.0641 50.1778 26.4
    endloop
  endfacet
  facet normal 0.970014 -0.243049 0
    outer loop
      vertex 78.5269 49.6731 26.4
      vertex 78.5603 49.8064 2.4
      vertex 78.5603 49.8064 26.4
    endloop
  endfacet
  facet normal 0.970014 -0.243049 0
    outer loop
      vertex 78.5603 49.8064 2.4
      vertex 78.5269 49.6731 26.4
      vertex 78.5269 49.6731 2.4
    endloop
  endfacet
  facet normal 0.671694 -0.740829 0
    outer loop
      vertex 78.91 50.3899 2.4
      vertex 79.0118 50.4822 26.4
      vertex 78.91 50.3899 26.4
    endloop
  endfacet
  facet normal 0.671694 -0.740829 0
    outer loop
      vertex 79.0118 50.4822 26.4
      vertex 78.91 50.3899 2.4
      vertex 79.0118 50.4822 2.4
    endloop
  endfacet
  facet normal -0.427304 0.904108 0
    outer loop
      vertex 80.56 48.1653 2.4
      vertex 80.4358 48.1066 26.4
      vertex 80.56 48.1653 26.4
    endloop
  endfacet
  facet normal -0.427304 0.904108 0
    outer loop
      vertex 80.4358 48.1066 26.4
      vertex 80.56 48.1653 2.4
      vertex 80.4358 48.1066 2.4
    endloop
  endfacet
  facet normal 0.243049 -0.970014 0
    outer loop
      vertex 79.4936 50.7397 2.4
      vertex 79.6269 50.7731 26.4
      vertex 79.4936 50.7397 26.4
    endloop
  endfacet
  facet normal 0.243049 -0.970014 0
    outer loop
      vertex 79.6269 50.7731 26.4
      vertex 79.4936 50.7397 2.4
      vertex 79.6269 50.7731 2.4
    endloop
  endfacet
  facet normal 0.941544 -0.336889 0
    outer loop
      vertex 78.5603 49.8064 26.4
      vertex 78.6066 49.9358 2.4
      vertex 78.6066 49.9358 26.4
    endloop
  endfacet
  facet normal 0.941544 -0.336889 0
    outer loop
      vertex 78.6066 49.9358 2.4
      vertex 78.5603 49.8064 26.4
      vertex 78.5603 49.8064 2.4
    endloop
  endfacet
  facet normal -0.514067 -0.85775 0
    outer loop
      vertex 80.56 50.6347 2.4
      vertex 80.6778 50.5641 26.4
      vertex 80.56 50.6347 26.4
    endloop
  endfacet
  facet normal -0.514067 -0.85775 -0
    outer loop
      vertex 80.6778 50.5641 26.4
      vertex 80.56 50.6347 2.4
      vertex 80.6778 50.5641 2.4
    endloop
  endfacet
  facet normal 0.514067 0.85775 -0
    outer loop
      vertex 79.24 48.1653 2.4
      vertex 79.1222 48.2359 26.4
      vertex 79.24 48.1653 26.4
    endloop
  endfacet
  facet normal 0.514067 0.85775 0
    outer loop
      vertex 79.1222 48.2359 26.4
      vertex 79.24 48.1653 2.4
      vertex 79.1222 48.2359 2.4
    endloop
  endfacet
  facet normal 0.595802 -0.803132 0
    outer loop
      vertex 79.0118 50.4822 2.4
      vertex 79.1222 50.5641 26.4
      vertex 79.0118 50.4822 26.4
    endloop
  endfacet
  facet normal 0.595802 -0.803132 0
    outer loop
      vertex 79.1222 50.5641 26.4
      vertex 79.0118 50.4822 2.4
      vertex 79.1222 50.5641 2.4
    endloop
  endfacet
  facet normal -0.0487757 0.99881 0
    outer loop
      vertex 80.0372 48.0067 2.4
      vertex 79.9 48 26.4
      vertex 80.0372 48.0067 26.4
    endloop
  endfacet
  facet normal -0.0487757 0.99881 0
    outer loop
      vertex 79.9 48 26.4
      vertex 80.0372 48.0067 2.4
      vertex 79.9 48 2.4
    endloop
  endfacet
  facet normal -0.941544 0.336889 0
    outer loop
      vertex 81.1934 48.8642 2.4
      vertex 81.2397 48.9936 26.4
      vertex 81.2397 48.9936 2.4
    endloop
  endfacet
  facet normal -0.941544 0.336889 0
    outer loop
      vertex 81.2397 48.9936 26.4
      vertex 81.1934 48.8642 2.4
      vertex 81.1934 48.8642 26.4
    endloop
  endfacet
  facet normal -0.803132 0.595802 0
    outer loop
      vertex 80.9822 48.5118 2.4
      vertex 81.0641 48.6222 26.4
      vertex 81.0641 48.6222 2.4
    endloop
  endfacet
  facet normal -0.803132 0.595802 0
    outer loop
      vertex 81.0641 48.6222 26.4
      vertex 80.9822 48.5118 2.4
      vertex 80.9822 48.5118 26.4
    endloop
  endfacet
  facet normal -0.989133 0.147023 0
    outer loop
      vertex 81.2731 49.1269 2.4
      vertex 81.2933 49.2628 26.4
      vertex 81.2933 49.2628 2.4
    endloop
  endfacet
  facet normal -0.989133 0.147023 0
    outer loop
      vertex 81.2933 49.2628 26.4
      vertex 81.2731 49.1269 2.4
      vertex 81.2731 49.1269 26.4
    endloop
  endfacet
  facet normal 0.85775 -0.514067 0
    outer loop
      vertex 78.6653 50.06 26.4
      vertex 78.7359 50.1778 2.4
      vertex 78.7359 50.1778 26.4
    endloop
  endfacet
  facet normal 0.85775 -0.514067 0
    outer loop
      vertex 78.7359 50.1778 2.4
      vertex 78.6653 50.06 26.4
      vertex 78.6653 50.06 2.4
    endloop
  endfacet
  facet normal -0.904108 -0.427304 0
    outer loop
      vertex 81.1934 49.9358 2.4
      vertex 81.1347 50.06 26.4
      vertex 81.1347 50.06 2.4
    endloop
  endfacet
  facet normal -0.904108 -0.427304 0
    outer loop
      vertex 81.1347 50.06 26.4
      vertex 81.1934 49.9358 2.4
      vertex 81.1934 49.9358 26.4
    endloop
  endfacet
  facet normal 0.427304 -0.904108 0
    outer loop
      vertex 79.24 50.6347 2.4
      vertex 79.3642 50.6934 26.4
      vertex 79.24 50.6347 26.4
    endloop
  endfacet
  facet normal 0.427304 -0.904108 0
    outer loop
      vertex 79.3642 50.6934 26.4
      vertex 79.24 50.6347 2.4
      vertex 79.3642 50.6934 2.4
    endloop
  endfacet
  facet normal -0.59615 0.802873 0
    outer loop
      vertex 80.7881 48.3178 2.4
      vertex 80.6778 48.2359 26.4
      vertex 80.7881 48.3178 26.4
    endloop
  endfacet
  facet normal -0.59615 0.802873 0
    outer loop
      vertex 80.6778 48.2359 26.4
      vertex 80.7881 48.3178 2.4
      vertex 80.6778 48.2359 2.4
    endloop
  endfacet
  facet normal -0.59615 -0.802873 0
    outer loop
      vertex 80.6778 50.5641 2.4
      vertex 80.7881 50.4822 26.4
      vertex 80.6778 50.5641 26.4
    endloop
  endfacet
  facet normal -0.59615 -0.802873 -0
    outer loop
      vertex 80.7881 50.4822 26.4
      vertex 80.6778 50.5641 2.4
      vertex 80.7881 50.4822 2.4
    endloop
  endfacet
  facet normal 0.671295 0.741191 -0
    outer loop
      vertex 79.0118 48.3178 2.4
      vertex 78.91 48.41 26.4
      vertex 79.0118 48.3178 26.4
    endloop
  endfacet
  facet normal 0.671295 0.741191 0
    outer loop
      vertex 78.91 48.41 26.4
      vertex 79.0118 48.3178 2.4
      vertex 78.91 48.41 2.4
    endloop
  endfacet
  facet normal -0.99881 0.0487757 0
    outer loop
      vertex 81.2933 49.2628 2.4
      vertex 81.3 49.4 26.4
      vertex 81.3 49.4 2.4
    endloop
  endfacet
  facet normal -0.99881 0.0487757 0
    outer loop
      vertex 81.3 49.4 26.4
      vertex 81.2933 49.2628 2.4
      vertex 81.2933 49.2628 26.4
    endloop
  endfacet
  facet normal 0.803132 0.595802 0
    outer loop
      vertex 78.8178 48.5118 26.4
      vertex 78.7359 48.6222 2.4
      vertex 78.7359 48.6222 26.4
    endloop
  endfacet
  facet normal 0.803132 0.595802 0
    outer loop
      vertex 78.7359 48.6222 2.4
      vertex 78.8178 48.5118 26.4
      vertex 78.8178 48.5118 2.4
    endloop
  endfacet
  facet normal 0.904108 0.427304 0
    outer loop
      vertex 78.6653 48.74 26.4
      vertex 78.6066 48.8642 2.4
      vertex 78.6066 48.8642 26.4
    endloop
  endfacet
  facet normal 0.904108 0.427304 0
    outer loop
      vertex 78.6066 48.8642 2.4
      vertex 78.6653 48.74 26.4
      vertex 78.6653 48.74 2.4
    endloop
  endfacet
  facet normal -0.0487757 -0.99881 0
    outer loop
      vertex 79.9 50.8 2.4
      vertex 80.0372 50.7933 26.4
      vertex 79.9 50.8 26.4
    endloop
  endfacet
  facet normal -0.0487757 -0.99881 -0
    outer loop
      vertex 80.0372 50.7933 26.4
      vertex 79.9 50.8 2.4
      vertex 80.0372 50.7933 2.4
    endloop
  endfacet
  facet normal 0.0487757 -0.99881 0
    outer loop
      vertex 79.7628 50.7933 2.4
      vertex 79.9 50.8 26.4
      vertex 79.7628 50.7933 26.4
    endloop
  endfacet
  facet normal 0.0487757 -0.99881 0
    outer loop
      vertex 79.9 50.8 26.4
      vertex 79.7628 50.7933 2.4
      vertex 79.9 50.8 2.4
    endloop
  endfacet
  facet normal 0.427304 0.904108 -0
    outer loop
      vertex 79.3642 48.1066 2.4
      vertex 79.24 48.1653 26.4
      vertex 79.3642 48.1066 26.4
    endloop
  endfacet
  facet normal 0.427304 0.904108 0
    outer loop
      vertex 79.24 48.1653 26.4
      vertex 79.3642 48.1066 2.4
      vertex 79.24 48.1653 2.4
    endloop
  endfacet
  facet normal 0.147023 -0.989133 0
    outer loop
      vertex 79.6269 50.7731 2.4
      vertex 79.7628 50.7933 26.4
      vertex 79.6269 50.7731 26.4
    endloop
  endfacet
  facet normal 0.147023 -0.989133 0
    outer loop
      vertex 79.7628 50.7933 26.4
      vertex 79.6269 50.7731 2.4
      vertex 79.7628 50.7933 2.4
    endloop
  endfacet
  facet normal 0.989133 0.147023 0
    outer loop
      vertex 78.5269 49.1269 26.4
      vertex 78.5067 49.2628 2.4
      vertex 78.5067 49.2628 26.4
    endloop
  endfacet
  facet normal 0.989133 0.147023 0
    outer loop
      vertex 78.5067 49.2628 2.4
      vertex 78.5269 49.1269 26.4
      vertex 78.5269 49.1269 2.4
    endloop
  endfacet
  facet normal -0.336889 0.941544 0
    outer loop
      vertex 80.4358 48.1066 2.4
      vertex 80.3064 48.0603 26.4
      vertex 80.4358 48.1066 26.4
    endloop
  endfacet
  facet normal -0.336889 0.941544 0
    outer loop
      vertex 80.3064 48.0603 26.4
      vertex 80.4358 48.1066 2.4
      vertex 80.3064 48.0603 2.4
    endloop
  endfacet
  facet normal -0.243049 0.970014 0
    outer loop
      vertex 80.3064 48.0603 2.4
      vertex 80.1731 48.0269 26.4
      vertex 80.3064 48.0603 26.4
    endloop
  endfacet
  facet normal -0.243049 0.970014 0
    outer loop
      vertex 80.1731 48.0269 26.4
      vertex 80.3064 48.0603 2.4
      vertex 80.1731 48.0269 2.4
    endloop
  endfacet
  facet normal 0.904108 -0.427304 0
    outer loop
      vertex 78.6066 49.9358 26.4
      vertex 78.6653 50.06 2.4
      vertex 78.6653 50.06 26.4
    endloop
  endfacet
  facet normal 0.904108 -0.427304 0
    outer loop
      vertex 78.6653 50.06 2.4
      vertex 78.6066 49.9358 26.4
      vertex 78.6066 49.9358 2.4
    endloop
  endfacet
  facet normal 0.741191 0.671295 0
    outer loop
      vertex 78.91 48.41 26.4
      vertex 78.8178 48.5118 2.4
      vertex 78.8178 48.5118 26.4
    endloop
  endfacet
  facet normal 0.741191 0.671295 0
    outer loop
      vertex 78.8178 48.5118 2.4
      vertex 78.91 48.41 26.4
      vertex 78.91 48.41 2.4
    endloop
  endfacet
  facet normal 0.595802 0.803132 -0
    outer loop
      vertex 79.1222 48.2359 2.4
      vertex 79.0118 48.3178 26.4
      vertex 79.1222 48.2359 26.4
    endloop
  endfacet
  facet normal 0.595802 0.803132 0
    outer loop
      vertex 79.0118 48.3178 26.4
      vertex 79.1222 48.2359 2.4
      vertex 79.0118 48.3178 2.4
    endloop
  endfacet
  facet normal -0.904108 0.427304 0
    outer loop
      vertex 81.1347 48.74 2.4
      vertex 81.1934 48.8642 26.4
      vertex 81.1934 48.8642 2.4
    endloop
  endfacet
  facet normal -0.904108 0.427304 0
    outer loop
      vertex 81.1934 48.8642 26.4
      vertex 81.1347 48.74 2.4
      vertex 81.1347 48.74 26.4
    endloop
  endfacet
  facet normal -0.85775 0.514067 0
    outer loop
      vertex 81.0641 48.6222 2.4
      vertex 81.1347 48.74 26.4
      vertex 81.1347 48.74 2.4
    endloop
  endfacet
  facet normal -0.85775 0.514067 0
    outer loop
      vertex 81.1347 48.74 26.4
      vertex 81.0641 48.6222 2.4
      vertex 81.0641 48.6222 26.4
    endloop
  endfacet
  facet normal 0.0487757 0.99881 -0
    outer loop
      vertex 79.9 48 2.4
      vertex 79.7628 48.0067 26.4
      vertex 79.9 48 26.4
    endloop
  endfacet
  facet normal 0.0487757 0.99881 0
    outer loop
      vertex 79.7628 48.0067 26.4
      vertex 79.9 48 2.4
      vertex 79.7628 48.0067 2.4
    endloop
  endfacet
  facet normal 0.99881 -0.0487757 0
    outer loop
      vertex 78.5 49.4 26.4
      vertex 78.5067 49.5372 2.4
      vertex 78.5067 49.5372 26.4
    endloop
  endfacet
  facet normal 0.99881 -0.0487757 0
    outer loop
      vertex 78.5067 49.5372 2.4
      vertex 78.5 49.4 26.4
      vertex 78.5 49.4 2.4
    endloop
  endfacet
  facet normal 0.336889 0.941544 -0
    outer loop
      vertex 79.4936 48.0603 2.4
      vertex 79.3642 48.1066 26.4
      vertex 79.4936 48.0603 26.4
    endloop
  endfacet
  facet normal 0.336889 0.941544 0
    outer loop
      vertex 79.3642 48.1066 26.4
      vertex 79.4936 48.0603 2.4
      vertex 79.3642 48.1066 2.4
    endloop
  endfacet
  facet normal -0.671295 0.741191 0
    outer loop
      vertex 80.8899 48.41 2.4
      vertex 80.7881 48.3178 26.4
      vertex 80.8899 48.41 26.4
    endloop
  endfacet
  facet normal -0.671295 0.741191 0
    outer loop
      vertex 80.7881 48.3178 26.4
      vertex 80.8899 48.41 2.4
      vertex 80.7881 48.3178 2.4
    endloop
  endfacet
  facet normal 0.989176 0.146736 0
    outer loop
      vertex 12.3783 8.34108 40.4
      vertex 12.3135 8.77791 10.4
      vertex 12.3135 8.77791 40.4
    endloop
  endfacet
  facet normal 0.989176 0.146736 0
    outer loop
      vertex 12.3135 8.77791 10.4
      vertex 12.3783 8.34108 40.4
      vertex 12.3783 8.34108 10.4
    endloop
  endfacet
  facet normal 0.998792 0.049138 0
    outer loop
      vertex 12.4 7.9 40.4
      vertex 12.3783 8.34108 10.4
      vertex 12.3783 8.34108 40.4
    endloop
  endfacet
  facet normal 0.998792 0.049138 0
    outer loop
      vertex 12.3783 8.34108 10.4
      vertex 12.4 7.9 40.4
      vertex 12.4 7.9 10.4
    endloop
  endfacet
  facet normal 0.970032 0.242978 0
    outer loop
      vertex 12.3135 8.77791 40.4
      vertex 12.2062 9.20628 10.4
      vertex 12.2062 9.20628 40.4
    endloop
  endfacet
  facet normal 0.970032 0.242978 0
    outer loop
      vertex 12.2062 9.20628 10.4
      vertex 12.3135 8.77791 40.4
      vertex 12.3135 8.77791 10.4
    endloop
  endfacet
  facet normal 0.336886 -0.941546 0
    outer loop
      vertex 9.20628 3.59377 2.4
      vertex 9.62207 3.74254 40.4
      vertex 9.20628 3.59377 40.4
    endloop
  endfacet
  facet normal 0.336886 -0.941546 0
    outer loop
      vertex 9.62207 3.74254 40.4
      vertex 9.20628 3.59377 2.4
      vertex 9.62207 3.74254 2.4
    endloop
  endfacet
  facet normal 0.671488 0.741015 1.17927e-06
    outer loop
      vertex 11.082 11.082 40.4
      vertex 10.8313 11.3092 26.4
      vertex 10.7548 11.3785 40.4
    endloop
  endfacet
  facet normal 0.671524 0.740982 -0
    outer loop
      vertex 11.082 11.082 10.4
      vertex 10.8313 11.3092 26.4
      vertex 11.082 11.082 40.4
    endloop
  endfacet
  facet normal 0.671524 0.740982 0
    outer loop
      vertex 10.8313 11.3092 26.4
      vertex 11.082 11.082 10.4
      vertex 10.8313 11.3092 10.4
    endloop
  endfacet
  facet normal 0.67137 0.741123 0
    outer loop
      vertex 10.7548 11.3785 40.4
      vertex 10.8313 11.3092 26.4
      vertex 10.7548 11.3785 26.4
    endloop
  endfacet
  facet normal 0.941596 0.336745 0
    outer loop
      vertex 12.2062 9.20628 40.4
      vertex 12.0575 9.62207 10.4
      vertex 12.0575 9.62207 40.4
    endloop
  endfacet
  facet normal 0.941596 0.336745 0
    outer loop
      vertex 12.0575 9.62207 10.4
      vertex 12.2062 9.20628 40.4
      vertex 12.2062 9.20628 10.4
    endloop
  endfacet
  facet normal -0.049138 0.998792 0
    outer loop
      vertex 7.9 12.4 26.4
      vertex 7.45892 12.3783 40.4
      vertex 7.9 12.4 40.4
    endloop
  endfacet
  facet normal -0.049138 0.998792 0
    outer loop
      vertex 7.45892 12.3783 40.4
      vertex 7.9 12.4 26.4
      vertex 7.45892 12.3783 26.4
    endloop
  endfacet
  facet normal 0.0490702 -0.998795 0
    outer loop
      vertex 7.9 3.4 2.4
      vertex 8.34108 3.42167 40.4
      vertex 7.9 3.4 40.4
    endloop
  endfacet
  facet normal 0.0490702 -0.998795 0
    outer loop
      vertex 8.34108 3.42167 40.4
      vertex 7.9 3.4 2.4
      vertex 8.34108 3.42167 2.4
    endloop
  endfacet
  facet normal -0.595694 -0.803211 0
    outer loop
      vertex 5.04523 4.42145 2.4
      vertex 5.39993 4.15839 40.4
      vertex 5.04523 4.42145 40.4
    endloop
  endfacet
  facet normal -0.595694 -0.803211 -0
    outer loop
      vertex 5.39993 4.15839 40.4
      vertex 5.04523 4.42145 2.4
      vertex 5.39993 4.15839 2.4
    endloop
  endfacet
  facet normal -0.242978 -0.970032 0
    outer loop
      vertex 6.59372 3.59377 2.4
      vertex 7.02209 3.48647 40.4
      vertex 6.59372 3.59377 40.4
    endloop
  endfacet
  facet normal -0.242978 -0.970032 -0
    outer loop
      vertex 7.02209 3.48647 40.4
      vertex 6.59372 3.59377 2.4
      vertex 7.02209 3.48647 2.4
    endloop
  endfacet
  facet normal 0.857773 0.514029 0
    outer loop
      vertex 11.8686 10.0213 40.4
      vertex 11.6416 10.4001 10.4
      vertex 11.6416 10.4001 40.4
    endloop
  endfacet
  facet normal 0.857773 0.514029 0
    outer loop
      vertex 11.6416 10.4001 10.4
      vertex 11.8686 10.0213 40.4
      vertex 11.8686 10.0213 10.4
    endloop
  endfacet
  facet normal -0.998795 -0.0490702 0
    outer loop
      vertex 3.42167 7.45892 14.4
      vertex 3.4 7.9 40.4
      vertex 3.4 7.9 14.4
    endloop
  endfacet
  facet normal -0.998795 -0.0490702 0
    outer loop
      vertex 3.4 7.9 40.4
      vertex 3.42167 7.45892 14.4
      vertex 3.42167 7.45892 40.4
    endloop
  endfacet
  facet normal -0.903991 -0.427551 0
    outer loop
      vertex 3.93135 5.77872 14.4
      vertex 3.74254 6.17793 40.4
      vertex 3.74254 6.17793 14.4
    endloop
  endfacet
  facet normal -0.903991 -0.427551 0
    outer loop
      vertex 3.74254 6.17793 40.4
      vertex 3.93135 5.77872 14.4
      vertex 3.93135 5.77872 40.4
    endloop
  endfacet
  facet normal 0.903921 0.4277 0
    outer loop
      vertex 12.0575 9.62207 40.4
      vertex 11.8686 10.0213 10.4
      vertex 11.8686 10.0213 40.4
    endloop
  endfacet
  facet normal 0.903921 0.4277 0
    outer loop
      vertex 11.8686 10.0213 10.4
      vertex 12.0575 9.62207 40.4
      vertex 12.0575 9.62207 10.4
    endloop
  endfacet
  facet normal 0.970032 -0.242978 0
    outer loop
      vertex 12.2062 6.59372 40.4
      vertex 12.3135 7.02209 10.4
      vertex 12.3135 7.02209 40.4
    endloop
  endfacet
  facet normal 0.970032 -0.242978 0
    outer loop
      vertex 12.3135 7.02209 10.4
      vertex 12.2062 6.59372 40.4
      vertex 12.2062 6.59372 10.4
    endloop
  endfacet
  facet normal -0.514039 0.857767 0
    outer loop
      vertex 5.77872 11.8686 26.4
      vertex 5.39993 11.6416 40.4
      vertex 5.77872 11.8686 40.4
    endloop
  endfacet
  facet normal -0.514039 0.857767 0
    outer loop
      vertex 5.39993 11.6416 40.4
      vertex 5.77872 11.8686 26.4
      vertex 5.39993 11.6416 26.4
    endloop
  endfacet
  facet normal -0.970032 -0.242978 0
    outer loop
      vertex 3.59377 6.59372 14.4
      vertex 3.48647 7.02209 40.4
      vertex 3.48647 7.02209 14.4
    endloop
  endfacet
  facet normal -0.970032 -0.242978 0
    outer loop
      vertex 3.48647 7.02209 40.4
      vertex 3.59377 6.59372 14.4
      vertex 3.59377 6.59372 40.4
    endloop
  endfacet
  facet normal 0.242978 0.970032 -0
    outer loop
      vertex 9.20628 12.2062 26.4
      vertex 8.77791 12.3135 40.4
      vertex 9.20628 12.2062 40.4
    endloop
  endfacet
  facet normal 0.242978 0.970032 0
    outer loop
      vertex 8.77791 12.3135 40.4
      vertex 9.20628 12.2062 26.4
      vertex 8.77791 12.3135 26.4
    endloop
  endfacet
  facet normal 0.941596 -0.336745 0
    outer loop
      vertex 12.0575 6.17793 40.4
      vertex 12.2062 6.59372 10.4
      vertex 12.2062 6.59372 40.4
    endloop
  endfacet
  facet normal 0.941596 -0.336745 0
    outer loop
      vertex 12.2062 6.59372 10.4
      vertex 12.0575 6.17793 40.4
      vertex 12.0575 6.17793 10.4
    endloop
  endfacet
  facet normal 0.989176 -0.146736 0
    outer loop
      vertex 12.3135 7.02209 40.4
      vertex 12.3783 7.45892 10.4
      vertex 12.3783 7.45892 40.4
    endloop
  endfacet
  facet normal 0.989176 -0.146736 0
    outer loop
      vertex 12.3783 7.45892 10.4
      vertex 12.3135 7.02209 40.4
      vertex 12.3135 7.02209 10.4
    endloop
  endfacet
  facet normal 0.146736 0.989176 -0
    outer loop
      vertex 8.77791 12.3135 26.4
      vertex 8.34108 12.3783 40.4
      vertex 8.77791 12.3135 40.4
    endloop
  endfacet
  facet normal 0.146736 0.989176 0
    outer loop
      vertex 8.34108 12.3783 40.4
      vertex 8.77791 12.3135 26.4
      vertex 8.34108 12.3783 26.4
    endloop
  endfacet
  facet normal -0.427717 0.903913 0
    outer loop
      vertex 6.17793 12.0575 26.4
      vertex 5.77872 11.8686 40.4
      vertex 6.17793 12.0575 40.4
    endloop
  endfacet
  facet normal -0.427717 0.903913 0
    outer loop
      vertex 5.77872 11.8686 40.4
      vertex 6.17793 12.0575 26.4
      vertex 5.77872 11.8686 26.4
    endloop
  endfacet
  facet normal -0.146736 0.989176 0
    outer loop
      vertex 7.45892 12.3783 26.4
      vertex 7.02209 12.3135 40.4
      vertex 7.45892 12.3783 40.4
    endloop
  endfacet
  facet normal -0.146736 0.989176 0
    outer loop
      vertex 7.02209 12.3135 40.4
      vertex 7.45892 12.3783 26.4
      vertex 7.02209 12.3135 26.4
    endloop
  endfacet
  facet normal 0.427533 -0.904 0
    outer loop
      vertex 9.62207 3.74254 2.4
      vertex 10.0213 3.93135 40.4
      vertex 9.62207 3.74254 40.4
    endloop
  endfacet
  facet normal 0.427533 -0.904 0
    outer loop
      vertex 10.0213 3.93135 40.4
      vertex 9.62207 3.74254 2.4
      vertex 10.0213 3.93135 2.4
    endloop
  endfacet
  facet normal -0.671129 0.741341 0
    outer loop
      vertex 4.96868 11.3092 26.4
      vertex 5.04523 11.3785 40.4
      vertex 5.04523 11.3785 26.4
    endloop
  endfacet
  facet normal -0.671477 0.741025 3.46528e-06
    outer loop
      vertex 5.04523 11.3785 40.4
      vertex 4.96868 11.3092 26.4
      vertex 4.71802 11.082 40.4
    endloop
  endfacet
  facet normal -0.671583 0.740929 0
    outer loop
      vertex 4.71802 11.082 10.4
      vertex 4.96868 11.3092 26.4
      vertex 4.96868 11.3092 10.4
    endloop
  endfacet
  facet normal -0.671583 0.740929 0
    outer loop
      vertex 4.96868 11.3092 26.4
      vertex 4.71802 11.082 10.4
      vertex 4.71802 11.082 40.4
    endloop
  endfacet
  facet normal 0.857767 -0.514039 0
    outer loop
      vertex 11.6416 5.39993 40.4
      vertex 11.8686 5.77872 10.4
      vertex 11.8686 5.77872 40.4
    endloop
  endfacet
  facet normal 0.857767 -0.514039 0
    outer loop
      vertex 11.8686 5.77872 10.4
      vertex 11.6416 5.39993 40.4
      vertex 11.6416 5.39993 10.4
    endloop
  endfacet
  facet normal -0.595753 0.803168 0
    outer loop
      vertex 5.39993 11.6416 26.4
      vertex 5.04523 11.3785 40.4
      vertex 5.39993 11.6416 40.4
    endloop
  endfacet
  facet normal -0.595753 0.803168 0
    outer loop
      vertex 5.04523 11.3785 40.4
      vertex 5.39993 11.6416 26.4
      vertex 5.04523 11.3785 26.4
    endloop
  endfacet
  facet normal 0.903913 -0.427717 0
    outer loop
      vertex 11.8686 5.77872 40.4
      vertex 12.0575 6.17793 10.4
      vertex 12.0575 6.17793 40.4
    endloop
  endfacet
  facet normal 0.903913 -0.427717 0
    outer loop
      vertex 12.0575 6.17793 10.4
      vertex 11.8686 5.77872 40.4
      vertex 11.8686 5.77872 10.4
    endloop
  endfacet
  facet normal 0.998792 -0.049138 0
    outer loop
      vertex 12.3783 7.45892 40.4
      vertex 12.4 7.9 10.4
      vertex 12.4 7.9 40.4
    endloop
  endfacet
  facet normal 0.998792 -0.049138 0
    outer loop
      vertex 12.4 7.9 10.4
      vertex 12.3783 7.45892 40.4
      vertex 12.3783 7.45892 10.4
    endloop
  endfacet
  facet normal -0.740936 0.671575 0
    outer loop
      vertex 4.42145 10.7548 10.4
      vertex 4.71802 11.082 40.4
      vertex 4.71802 11.082 10.4
    endloop
  endfacet
  facet normal -0.740936 0.671575 0
    outer loop
      vertex 4.71802 11.082 40.4
      vertex 4.42145 10.7548 10.4
      vertex 4.42145 10.7548 40.4
    endloop
  endfacet
  facet normal -0.941546 -0.336886 0
    outer loop
      vertex 3.74254 6.17793 14.4
      vertex 3.59377 6.59372 40.4
      vertex 3.59377 6.59372 14.4
    endloop
  endfacet
  facet normal -0.941546 -0.336886 0
    outer loop
      vertex 3.59377 6.59372 40.4
      vertex 3.74254 6.17793 14.4
      vertex 3.74254 6.17793 40.4
    endloop
  endfacet
  facet normal 0.514029 0.857773 -0
    outer loop
      vertex 10.4001 11.6416 26.4
      vertex 10.0213 11.8686 40.4
      vertex 10.4001 11.6416 40.4
    endloop
  endfacet
  facet normal 0.514029 0.857773 0
    outer loop
      vertex 10.0213 11.8686 40.4
      vertex 10.4001 11.6416 26.4
      vertex 10.0213 11.8686 26.4
    endloop
  endfacet
  facet normal 0.595753 0.803168 -0
    outer loop
      vertex 10.7548 11.3785 26.4
      vertex 10.4001 11.6416 40.4
      vertex 10.7548 11.3785 40.4
    endloop
  endfacet
  facet normal 0.595753 0.803168 0
    outer loop
      vertex 10.4001 11.6416 40.4
      vertex 10.7548 11.3785 26.4
      vertex 10.4001 11.6416 26.4
    endloop
  endfacet
  facet normal 0.146736 -0.989176 0
    outer loop
      vertex 8.34108 3.42167 2.4
      vertex 8.77791 3.48647 40.4
      vertex 8.34108 3.42167 40.4
    endloop
  endfacet
  facet normal 0.146736 -0.989176 0
    outer loop
      vertex 8.77791 3.48647 40.4
      vertex 8.34108 3.42167 2.4
      vertex 8.77791 3.48647 2.4
    endloop
  endfacet
  facet normal 0.741025 -0.671477 0
    outer loop
      vertex 11.082 4.71802 40.4
      vertex 11.3785 5.04523 10.4
      vertex 11.3785 5.04523 40.4
    endloop
  endfacet
  facet normal 0.741025 -0.671477 0
    outer loop
      vertex 11.3785 5.04523 10.4
      vertex 11.082 4.71802 40.4
      vertex 11.082 4.71802 10.4
    endloop
  endfacet
  facet normal 0.803168 -0.595753 0
    outer loop
      vertex 11.3785 5.04523 40.4
      vertex 11.6416 5.39993 10.4
      vertex 11.6416 5.39993 40.4
    endloop
  endfacet
  facet normal 0.803168 -0.595753 0
    outer loop
      vertex 11.6416 5.39993 10.4
      vertex 11.3785 5.04523 40.4
      vertex 11.3785 5.04523 10.4
    endloop
  endfacet
  facet normal 0.242978 -0.970032 0
    outer loop
      vertex 8.77791 3.48647 2.4
      vertex 9.20628 3.59377 40.4
      vertex 8.77791 3.48647 40.4
    endloop
  endfacet
  facet normal 0.242978 -0.970032 0
    outer loop
      vertex 9.20628 3.59377 40.4
      vertex 8.77791 3.48647 2.4
      vertex 9.20628 3.59377 2.4
    endloop
  endfacet
  facet normal -0.242978 0.970032 0
    outer loop
      vertex 7.02209 12.3135 26.4
      vertex 6.59372 12.2062 40.4
      vertex 7.02209 12.3135 40.4
    endloop
  endfacet
  facet normal -0.242978 0.970032 0
    outer loop
      vertex 6.59372 12.2062 40.4
      vertex 7.02209 12.3135 26.4
      vertex 6.59372 12.2062 26.4
    endloop
  endfacet
  facet normal 0.803168 0.595753 0
    outer loop
      vertex 11.6416 10.4001 40.4
      vertex 11.3785 10.7548 10.4
      vertex 11.3785 10.7548 40.4
    endloop
  endfacet
  facet normal 0.803168 0.595753 0
    outer loop
      vertex 11.3785 10.7548 10.4
      vertex 11.6416 10.4001 40.4
      vertex 11.6416 10.4001 10.4
    endloop
  endfacet
  facet normal 0.049138 0.998792 -0
    outer loop
      vertex 8.34108 12.3783 26.4
      vertex 7.9 12.4 40.4
      vertex 8.34108 12.3783 40.4
    endloop
  endfacet
  facet normal 0.049138 0.998792 0
    outer loop
      vertex 7.9 12.4 40.4
      vertex 8.34108 12.3783 26.4
      vertex 7.9 12.4 26.4
    endloop
  endfacet
  facet normal -0.857733 0.514096 0
    outer loop
      vertex 3.93135 10.0213 14.4
      vertex 4.15839 10.4001 40.4
      vertex 4.15839 10.4001 14.4
    endloop
  endfacet
  facet normal -0.857733 0.514096 0
    outer loop
      vertex 4.15839 10.4001 40.4
      vertex 3.93135 10.0213 14.4
      vertex 3.93135 10.0213 40.4
    endloop
  endfacet
  facet normal 0.4277 0.903921 -0
    outer loop
      vertex 10.0213 11.8686 26.4
      vertex 9.62207 12.0575 40.4
      vertex 10.0213 11.8686 40.4
    endloop
  endfacet
  facet normal 0.4277 0.903921 0
    outer loop
      vertex 9.62207 12.0575 40.4
      vertex 10.0213 11.8686 26.4
      vertex 9.62207 12.0575 26.4
    endloop
  endfacet
  facet normal -0.857727 -0.514106 0
    outer loop
      vertex 4.15839 5.39993 14.4
      vertex 3.93135 5.77872 40.4
      vertex 3.93135 5.77872 14.4
    endloop
  endfacet
  facet normal -0.857727 -0.514106 0
    outer loop
      vertex 3.93135 5.77872 40.4
      vertex 4.15839 5.39993 14.4
      vertex 4.15839 5.39993 40.4
    endloop
  endfacet
  facet normal -0.427551 -0.903991 0
    outer loop
      vertex 5.77872 3.93135 2.4
      vertex 6.17793 3.74254 40.4
      vertex 5.77872 3.93135 40.4
    endloop
  endfacet
  facet normal -0.427551 -0.903991 -0
    outer loop
      vertex 6.17793 3.74254 40.4
      vertex 5.77872 3.93135 2.4
      vertex 6.17793 3.74254 2.4
    endloop
  endfacet
  facet normal -0.740946 -0.671564 0
    outer loop
      vertex 4.71802 4.71802 10.4
      vertex 4.42145 5.04523 40.4
      vertex 4.42145 5.04523 10.4
    endloop
  endfacet
  facet normal -0.740946 -0.671564 0
    outer loop
      vertex 4.42145 5.04523 40.4
      vertex 4.71802 4.71802 10.4
      vertex 4.71802 4.71802 40.4
    endloop
  endfacet
  facet normal -0.336745 0.941596 0
    outer loop
      vertex 6.59372 12.2062 26.4
      vertex 6.17793 12.0575 40.4
      vertex 6.59372 12.2062 40.4
    endloop
  endfacet
  facet normal -0.336745 0.941596 0
    outer loop
      vertex 6.17793 12.0575 40.4
      vertex 6.59372 12.2062 26.4
      vertex 6.17793 12.0575 26.4
    endloop
  endfacet
  facet normal -0.514106 -0.857727 0
    outer loop
      vertex 5.39993 4.15839 2.4
      vertex 5.77872 3.93135 40.4
      vertex 5.39993 4.15839 40.4
    endloop
  endfacet
  facet normal -0.514106 -0.857727 -0
    outer loop
      vertex 5.77872 3.93135 40.4
      vertex 5.39993 4.15839 2.4
      vertex 5.77872 3.93135 2.4
    endloop
  endfacet
  facet normal 0.741015 0.671488 0
    outer loop
      vertex 11.3785 10.7548 40.4
      vertex 11.082 11.082 10.4
      vertex 11.082 11.082 40.4
    endloop
  endfacet
  facet normal 0.741015 0.671488 0
    outer loop
      vertex 11.082 11.082 10.4
      vertex 11.3785 10.7548 40.4
      vertex 11.3785 10.7548 10.4
    endloop
  endfacet
  facet normal 0.595694 -0.803211 0
    outer loop
      vertex 10.4001 4.15839 2.4
      vertex 10.7548 4.42145 40.4
      vertex 10.4001 4.15839 40.4
    endloop
  endfacet
  facet normal 0.595694 -0.803211 0
    outer loop
      vertex 10.7548 4.42145 40.4
      vertex 10.4001 4.15839 2.4
      vertex 10.7548 4.42145 2.4
    endloop
  endfacet
  facet normal -0.941546 0.336886 0
    outer loop
      vertex 3.59377 9.20628 14.4
      vertex 3.74254 9.62207 40.4
      vertex 3.74254 9.62207 14.4
    endloop
  endfacet
  facet normal -0.941546 0.336886 0
    outer loop
      vertex 3.74254 9.62207 40.4
      vertex 3.59377 9.20628 14.4
      vertex 3.59377 9.20628 40.4
    endloop
  endfacet
  facet normal 0.336745 0.941596 -0
    outer loop
      vertex 9.62207 12.0575 26.4
      vertex 9.20628 12.2062 40.4
      vertex 9.62207 12.0575 40.4
    endloop
  endfacet
  facet normal 0.336745 0.941596 0
    outer loop
      vertex 9.20628 12.2062 40.4
      vertex 9.62207 12.0575 26.4
      vertex 9.20628 12.2062 26.4
    endloop
  endfacet
  facet normal -0.803287 -0.595593 0
    outer loop
      vertex 4.4 5.07416 10.4
      vertex 4.42145 5.04523 10.4
      vertex 4.4 5.07416 14.4
    endloop
  endfacet
  facet normal -0.803205 -0.595703 0
    outer loop
      vertex 4.4 5.07416 14.4
      vertex 4.15839 5.39993 40.4
      vertex 4.15839 5.39993 14.4
    endloop
  endfacet
  facet normal -0.803211 -0.595694 -1.75131e-07
    outer loop
      vertex 4.4 5.07416 14.4
      vertex 4.42145 5.04523 40.4
      vertex 4.15839 5.39993 40.4
    endloop
  endfacet
  facet normal -0.803287 -0.595593 -0
    outer loop
      vertex 4.42145 5.04523 40.4
      vertex 4.4 5.07416 14.4
      vertex 4.42145 5.04523 10.4
    endloop
  endfacet
  facet normal -0.970032 0.242978 0
    outer loop
      vertex 3.48647 8.77791 14.4
      vertex 3.59377 9.20628 40.4
      vertex 3.59377 9.20628 14.4
    endloop
  endfacet
  facet normal -0.970032 0.242978 0
    outer loop
      vertex 3.59377 9.20628 40.4
      vertex 3.48647 8.77791 14.4
      vertex 3.48647 8.77791 40.4
    endloop
  endfacet
  facet normal -0.989176 -0.146736 0
    outer loop
      vertex 3.48647 7.02209 14.4
      vertex 3.42167 7.45892 40.4
      vertex 3.42167 7.45892 14.4
    endloop
  endfacet
  facet normal -0.989176 -0.146736 0
    outer loop
      vertex 3.42167 7.45892 40.4
      vertex 3.48647 7.02209 14.4
      vertex 3.48647 7.02209 40.4
    endloop
  endfacet
  facet normal -0.904 0.427533 0
    outer loop
      vertex 3.74254 9.62207 14.4
      vertex 3.93135 10.0213 40.4
      vertex 3.93135 10.0213 14.4
    endloop
  endfacet
  facet normal -0.904 0.427533 0
    outer loop
      vertex 3.93135 10.0213 40.4
      vertex 3.74254 9.62207 14.4
      vertex 3.74254 9.62207 40.4
    endloop
  endfacet
  facet normal 0.514096 -0.857733 0
    outer loop
      vertex 10.0213 3.93135 2.4
      vertex 10.4001 4.15839 40.4
      vertex 10.0213 3.93135 40.4
    endloop
  endfacet
  facet normal 0.514096 -0.857733 0
    outer loop
      vertex 10.4001 4.15839 40.4
      vertex 10.0213 3.93135 2.4
      vertex 10.4001 4.15839 2.4
    endloop
  endfacet
  facet normal -0.671564 -0.740946 0
    outer loop
      vertex 4.71802 4.71802 10.4
      vertex 5.04523 4.42145 40.4
      vertex 4.71802 4.71802 40.4
    endloop
  endfacet
  facet normal -0.671573 -0.740938 1.79151e-07
    outer loop
      vertex 4.84823 4.6 10.4
      vertex 5.04523 4.42145 40.4
      vertex 4.71802 4.71802 10.4
    endloop
  endfacet
  facet normal -0.671558 -0.740952 0
    outer loop
      vertex 5.04523 4.42145 2.4
      vertex 4.84823 4.6 10.4
      vertex 4.84823 4.6 2.4
    endloop
  endfacet
  facet normal -0.671558 -0.740952 0
    outer loop
      vertex 4.84823 4.6 10.4
      vertex 5.04523 4.42145 2.4
      vertex 5.04523 4.42145 40.4
    endloop
  endfacet
  facet normal -0.803974 0.594664 0
    outer loop
      vertex 4.4 10.7258 14.4
      vertex 4.42145 10.7548 10.4
      vertex 4.4 10.7258 10.4
    endloop
  endfacet
  facet normal -0.803974 0.594664 0
    outer loop
      vertex 4.42145 10.7548 10.4
      vertex 4.4 10.7258 14.4
      vertex 4.42145 10.7548 40.4
    endloop
  endfacet
  facet normal -0.803143 0.595786 -1.93715e-06
    outer loop
      vertex 4.15839 10.4001 14.4
      vertex 4.42145 10.7548 40.4
      vertex 4.4 10.7258 14.4
    endloop
  endfacet
  facet normal -0.803211 0.595694 0
    outer loop
      vertex 4.42145 10.7548 40.4
      vertex 4.15839 10.4001 14.4
      vertex 4.15839 10.4001 40.4
    endloop
  endfacet
  facet normal -0.0490702 -0.998795 0
    outer loop
      vertex 7.45892 3.42167 2.4
      vertex 7.9 3.4 40.4
      vertex 7.45892 3.42167 40.4
    endloop
  endfacet
  facet normal -0.0490702 -0.998795 -0
    outer loop
      vertex 7.9 3.4 40.4
      vertex 7.45892 3.42167 2.4
      vertex 7.9 3.4 2.4
    endloop
  endfacet
  facet normal -0.146736 -0.989176 0
    outer loop
      vertex 7.02209 3.48647 2.4
      vertex 7.45892 3.42167 40.4
      vertex 7.02209 3.48647 40.4
    endloop
  endfacet
  facet normal -0.146736 -0.989176 -0
    outer loop
      vertex 7.45892 3.42167 40.4
      vertex 7.02209 3.48647 2.4
      vertex 7.45892 3.42167 2.4
    endloop
  endfacet
  facet normal -0.989176 0.146736 0
    outer loop
      vertex 3.42167 8.34108 14.4
      vertex 3.48647 8.77791 40.4
      vertex 3.48647 8.77791 14.4
    endloop
  endfacet
  facet normal -0.989176 0.146736 0
    outer loop
      vertex 3.48647 8.77791 40.4
      vertex 3.42167 8.34108 14.4
      vertex 3.42167 8.34108 40.4
    endloop
  endfacet
  facet normal -0.998795 0.0490702 0
    outer loop
      vertex 3.4 7.9 14.4
      vertex 3.42167 8.34108 40.4
      vertex 3.42167 8.34108 14.4
    endloop
  endfacet
  facet normal -0.998795 0.0490702 0
    outer loop
      vertex 3.42167 8.34108 40.4
      vertex 3.4 7.9 14.4
      vertex 3.4 7.9 40.4
    endloop
  endfacet
  facet normal -0.336886 -0.941546 0
    outer loop
      vertex 6.17793 3.74254 2.4
      vertex 6.59372 3.59377 40.4
      vertex 6.17793 3.74254 40.4
    endloop
  endfacet
  facet normal -0.336886 -0.941546 -0
    outer loop
      vertex 6.59372 3.59377 40.4
      vertex 6.17793 3.74254 2.4
      vertex 6.59372 3.59377 2.4
    endloop
  endfacet
  facet normal 0.671575 -0.740936 2.06067e-07
    outer loop
      vertex 10.7548 4.42145 40.4
      vertex 10.9518 4.6 10.4
      vertex 11.082 4.71802 40.4
    endloop
  endfacet
  facet normal 0.671558 -0.740952 0
    outer loop
      vertex 10.7548 4.42145 2.4
      vertex 10.9518 4.6 10.4
      vertex 10.7548 4.42145 40.4
    endloop
  endfacet
  facet normal 0.671558 -0.740952 0
    outer loop
      vertex 10.9518 4.6 10.4
      vertex 10.7548 4.42145 2.4
      vertex 10.9518 4.6 2.4
    endloop
  endfacet
  facet normal 0.671601 -0.740913 0
    outer loop
      vertex 11.082 4.71802 40.4
      vertex 10.9518 4.6 10.4
      vertex 11.082 4.71802 10.4
    endloop
  endfacet
  facet normal 0 0 1
    outer loop
      vertex 9.3 7.9 40.4
      vertex 12.4 7.9 40.4
      vertex 12.3783 8.34108 40.4
    endloop
  endfacet
  facet normal 0 0 1
    outer loop
      vertex 9.29326 8.03722 40.4
      vertex 12.3783 8.34108 40.4
      vertex 12.3135 8.77791 40.4
    endloop
  endfacet
  facet normal 0 0 1
    outer loop
      vertex 12.4 7.9 40.4
      vertex 9.3 7.9 40.4
      vertex 12.3783 7.45892 40.4
    endloop
  endfacet
  facet normal 0 0 1
    outer loop
      vertex 9.2731 8.17313 40.4
      vertex 12.3135 8.77791 40.4
      vertex 12.2062 9.20628 40.4
    endloop
  endfacet
  facet normal -0 0 1
    outer loop
      vertex 9.29326 7.76278 40.4
      vertex 12.3783 7.45892 40.4
      vertex 9.3 7.9 40.4
    endloop
  endfacet
  facet normal 0 0 1
    outer loop
      vertex 9.23972 8.3064 40.4
      vertex 12.2062 9.20628 40.4
      vertex 12.0575 9.62207 40.4
    endloop
  endfacet
  facet normal 0 0 1
    outer loop
      vertex 12.3783 7.45892 40.4
      vertex 9.29326 7.76278 40.4
      vertex 12.3135 7.02209 40.4
    endloop
  endfacet
  facet normal 0 0 1
    outer loop
      vertex 9.19343 8.43576 40.4
      vertex 12.0575 9.62207 40.4
      vertex 11.8686 10.0213 40.4
    endloop
  endfacet
  facet normal -0 0 1
    outer loop
      vertex 9.2731 7.62687 40.4
      vertex 12.3135 7.02209 40.4
      vertex 9.29326 7.76278 40.4
    endloop
  endfacet
  facet normal 0 0 1
    outer loop
      vertex 9.13469 8.55995 40.4
      vertex 11.8686 10.0213 40.4
      vertex 11.6416 10.4001 40.4
    endloop
  endfacet
  facet normal 0 0 1
    outer loop
      vertex 12.3135 7.02209 40.4
      vertex 9.2731 7.62687 40.4
      vertex 12.2062 6.59372 40.4
    endloop
  endfacet
  facet normal 0 0 1
    outer loop
      vertex 9.06406 8.6778 40.4
      vertex 11.6416 10.4001 40.4
      vertex 11.3785 10.7548 40.4
    endloop
  endfacet
  facet normal -0 0 1
    outer loop
      vertex 9.23972 7.4936 40.4
      vertex 12.2062 6.59372 40.4
      vertex 9.2731 7.62687 40.4
    endloop
  endfacet
  facet normal 0 0 1
    outer loop
      vertex 8.98221 8.78815 40.4
      vertex 11.3785 10.7548 40.4
      vertex 11.082 11.082 40.4
    endloop
  endfacet
  facet normal 0 0 1
    outer loop
      vertex 12.2062 6.59372 40.4
      vertex 9.23972 7.4936 40.4
      vertex 12.0575 6.17793 40.4
    endloop
  endfacet
  facet normal 0 0 1
    outer loop
      vertex 8.88995 8.88995 40.4
      vertex 11.082 11.082 40.4
      vertex 10.7548 11.3785 40.4
    endloop
  endfacet
  facet normal -0 0 1
    outer loop
      vertex 9.19343 7.36424 40.4
      vertex 12.0575 6.17793 40.4
      vertex 9.23972 7.4936 40.4
    endloop
  endfacet
  facet normal 0 0 1
    outer loop
      vertex 8.78815 8.98221 40.4
      vertex 10.7548 11.3785 40.4
      vertex 10.4001 11.6416 40.4
    endloop
  endfacet
  facet normal 0 0 1
    outer loop
      vertex 12.0575 6.17793 40.4
      vertex 9.19343 7.36424 40.4
      vertex 11.8686 5.77872 40.4
    endloop
  endfacet
  facet normal 0 0 1
    outer loop
      vertex 8.6778 9.06406 40.4
      vertex 10.4001 11.6416 40.4
      vertex 10.0213 11.8686 40.4
    endloop
  endfacet
  facet normal -0 0 1
    outer loop
      vertex 9.13469 7.24005 40.4
      vertex 11.8686 5.77872 40.4
      vertex 9.19343 7.36424 40.4
    endloop
  endfacet
  facet normal 0 0 1
    outer loop
      vertex 8.55995 9.13469 40.4
      vertex 10.0213 11.8686 40.4
      vertex 9.62207 12.0575 40.4
    endloop
  endfacet
  facet normal 0 0 1
    outer loop
      vertex 11.8686 5.77872 40.4
      vertex 9.13469 7.24005 40.4
      vertex 11.6416 5.39993 40.4
    endloop
  endfacet
  facet normal -0 0 1
    outer loop
      vertex 9.06406 7.1222 40.4
      vertex 11.6416 5.39993 40.4
      vertex 9.13469 7.24005 40.4
    endloop
  endfacet
  facet normal 0 0 1
    outer loop
      vertex 12.3783 8.34108 40.4
      vertex 9.29326 8.03722 40.4
      vertex 9.3 7.9 40.4
    endloop
  endfacet
  facet normal 0 0 1
    outer loop
      vertex 12.3135 8.77791 40.4
      vertex 9.2731 8.17313 40.4
      vertex 9.29326 8.03722 40.4
    endloop
  endfacet
  facet normal 0 0 1
    outer loop
      vertex 12.2062 9.20628 40.4
      vertex 9.23972 8.3064 40.4
      vertex 9.2731 8.17313 40.4
    endloop
  endfacet
  facet normal 0 0 1
    outer loop
      vertex 8.43576 9.19343 40.4
      vertex 9.62207 12.0575 40.4
      vertex 9.20628 12.2062 40.4
    endloop
  endfacet
  facet normal 0 0 1
    outer loop
      vertex 12.0575 9.62207 40.4
      vertex 9.19343 8.43576 40.4
      vertex 9.23972 8.3064 40.4
    endloop
  endfacet
  facet normal 0 0 1
    outer loop
      vertex 11.8686 10.0213 40.4
      vertex 9.13469 8.55995 40.4
      vertex 9.19343 8.43576 40.4
    endloop
  endfacet
  facet normal 0 0 1
    outer loop
      vertex 11.6416 10.4001 40.4
      vertex 9.06406 8.6778 40.4
      vertex 9.13469 8.55995 40.4
    endloop
  endfacet
  facet normal 0 0 1
    outer loop
      vertex 11.3785 10.7548 40.4
      vertex 8.98221 8.78815 40.4
      vertex 9.06406 8.6778 40.4
    endloop
  endfacet
  facet normal 0 0 1
    outer loop
      vertex 11.082 11.082 40.4
      vertex 8.88995 8.88995 40.4
      vertex 8.98221 8.78815 40.4
    endloop
  endfacet
  facet normal 0 0 1
    outer loop
      vertex 10.7548 11.3785 40.4
      vertex 8.78815 8.98221 40.4
      vertex 8.88995 8.88995 40.4
    endloop
  endfacet
  facet normal 0 0 1
    outer loop
      vertex 8.3064 9.23972 40.4
      vertex 9.20628 12.2062 40.4
      vertex 8.77791 12.3135 40.4
    endloop
  endfacet
  facet normal 0 0 1
    outer loop
      vertex 10.4001 11.6416 40.4
      vertex 8.6778 9.06406 40.4
      vertex 8.78815 8.98221 40.4
    endloop
  endfacet
  facet normal 0 0 1
    outer loop
      vertex 10.0213 11.8686 40.4
      vertex 8.55995 9.13469 40.4
      vertex 8.6778 9.06406 40.4
    endloop
  endfacet
  facet normal 0 0 1
    outer loop
      vertex 9.62207 12.0575 40.4
      vertex 8.43576 9.19343 40.4
      vertex 8.55995 9.13469 40.4
    endloop
  endfacet
  facet normal 0 0 1
    outer loop
      vertex 8.17313 9.2731 40.4
      vertex 8.77791 12.3135 40.4
      vertex 8.34108 12.3783 40.4
    endloop
  endfacet
  facet normal 0 0 1
    outer loop
      vertex 9.20628 12.2062 40.4
      vertex 8.3064 9.23972 40.4
      vertex 8.43576 9.19343 40.4
    endloop
  endfacet
  facet normal 0 0 1
    outer loop
      vertex 8.77791 12.3135 40.4
      vertex 8.17313 9.2731 40.4
      vertex 8.3064 9.23972 40.4
    endloop
  endfacet
  facet normal 0 0 1
    outer loop
      vertex 8.34108 12.3783 40.4
      vertex 8.03722 9.29326 40.4
      vertex 8.17313 9.2731 40.4
    endloop
  endfacet
  facet normal 0 0 1
    outer loop
      vertex 7.9 12.4 40.4
      vertex 8.03722 9.29326 40.4
      vertex 8.34108 12.3783 40.4
    endloop
  endfacet
  facet normal 0 0 1
    outer loop
      vertex 7.9 12.4 40.4
      vertex 7.9 9.3 40.4
      vertex 8.03722 9.29326 40.4
    endloop
  endfacet
  facet normal 0 0 1
    outer loop
      vertex 7.9 12.4 40.4
      vertex 7.76278 9.29326 40.4
      vertex 7.9 9.3 40.4
    endloop
  endfacet
  facet normal -0 0 1
    outer loop
      vertex 7.45892 12.3783 40.4
      vertex 7.76278 9.29326 40.4
      vertex 7.9 12.4 40.4
    endloop
  endfacet
  facet normal 0 0 1
    outer loop
      vertex 7.76278 9.29326 40.4
      vertex 7.45892 12.3783 40.4
      vertex 7.62687 9.2731 40.4
    endloop
  endfacet
  facet normal -0 0 1
    outer loop
      vertex 7.02209 12.3135 40.4
      vertex 7.62687 9.2731 40.4
      vertex 7.45892 12.3783 40.4
    endloop
  endfacet
  facet normal 0 0 1
    outer loop
      vertex 7.62687 9.2731 40.4
      vertex 7.02209 12.3135 40.4
      vertex 7.4936 9.23972 40.4
    endloop
  endfacet
  facet normal -0 0 1
    outer loop
      vertex 6.59372 12.2062 40.4
      vertex 7.4936 9.23972 40.4
      vertex 7.02209 12.3135 40.4
    endloop
  endfacet
  facet normal 0 0 1
    outer loop
      vertex 7.4936 9.23972 40.4
      vertex 6.59372 12.2062 40.4
      vertex 7.36424 9.19343 40.4
    endloop
  endfacet
  facet normal -0 0 1
    outer loop
      vertex 6.17793 12.0575 40.4
      vertex 7.36424 9.19343 40.4
      vertex 6.59372 12.2062 40.4
    endloop
  endfacet
  facet normal 0 0 1
    outer loop
      vertex 7.36424 9.19343 40.4
      vertex 6.17793 12.0575 40.4
      vertex 7.24005 9.13469 40.4
    endloop
  endfacet
  facet normal -0 0 1
    outer loop
      vertex 5.77872 11.8686 40.4
      vertex 7.24005 9.13469 40.4
      vertex 6.17793 12.0575 40.4
    endloop
  endfacet
  facet normal 0 0 1
    outer loop
      vertex 7.24005 9.13469 40.4
      vertex 5.77872 11.8686 40.4
      vertex 7.1222 9.06406 40.4
    endloop
  endfacet
  facet normal -0 0 1
    outer loop
      vertex 5.39993 11.6416 40.4
      vertex 7.1222 9.06406 40.4
      vertex 5.77872 11.8686 40.4
    endloop
  endfacet
  facet normal 0 0 1
    outer loop
      vertex 7.1222 9.06406 40.4
      vertex 5.39993 11.6416 40.4
      vertex 7.01185 8.98221 40.4
    endloop
  endfacet
  facet normal -0 0 1
    outer loop
      vertex 5.04523 11.3785 40.4
      vertex 7.01185 8.98221 40.4
      vertex 5.39993 11.6416 40.4
    endloop
  endfacet
  facet normal 0 0 1
    outer loop
      vertex 7.01185 8.98221 40.4
      vertex 5.04523 11.3785 40.4
      vertex 6.91005 8.88995 40.4
    endloop
  endfacet
  facet normal -0 0 1
    outer loop
      vertex 4.71802 11.082 40.4
      vertex 6.91005 8.88995 40.4
      vertex 5.04523 11.3785 40.4
    endloop
  endfacet
  facet normal 0 0 1
    outer loop
      vertex 6.91005 8.88995 40.4
      vertex 4.71802 11.082 40.4
      vertex 6.81779 8.78815 40.4
    endloop
  endfacet
  facet normal -0 0 1
    outer loop
      vertex 4.42145 10.7548 40.4
      vertex 6.81779 8.78815 40.4
      vertex 4.71802 11.082 40.4
    endloop
  endfacet
  facet normal 0 0 1
    outer loop
      vertex 6.81779 8.78815 40.4
      vertex 4.42145 10.7548 40.4
      vertex 6.73594 8.6778 40.4
    endloop
  endfacet
  facet normal -0 0 1
    outer loop
      vertex 4.15839 10.4001 40.4
      vertex 6.73594 8.6778 40.4
      vertex 4.42145 10.7548 40.4
    endloop
  endfacet
  facet normal 0 0 1
    outer loop
      vertex 11.6416 5.39993 40.4
      vertex 9.06406 7.1222 40.4
      vertex 11.3785 5.04523 40.4
    endloop
  endfacet
  facet normal -0 0 1
    outer loop
      vertex 8.98221 7.01185 40.4
      vertex 11.3785 5.04523 40.4
      vertex 9.06406 7.1222 40.4
    endloop
  endfacet
  facet normal 0 0 1
    outer loop
      vertex 11.3785 5.04523 40.4
      vertex 8.98221 7.01185 40.4
      vertex 11.082 4.71802 40.4
    endloop
  endfacet
  facet normal -0 0 1
    outer loop
      vertex 8.88995 6.91005 40.4
      vertex 11.082 4.71802 40.4
      vertex 8.98221 7.01185 40.4
    endloop
  endfacet
  facet normal 0 0 1
    outer loop
      vertex 11.082 4.71802 40.4
      vertex 8.88995 6.91005 40.4
      vertex 10.7548 4.42145 40.4
    endloop
  endfacet
  facet normal -0 0 1
    outer loop
      vertex 8.78815 6.81779 40.4
      vertex 10.7548 4.42145 40.4
      vertex 8.88995 6.91005 40.4
    endloop
  endfacet
  facet normal 0 0 1
    outer loop
      vertex 10.7548 4.42145 40.4
      vertex 8.78815 6.81779 40.4
      vertex 10.4001 4.15839 40.4
    endloop
  endfacet
  facet normal -0 0 1
    outer loop
      vertex 8.6778 6.73594 40.4
      vertex 10.4001 4.15839 40.4
      vertex 8.78815 6.81779 40.4
    endloop
  endfacet
  facet normal 0 0 1
    outer loop
      vertex 10.4001 4.15839 40.4
      vertex 8.6778 6.73594 40.4
      vertex 10.0213 3.93135 40.4
    endloop
  endfacet
  facet normal -0 0 1
    outer loop
      vertex 8.55995 6.66531 40.4
      vertex 10.0213 3.93135 40.4
      vertex 8.6778 6.73594 40.4
    endloop
  endfacet
  facet normal 0 0 1
    outer loop
      vertex 10.0213 3.93135 40.4
      vertex 8.55995 6.66531 40.4
      vertex 9.62207 3.74254 40.4
    endloop
  endfacet
  facet normal -0 0 1
    outer loop
      vertex 8.43576 6.60657 40.4
      vertex 9.62207 3.74254 40.4
      vertex 8.55995 6.66531 40.4
    endloop
  endfacet
  facet normal 0 0 1
    outer loop
      vertex 9.62207 3.74254 40.4
      vertex 8.43576 6.60657 40.4
      vertex 9.20628 3.59377 40.4
    endloop
  endfacet
  facet normal -0 0 1
    outer loop
      vertex 8.3064 6.56028 40.4
      vertex 9.20628 3.59377 40.4
      vertex 8.43576 6.60657 40.4
    endloop
  endfacet
  facet normal 0 0 1
    outer loop
      vertex 9.20628 3.59377 40.4
      vertex 8.3064 6.56028 40.4
      vertex 8.77791 3.48647 40.4
    endloop
  endfacet
  facet normal -0 0 1
    outer loop
      vertex 8.17313 6.5269 40.4
      vertex 8.77791 3.48647 40.4
      vertex 8.3064 6.56028 40.4
    endloop
  endfacet
  facet normal 0 0 1
    outer loop
      vertex 8.77791 3.48647 40.4
      vertex 8.17313 6.5269 40.4
      vertex 8.34108 3.42167 40.4
    endloop
  endfacet
  facet normal -0 0 1
    outer loop
      vertex 8.03722 6.50674 40.4
      vertex 8.34108 3.42167 40.4
      vertex 8.17313 6.5269 40.4
    endloop
  endfacet
  facet normal -0 0 1
    outer loop
      vertex 7.9 6.5 40.4
      vertex 8.34108 3.42167 40.4
      vertex 8.03722 6.50674 40.4
    endloop
  endfacet
  facet normal 0 0 1
    outer loop
      vertex 7.9 6.5 40.4
      vertex 7.9 3.4 40.4
      vertex 8.34108 3.42167 40.4
    endloop
  endfacet
  facet normal 0 0 1
    outer loop
      vertex 7.76278 6.50674 40.4
      vertex 7.9 3.4 40.4
      vertex 7.9 6.5 40.4
    endloop
  endfacet
  facet normal 0 0 1
    outer loop
      vertex 7.45892 3.42167 40.4
      vertex 7.76278 6.50674 40.4
      vertex 7.62687 6.5269 40.4
    endloop
  endfacet
  facet normal 0 0 1
    outer loop
      vertex 7.02209 3.48647 40.4
      vertex 7.62687 6.5269 40.4
      vertex 7.4936 6.56028 40.4
    endloop
  endfacet
  facet normal 0 0 1
    outer loop
      vertex 7.76278 6.50674 40.4
      vertex 7.45892 3.42167 40.4
      vertex 7.9 3.4 40.4
    endloop
  endfacet
  facet normal 0 0 1
    outer loop
      vertex 6.59372 3.59377 40.4
      vertex 7.4936 6.56028 40.4
      vertex 7.36424 6.60657 40.4
    endloop
  endfacet
  facet normal 0 0 1
    outer loop
      vertex 6.17793 3.74254 40.4
      vertex 7.36424 6.60657 40.4
      vertex 7.24005 6.66531 40.4
    endloop
  endfacet
  facet normal 0 0 1
    outer loop
      vertex 5.77872 3.93135 40.4
      vertex 7.24005 6.66531 40.4
      vertex 7.1222 6.73594 40.4
    endloop
  endfacet
  facet normal 0 0 1
    outer loop
      vertex 7.62687 6.5269 40.4
      vertex 7.02209 3.48647 40.4
      vertex 7.45892 3.42167 40.4
    endloop
  endfacet
  facet normal 0 0 1
    outer loop
      vertex 5.39993 4.15839 40.4
      vertex 7.1222 6.73594 40.4
      vertex 7.01185 6.81779 40.4
    endloop
  endfacet
  facet normal 0 0 1
    outer loop
      vertex 5.04523 4.42145 40.4
      vertex 7.01185 6.81779 40.4
      vertex 6.91005 6.91005 40.4
    endloop
  endfacet
  facet normal 0 0 1
    outer loop
      vertex 4.71802 4.71802 40.4
      vertex 6.91005 6.91005 40.4
      vertex 6.81779 7.01185 40.4
    endloop
  endfacet
  facet normal 0 0 1
    outer loop
      vertex 4.42145 5.04523 40.4
      vertex 6.81779 7.01185 40.4
      vertex 6.73594 7.1222 40.4
    endloop
  endfacet
  facet normal 0 0 1
    outer loop
      vertex 4.15839 5.39993 40.4
      vertex 6.73594 7.1222 40.4
      vertex 6.66531 7.24005 40.4
    endloop
  endfacet
  facet normal 0 0 1
    outer loop
      vertex 3.93135 5.77872 40.4
      vertex 6.66531 7.24005 40.4
      vertex 6.60657 7.36424 40.4
    endloop
  endfacet
  facet normal 0 0 1
    outer loop
      vertex 7.4936 6.56028 40.4
      vertex 6.59372 3.59377 40.4
      vertex 7.02209 3.48647 40.4
    endloop
  endfacet
  facet normal 0 0 1
    outer loop
      vertex 3.74254 6.17793 40.4
      vertex 6.60657 7.36424 40.4
      vertex 6.56028 7.4936 40.4
    endloop
  endfacet
  facet normal 0 0 1
    outer loop
      vertex 3.59377 6.59372 40.4
      vertex 6.56028 7.4936 40.4
      vertex 6.5269 7.62687 40.4
    endloop
  endfacet
  facet normal 0 0 1
    outer loop
      vertex 3.48647 7.02209 40.4
      vertex 6.5269 7.62687 40.4
      vertex 6.50674 7.76278 40.4
    endloop
  endfacet
  facet normal 0 0 1
    outer loop
      vertex 3.42167 7.45892 40.4
      vertex 6.50674 7.76278 40.4
      vertex 6.5 7.9 40.4
    endloop
  endfacet
  facet normal 0 0 1
    outer loop
      vertex 6.73594 8.6778 40.4
      vertex 4.15839 10.4001 40.4
      vertex 6.66531 8.55995 40.4
    endloop
  endfacet
  facet normal 0 0 1
    outer loop
      vertex 7.36424 6.60657 40.4
      vertex 6.17793 3.74254 40.4
      vertex 6.59372 3.59377 40.4
    endloop
  endfacet
  facet normal -0 0 1
    outer loop
      vertex 3.93135 10.0213 40.4
      vertex 6.66531 8.55995 40.4
      vertex 4.15839 10.4001 40.4
    endloop
  endfacet
  facet normal 0 0 1
    outer loop
      vertex 7.24005 6.66531 40.4
      vertex 5.77872 3.93135 40.4
      vertex 6.17793 3.74254 40.4
    endloop
  endfacet
  facet normal 0 0 1
    outer loop
      vertex 6.66531 8.55995 40.4
      vertex 3.93135 10.0213 40.4
      vertex 6.60657 8.43576 40.4
    endloop
  endfacet
  facet normal 0 0 1
    outer loop
      vertex 7.1222 6.73594 40.4
      vertex 5.39993 4.15839 40.4
      vertex 5.77872 3.93135 40.4
    endloop
  endfacet
  facet normal -0 0 1
    outer loop
      vertex 3.74254 9.62207 40.4
      vertex 6.60657 8.43576 40.4
      vertex 3.93135 10.0213 40.4
    endloop
  endfacet
  facet normal 0 0 1
    outer loop
      vertex 7.01185 6.81779 40.4
      vertex 5.04523 4.42145 40.4
      vertex 5.39993 4.15839 40.4
    endloop
  endfacet
  facet normal 0 0 1
    outer loop
      vertex 6.60657 8.43576 40.4
      vertex 3.74254 9.62207 40.4
      vertex 6.56028 8.3064 40.4
    endloop
  endfacet
  facet normal 0 0 1
    outer loop
      vertex 6.91005 6.91005 40.4
      vertex 4.71802 4.71802 40.4
      vertex 5.04523 4.42145 40.4
    endloop
  endfacet
  facet normal -0 0 1
    outer loop
      vertex 3.59377 9.20628 40.4
      vertex 6.56028 8.3064 40.4
      vertex 3.74254 9.62207 40.4
    endloop
  endfacet
  facet normal 0 0 1
    outer loop
      vertex 6.81779 7.01185 40.4
      vertex 4.42145 5.04523 40.4
      vertex 4.71802 4.71802 40.4
    endloop
  endfacet
  facet normal 0 0 1
    outer loop
      vertex 6.56028 8.3064 40.4
      vertex 3.59377 9.20628 40.4
      vertex 6.5269 8.17313 40.4
    endloop
  endfacet
  facet normal 0 0 1
    outer loop
      vertex 6.73594 7.1222 40.4
      vertex 4.15839 5.39993 40.4
      vertex 4.42145 5.04523 40.4
    endloop
  endfacet
  facet normal -0 0 1
    outer loop
      vertex 3.48647 8.77791 40.4
      vertex 6.5269 8.17313 40.4
      vertex 3.59377 9.20628 40.4
    endloop
  endfacet
  facet normal 0 0 1
    outer loop
      vertex 6.66531 7.24005 40.4
      vertex 3.93135 5.77872 40.4
      vertex 4.15839 5.39993 40.4
    endloop
  endfacet
  facet normal 0 0 1
    outer loop
      vertex 6.5269 8.17313 40.4
      vertex 3.48647 8.77791 40.4
      vertex 6.50674 8.03722 40.4
    endloop
  endfacet
  facet normal 0 0 1
    outer loop
      vertex 6.60657 7.36424 40.4
      vertex 3.74254 6.17793 40.4
      vertex 3.93135 5.77872 40.4
    endloop
  endfacet
  facet normal -0 0 1
    outer loop
      vertex 3.42167 8.34108 40.4
      vertex 6.50674 8.03722 40.4
      vertex 3.48647 8.77791 40.4
    endloop
  endfacet
  facet normal 0 0 1
    outer loop
      vertex 6.56028 7.4936 40.4
      vertex 3.59377 6.59372 40.4
      vertex 3.74254 6.17793 40.4
    endloop
  endfacet
  facet normal 0 0 1
    outer loop
      vertex 6.50674 8.03722 40.4
      vertex 3.42167 8.34108 40.4
      vertex 6.5 7.9 40.4
    endloop
  endfacet
  facet normal 0 0 1
    outer loop
      vertex 6.5269 7.62687 40.4
      vertex 3.48647 7.02209 40.4
      vertex 3.59377 6.59372 40.4
    endloop
  endfacet
  facet normal 0 0 1
    outer loop
      vertex 3.4 7.9 40.4
      vertex 6.5 7.9 40.4
      vertex 3.42167 8.34108 40.4
    endloop
  endfacet
  facet normal 0 0 1
    outer loop
      vertex 6.50674 7.76278 40.4
      vertex 3.42167 7.45892 40.4
      vertex 3.48647 7.02209 40.4
    endloop
  endfacet
  facet normal 0 0 1
    outer loop
      vertex 6.5 7.9 40.4
      vertex 3.4 7.9 40.4
      vertex 3.42167 7.45892 40.4
    endloop
  endfacet
  facet normal -0.989177 -0.146728 0
    outer loop
      vertex 9.29326 8.03722 26.4
      vertex 9.2731 8.17313 40.4
      vertex 9.2731 8.17313 26.4
    endloop
  endfacet
  facet normal -0.989177 -0.146728 0
    outer loop
      vertex 9.2731 8.17313 40.4
      vertex 9.29326 8.03722 26.4
      vertex 9.29326 8.03722 40.4
    endloop
  endfacet
  facet normal -0.998796 -0.0490591 0
    outer loop
      vertex 9.3 7.9 26.4
      vertex 9.29326 8.03722 40.4
      vertex 9.29326 8.03722 26.4
    endloop
  endfacet
  facet normal -0.998796 -0.0490591 0
    outer loop
      vertex 9.29326 8.03722 40.4
      vertex 9.3 7.9 26.4
      vertex 9.3 7.9 40.4
    endloop
  endfacet
  facet normal -0.970035 -0.242964 0
    outer loop
      vertex 9.2731 8.17313 26.4
      vertex 9.23972 8.3064 40.4
      vertex 9.23972 8.3064 26.4
    endloop
  endfacet
  facet normal -0.970035 -0.242964 0
    outer loop
      vertex 9.23972 8.3064 40.4
      vertex 9.2731 8.17313 26.4
      vertex 9.2731 8.17313 40.4
    endloop
  endfacet
  facet normal -0.42757 -0.903982 0
    outer loop
      vertex 8.43576 9.19343 10.4
      vertex 8.55995 9.13469 40.4
      vertex 8.43576 9.19343 40.4
    endloop
  endfacet
  facet normal -0.42757 -0.903982 -0
    outer loop
      vertex 8.55995 9.13469 40.4
      vertex 8.43576 9.19343 10.4
      vertex 8.55995 9.13469 10.4
    endloop
  endfacet
  facet normal 0.242964 0.970035 -0
    outer loop
      vertex 7.62687 6.5269 26.4
      vertex 7.4936 6.56028 40.4
      vertex 7.62687 6.5269 40.4
    endloop
  endfacet
  facet normal 0.242964 0.970035 0
    outer loop
      vertex 7.4936 6.56028 40.4
      vertex 7.62687 6.5269 26.4
      vertex 7.4936 6.56028 26.4
    endloop
  endfacet
  facet normal 0.85775 0.514068 0
    outer loop
      vertex 6.73594 7.1222 40.4
      vertex 6.66531 7.24005 26.4
      vertex 6.66531 7.24005 40.4
    endloop
  endfacet
  facet normal 0.85775 0.514068 0
    outer loop
      vertex 6.66531 7.24005 26.4
      vertex 6.73594 7.1222 40.4
      vertex 6.73594 7.1222 26.4
    endloop
  endfacet
  facet normal -0.146728 0.989177 0
    outer loop
      vertex 8.17313 6.5269 26.4
      vertex 8.03722 6.50674 40.4
      vertex 8.17313 6.5269 40.4
    endloop
  endfacet
  facet normal -0.146728 0.989177 0
    outer loop
      vertex 8.03722 6.50674 40.4
      vertex 8.17313 6.5269 26.4
      vertex 8.03722 6.50674 26.4
    endloop
  endfacet
  facet normal -0.740973 -0.671534 0
    outer loop
      vertex 8.98221 8.78815 10.4
      vertex 8.88995 8.88995 40.4
      vertex 8.88995 8.88995 10.4
    endloop
  endfacet
  facet normal -0.740973 -0.671534 0
    outer loop
      vertex 8.88995 8.88995 40.4
      vertex 8.98221 8.78815 10.4
      vertex 8.98221 8.78815 40.4
    endloop
  endfacet
  facet normal 0.514068 -0.85775 0
    outer loop
      vertex 7.1222 9.06406 10.4
      vertex 7.24005 9.13469 40.4
      vertex 7.1222 9.06406 40.4
    endloop
  endfacet
  facet normal 0.514068 -0.85775 0
    outer loop
      vertex 7.24005 9.13469 40.4
      vertex 7.1222 9.06406 10.4
      vertex 7.24005 9.13469 10.4
    endloop
  endfacet
  facet normal -0.740973 0.671534 0
    outer loop
      vertex 8.88995 6.91005 26.4
      vertex 8.98221 7.01185 40.4
      vertex 8.98221 7.01185 26.4
    endloop
  endfacet
  facet normal -0.740973 0.671534 0
    outer loop
      vertex 8.98221 7.01185 40.4
      vertex 8.88995 6.91005 26.4
      vertex 8.88995 6.91005 40.4
    endloop
  endfacet
  facet normal -0.514068 0.85775 0
    outer loop
      vertex 8.6778 6.73594 26.4
      vertex 8.55995 6.66531 40.4
      vertex 8.6778 6.73594 40.4
    endloop
  endfacet
  facet normal -0.514068 0.85775 0
    outer loop
      vertex 8.55995 6.66531 40.4
      vertex 8.6778 6.73594 26.4
      vertex 8.55995 6.66531 26.4
    endloop
  endfacet
  facet normal -0.242964 -0.970035 0
    outer loop
      vertex 8.17313 9.2731 10.4
      vertex 8.3064 9.23972 40.4
      vertex 8.17313 9.2731 40.4
    endloop
  endfacet
  facet normal -0.242964 -0.970035 -0
    outer loop
      vertex 8.3064 9.23972 40.4
      vertex 8.17313 9.2731 10.4
      vertex 8.3064 9.23972 10.4
    endloop
  endfacet
  facet normal 0.989177 -0.146728 0
    outer loop
      vertex 6.50674 8.03722 40.4
      vertex 6.5269 8.17313 26.4
      vertex 6.5269 8.17313 40.4
    endloop
  endfacet
  facet normal 0.989177 -0.146728 0
    outer loop
      vertex 6.5269 8.17313 26.4
      vertex 6.50674 8.03722 40.4
      vertex 6.50674 8.03722 26.4
    endloop
  endfacet
  facet normal -0.857765 -0.514042 -0
    outer loop
      vertex 9.08072 8.65 26.4
      vertex 9.06406 8.6778 10.4
      vertex 9.08072 8.65 10.4
    endloop
  endfacet
  facet normal -0.857765 -0.514042 0
    outer loop
      vertex 9.06406 8.6778 10.4
      vertex 9.08072 8.65 26.4
      vertex 9.06406 8.6778 40.4
    endloop
  endfacet
  facet normal -0.857745 -0.514075 9.04895e-08
    outer loop
      vertex 9.13469 8.55995 26.4
      vertex 9.06406 8.6778 40.4
      vertex 9.08072 8.65 26.4
    endloop
  endfacet
  facet normal -0.85775 -0.514068 0
    outer loop
      vertex 9.06406 8.6778 40.4
      vertex 9.13469 8.55995 26.4
      vertex 9.13469 8.55995 40.4
    endloop
  endfacet
  facet normal -0.970035 0.242964 0
    outer loop
      vertex 9.23972 7.4936 26.4
      vertex 9.2731 7.62687 40.4
      vertex 9.2731 7.62687 26.4
    endloop
  endfacet
  facet normal -0.970035 0.242964 0
    outer loop
      vertex 9.2731 7.62687 40.4
      vertex 9.23972 7.4936 26.4
      vertex 9.23972 7.4936 40.4
    endloop
  endfacet
  facet normal 0.146728 0.989177 -0
    outer loop
      vertex 7.76278 6.50674 26.4
      vertex 7.62687 6.5269 40.4
      vertex 7.76278 6.50674 40.4
    endloop
  endfacet
  facet normal 0.146728 0.989177 0
    outer loop
      vertex 7.62687 6.5269 40.4
      vertex 7.76278 6.50674 26.4
      vertex 7.62687 6.5269 26.4
    endloop
  endfacet
  facet normal 0.998796 0.0490591 0
    outer loop
      vertex 6.50674 7.76278 40.4
      vertex 6.5 7.9 26.4
      vertex 6.5 7.9 40.4
    endloop
  endfacet
  facet normal 0.998796 0.0490591 0
    outer loop
      vertex 6.5 7.9 26.4
      vertex 6.50674 7.76278 40.4
      vertex 6.50674 7.76278 26.4
    endloop
  endfacet
  facet normal -0.146728 -0.989177 0
    outer loop
      vertex 8.03722 9.29326 10.4
      vertex 8.17313 9.2731 40.4
      vertex 8.03722 9.29326 40.4
    endloop
  endfacet
  facet normal -0.146728 -0.989177 -0
    outer loop
      vertex 8.17313 9.2731 40.4
      vertex 8.03722 9.29326 10.4
      vertex 8.17313 9.2731 10.4
    endloop
  endfacet
  facet normal -0.941534 -0.336917 0
    outer loop
      vertex 9.23972 8.3064 26.4
      vertex 9.19343 8.43576 40.4
      vertex 9.19343 8.43576 26.4
    endloop
  endfacet
  facet normal -0.941534 -0.336917 0
    outer loop
      vertex 9.19343 8.43576 40.4
      vertex 9.23972 8.3064 26.4
      vertex 9.23972 8.3064 40.4
    endloop
  endfacet
  facet normal -0.671534 -0.740973 0
    outer loop
      vertex 8.78815 8.98221 10.4
      vertex 8.88995 8.88995 40.4
      vertex 8.78815 8.98221 40.4
    endloop
  endfacet
  facet normal -0.671534 -0.740973 -0
    outer loop
      vertex 8.88995 8.88995 40.4
      vertex 8.78815 8.98221 10.4
      vertex 8.88995 8.88995 10.4
    endloop
  endfacet
  facet normal 0.970035 0.242964 0
    outer loop
      vertex 6.56028 7.4936 40.4
      vertex 6.5269 7.62687 26.4
      vertex 6.5269 7.62687 40.4
    endloop
  endfacet
  facet normal 0.970035 0.242964 0
    outer loop
      vertex 6.5269 7.62687 26.4
      vertex 6.56028 7.4936 40.4
      vertex 6.56028 7.4936 26.4
    endloop
  endfacet
  facet normal 0.336917 -0.941534 0
    outer loop
      vertex 7.36424 9.19343 10.4
      vertex 7.4936 9.23972 40.4
      vertex 7.36424 9.19343 40.4
    endloop
  endfacet
  facet normal 0.336917 -0.941534 0
    outer loop
      vertex 7.4936 9.23972 40.4
      vertex 7.36424 9.19343 10.4
      vertex 7.4936 9.23972 10.4
    endloop
  endfacet
  facet normal 0.941534 0.336917 0
    outer loop
      vertex 6.60657 7.36424 40.4
      vertex 6.56028 7.4936 26.4
      vertex 6.56028 7.4936 40.4
    endloop
  endfacet
  facet normal 0.941534 0.336917 0
    outer loop
      vertex 6.56028 7.4936 26.4
      vertex 6.60657 7.36424 40.4
      vertex 6.60657 7.36424 26.4
    endloop
  endfacet
  facet normal -0.336917 -0.941534 0
    outer loop
      vertex 8.3064 9.23972 10.4
      vertex 8.43576 9.19343 40.4
      vertex 8.3064 9.23972 40.4
    endloop
  endfacet
  facet normal -0.336917 -0.941534 -0
    outer loop
      vertex 8.43576 9.19343 40.4
      vertex 8.3064 9.23972 10.4
      vertex 8.43576 9.19343 10.4
    endloop
  endfacet
  facet normal 0.803177 -0.595741 0
    outer loop
      vertex 6.73594 8.6778 40.4
      vertex 6.81779 8.78815 10.4
      vertex 6.81779 8.78815 40.4
    endloop
  endfacet
  facet normal 0.803177 -0.595741 0
    outer loop
      vertex 6.81779 8.78815 10.4
      vertex 6.73594 8.6778 40.4
      vertex 6.73594 8.6778 10.4
    endloop
  endfacet
  facet normal -0.803177 -0.595741 0
    outer loop
      vertex 9.06406 8.6778 10.4
      vertex 8.98221 8.78815 40.4
      vertex 8.98221 8.78815 10.4
    endloop
  endfacet
  facet normal -0.803177 -0.595741 0
    outer loop
      vertex 8.98221 8.78815 40.4
      vertex 9.06406 8.6778 10.4
      vertex 9.06406 8.6778 40.4
    endloop
  endfacet
  facet normal 0.970035 -0.242964 0
    outer loop
      vertex 6.5269 8.17313 40.4
      vertex 6.56028 8.3064 26.4
      vertex 6.56028 8.3064 40.4
    endloop
  endfacet
  facet normal 0.970035 -0.242964 0
    outer loop
      vertex 6.56028 8.3064 26.4
      vertex 6.5269 8.17313 40.4
      vertex 6.5269 8.17313 26.4
    endloop
  endfacet
  facet normal 0.671534 -0.740973 0
    outer loop
      vertex 6.91005 8.88995 10.4
      vertex 7.01185 8.98221 40.4
      vertex 6.91005 8.88995 40.4
    endloop
  endfacet
  facet normal 0.671534 -0.740973 0
    outer loop
      vertex 7.01185 8.98221 40.4
      vertex 6.91005 8.88995 10.4
      vertex 7.01185 8.98221 10.4
    endloop
  endfacet
  facet normal -0.42757 0.903982 0
    outer loop
      vertex 8.55995 6.66531 26.4
      vertex 8.43576 6.60657 40.4
      vertex 8.55995 6.66531 40.4
    endloop
  endfacet
  facet normal -0.42757 0.903982 0
    outer loop
      vertex 8.43576 6.60657 40.4
      vertex 8.55995 6.66531 26.4
      vertex 8.43576 6.60657 26.4
    endloop
  endfacet
  facet normal 0.242964 -0.970035 0
    outer loop
      vertex 7.4936 9.23972 10.4
      vertex 7.62687 9.2731 40.4
      vertex 7.4936 9.23972 40.4
    endloop
  endfacet
  facet normal 0.242964 -0.970035 0
    outer loop
      vertex 7.62687 9.2731 40.4
      vertex 7.4936 9.23972 10.4
      vertex 7.62687 9.2731 10.4
    endloop
  endfacet
  facet normal 0.941534 -0.336917 0
    outer loop
      vertex 6.56028 8.3064 40.4
      vertex 6.60657 8.43576 26.4
      vertex 6.60657 8.43576 40.4
    endloop
  endfacet
  facet normal 0.941534 -0.336917 0
    outer loop
      vertex 6.60657 8.43576 26.4
      vertex 6.56028 8.3064 40.4
      vertex 6.56028 8.3064 26.4
    endloop
  endfacet
  facet normal -0.514068 -0.85775 0
    outer loop
      vertex 8.55995 9.13469 10.4
      vertex 8.6778 9.06406 40.4
      vertex 8.55995 9.13469 40.4
    endloop
  endfacet
  facet normal -0.514068 -0.85775 -0
    outer loop
      vertex 8.6778 9.06406 40.4
      vertex 8.55995 9.13469 10.4
      vertex 8.6778 9.06406 10.4
    endloop
  endfacet
  facet normal 0.514068 0.85775 -0
    outer loop
      vertex 7.24005 6.66531 26.4
      vertex 7.1222 6.73594 40.4
      vertex 7.24005 6.66531 40.4
    endloop
  endfacet
  facet normal 0.514068 0.85775 0
    outer loop
      vertex 7.1222 6.73594 40.4
      vertex 7.24005 6.66531 26.4
      vertex 7.1222 6.73594 26.4
    endloop
  endfacet
  facet normal 0.595741 -0.803177 0
    outer loop
      vertex 7.01185 8.98221 10.4
      vertex 7.1222 9.06406 40.4
      vertex 7.01185 8.98221 40.4
    endloop
  endfacet
  facet normal 0.595741 -0.803177 0
    outer loop
      vertex 7.1222 9.06406 40.4
      vertex 7.01185 8.98221 10.4
      vertex 7.1222 9.06406 10.4
    endloop
  endfacet
  facet normal 0.0490591 -0.998796 0
    outer loop
      vertex 7.76278 9.29326 10.4
      vertex 7.9 9.3 40.4
      vertex 7.76278 9.29326 40.4
    endloop
  endfacet
  facet normal 0.0490591 -0.998796 0
    outer loop
      vertex 7.9 9.3 40.4
      vertex 7.76278 9.29326 10.4
      vertex 7.9 9.3 10.4
    endloop
  endfacet
  facet normal -0.0490591 0.998796 0
    outer loop
      vertex 8.03722 6.50674 26.4
      vertex 7.9 6.5 40.4
      vertex 8.03722 6.50674 40.4
    endloop
  endfacet
  facet normal -0.0490591 0.998796 0
    outer loop
      vertex 7.9 6.5 40.4
      vertex 8.03722 6.50674 26.4
      vertex 7.9 6.5 26.4
    endloop
  endfacet
  facet normal -0.941534 0.336917 0
    outer loop
      vertex 9.19343 7.36424 26.4
      vertex 9.23972 7.4936 40.4
      vertex 9.23972 7.4936 26.4
    endloop
  endfacet
  facet normal -0.941534 0.336917 0
    outer loop
      vertex 9.23972 7.4936 40.4
      vertex 9.19343 7.36424 26.4
      vertex 9.19343 7.36424 40.4
    endloop
  endfacet
  facet normal -0.803177 0.595741 0
    outer loop
      vertex 8.98221 7.01185 26.4
      vertex 9.06406 7.1222 40.4
      vertex 9.06406 7.1222 26.4
    endloop
  endfacet
  facet normal -0.803177 0.595741 0
    outer loop
      vertex 9.06406 7.1222 40.4
      vertex 8.98221 7.01185 26.4
      vertex 8.98221 7.01185 40.4
    endloop
  endfacet
  facet normal -0.989177 0.146728 0
    outer loop
      vertex 9.2731 7.62687 26.4
      vertex 9.29326 7.76278 40.4
      vertex 9.29326 7.76278 26.4
    endloop
  endfacet
  facet normal -0.989177 0.146728 0
    outer loop
      vertex 9.29326 7.76278 40.4
      vertex 9.2731 7.62687 26.4
      vertex 9.2731 7.62687 40.4
    endloop
  endfacet
  facet normal 0.857765 -0.514042 0
    outer loop
      vertex 6.73594 8.6778 40.4
      vertex 6.71928 8.65 26.4
      vertex 6.73594 8.6778 10.4
    endloop
  endfacet
  facet normal 0.85775 -0.514068 6.9144e-08
    outer loop
      vertex 6.66531 8.55995 40.4
      vertex 6.71928 8.65 26.4
      vertex 6.73594 8.6778 40.4
    endloop
  endfacet
  facet normal 0.857745 -0.514075 0
    outer loop
      vertex 6.71928 8.65 26.4
      vertex 6.66531 8.55995 40.4
      vertex 6.66531 8.55995 26.4
    endloop
  endfacet
  facet normal 0.857765 -0.514042 0
    outer loop
      vertex 6.73594 8.6778 10.4
      vertex 6.71928 8.65 26.4
      vertex 6.71928 8.65 10.4
    endloop
  endfacet
  facet normal -0.903982 -0.42757 0
    outer loop
      vertex 9.19343 8.43576 26.4
      vertex 9.13469 8.55995 40.4
      vertex 9.13469 8.55995 26.4
    endloop
  endfacet
  facet normal -0.903982 -0.42757 0
    outer loop
      vertex 9.13469 8.55995 40.4
      vertex 9.19343 8.43576 26.4
      vertex 9.19343 8.43576 40.4
    endloop
  endfacet
  facet normal 0.42757 -0.903982 0
    outer loop
      vertex 7.24005 9.13469 10.4
      vertex 7.36424 9.19343 40.4
      vertex 7.24005 9.13469 40.4
    endloop
  endfacet
  facet normal 0.42757 -0.903982 0
    outer loop
      vertex 7.36424 9.19343 40.4
      vertex 7.24005 9.13469 10.4
      vertex 7.36424 9.19343 10.4
    endloop
  endfacet
  facet normal -0.595741 0.803177 0
    outer loop
      vertex 8.78815 6.81779 26.4
      vertex 8.6778 6.73594 40.4
      vertex 8.78815 6.81779 40.4
    endloop
  endfacet
  facet normal -0.595741 0.803177 0
    outer loop
      vertex 8.6778 6.73594 40.4
      vertex 8.78815 6.81779 26.4
      vertex 8.6778 6.73594 26.4
    endloop
  endfacet
  facet normal -0.595741 -0.803177 0
    outer loop
      vertex 8.6778 9.06406 10.4
      vertex 8.78815 8.98221 40.4
      vertex 8.6778 9.06406 40.4
    endloop
  endfacet
  facet normal -0.595741 -0.803177 -0
    outer loop
      vertex 8.78815 8.98221 40.4
      vertex 8.6778 9.06406 10.4
      vertex 8.78815 8.98221 10.4
    endloop
  endfacet
  facet normal 0.671534 0.740973 -0
    outer loop
      vertex 7.01185 6.81779 26.4
      vertex 6.91005 6.91005 40.4
      vertex 7.01185 6.81779 40.4
    endloop
  endfacet
  facet normal 0.671534 0.740973 0
    outer loop
      vertex 6.91005 6.91005 40.4
      vertex 7.01185 6.81779 26.4
      vertex 6.91005 6.91005 26.4
    endloop
  endfacet
  facet normal -0.998796 0.0490591 0
    outer loop
      vertex 9.29326 7.76278 26.4
      vertex 9.3 7.9 40.4
      vertex 9.3 7.9 26.4
    endloop
  endfacet
  facet normal -0.998796 0.0490591 0
    outer loop
      vertex 9.3 7.9 40.4
      vertex 9.29326 7.76278 26.4
      vertex 9.29326 7.76278 40.4
    endloop
  endfacet
  facet normal 0.803177 0.595741 0
    outer loop
      vertex 6.81779 7.01185 40.4
      vertex 6.73594 7.1222 26.4
      vertex 6.73594 7.1222 40.4
    endloop
  endfacet
  facet normal 0.803177 0.595741 0
    outer loop
      vertex 6.73594 7.1222 26.4
      vertex 6.81779 7.01185 40.4
      vertex 6.81779 7.01185 26.4
    endloop
  endfacet
  facet normal 0.903982 0.42757 0
    outer loop
      vertex 6.66531 7.24005 40.4
      vertex 6.60657 7.36424 26.4
      vertex 6.60657 7.36424 40.4
    endloop
  endfacet
  facet normal 0.903982 0.42757 0
    outer loop
      vertex 6.60657 7.36424 26.4
      vertex 6.66531 7.24005 40.4
      vertex 6.66531 7.24005 26.4
    endloop
  endfacet
  facet normal -0.0490591 -0.998796 0
    outer loop
      vertex 7.9 9.3 10.4
      vertex 8.03722 9.29326 40.4
      vertex 7.9 9.3 40.4
    endloop
  endfacet
  facet normal -0.0490591 -0.998796 -0
    outer loop
      vertex 8.03722 9.29326 40.4
      vertex 7.9 9.3 10.4
      vertex 8.03722 9.29326 10.4
    endloop
  endfacet
  facet normal 0.42757 0.903982 -0
    outer loop
      vertex 7.36424 6.60657 26.4
      vertex 7.24005 6.66531 40.4
      vertex 7.36424 6.60657 40.4
    endloop
  endfacet
  facet normal 0.42757 0.903982 0
    outer loop
      vertex 7.24005 6.66531 40.4
      vertex 7.36424 6.60657 26.4
      vertex 7.24005 6.66531 26.4
    endloop
  endfacet
  facet normal 0.146728 -0.989177 0
    outer loop
      vertex 7.62687 9.2731 10.4
      vertex 7.76278 9.29326 40.4
      vertex 7.62687 9.2731 40.4
    endloop
  endfacet
  facet normal 0.146728 -0.989177 0
    outer loop
      vertex 7.76278 9.29326 40.4
      vertex 7.62687 9.2731 10.4
      vertex 7.76278 9.29326 10.4
    endloop
  endfacet
  facet normal 0.989177 0.146728 0
    outer loop
      vertex 6.5269 7.62687 40.4
      vertex 6.50674 7.76278 26.4
      vertex 6.50674 7.76278 40.4
    endloop
  endfacet
  facet normal 0.989177 0.146728 0
    outer loop
      vertex 6.50674 7.76278 26.4
      vertex 6.5269 7.62687 40.4
      vertex 6.5269 7.62687 26.4
    endloop
  endfacet
  facet normal -0.336917 0.941534 0
    outer loop
      vertex 8.43576 6.60657 26.4
      vertex 8.3064 6.56028 40.4
      vertex 8.43576 6.60657 40.4
    endloop
  endfacet
  facet normal -0.336917 0.941534 0
    outer loop
      vertex 8.3064 6.56028 40.4
      vertex 8.43576 6.60657 26.4
      vertex 8.3064 6.56028 26.4
    endloop
  endfacet
  facet normal -0.242964 0.970035 0
    outer loop
      vertex 8.3064 6.56028 26.4
      vertex 8.17313 6.5269 40.4
      vertex 8.3064 6.56028 40.4
    endloop
  endfacet
  facet normal -0.242964 0.970035 0
    outer loop
      vertex 8.17313 6.5269 40.4
      vertex 8.3064 6.56028 26.4
      vertex 8.17313 6.5269 26.4
    endloop
  endfacet
  facet normal 0.903982 -0.42757 0
    outer loop
      vertex 6.60657 8.43576 40.4
      vertex 6.66531 8.55995 26.4
      vertex 6.66531 8.55995 40.4
    endloop
  endfacet
  facet normal 0.903982 -0.42757 0
    outer loop
      vertex 6.66531 8.55995 26.4
      vertex 6.60657 8.43576 40.4
      vertex 6.60657 8.43576 26.4
    endloop
  endfacet
  facet normal 0.740973 0.671534 0
    outer loop
      vertex 6.91005 6.91005 40.4
      vertex 6.81779 7.01185 26.4
      vertex 6.81779 7.01185 40.4
    endloop
  endfacet
  facet normal 0.740973 0.671534 0
    outer loop
      vertex 6.81779 7.01185 26.4
      vertex 6.91005 6.91005 40.4
      vertex 6.91005 6.91005 26.4
    endloop
  endfacet
  facet normal 0.595741 0.803177 -0
    outer loop
      vertex 7.1222 6.73594 26.4
      vertex 7.01185 6.81779 40.4
      vertex 7.1222 6.73594 40.4
    endloop
  endfacet
  facet normal 0.595741 0.803177 0
    outer loop
      vertex 7.01185 6.81779 40.4
      vertex 7.1222 6.73594 26.4
      vertex 7.01185 6.81779 26.4
    endloop
  endfacet
  facet normal -0.903982 0.42757 0
    outer loop
      vertex 9.13469 7.24005 26.4
      vertex 9.19343 7.36424 40.4
      vertex 9.19343 7.36424 26.4
    endloop
  endfacet
  facet normal -0.903982 0.42757 0
    outer loop
      vertex 9.19343 7.36424 40.4
      vertex 9.13469 7.24005 26.4
      vertex 9.13469 7.24005 40.4
    endloop
  endfacet
  facet normal -0.85775 0.514068 0
    outer loop
      vertex 9.06406 7.1222 26.4
      vertex 9.13469 7.24005 40.4
      vertex 9.13469 7.24005 26.4
    endloop
  endfacet
  facet normal -0.85775 0.514068 0
    outer loop
      vertex 9.13469 7.24005 40.4
      vertex 9.06406 7.1222 26.4
      vertex 9.06406 7.1222 40.4
    endloop
  endfacet
  facet normal 0.740973 -0.671534 0
    outer loop
      vertex 6.81779 8.78815 40.4
      vertex 6.91005 8.88995 10.4
      vertex 6.91005 8.88995 40.4
    endloop
  endfacet
  facet normal 0.740973 -0.671534 0
    outer loop
      vertex 6.91005 8.88995 10.4
      vertex 6.81779 8.78815 40.4
      vertex 6.81779 8.78815 10.4
    endloop
  endfacet
  facet normal 0.0490591 0.998796 -0
    outer loop
      vertex 7.9 6.5 26.4
      vertex 7.76278 6.50674 40.4
      vertex 7.9 6.5 40.4
    endloop
  endfacet
  facet normal 0.0490591 0.998796 0
    outer loop
      vertex 7.76278 6.50674 40.4
      vertex 7.9 6.5 26.4
      vertex 7.76278 6.50674 26.4
    endloop
  endfacet
  facet normal 0.998796 -0.0490591 0
    outer loop
      vertex 6.5 7.9 40.4
      vertex 6.50674 8.03722 26.4
      vertex 6.50674 8.03722 40.4
    endloop
  endfacet
  facet normal 0.998796 -0.0490591 0
    outer loop
      vertex 6.50674 8.03722 26.4
      vertex 6.5 7.9 40.4
      vertex 6.5 7.9 26.4
    endloop
  endfacet
  facet normal 0.336917 0.941534 -0
    outer loop
      vertex 7.4936 6.56028 26.4
      vertex 7.36424 6.60657 40.4
      vertex 7.4936 6.56028 40.4
    endloop
  endfacet
  facet normal 0.336917 0.941534 0
    outer loop
      vertex 7.36424 6.60657 40.4
      vertex 7.4936 6.56028 26.4
      vertex 7.36424 6.60657 26.4
    endloop
  endfacet
  facet normal -0.671534 0.740973 0
    outer loop
      vertex 8.88995 6.91005 26.4
      vertex 8.78815 6.81779 40.4
      vertex 8.88995 6.91005 40.4
    endloop
  endfacet
  facet normal -0.671534 0.740973 0
    outer loop
      vertex 8.78815 6.81779 40.4
      vertex 8.88995 6.91005 26.4
      vertex 8.78815 6.81779 26.4
    endloop
  endfacet
  facet normal 0.989174 0.146746 0
    outer loop
      vertex 12.3783 51.3411 40.4
      vertex 12.3135 51.7779 10.4
      vertex 12.3135 51.7779 40.4
    endloop
  endfacet
  facet normal 0.989174 0.146746 0
    outer loop
      vertex 12.3135 51.7779 10.4
      vertex 12.3783 51.3411 40.4
      vertex 12.3783 51.3411 10.4
    endloop
  endfacet
  facet normal 0.989174 0.146746 0
    outer loop
      vertex 12.3783 51.3411 9.57593
      vertex 12.3135 51.7779 3.84297
      vertex 12.3135 51.7779 9.75703
    endloop
  endfacet
  facet normal 0.989174 0.146746 0
    outer loop
      vertex 12.3135 51.7779 3.84297
      vertex 12.3783 51.3411 9.57593
      vertex 12.3783 51.3411 4.02407
    endloop
  endfacet
  facet normal 0.998792 0.0491358 0
    outer loop
      vertex 12.4 50.9 40.4
      vertex 12.3783 51.3411 10.4
      vertex 12.3783 51.3411 40.4
    endloop
  endfacet
  facet normal 0.998792 0.0491358 0
    outer loop
      vertex 12.3783 51.3411 10.4
      vertex 12.4 50.9 40.4
      vertex 12.4 50.9 10.4
    endloop
  endfacet
  facet normal 0.998797 0.0490403 0
    outer loop
      vertex 12.3952 50.9969 9.52868
      vertex 12.3783 51.3411 4.02407
      vertex 12.3783 51.3411 9.57593
    endloop
  endfacet
  facet normal 0.998797 0.0490403 0
    outer loop
      vertex 12.3952 50.9969 9.52868
      vertex 12.3952 50.9969 4.07132
      vertex 12.3783 51.3411 4.02407
    endloop
  endfacet
  facet normal 0.998775 0.0494749 0
    outer loop
      vertex 12.4 50.9 9.50967
      vertex 12.3952 50.9969 4.07132
      vertex 12.3952 50.9969 9.52868
    endloop
  endfacet
  facet normal 0.998775 0.0494749 0
    outer loop
      vertex 12.3952 50.9969 4.07132
      vertex 12.4 50.9 9.50967
      vertex 12.4 50.9 4.09033
    endloop
  endfacet
  facet normal 0.970036 0.242962 0
    outer loop
      vertex 12.3135 51.7779 40.4
      vertex 12.2062 52.2063 10.4
      vertex 12.2062 52.2063 40.4
    endloop
  endfacet
  facet normal 0.970036 0.242962 0
    outer loop
      vertex 12.2062 52.2063 10.4
      vertex 12.3135 51.7779 40.4
      vertex 12.3135 51.7779 10.4
    endloop
  endfacet
  facet normal 0.970036 0.242962 0
    outer loop
      vertex 12.3135 51.7779 9.75703
      vertex 12.2062 52.2063 3.54308
      vertex 12.2062 52.2063 10.0569
    endloop
  endfacet
  facet normal 0.970036 0.242962 0
    outer loop
      vertex 12.2062 52.2063 3.54308
      vertex 12.3135 51.7779 9.75703
      vertex 12.3135 51.7779 3.84297
    endloop
  endfacet
  facet normal 0.336745 -0.941596 0
    outer loop
      vertex 9.20628 46.5938 26.4
      vertex 9.62207 46.7425 40.4
      vertex 9.20628 46.5938 40.4
    endloop
  endfacet
  facet normal 0.336745 -0.941596 0
    outer loop
      vertex 9.62207 46.7425 40.4
      vertex 9.20628 46.5938 26.4
      vertex 9.62207 46.7425 26.4
    endloop
  endfacet
  facet normal 0.671488 0.741015 -0
    outer loop
      vertex 11.082 54.082 2.4
      vertex 10.7548 54.3785 40.4
      vertex 11.082 54.082 40.4
    endloop
  endfacet
  facet normal 0.671488 0.741015 0
    outer loop
      vertex 10.7548 54.3785 40.4
      vertex 11.082 54.082 2.4
      vertex 10.7548 54.3785 2.4
    endloop
  endfacet
  facet normal 0.941504 0.337001 0
    outer loop
      vertex 12.0575 52.6221 40.4
      vertex 12.0832 52.5503 10.4
      vertex 12.0575 52.6221 3.14567
    endloop
  endfacet
  facet normal 0.941598 0.336738 7.09558e-07
    outer loop
      vertex 12.2062 52.2063 40.4
      vertex 12.0832 52.5503 10.4
      vertex 12.0575 52.6221 40.4
    endloop
  endfacet
  facet normal 0.941618 0.336683 0
    outer loop
      vertex 12.0832 52.5503 10.4
      vertex 12.2062 52.2063 40.4
      vertex 12.2062 52.2063 10.4
    endloop
  endfacet
  facet normal 0.948826 0.31485 0.0244742
    outer loop
      vertex 12.2062 52.2063 10.0569
      vertex 12.0832 52.5503 10.4
      vertex 12.0845 52.5466 10.3972
    endloop
  endfacet
  facet normal 0.941617 0.336686 -3.51221e-06
    outer loop
      vertex 12.0832 52.5503 10.4
      vertex 12.2062 52.2063 10.0569
      vertex 12.0575 52.6221 3.14567
    endloop
  endfacet
  facet normal 0.941598 0.336738 -0
    outer loop
      vertex 12.2062 52.2063 3.54308
      vertex 12.0575 52.6221 3.14567
      vertex 12.2062 52.2063 10.0569
    endloop
  endfacet
  facet normal 0.94161 0.336706 -3.76155e-05
    outer loop
      vertex 12.0575 52.6221 3.14567
      vertex 12.2062 52.2063 3.54308
      vertex 12.0845 52.5466 3.20278
    endloop
  endfacet
  facet normal -0.049138 0.998792 0
    outer loop
      vertex 7.9 55.4 2.4
      vertex 7.45892 55.3783 40.4
      vertex 7.9 55.4 40.4
    endloop
  endfacet
  facet normal -0.049138 0.998792 0
    outer loop
      vertex 7.45892 55.3783 40.4
      vertex 7.9 55.4 2.4
      vertex 7.45892 55.3783 2.4
    endloop
  endfacet
  facet normal 0.049138 -0.998792 0
    outer loop
      vertex 7.9 46.4 26.4
      vertex 8.34108 46.4217 40.4
      vertex 7.9 46.4 40.4
    endloop
  endfacet
  facet normal 0.049138 -0.998792 0
    outer loop
      vertex 8.34108 46.4217 40.4
      vertex 7.9 46.4 26.4
      vertex 8.34108 46.4217 26.4
    endloop
  endfacet
  facet normal -0.595753 -0.803168 0
    outer loop
      vertex 5.04523 47.4215 26.4
      vertex 5.39993 47.1584 40.4
      vertex 5.04523 47.4215 40.4
    endloop
  endfacet
  facet normal -0.595753 -0.803168 -0
    outer loop
      vertex 5.39993 47.1584 40.4
      vertex 5.04523 47.4215 26.4
      vertex 5.39993 47.1584 26.4
    endloop
  endfacet
  facet normal -0.242978 -0.970032 0
    outer loop
      vertex 6.59372 46.5938 26.4
      vertex 7.02209 46.4865 40.4
      vertex 6.59372 46.5938 40.4
    endloop
  endfacet
  facet normal -0.242978 -0.970032 -0
    outer loop
      vertex 7.02209 46.4865 40.4
      vertex 6.59372 46.5938 26.4
      vertex 7.02209 46.4865 26.4
    endloop
  endfacet
  facet normal 0.857773 0.514029 0
    outer loop
      vertex 11.8686 53.0213 2.74646
      vertex 11.6416 53.4001 2.4
      vertex 11.6416 53.4001 40.4
    endloop
  endfacet
  facet normal 0.857773 0.514029 -0
    outer loop
      vertex 11.8686 53.0213 2.74646
      vertex 11.6416 53.4001 40.4
      vertex 11.8686 53.0213 40.4
    endloop
  endfacet
  facet normal 0.857636 0.514256 0.000337259
    outer loop
      vertex 11.6416 53.4001 2.4
      vertex 11.8686 53.0213 2.74646
      vertex 11.7048 53.2947 2.4
    endloop
  endfacet
  facet normal -0.998795 -0.049068 0
    outer loop
      vertex 3.42167 50.4589 2.4
      vertex 3.4 50.9 40.4
      vertex 3.4 50.9 2.4
    endloop
  endfacet
  facet normal -0.998795 -0.049068 0
    outer loop
      vertex 3.4 50.9 40.4
      vertex 3.42167 50.4589 2.4
      vertex 3.42167 50.4589 40.4
    endloop
  endfacet
  facet normal -0.903987 -0.42756 0
    outer loop
      vertex 3.93135 48.7787 2.4
      vertex 3.74254 49.1779 40.4
      vertex 3.74254 49.1779 2.4
    endloop
  endfacet
  facet normal -0.903987 -0.42756 0
    outer loop
      vertex 3.74254 49.1779 40.4
      vertex 3.93135 48.7787 2.4
      vertex 3.93135 48.7787 40.4
    endloop
  endfacet
  facet normal 0.903908 0.427726 -0
    outer loop
      vertex 12.0575 52.6221 3.14567
      vertex 11.8686 53.0213 40.4
      vertex 12.0575 52.6221 40.4
    endloop
  endfacet
  facet normal 0.903908 0.427726 0
    outer loop
      vertex 11.8686 53.0213 40.4
      vertex 12.0575 52.6221 3.14567
      vertex 11.8686 53.0213 2.74646
    endloop
  endfacet
  facet normal 0.970036 -0.242962 0
    outer loop
      vertex 12.2062 49.5937 40.4
      vertex 12.3135 50.0221 10.4
      vertex 12.3135 50.0221 40.4
    endloop
  endfacet
  facet normal 0.970036 -0.242962 0
    outer loop
      vertex 12.3135 50.0221 10.4
      vertex 12.2062 49.5937 40.4
      vertex 12.2062 49.5937 10.4
    endloop
  endfacet
  facet normal 0.970036 -0.242962 0
    outer loop
      vertex 12.2062 49.5937 10.0569
      vertex 12.3135 50.0221 3.84297
      vertex 12.3135 50.0221 9.75703
    endloop
  endfacet
  facet normal 0.970036 -0.242962 0
    outer loop
      vertex 12.3135 50.0221 3.84297
      vertex 12.2062 49.5937 10.0569
      vertex 12.2062 49.5937 3.54308
    endloop
  endfacet
  facet normal -0.514039 0.857767 0
    outer loop
      vertex 5.77872 54.8686 2.4
      vertex 5.39993 54.6416 40.4
      vertex 5.77872 54.8686 40.4
    endloop
  endfacet
  facet normal -0.514039 0.857767 0
    outer loop
      vertex 5.39993 54.6416 40.4
      vertex 5.77872 54.8686 2.4
      vertex 5.39993 54.6416 2.4
    endloop
  endfacet
  facet normal -0.970036 -0.242962 0
    outer loop
      vertex 3.59377 49.5937 2.4
      vertex 3.48647 50.0221 40.4
      vertex 3.48647 50.0221 2.4
    endloop
  endfacet
  facet normal -0.970036 -0.242962 0
    outer loop
      vertex 3.48647 50.0221 40.4
      vertex 3.59377 49.5937 2.4
      vertex 3.59377 49.5937 40.4
    endloop
  endfacet
  facet normal 0.242978 0.970032 -0
    outer loop
      vertex 9.20628 55.2062 2.4
      vertex 8.77791 55.3135 40.4
      vertex 9.20628 55.2062 40.4
    endloop
  endfacet
  facet normal 0.242978 0.970032 0
    outer loop
      vertex 8.77791 55.3135 40.4
      vertex 9.20628 55.2062 2.4
      vertex 8.77791 55.3135 2.4
    endloop
  endfacet
  facet normal 0.941618 -0.336683 0
    outer loop
      vertex 12.2062 49.5937 40.4
      vertex 12.0832 49.2497 10.4
      vertex 12.2062 49.5937 10.4
    endloop
  endfacet
  facet normal 0.941598 -0.336738 7.09558e-07
    outer loop
      vertex 12.0832 49.2497 10.4
      vertex 12.2062 49.5937 40.4
      vertex 12.0575 49.1779 40.4
    endloop
  endfacet
  facet normal 0.948826 -0.31485 0.0244742
    outer loop
      vertex 12.0832 49.2497 10.4
      vertex 12.2062 49.5937 10.0569
      vertex 12.0845 49.2534 10.3972
    endloop
  endfacet
  facet normal 0.941617 -0.336686 -3.51221e-06
    outer loop
      vertex 12.0575 49.1779 3.14567
      vertex 12.2062 49.5937 10.0569
      vertex 12.0832 49.2497 10.4
    endloop
  endfacet
  facet normal 0.941598 -0.336738 0
    outer loop
      vertex 12.2062 49.5937 10.0569
      vertex 12.0575 49.1779 3.14567
      vertex 12.2062 49.5937 3.54308
    endloop
  endfacet
  facet normal 0.941504 -0.337001 0
    outer loop
      vertex 12.0575 49.1779 3.14567
      vertex 12.0832 49.2497 10.4
      vertex 12.0575 49.1779 40.4
    endloop
  endfacet
  facet normal 0.94161 -0.336706 -3.76155e-05
    outer loop
      vertex 12.2062 49.5937 3.54308
      vertex 12.0575 49.1779 3.14567
      vertex 12.0845 49.2534 3.20278
    endloop
  endfacet
  facet normal 0.989174 -0.146746 0
    outer loop
      vertex 12.3135 50.0221 40.4
      vertex 12.3783 50.4589 10.4
      vertex 12.3783 50.4589 40.4
    endloop
  endfacet
  facet normal 0.989174 -0.146746 0
    outer loop
      vertex 12.3783 50.4589 10.4
      vertex 12.3135 50.0221 40.4
      vertex 12.3135 50.0221 10.4
    endloop
  endfacet
  facet normal 0.989174 -0.146746 0
    outer loop
      vertex 12.3135 50.0221 9.75703
      vertex 12.3783 50.4589 4.02407
      vertex 12.3783 50.4589 9.57593
    endloop
  endfacet
  facet normal 0.989174 -0.146746 0
    outer loop
      vertex 12.3783 50.4589 4.02407
      vertex 12.3135 50.0221 9.75703
      vertex 12.3135 50.0221 3.84297
    endloop
  endfacet
  facet normal 0.146736 0.989176 -0
    outer loop
      vertex 8.77791 55.3135 2.4
      vertex 8.34108 55.3783 40.4
      vertex 8.77791 55.3135 40.4
    endloop
  endfacet
  facet normal 0.146736 0.989176 0
    outer loop
      vertex 8.34108 55.3783 40.4
      vertex 8.77791 55.3135 2.4
      vertex 8.34108 55.3783 2.4
    endloop
  endfacet
  facet normal -0.427717 0.903913 0
    outer loop
      vertex 6.17793 55.0575 2.4
      vertex 5.77872 54.8686 40.4
      vertex 6.17793 55.0575 40.4
    endloop
  endfacet
  facet normal -0.427717 0.903913 0
    outer loop
      vertex 5.77872 54.8686 40.4
      vertex 6.17793 55.0575 2.4
      vertex 5.77872 54.8686 2.4
    endloop
  endfacet
  facet normal -0.146736 0.989176 0
    outer loop
      vertex 7.45892 55.3783 2.4
      vertex 7.02209 55.3135 40.4
      vertex 7.45892 55.3783 40.4
    endloop
  endfacet
  facet normal -0.146736 0.989176 0
    outer loop
      vertex 7.02209 55.3135 40.4
      vertex 7.45892 55.3783 2.4
      vertex 7.02209 55.3135 2.4
    endloop
  endfacet
  facet normal 0.4277 -0.903921 0
    outer loop
      vertex 9.62207 46.7425 26.4
      vertex 10.0213 46.9314 40.4
      vertex 9.62207 46.7425 40.4
    endloop
  endfacet
  facet normal 0.4277 -0.903921 0
    outer loop
      vertex 10.0213 46.9314 40.4
      vertex 9.62207 46.7425 26.4
      vertex 10.0213 46.9314 26.4
    endloop
  endfacet
  facet normal -0.671477 0.741025 0
    outer loop
      vertex 5.04523 54.3785 2.4
      vertex 4.71802 54.082 40.4
      vertex 5.04523 54.3785 40.4
    endloop
  endfacet
  facet normal -0.671477 0.741025 0
    outer loop
      vertex 4.71802 54.082 40.4
      vertex 5.04523 54.3785 2.4
      vertex 4.71802 54.082 2.4
    endloop
  endfacet
  facet normal 0.857773 -0.514029 0
    outer loop
      vertex 11.6416 48.3999 40.4
      vertex 11.8686 48.7787 2.74646
      vertex 11.8686 48.7787 40.4
    endloop
  endfacet
  facet normal 0.857773 -0.514029 0
    outer loop
      vertex 11.6416 48.3999 2.4
      vertex 11.8686 48.7787 2.74646
      vertex 11.6416 48.3999 40.4
    endloop
  endfacet
  facet normal 0.857636 -0.514256 0.000337259
    outer loop
      vertex 11.8686 48.7787 2.74646
      vertex 11.6416 48.3999 2.4
      vertex 11.7048 48.5053 2.4
    endloop
  endfacet
  facet normal -0.595753 0.803168 0
    outer loop
      vertex 5.39993 54.6416 2.4
      vertex 5.04523 54.3785 40.4
      vertex 5.39993 54.6416 40.4
    endloop
  endfacet
  facet normal -0.595753 0.803168 0
    outer loop
      vertex 5.04523 54.3785 40.4
      vertex 5.39993 54.6416 2.4
      vertex 5.04523 54.3785 2.4
    endloop
  endfacet
  facet normal 0.903908 -0.427726 0
    outer loop
      vertex 11.8686 48.7787 40.4
      vertex 12.0575 49.1779 3.14567
      vertex 12.0575 49.1779 40.4
    endloop
  endfacet
  facet normal 0.903908 -0.427726 0
    outer loop
      vertex 12.0575 49.1779 3.14567
      vertex 11.8686 48.7787 40.4
      vertex 11.8686 48.7787 2.74646
    endloop
  endfacet
  facet normal 0.998792 -0.0491358 0
    outer loop
      vertex 12.3783 50.4589 40.4
      vertex 12.4 50.9 10.4
      vertex 12.4 50.9 40.4
    endloop
  endfacet
  facet normal 0.998792 -0.0491358 0
    outer loop
      vertex 12.4 50.9 10.4
      vertex 12.3783 50.4589 40.4
      vertex 12.3783 50.4589 10.4
    endloop
  endfacet
  facet normal 0.998775 -0.0494749 0
    outer loop
      vertex 12.3952 50.8031 9.52868
      vertex 12.4 50.9 4.09033
      vertex 12.4 50.9 9.50967
    endloop
  endfacet
  facet normal 0.998775 -0.0494749 0
    outer loop
      vertex 12.3952 50.8031 9.52868
      vertex 12.3952 50.8031 4.07132
      vertex 12.4 50.9 4.09033
    endloop
  endfacet
  facet normal 0.998797 -0.0490403 0
    outer loop
      vertex 12.3783 50.4589 9.57593
      vertex 12.3952 50.8031 4.07132
      vertex 12.3952 50.8031 9.52868
    endloop
  endfacet
  facet normal 0.998797 -0.0490403 0
    outer loop
      vertex 12.3952 50.8031 4.07132
      vertex 12.3783 50.4589 9.57593
      vertex 12.3783 50.4589 4.02407
    endloop
  endfacet
  facet normal -0.740936 0.671575 0
    outer loop
      vertex 4.42145 53.7548 2.4
      vertex 4.71802 54.082 40.4
      vertex 4.71802 54.082 2.4
    endloop
  endfacet
  facet normal -0.740936 0.671575 0
    outer loop
      vertex 4.71802 54.082 40.4
      vertex 4.42145 53.7548 2.4
      vertex 4.42145 53.7548 40.4
    endloop
  endfacet
  facet normal -0.941548 -0.336879 0
    outer loop
      vertex 3.74254 49.1779 2.4
      vertex 3.59377 49.5937 40.4
      vertex 3.59377 49.5937 2.4
    endloop
  endfacet
  facet normal -0.941548 -0.336879 0
    outer loop
      vertex 3.59377 49.5937 40.4
      vertex 3.74254 49.1779 2.4
      vertex 3.74254 49.1779 40.4
    endloop
  endfacet
  facet normal 0.514029 0.857773 -0
    outer loop
      vertex 10.4001 54.6416 2.4
      vertex 10.0213 54.8686 40.4
      vertex 10.4001 54.6416 40.4
    endloop
  endfacet
  facet normal 0.514029 0.857773 0
    outer loop
      vertex 10.0213 54.8686 40.4
      vertex 10.4001 54.6416 2.4
      vertex 10.0213 54.8686 2.4
    endloop
  endfacet
  facet normal 0.595753 0.803168 -0
    outer loop
      vertex 10.7548 54.3785 2.4
      vertex 10.4001 54.6416 40.4
      vertex 10.7548 54.3785 40.4
    endloop
  endfacet
  facet normal 0.595753 0.803168 0
    outer loop
      vertex 10.4001 54.6416 40.4
      vertex 10.7548 54.3785 2.4
      vertex 10.4001 54.6416 2.4
    endloop
  endfacet
  facet normal 0.146736 -0.989176 0
    outer loop
      vertex 8.34108 46.4217 26.4
      vertex 8.77791 46.4865 40.4
      vertex 8.34108 46.4217 40.4
    endloop
  endfacet
  facet normal 0.146736 -0.989176 0
    outer loop
      vertex 8.77791 46.4865 40.4
      vertex 8.34108 46.4217 26.4
      vertex 8.77791 46.4865 26.4
    endloop
  endfacet
  facet normal 0.741015 -0.671488 0
    outer loop
      vertex 11.082 47.718 40.4
      vertex 11.3785 48.0452 2.4
      vertex 11.3785 48.0452 40.4
    endloop
  endfacet
  facet normal 0.741015 -0.671488 0
    outer loop
      vertex 11.3785 48.0452 2.4
      vertex 11.082 47.718 40.4
      vertex 11.082 47.718 2.4
    endloop
  endfacet
  facet normal 0.803168 -0.595753 0
    outer loop
      vertex 11.3785 48.0452 40.4
      vertex 11.6416 48.3999 2.4
      vertex 11.6416 48.3999 40.4
    endloop
  endfacet
  facet normal 0.803168 -0.595753 0
    outer loop
      vertex 11.6416 48.3999 2.4
      vertex 11.3785 48.0452 40.4
      vertex 11.3785 48.0452 2.4
    endloop
  endfacet
  facet normal 0.242978 -0.970032 0
    outer loop
      vertex 8.77791 46.4865 26.4
      vertex 9.20628 46.5938 40.4
      vertex 8.77791 46.4865 40.4
    endloop
  endfacet
  facet normal 0.242978 -0.970032 0
    outer loop
      vertex 9.20628 46.5938 40.4
      vertex 8.77791 46.4865 26.4
      vertex 9.20628 46.5938 26.4
    endloop
  endfacet
  facet normal -0.242978 0.970032 0
    outer loop
      vertex 7.02209 55.3135 2.4
      vertex 6.59372 55.2062 40.4
      vertex 7.02209 55.3135 40.4
    endloop
  endfacet
  facet normal -0.242978 0.970032 0
    outer loop
      vertex 6.59372 55.2062 40.4
      vertex 7.02209 55.3135 2.4
      vertex 6.59372 55.2062 2.4
    endloop
  endfacet
  facet normal 0.803168 0.595753 0
    outer loop
      vertex 11.6416 53.4001 40.4
      vertex 11.3785 53.7548 2.4
      vertex 11.3785 53.7548 40.4
    endloop
  endfacet
  facet normal 0.803168 0.595753 0
    outer loop
      vertex 11.3785 53.7548 2.4
      vertex 11.6416 53.4001 40.4
      vertex 11.6416 53.4001 2.4
    endloop
  endfacet
  facet normal 0.049138 0.998792 -0
    outer loop
      vertex 8.34108 55.3783 2.4
      vertex 7.9 55.4 40.4
      vertex 8.34108 55.3783 40.4
    endloop
  endfacet
  facet normal 0.049138 0.998792 0
    outer loop
      vertex 7.9 55.4 40.4
      vertex 8.34108 55.3783 2.4
      vertex 7.9 55.4 2.4
    endloop
  endfacet
  facet normal -0.857733 0.514096 0
    outer loop
      vertex 3.93135 53.0213 2.4
      vertex 4.15839 53.4001 40.4
      vertex 4.15839 53.4001 2.4
    endloop
  endfacet
  facet normal -0.857733 0.514096 0
    outer loop
      vertex 4.15839 53.4001 40.4
      vertex 3.93135 53.0213 2.4
      vertex 3.93135 53.0213 40.4
    endloop
  endfacet
  facet normal 0.4277 0.903921 -0
    outer loop
      vertex 10.0213 54.8686 2.4
      vertex 9.62207 55.0575 40.4
      vertex 10.0213 54.8686 40.4
    endloop
  endfacet
  facet normal 0.4277 0.903921 0
    outer loop
      vertex 9.62207 55.0575 40.4
      vertex 10.0213 54.8686 2.4
      vertex 9.62207 55.0575 2.4
    endloop
  endfacet
  facet normal -0.857733 -0.514096 0
    outer loop
      vertex 4.15839 48.3999 2.4
      vertex 3.93135 48.7787 40.4
      vertex 3.93135 48.7787 2.4
    endloop
  endfacet
  facet normal -0.857733 -0.514096 0
    outer loop
      vertex 3.93135 48.7787 40.4
      vertex 4.15839 48.3999 2.4
      vertex 4.15839 48.3999 40.4
    endloop
  endfacet
  facet normal -0.427717 -0.903913 0
    outer loop
      vertex 5.77872 46.9314 26.4
      vertex 6.17793 46.7425 40.4
      vertex 5.77872 46.9314 40.4
    endloop
  endfacet
  facet normal -0.427717 -0.903913 -0
    outer loop
      vertex 6.17793 46.7425 40.4
      vertex 5.77872 46.9314 26.4
      vertex 6.17793 46.7425 26.4
    endloop
  endfacet
  facet normal -0.740936 -0.671575 0
    outer loop
      vertex 4.71802 47.718 2.4
      vertex 4.42145 48.0452 40.4
      vertex 4.42145 48.0452 2.4
    endloop
  endfacet
  facet normal -0.740936 -0.671575 0
    outer loop
      vertex 4.42145 48.0452 40.4
      vertex 4.71802 47.718 2.4
      vertex 4.71802 47.718 40.4
    endloop
  endfacet
  facet normal -0.336745 0.941596 0
    outer loop
      vertex 6.59372 55.2062 2.4
      vertex 6.17793 55.0575 40.4
      vertex 6.59372 55.2062 40.4
    endloop
  endfacet
  facet normal -0.336745 0.941596 0
    outer loop
      vertex 6.17793 55.0575 40.4
      vertex 6.59372 55.2062 2.4
      vertex 6.17793 55.0575 2.4
    endloop
  endfacet
  facet normal -0.514039 -0.857767 0
    outer loop
      vertex 5.39993 47.1584 26.4
      vertex 5.77872 46.9314 40.4
      vertex 5.39993 47.1584 40.4
    endloop
  endfacet
  facet normal -0.514039 -0.857767 -0
    outer loop
      vertex 5.77872 46.9314 40.4
      vertex 5.39993 47.1584 26.4
      vertex 5.77872 46.9314 26.4
    endloop
  endfacet
  facet normal 0.741015 0.671488 0
    outer loop
      vertex 11.3785 53.7548 40.4
      vertex 11.082 54.082 2.4
      vertex 11.082 54.082 40.4
    endloop
  endfacet
  facet normal 0.741015 0.671488 0
    outer loop
      vertex 11.082 54.082 2.4
      vertex 11.3785 53.7548 40.4
      vertex 11.3785 53.7548 2.4
    endloop
  endfacet
  facet normal 0.595753 -0.803168 0
    outer loop
      vertex 10.4001 47.1584 26.4
      vertex 10.7548 47.4215 40.4
      vertex 10.4001 47.1584 40.4
    endloop
  endfacet
  facet normal 0.595753 -0.803168 0
    outer loop
      vertex 10.7548 47.4215 40.4
      vertex 10.4001 47.1584 26.4
      vertex 10.7548 47.4215 26.4
    endloop
  endfacet
  facet normal -0.941548 0.336879 0
    outer loop
      vertex 3.59377 52.2063 2.4
      vertex 3.74254 52.6221 40.4
      vertex 3.74254 52.6221 2.4
    endloop
  endfacet
  facet normal -0.941548 0.336879 0
    outer loop
      vertex 3.74254 52.6221 40.4
      vertex 3.59377 52.2063 2.4
      vertex 3.59377 52.2063 40.4
    endloop
  endfacet
  facet normal 0.336745 0.941596 -0
    outer loop
      vertex 9.62207 55.0575 2.4
      vertex 9.20628 55.2062 40.4
      vertex 9.62207 55.0575 40.4
    endloop
  endfacet
  facet normal 0.336745 0.941596 0
    outer loop
      vertex 9.20628 55.2062 40.4
      vertex 9.62207 55.0575 2.4
      vertex 9.20628 55.2062 2.4
    endloop
  endfacet
  facet normal -0.803211 -0.595694 0
    outer loop
      vertex 4.42145 48.0452 2.4
      vertex 4.15839 48.3999 40.4
      vertex 4.15839 48.3999 2.4
    endloop
  endfacet
  facet normal -0.803211 -0.595694 0
    outer loop
      vertex 4.15839 48.3999 40.4
      vertex 4.42145 48.0452 2.4
      vertex 4.42145 48.0452 40.4
    endloop
  endfacet
  facet normal -0.970036 0.242962 0
    outer loop
      vertex 3.48647 51.7779 2.4
      vertex 3.59377 52.2063 40.4
      vertex 3.59377 52.2063 2.4
    endloop
  endfacet
  facet normal -0.970036 0.242962 0
    outer loop
      vertex 3.59377 52.2063 40.4
      vertex 3.48647 51.7779 2.4
      vertex 3.48647 51.7779 40.4
    endloop
  endfacet
  facet normal -0.989174 -0.146746 0
    outer loop
      vertex 3.48647 50.0221 2.4
      vertex 3.42167 50.4589 40.4
      vertex 3.42167 50.4589 2.4
    endloop
  endfacet
  facet normal -0.989174 -0.146746 0
    outer loop
      vertex 3.42167 50.4589 40.4
      vertex 3.48647 50.0221 2.4
      vertex 3.48647 50.0221 40.4
    endloop
  endfacet
  facet normal -0.903987 0.42756 0
    outer loop
      vertex 3.74254 52.6221 2.4
      vertex 3.93135 53.0213 40.4
      vertex 3.93135 53.0213 2.4
    endloop
  endfacet
  facet normal -0.903987 0.42756 0
    outer loop
      vertex 3.93135 53.0213 40.4
      vertex 3.74254 52.6221 2.4
      vertex 3.74254 52.6221 40.4
    endloop
  endfacet
  facet normal 0.514029 -0.857773 0
    outer loop
      vertex 10.0213 46.9314 26.4
      vertex 10.4001 47.1584 40.4
      vertex 10.0213 46.9314 40.4
    endloop
  endfacet
  facet normal 0.514029 -0.857773 0
    outer loop
      vertex 10.4001 47.1584 40.4
      vertex 10.0213 46.9314 26.4
      vertex 10.4001 47.1584 26.4
    endloop
  endfacet
  facet normal -0.671477 -0.741025 3.46528e-06
    outer loop
      vertex 4.71802 47.718 40.4
      vertex 4.96868 47.4908 26.4
      vertex 5.04523 47.4215 40.4
    endloop
  endfacet
  facet normal -0.671583 -0.740929 0
    outer loop
      vertex 4.71802 47.718 2.4
      vertex 4.96868 47.4908 26.4
      vertex 4.71802 47.718 40.4
    endloop
  endfacet
  facet normal -0.671583 -0.740929 -0
    outer loop
      vertex 4.96868 47.4908 26.4
      vertex 4.71802 47.718 2.4
      vertex 4.96868 47.4908 2.4
    endloop
  endfacet
  facet normal -0.671129 -0.741341 -0
    outer loop
      vertex 5.04523 47.4215 40.4
      vertex 4.96868 47.4908 26.4
      vertex 5.04523 47.4215 26.4
    endloop
  endfacet
  facet normal -0.803211 0.595694 0
    outer loop
      vertex 4.15839 53.4001 2.4
      vertex 4.42145 53.7548 40.4
      vertex 4.42145 53.7548 2.4
    endloop
  endfacet
  facet normal -0.803211 0.595694 0
    outer loop
      vertex 4.42145 53.7548 40.4
      vertex 4.15839 53.4001 2.4
      vertex 4.15839 53.4001 40.4
    endloop
  endfacet
  facet normal -0.049138 -0.998792 0
    outer loop
      vertex 7.45892 46.4217 26.4
      vertex 7.9 46.4 40.4
      vertex 7.45892 46.4217 40.4
    endloop
  endfacet
  facet normal -0.049138 -0.998792 -0
    outer loop
      vertex 7.9 46.4 40.4
      vertex 7.45892 46.4217 26.4
      vertex 7.9 46.4 26.4
    endloop
  endfacet
  facet normal -0.146736 -0.989176 0
    outer loop
      vertex 7.02209 46.4865 26.4
      vertex 7.45892 46.4217 40.4
      vertex 7.02209 46.4865 40.4
    endloop
  endfacet
  facet normal -0.146736 -0.989176 -0
    outer loop
      vertex 7.45892 46.4217 40.4
      vertex 7.02209 46.4865 26.4
      vertex 7.45892 46.4217 26.4
    endloop
  endfacet
  facet normal -0.989174 0.146746 0
    outer loop
      vertex 3.42167 51.3411 2.4
      vertex 3.48647 51.7779 40.4
      vertex 3.48647 51.7779 2.4
    endloop
  endfacet
  facet normal -0.989174 0.146746 0
    outer loop
      vertex 3.48647 51.7779 40.4
      vertex 3.42167 51.3411 2.4
      vertex 3.42167 51.3411 40.4
    endloop
  endfacet
  facet normal -0.998795 0.049068 0
    outer loop
      vertex 3.4 50.9 2.4
      vertex 3.42167 51.3411 40.4
      vertex 3.42167 51.3411 2.4
    endloop
  endfacet
  facet normal -0.998795 0.049068 0
    outer loop
      vertex 3.42167 51.3411 40.4
      vertex 3.4 50.9 2.4
      vertex 3.4 50.9 40.4
    endloop
  endfacet
  facet normal -0.336745 -0.941596 0
    outer loop
      vertex 6.17793 46.7425 26.4
      vertex 6.59372 46.5938 40.4
      vertex 6.17793 46.7425 40.4
    endloop
  endfacet
  facet normal -0.336745 -0.941596 -0
    outer loop
      vertex 6.59372 46.5938 40.4
      vertex 6.17793 46.7425 26.4
      vertex 6.59372 46.5938 26.4
    endloop
  endfacet
  facet normal 0.67137 -0.741123 0
    outer loop
      vertex 10.8313 47.4908 26.4
      vertex 10.7548 47.4215 40.4
      vertex 10.7548 47.4215 26.4
    endloop
  endfacet
  facet normal 0.671488 -0.741015 1.17927e-06
    outer loop
      vertex 10.7548 47.4215 40.4
      vertex 10.8313 47.4908 26.4
      vertex 11.082 47.718 40.4
    endloop
  endfacet
  facet normal 0.671524 -0.740982 0
    outer loop
      vertex 11.082 47.718 2.4
      vertex 10.8313 47.4908 26.4
      vertex 10.8313 47.4908 2.4
    endloop
  endfacet
  facet normal 0.671524 -0.740982 0
    outer loop
      vertex 10.8313 47.4908 26.4
      vertex 11.082 47.718 2.4
      vertex 11.082 47.718 40.4
    endloop
  endfacet
  facet normal 0 0 1
    outer loop
      vertex 9.3 50.9 40.4
      vertex 12.4 50.9 40.4
      vertex 12.3783 51.3411 40.4
    endloop
  endfacet
  facet normal 0 0 1
    outer loop
      vertex 9.29326 51.0372 40.4
      vertex 12.3783 51.3411 40.4
      vertex 12.3135 51.7779 40.4
    endloop
  endfacet
  facet normal 0 0 1
    outer loop
      vertex 12.4 50.9 40.4
      vertex 9.3 50.9 40.4
      vertex 12.3783 50.4589 40.4
    endloop
  endfacet
  facet normal 0 0 1
    outer loop
      vertex 9.2731 51.1731 40.4
      vertex 12.3135 51.7779 40.4
      vertex 12.2062 52.2063 40.4
    endloop
  endfacet
  facet normal -0 0 1
    outer loop
      vertex 9.29326 50.7628 40.4
      vertex 12.3783 50.4589 40.4
      vertex 9.3 50.9 40.4
    endloop
  endfacet
  facet normal 0 0 1
    outer loop
      vertex 9.23972 51.3064 40.4
      vertex 12.2062 52.2063 40.4
      vertex 12.0575 52.6221 40.4
    endloop
  endfacet
  facet normal 0 0 1
    outer loop
      vertex 12.3783 50.4589 40.4
      vertex 9.29326 50.7628 40.4
      vertex 12.3135 50.0221 40.4
    endloop
  endfacet
  facet normal 0 0 1
    outer loop
      vertex 9.19343 51.4358 40.4
      vertex 12.0575 52.6221 40.4
      vertex 11.8686 53.0213 40.4
    endloop
  endfacet
  facet normal -0 0 1
    outer loop
      vertex 9.2731 50.6269 40.4
      vertex 12.3135 50.0221 40.4
      vertex 9.29326 50.7628 40.4
    endloop
  endfacet
  facet normal 0 0 1
    outer loop
      vertex 9.13469 51.56 40.4
      vertex 11.8686 53.0213 40.4
      vertex 11.6416 53.4001 40.4
    endloop
  endfacet
  facet normal 0 0 1
    outer loop
      vertex 12.3135 50.0221 40.4
      vertex 9.2731 50.6269 40.4
      vertex 12.2062 49.5937 40.4
    endloop
  endfacet
  facet normal 0 0 1
    outer loop
      vertex 9.06406 51.6778 40.4
      vertex 11.6416 53.4001 40.4
      vertex 11.3785 53.7548 40.4
    endloop
  endfacet
  facet normal -0 0 1
    outer loop
      vertex 9.23972 50.4936 40.4
      vertex 12.2062 49.5937 40.4
      vertex 9.2731 50.6269 40.4
    endloop
  endfacet
  facet normal 0 0 1
    outer loop
      vertex 8.98221 51.7882 40.4
      vertex 11.3785 53.7548 40.4
      vertex 11.082 54.082 40.4
    endloop
  endfacet
  facet normal 0 0 1
    outer loop
      vertex 12.2062 49.5937 40.4
      vertex 9.23972 50.4936 40.4
      vertex 12.0575 49.1779 40.4
    endloop
  endfacet
  facet normal 0 0 1
    outer loop
      vertex 8.88995 51.8899 40.4
      vertex 11.082 54.082 40.4
      vertex 10.7548 54.3785 40.4
    endloop
  endfacet
  facet normal -0 0 1
    outer loop
      vertex 9.19343 50.3642 40.4
      vertex 12.0575 49.1779 40.4
      vertex 9.23972 50.4936 40.4
    endloop
  endfacet
  facet normal 0 0 1
    outer loop
      vertex 8.78815 51.9822 40.4
      vertex 10.7548 54.3785 40.4
      vertex 10.4001 54.6416 40.4
    endloop
  endfacet
  facet normal 0 0 1
    outer loop
      vertex 12.0575 49.1779 40.4
      vertex 9.19343 50.3642 40.4
      vertex 11.8686 48.7787 40.4
    endloop
  endfacet
  facet normal 0 0 1
    outer loop
      vertex 8.6778 52.0641 40.4
      vertex 10.4001 54.6416 40.4
      vertex 10.0213 54.8686 40.4
    endloop
  endfacet
  facet normal -0 0 1
    outer loop
      vertex 9.13469 50.24 40.4
      vertex 11.8686 48.7787 40.4
      vertex 9.19343 50.3642 40.4
    endloop
  endfacet
  facet normal 0 0 1
    outer loop
      vertex 8.55995 52.1347 40.4
      vertex 10.0213 54.8686 40.4
      vertex 9.62207 55.0575 40.4
    endloop
  endfacet
  facet normal 0 0 1
    outer loop
      vertex 11.8686 48.7787 40.4
      vertex 9.13469 50.24 40.4
      vertex 11.6416 48.3999 40.4
    endloop
  endfacet
  facet normal -0 0 1
    outer loop
      vertex 9.06406 50.1222 40.4
      vertex 11.6416 48.3999 40.4
      vertex 9.13469 50.24 40.4
    endloop
  endfacet
  facet normal 0 0 1
    outer loop
      vertex 12.3783 51.3411 40.4
      vertex 9.29326 51.0372 40.4
      vertex 9.3 50.9 40.4
    endloop
  endfacet
  facet normal 0 0 1
    outer loop
      vertex 12.3135 51.7779 40.4
      vertex 9.2731 51.1731 40.4
      vertex 9.29326 51.0372 40.4
    endloop
  endfacet
  facet normal 0 0 1
    outer loop
      vertex 12.2062 52.2063 40.4
      vertex 9.23972 51.3064 40.4
      vertex 9.2731 51.1731 40.4
    endloop
  endfacet
  facet normal 0 0 1
    outer loop
      vertex 8.43576 52.1934 40.4
      vertex 9.62207 55.0575 40.4
      vertex 9.20628 55.2062 40.4
    endloop
  endfacet
  facet normal 0 0 1
    outer loop
      vertex 12.0575 52.6221 40.4
      vertex 9.19343 51.4358 40.4
      vertex 9.23972 51.3064 40.4
    endloop
  endfacet
  facet normal 0 0 1
    outer loop
      vertex 11.8686 53.0213 40.4
      vertex 9.13469 51.56 40.4
      vertex 9.19343 51.4358 40.4
    endloop
  endfacet
  facet normal 0 0 1
    outer loop
      vertex 11.6416 53.4001 40.4
      vertex 9.06406 51.6778 40.4
      vertex 9.13469 51.56 40.4
    endloop
  endfacet
  facet normal 0 0 1
    outer loop
      vertex 11.3785 53.7548 40.4
      vertex 8.98221 51.7882 40.4
      vertex 9.06406 51.6778 40.4
    endloop
  endfacet
  facet normal 0 0 1
    outer loop
      vertex 11.082 54.082 40.4
      vertex 8.88995 51.8899 40.4
      vertex 8.98221 51.7882 40.4
    endloop
  endfacet
  facet normal 0 0 1
    outer loop
      vertex 10.7548 54.3785 40.4
      vertex 8.78815 51.9822 40.4
      vertex 8.88995 51.8899 40.4
    endloop
  endfacet
  facet normal 0 0 1
    outer loop
      vertex 8.3064 52.2397 40.4
      vertex 9.20628 55.2062 40.4
      vertex 8.77791 55.3135 40.4
    endloop
  endfacet
  facet normal 0 0 1
    outer loop
      vertex 10.4001 54.6416 40.4
      vertex 8.6778 52.0641 40.4
      vertex 8.78815 51.9822 40.4
    endloop
  endfacet
  facet normal 0 0 1
    outer loop
      vertex 10.0213 54.8686 40.4
      vertex 8.55995 52.1347 40.4
      vertex 8.6778 52.0641 40.4
    endloop
  endfacet
  facet normal 0 0 1
    outer loop
      vertex 9.62207 55.0575 40.4
      vertex 8.43576 52.1934 40.4
      vertex 8.55995 52.1347 40.4
    endloop
  endfacet
  facet normal 0 0 1
    outer loop
      vertex 8.17313 52.2731 40.4
      vertex 8.77791 55.3135 40.4
      vertex 8.34108 55.3783 40.4
    endloop
  endfacet
  facet normal 0 0 1
    outer loop
      vertex 9.20628 55.2062 40.4
      vertex 8.3064 52.2397 40.4
      vertex 8.43576 52.1934 40.4
    endloop
  endfacet
  facet normal 0 0 1
    outer loop
      vertex 8.77791 55.3135 40.4
      vertex 8.17313 52.2731 40.4
      vertex 8.3064 52.2397 40.4
    endloop
  endfacet
  facet normal 0 0 1
    outer loop
      vertex 8.34108 55.3783 40.4
      vertex 8.03722 52.2933 40.4
      vertex 8.17313 52.2731 40.4
    endloop
  endfacet
  facet normal 0 0 1
    outer loop
      vertex 7.9 55.4 40.4
      vertex 8.03722 52.2933 40.4
      vertex 8.34108 55.3783 40.4
    endloop
  endfacet
  facet normal 0 0 1
    outer loop
      vertex 7.9 55.4 40.4
      vertex 7.9 52.3 40.4
      vertex 8.03722 52.2933 40.4
    endloop
  endfacet
  facet normal 0 0 1
    outer loop
      vertex 7.9 55.4 40.4
      vertex 7.76278 52.2933 40.4
      vertex 7.9 52.3 40.4
    endloop
  endfacet
  facet normal -0 0 1
    outer loop
      vertex 7.45892 55.3783 40.4
      vertex 7.76278 52.2933 40.4
      vertex 7.9 55.4 40.4
    endloop
  endfacet
  facet normal 0 0 1
    outer loop
      vertex 7.76278 52.2933 40.4
      vertex 7.45892 55.3783 40.4
      vertex 7.62687 52.2731 40.4
    endloop
  endfacet
  facet normal -0 0 1
    outer loop
      vertex 7.02209 55.3135 40.4
      vertex 7.62687 52.2731 40.4
      vertex 7.45892 55.3783 40.4
    endloop
  endfacet
  facet normal 0 0 1
    outer loop
      vertex 7.62687 52.2731 40.4
      vertex 7.02209 55.3135 40.4
      vertex 7.4936 52.2397 40.4
    endloop
  endfacet
  facet normal -0 0 1
    outer loop
      vertex 6.59372 55.2062 40.4
      vertex 7.4936 52.2397 40.4
      vertex 7.02209 55.3135 40.4
    endloop
  endfacet
  facet normal 0 0 1
    outer loop
      vertex 7.4936 52.2397 40.4
      vertex 6.59372 55.2062 40.4
      vertex 7.36424 52.1934 40.4
    endloop
  endfacet
  facet normal -0 0 1
    outer loop
      vertex 6.17793 55.0575 40.4
      vertex 7.36424 52.1934 40.4
      vertex 6.59372 55.2062 40.4
    endloop
  endfacet
  facet normal 0 0 1
    outer loop
      vertex 7.36424 52.1934 40.4
      vertex 6.17793 55.0575 40.4
      vertex 7.24005 52.1347 40.4
    endloop
  endfacet
  facet normal -0 0 1
    outer loop
      vertex 5.77872 54.8686 40.4
      vertex 7.24005 52.1347 40.4
      vertex 6.17793 55.0575 40.4
    endloop
  endfacet
  facet normal 0 0 1
    outer loop
      vertex 7.24005 52.1347 40.4
      vertex 5.77872 54.8686 40.4
      vertex 7.1222 52.0641 40.4
    endloop
  endfacet
  facet normal -0 0 1
    outer loop
      vertex 5.39993 54.6416 40.4
      vertex 7.1222 52.0641 40.4
      vertex 5.77872 54.8686 40.4
    endloop
  endfacet
  facet normal 0 0 1
    outer loop
      vertex 7.1222 52.0641 40.4
      vertex 5.39993 54.6416 40.4
      vertex 7.01185 51.9822 40.4
    endloop
  endfacet
  facet normal -0 0 1
    outer loop
      vertex 5.04523 54.3785 40.4
      vertex 7.01185 51.9822 40.4
      vertex 5.39993 54.6416 40.4
    endloop
  endfacet
  facet normal 0 0 1
    outer loop
      vertex 7.01185 51.9822 40.4
      vertex 5.04523 54.3785 40.4
      vertex 6.91005 51.8899 40.4
    endloop
  endfacet
  facet normal -0 0 1
    outer loop
      vertex 4.71802 54.082 40.4
      vertex 6.91005 51.8899 40.4
      vertex 5.04523 54.3785 40.4
    endloop
  endfacet
  facet normal 0 0 1
    outer loop
      vertex 6.91005 51.8899 40.4
      vertex 4.71802 54.082 40.4
      vertex 6.81779 51.7882 40.4
    endloop
  endfacet
  facet normal -0 0 1
    outer loop
      vertex 4.42145 53.7548 40.4
      vertex 6.81779 51.7882 40.4
      vertex 4.71802 54.082 40.4
    endloop
  endfacet
  facet normal 0 0 1
    outer loop
      vertex 6.81779 51.7882 40.4
      vertex 4.42145 53.7548 40.4
      vertex 6.73594 51.6778 40.4
    endloop
  endfacet
  facet normal -0 0 1
    outer loop
      vertex 4.15839 53.4001 40.4
      vertex 6.73594 51.6778 40.4
      vertex 4.42145 53.7548 40.4
    endloop
  endfacet
  facet normal 0 0 1
    outer loop
      vertex 11.6416 48.3999 40.4
      vertex 9.06406 50.1222 40.4
      vertex 11.3785 48.0452 40.4
    endloop
  endfacet
  facet normal -0 0 1
    outer loop
      vertex 8.98221 50.0118 40.4
      vertex 11.3785 48.0452 40.4
      vertex 9.06406 50.1222 40.4
    endloop
  endfacet
  facet normal 0 0 1
    outer loop
      vertex 11.3785 48.0452 40.4
      vertex 8.98221 50.0118 40.4
      vertex 11.082 47.718 40.4
    endloop
  endfacet
  facet normal -0 0 1
    outer loop
      vertex 8.88995 49.91 40.4
      vertex 11.082 47.718 40.4
      vertex 8.98221 50.0118 40.4
    endloop
  endfacet
  facet normal 0 0 1
    outer loop
      vertex 11.082 47.718 40.4
      vertex 8.88995 49.91 40.4
      vertex 10.7548 47.4215 40.4
    endloop
  endfacet
  facet normal -0 0 1
    outer loop
      vertex 8.78815 49.8178 40.4
      vertex 10.7548 47.4215 40.4
      vertex 8.88995 49.91 40.4
    endloop
  endfacet
  facet normal 0 0 1
    outer loop
      vertex 10.7548 47.4215 40.4
      vertex 8.78815 49.8178 40.4
      vertex 10.4001 47.1584 40.4
    endloop
  endfacet
  facet normal -0 0 1
    outer loop
      vertex 8.6778 49.7359 40.4
      vertex 10.4001 47.1584 40.4
      vertex 8.78815 49.8178 40.4
    endloop
  endfacet
  facet normal 0 0 1
    outer loop
      vertex 10.4001 47.1584 40.4
      vertex 8.6778 49.7359 40.4
      vertex 10.0213 46.9314 40.4
    endloop
  endfacet
  facet normal -0 0 1
    outer loop
      vertex 8.55995 49.6653 40.4
      vertex 10.0213 46.9314 40.4
      vertex 8.6778 49.7359 40.4
    endloop
  endfacet
  facet normal 0 0 1
    outer loop
      vertex 10.0213 46.9314 40.4
      vertex 8.55995 49.6653 40.4
      vertex 9.62207 46.7425 40.4
    endloop
  endfacet
  facet normal -0 0 1
    outer loop
      vertex 8.43576 49.6066 40.4
      vertex 9.62207 46.7425 40.4
      vertex 8.55995 49.6653 40.4
    endloop
  endfacet
  facet normal 0 0 1
    outer loop
      vertex 9.62207 46.7425 40.4
      vertex 8.43576 49.6066 40.4
      vertex 9.20628 46.5938 40.4
    endloop
  endfacet
  facet normal -0 0 1
    outer loop
      vertex 8.3064 49.5603 40.4
      vertex 9.20628 46.5938 40.4
      vertex 8.43576 49.6066 40.4
    endloop
  endfacet
  facet normal 0 0 1
    outer loop
      vertex 9.20628 46.5938 40.4
      vertex 8.3064 49.5603 40.4
      vertex 8.77791 46.4865 40.4
    endloop
  endfacet
  facet normal -0 0 1
    outer loop
      vertex 8.17313 49.5269 40.4
      vertex 8.77791 46.4865 40.4
      vertex 8.3064 49.5603 40.4
    endloop
  endfacet
  facet normal 0 0 1
    outer loop
      vertex 8.77791 46.4865 40.4
      vertex 8.17313 49.5269 40.4
      vertex 8.34108 46.4217 40.4
    endloop
  endfacet
  facet normal -0 0 1
    outer loop
      vertex 8.03722 49.5067 40.4
      vertex 8.34108 46.4217 40.4
      vertex 8.17313 49.5269 40.4
    endloop
  endfacet
  facet normal -0 0 1
    outer loop
      vertex 7.9 49.5 40.4
      vertex 8.34108 46.4217 40.4
      vertex 8.03722 49.5067 40.4
    endloop
  endfacet
  facet normal 0 0 1
    outer loop
      vertex 7.9 49.5 40.4
      vertex 7.9 46.4 40.4
      vertex 8.34108 46.4217 40.4
    endloop
  endfacet
  facet normal 0 0 1
    outer loop
      vertex 7.76278 49.5067 40.4
      vertex 7.9 46.4 40.4
      vertex 7.9 49.5 40.4
    endloop
  endfacet
  facet normal 0 0 1
    outer loop
      vertex 7.45892 46.4217 40.4
      vertex 7.76278 49.5067 40.4
      vertex 7.62687 49.5269 40.4
    endloop
  endfacet
  facet normal 0 0 1
    outer loop
      vertex 7.02209 46.4865 40.4
      vertex 7.62687 49.5269 40.4
      vertex 7.4936 49.5603 40.4
    endloop
  endfacet
  facet normal 0 0 1
    outer loop
      vertex 7.76278 49.5067 40.4
      vertex 7.45892 46.4217 40.4
      vertex 7.9 46.4 40.4
    endloop
  endfacet
  facet normal 0 0 1
    outer loop
      vertex 6.59372 46.5938 40.4
      vertex 7.4936 49.5603 40.4
      vertex 7.36424 49.6066 40.4
    endloop
  endfacet
  facet normal 0 0 1
    outer loop
      vertex 6.17793 46.7425 40.4
      vertex 7.36424 49.6066 40.4
      vertex 7.24005 49.6653 40.4
    endloop
  endfacet
  facet normal 0 0 1
    outer loop
      vertex 5.77872 46.9314 40.4
      vertex 7.24005 49.6653 40.4
      vertex 7.1222 49.7359 40.4
    endloop
  endfacet
  facet normal 0 0 1
    outer loop
      vertex 7.62687 49.5269 40.4
      vertex 7.02209 46.4865 40.4
      vertex 7.45892 46.4217 40.4
    endloop
  endfacet
  facet normal 0 0 1
    outer loop
      vertex 5.39993 47.1584 40.4
      vertex 7.1222 49.7359 40.4
      vertex 7.01185 49.8178 40.4
    endloop
  endfacet
  facet normal 0 0 1
    outer loop
      vertex 5.04523 47.4215 40.4
      vertex 7.01185 49.8178 40.4
      vertex 6.91005 49.91 40.4
    endloop
  endfacet
  facet normal 0 0 1
    outer loop
      vertex 4.71802 47.718 40.4
      vertex 6.91005 49.91 40.4
      vertex 6.81779 50.0118 40.4
    endloop
  endfacet
  facet normal 0 0 1
    outer loop
      vertex 4.42145 48.0452 40.4
      vertex 6.81779 50.0118 40.4
      vertex 6.73594 50.1222 40.4
    endloop
  endfacet
  facet normal 0 0 1
    outer loop
      vertex 4.15839 48.3999 40.4
      vertex 6.73594 50.1222 40.4
      vertex 6.66531 50.24 40.4
    endloop
  endfacet
  facet normal 0 0 1
    outer loop
      vertex 3.93135 48.7787 40.4
      vertex 6.66531 50.24 40.4
      vertex 6.60657 50.3642 40.4
    endloop
  endfacet
  facet normal 0 0 1
    outer loop
      vertex 7.4936 49.5603 40.4
      vertex 6.59372 46.5938 40.4
      vertex 7.02209 46.4865 40.4
    endloop
  endfacet
  facet normal 0 0 1
    outer loop
      vertex 3.74254 49.1779 40.4
      vertex 6.60657 50.3642 40.4
      vertex 6.56028 50.4936 40.4
    endloop
  endfacet
  facet normal 0 0 1
    outer loop
      vertex 3.59377 49.5937 40.4
      vertex 6.56028 50.4936 40.4
      vertex 6.5269 50.6269 40.4
    endloop
  endfacet
  facet normal 0 0 1
    outer loop
      vertex 3.48647 50.0221 40.4
      vertex 6.5269 50.6269 40.4
      vertex 6.50674 50.7628 40.4
    endloop
  endfacet
  facet normal 0 0 1
    outer loop
      vertex 3.42167 50.4589 40.4
      vertex 6.50674 50.7628 40.4
      vertex 6.5 50.9 40.4
    endloop
  endfacet
  facet normal 0 0 1
    outer loop
      vertex 6.73594 51.6778 40.4
      vertex 4.15839 53.4001 40.4
      vertex 6.66531 51.56 40.4
    endloop
  endfacet
  facet normal 0 0 1
    outer loop
      vertex 7.36424 49.6066 40.4
      vertex 6.17793 46.7425 40.4
      vertex 6.59372 46.5938 40.4
    endloop
  endfacet
  facet normal -0 0 1
    outer loop
      vertex 3.93135 53.0213 40.4
      vertex 6.66531 51.56 40.4
      vertex 4.15839 53.4001 40.4
    endloop
  endfacet
  facet normal 0 0 1
    outer loop
      vertex 7.24005 49.6653 40.4
      vertex 5.77872 46.9314 40.4
      vertex 6.17793 46.7425 40.4
    endloop
  endfacet
  facet normal 0 0 1
    outer loop
      vertex 6.66531 51.56 40.4
      vertex 3.93135 53.0213 40.4
      vertex 6.60657 51.4358 40.4
    endloop
  endfacet
  facet normal 0 0 1
    outer loop
      vertex 7.1222 49.7359 40.4
      vertex 5.39993 47.1584 40.4
      vertex 5.77872 46.9314 40.4
    endloop
  endfacet
  facet normal -0 0 1
    outer loop
      vertex 3.74254 52.6221 40.4
      vertex 6.60657 51.4358 40.4
      vertex 3.93135 53.0213 40.4
    endloop
  endfacet
  facet normal 0 0 1
    outer loop
      vertex 7.01185 49.8178 40.4
      vertex 5.04523 47.4215 40.4
      vertex 5.39993 47.1584 40.4
    endloop
  endfacet
  facet normal 0 0 1
    outer loop
      vertex 6.60657 51.4358 40.4
      vertex 3.74254 52.6221 40.4
      vertex 6.56028 51.3064 40.4
    endloop
  endfacet
  facet normal 0 0 1
    outer loop
      vertex 6.91005 49.91 40.4
      vertex 4.71802 47.718 40.4
      vertex 5.04523 47.4215 40.4
    endloop
  endfacet
  facet normal -0 0 1
    outer loop
      vertex 3.59377 52.2063 40.4
      vertex 6.56028 51.3064 40.4
      vertex 3.74254 52.6221 40.4
    endloop
  endfacet
  facet normal 0 0 1
    outer loop
      vertex 6.81779 50.0118 40.4
      vertex 4.42145 48.0452 40.4
      vertex 4.71802 47.718 40.4
    endloop
  endfacet
  facet normal 0 0 1
    outer loop
      vertex 6.56028 51.3064 40.4
      vertex 3.59377 52.2063 40.4
      vertex 6.5269 51.1731 40.4
    endloop
  endfacet
  facet normal 0 0 1
    outer loop
      vertex 6.73594 50.1222 40.4
      vertex 4.15839 48.3999 40.4
      vertex 4.42145 48.0452 40.4
    endloop
  endfacet
  facet normal -0 0 1
    outer loop
      vertex 3.48647 51.7779 40.4
      vertex 6.5269 51.1731 40.4
      vertex 3.59377 52.2063 40.4
    endloop
  endfacet
  facet normal 0 0 1
    outer loop
      vertex 6.66531 50.24 40.4
      vertex 3.93135 48.7787 40.4
      vertex 4.15839 48.3999 40.4
    endloop
  endfacet
  facet normal 0 0 1
    outer loop
      vertex 6.5269 51.1731 40.4
      vertex 3.48647 51.7779 40.4
      vertex 6.50674 51.0372 40.4
    endloop
  endfacet
  facet normal 0 0 1
    outer loop
      vertex 6.60657 50.3642 40.4
      vertex 3.74254 49.1779 40.4
      vertex 3.93135 48.7787 40.4
    endloop
  endfacet
  facet normal -0 0 1
    outer loop
      vertex 3.42167 51.3411 40.4
      vertex 6.50674 51.0372 40.4
      vertex 3.48647 51.7779 40.4
    endloop
  endfacet
  facet normal 0 0 1
    outer loop
      vertex 6.56028 50.4936 40.4
      vertex 3.59377 49.5937 40.4
      vertex 3.74254 49.1779 40.4
    endloop
  endfacet
  facet normal 0 0 1
    outer loop
      vertex 6.50674 51.0372 40.4
      vertex 3.42167 51.3411 40.4
      vertex 6.5 50.9 40.4
    endloop
  endfacet
  facet normal 0 0 1
    outer loop
      vertex 6.5269 50.6269 40.4
      vertex 3.48647 50.0221 40.4
      vertex 3.59377 49.5937 40.4
    endloop
  endfacet
  facet normal 0 0 1
    outer loop
      vertex 3.4 50.9 40.4
      vertex 6.5 50.9 40.4
      vertex 3.42167 51.3411 40.4
    endloop
  endfacet
  facet normal 0 0 1
    outer loop
      vertex 6.50674 50.7628 40.4
      vertex 3.42167 50.4589 40.4
      vertex 3.48647 50.0221 40.4
    endloop
  endfacet
  facet normal 0 0 1
    outer loop
      vertex 6.5 50.9 40.4
      vertex 3.4 50.9 40.4
      vertex 3.42167 50.4589 40.4
    endloop
  endfacet
  facet normal -0.989175 -0.146739 0
    outer loop
      vertex 9.29326 51.0372 26.4
      vertex 9.2731 51.1731 40.4
      vertex 9.2731 51.1731 26.4
    endloop
  endfacet
  facet normal -0.989175 -0.146739 0
    outer loop
      vertex 9.2731 51.1731 40.4
      vertex 9.29326 51.0372 26.4
      vertex 9.29326 51.0372 40.4
    endloop
  endfacet
  facet normal -0.998796 -0.0490662 0
    outer loop
      vertex 9.3 50.9 26.4
      vertex 9.29326 51.0372 40.4
      vertex 9.29326 51.0372 26.4
    endloop
  endfacet
  facet normal -0.998796 -0.0490662 0
    outer loop
      vertex 9.29326 51.0372 40.4
      vertex 9.3 50.9 26.4
      vertex 9.3 50.9 40.4
    endloop
  endfacet
  facet normal -0.970048 -0.242912 0
    outer loop
      vertex 9.2731 51.1731 26.4
      vertex 9.23972 51.3064 40.4
      vertex 9.23972 51.3064 26.4
    endloop
  endfacet
  facet normal -0.970048 -0.242912 0
    outer loop
      vertex 9.23972 51.3064 40.4
      vertex 9.2731 51.1731 26.4
      vertex 9.2731 51.1731 40.4
    endloop
  endfacet
  facet normal -0.427332 -0.904095 0
    outer loop
      vertex 8.43576 52.1934 26.4
      vertex 8.55995 52.1347 40.4
      vertex 8.43576 52.1934 40.4
    endloop
  endfacet
  facet normal -0.427332 -0.904095 -0
    outer loop
      vertex 8.55995 52.1347 40.4
      vertex 8.43576 52.1934 26.4
      vertex 8.55995 52.1347 26.4
    endloop
  endfacet
  facet normal 0.243101 0.970001 -0
    outer loop
      vertex 7.62687 49.5269 2.4
      vertex 7.4936 49.5603 40.4
      vertex 7.62687 49.5269 40.4
    endloop
  endfacet
  facet normal 0.243101 0.970001 0
    outer loop
      vertex 7.4936 49.5603 40.4
      vertex 7.62687 49.5269 2.4
      vertex 7.4936 49.5603 2.4
    endloop
  endfacet
  facet normal 0.857619 0.514286 0
    outer loop
      vertex 6.66531 50.24 40.4
      vertex 6.71928 50.15 26.4
      vertex 6.66531 50.24 26.4
    endloop
  endfacet
  facet normal 0.857653 0.514228 5.02361e-07
    outer loop
      vertex 6.73594 50.1222 40.4
      vertex 6.71928 50.15 26.4
      vertex 6.66531 50.24 40.4
    endloop
  endfacet
  facet normal 0.857765 0.514042 -0
    outer loop
      vertex 6.73594 50.1222 2.4
      vertex 6.71928 50.15 26.4
      vertex 6.73594 50.1222 40.4
    endloop
  endfacet
  facet normal 0.857765 0.514042 0
    outer loop
      vertex 6.71928 50.15 26.4
      vertex 6.73594 50.1222 2.4
      vertex 6.71928 50.15 2.4
    endloop
  endfacet
  facet normal -0.147013 0.989135 0
    outer loop
      vertex 8.17313 49.5269 2.4
      vertex 8.03722 49.5067 40.4
      vertex 8.17313 49.5269 40.4
    endloop
  endfacet
  facet normal -0.147013 0.989135 0
    outer loop
      vertex 8.03722 49.5067 40.4
      vertex 8.17313 49.5269 2.4
      vertex 8.03722 49.5067 2.4
    endloop
  endfacet
  facet normal -0.740645 -0.671897 0
    outer loop
      vertex 8.98221 51.7882 26.4
      vertex 8.88995 51.8899 40.4
      vertex 8.88995 51.8899 26.4
    endloop
  endfacet
  facet normal -0.740645 -0.671897 0
    outer loop
      vertex 8.88995 51.8899 40.4
      vertex 8.98221 51.7882 26.4
      vertex 8.98221 51.7882 40.4
    endloop
  endfacet
  facet normal 0.513907 -0.857846 0
    outer loop
      vertex 7.1222 52.0641 26.4
      vertex 7.24005 52.1347 40.4
      vertex 7.1222 52.0641 40.4
    endloop
  endfacet
  facet normal 0.513907 -0.857846 0
    outer loop
      vertex 7.24005 52.1347 40.4
      vertex 7.1222 52.0641 26.4
      vertex 7.24005 52.1347 26.4
    endloop
  endfacet
  facet normal -0.740973 0.671534 0
    outer loop
      vertex 8.88995 49.91 2.4
      vertex 8.98221 50.0118 40.4
      vertex 8.98221 50.0118 2.4
    endloop
  endfacet
  facet normal -0.740973 0.671534 0
    outer loop
      vertex 8.98221 50.0118 40.4
      vertex 8.88995 49.91 2.4
      vertex 8.88995 49.91 40.4
    endloop
  endfacet
  facet normal -0.513907 0.857846 0
    outer loop
      vertex 8.6778 49.7359 2.4
      vertex 8.55995 49.6653 40.4
      vertex 8.6778 49.7359 40.4
    endloop
  endfacet
  facet normal -0.513907 0.857846 0
    outer loop
      vertex 8.55995 49.6653 40.4
      vertex 8.6778 49.7359 2.4
      vertex 8.55995 49.6653 2.4
    endloop
  endfacet
  facet normal -0.243101 -0.970001 0
    outer loop
      vertex 8.17313 52.2731 26.4
      vertex 8.3064 52.2397 40.4
      vertex 8.17313 52.2731 40.4
    endloop
  endfacet
  facet normal -0.243101 -0.970001 -0
    outer loop
      vertex 8.3064 52.2397 40.4
      vertex 8.17313 52.2731 26.4
      vertex 8.3064 52.2397 26.4
    endloop
  endfacet
  facet normal 0.989175 -0.146739 0
    outer loop
      vertex 6.50674 51.0372 40.4
      vertex 6.5269 51.1731 26.4
      vertex 6.5269 51.1731 40.4
    endloop
  endfacet
  facet normal 0.989175 -0.146739 0
    outer loop
      vertex 6.5269 51.1731 26.4
      vertex 6.50674 51.0372 40.4
      vertex 6.50674 51.0372 26.4
    endloop
  endfacet
  facet normal -0.857653 -0.514228 0
    outer loop
      vertex 9.13469 51.56 26.4
      vertex 9.06406 51.6778 40.4
      vertex 9.06406 51.6778 26.4
    endloop
  endfacet
  facet normal -0.857653 -0.514228 0
    outer loop
      vertex 9.06406 51.6778 40.4
      vertex 9.13469 51.56 26.4
      vertex 9.13469 51.56 40.4
    endloop
  endfacet
  facet normal -0.970048 0.242912 0
    outer loop
      vertex 9.23972 50.4936 26.4
      vertex 9.2731 50.6269 40.4
      vertex 9.2731 50.6269 26.4
    endloop
  endfacet
  facet normal -0.970048 0.242912 0
    outer loop
      vertex 9.2731 50.6269 40.4
      vertex 9.23972 50.4936 26.4
      vertex 9.23972 50.4936 40.4
    endloop
  endfacet
  facet normal 0.147013 0.989135 -0
    outer loop
      vertex 7.76278 49.5067 2.4
      vertex 7.62687 49.5269 40.4
      vertex 7.76278 49.5067 40.4
    endloop
  endfacet
  facet normal 0.147013 0.989135 0
    outer loop
      vertex 7.62687 49.5269 40.4
      vertex 7.76278 49.5067 2.4
      vertex 7.62687 49.5269 2.4
    endloop
  endfacet
  facet normal 0.998796 0.0490662 0
    outer loop
      vertex 6.50674 50.7628 40.4
      vertex 6.5 50.9 26.4
      vertex 6.5 50.9 40.4
    endloop
  endfacet
  facet normal 0.998796 0.0490662 0
    outer loop
      vertex 6.5 50.9 26.4
      vertex 6.50674 50.7628 40.4
      vertex 6.50674 50.7628 26.4
    endloop
  endfacet
  facet normal -0.147013 -0.989135 0
    outer loop
      vertex 8.03722 52.2933 26.4
      vertex 8.17313 52.2731 40.4
      vertex 8.03722 52.2933 40.4
    endloop
  endfacet
  facet normal -0.147013 -0.989135 -0
    outer loop
      vertex 8.17313 52.2731 40.4
      vertex 8.03722 52.2933 26.4
      vertex 8.17313 52.2731 26.4
    endloop
  endfacet
  facet normal -0.941567 -0.336825 0
    outer loop
      vertex 9.23972 51.3064 26.4
      vertex 9.19343 51.4358 40.4
      vertex 9.19343 51.4358 26.4
    endloop
  endfacet
  facet normal -0.941567 -0.336825 0
    outer loop
      vertex 9.19343 51.4358 40.4
      vertex 9.23972 51.3064 26.4
      vertex 9.23972 51.3064 40.4
    endloop
  endfacet
  facet normal -0.671694 -0.740829 0
    outer loop
      vertex 8.78815 51.9822 26.4
      vertex 8.88995 51.8899 40.4
      vertex 8.78815 51.9822 40.4
    endloop
  endfacet
  facet normal -0.671694 -0.740829 -0
    outer loop
      vertex 8.88995 51.8899 40.4
      vertex 8.78815 51.9822 26.4
      vertex 8.88995 51.8899 26.4
    endloop
  endfacet
  facet normal 0.970048 0.242912 0
    outer loop
      vertex 6.56028 50.4936 40.4
      vertex 6.5269 50.6269 26.4
      vertex 6.5269 50.6269 40.4
    endloop
  endfacet
  facet normal 0.970048 0.242912 0
    outer loop
      vertex 6.5269 50.6269 26.4
      vertex 6.56028 50.4936 40.4
      vertex 6.56028 50.4936 26.4
    endloop
  endfacet
  facet normal 0.336982 -0.941511 0
    outer loop
      vertex 7.36424 52.1934 26.4
      vertex 7.4936 52.2397 40.4
      vertex 7.36424 52.1934 40.4
    endloop
  endfacet
  facet normal 0.336982 -0.941511 0
    outer loop
      vertex 7.4936 52.2397 40.4
      vertex 7.36424 52.1934 26.4
      vertex 7.4936 52.2397 26.4
    endloop
  endfacet
  facet normal 0.941567 0.336825 0
    outer loop
      vertex 6.60657 50.3642 40.4
      vertex 6.56028 50.4936 26.4
      vertex 6.56028 50.4936 40.4
    endloop
  endfacet
  facet normal 0.941567 0.336825 0
    outer loop
      vertex 6.56028 50.4936 26.4
      vertex 6.60657 50.3642 40.4
      vertex 6.60657 50.3642 26.4
    endloop
  endfacet
  facet normal -0.336982 -0.941511 0
    outer loop
      vertex 8.3064 52.2397 26.4
      vertex 8.43576 52.1934 40.4
      vertex 8.3064 52.2397 40.4
    endloop
  endfacet
  facet normal -0.336982 -0.941511 -0
    outer loop
      vertex 8.43576 52.1934 40.4
      vertex 8.3064 52.2397 26.4
      vertex 8.43576 52.1934 26.4
    endloop
  endfacet
  facet normal 0.803306 -0.595567 0
    outer loop
      vertex 6.73594 51.6778 40.4
      vertex 6.81779 51.7882 26.4
      vertex 6.81779 51.7882 40.4
    endloop
  endfacet
  facet normal 0.803306 -0.595567 0
    outer loop
      vertex 6.81779 51.7882 26.4
      vertex 6.73594 51.6778 40.4
      vertex 6.73594 51.6778 26.4
    endloop
  endfacet
  facet normal -0.803306 -0.595567 0
    outer loop
      vertex 9.06406 51.6778 26.4
      vertex 8.98221 51.7882 40.4
      vertex 8.98221 51.7882 26.4
    endloop
  endfacet
  facet normal -0.803306 -0.595567 0
    outer loop
      vertex 8.98221 51.7882 40.4
      vertex 9.06406 51.6778 26.4
      vertex 9.06406 51.6778 40.4
    endloop
  endfacet
  facet normal 0.970048 -0.242912 0
    outer loop
      vertex 6.5269 51.1731 40.4
      vertex 6.56028 51.3064 26.4
      vertex 6.56028 51.3064 40.4
    endloop
  endfacet
  facet normal 0.970048 -0.242912 0
    outer loop
      vertex 6.56028 51.3064 26.4
      vertex 6.5269 51.1731 40.4
      vertex 6.5269 51.1731 26.4
    endloop
  endfacet
  facet normal 0.671694 -0.740829 0
    outer loop
      vertex 6.91005 51.8899 26.4
      vertex 7.01185 51.9822 40.4
      vertex 6.91005 51.8899 40.4
    endloop
  endfacet
  facet normal 0.671694 -0.740829 0
    outer loop
      vertex 7.01185 51.9822 40.4
      vertex 6.91005 51.8899 26.4
      vertex 7.01185 51.9822 26.4
    endloop
  endfacet
  facet normal -0.427332 0.904095 0
    outer loop
      vertex 8.55995 49.6653 2.4
      vertex 8.43576 49.6066 40.4
      vertex 8.55995 49.6653 40.4
    endloop
  endfacet
  facet normal -0.427332 0.904095 0
    outer loop
      vertex 8.43576 49.6066 40.4
      vertex 8.55995 49.6653 2.4
      vertex 8.43576 49.6066 2.4
    endloop
  endfacet
  facet normal 0.243101 -0.970001 0
    outer loop
      vertex 7.4936 52.2397 26.4
      vertex 7.62687 52.2731 40.4
      vertex 7.4936 52.2397 40.4
    endloop
  endfacet
  facet normal 0.243101 -0.970001 0
    outer loop
      vertex 7.62687 52.2731 40.4
      vertex 7.4936 52.2397 26.4
      vertex 7.62687 52.2731 26.4
    endloop
  endfacet
  facet normal 0.941567 -0.336825 0
    outer loop
      vertex 6.56028 51.3064 40.4
      vertex 6.60657 51.4358 26.4
      vertex 6.60657 51.4358 40.4
    endloop
  endfacet
  facet normal 0.941567 -0.336825 0
    outer loop
      vertex 6.60657 51.4358 26.4
      vertex 6.56028 51.3064 40.4
      vertex 6.56028 51.3064 26.4
    endloop
  endfacet
  facet normal -0.513907 -0.857846 0
    outer loop
      vertex 8.55995 52.1347 26.4
      vertex 8.6778 52.0641 40.4
      vertex 8.55995 52.1347 40.4
    endloop
  endfacet
  facet normal -0.513907 -0.857846 -0
    outer loop
      vertex 8.6778 52.0641 40.4
      vertex 8.55995 52.1347 26.4
      vertex 8.6778 52.0641 26.4
    endloop
  endfacet
  facet normal 0.513907 0.857846 -0
    outer loop
      vertex 7.24005 49.6653 2.4
      vertex 7.1222 49.7359 40.4
      vertex 7.24005 49.6653 40.4
    endloop
  endfacet
  facet normal 0.513907 0.857846 0
    outer loop
      vertex 7.1222 49.7359 40.4
      vertex 7.24005 49.6653 2.4
      vertex 7.1222 49.7359 2.4
    endloop
  endfacet
  facet normal 0.595976 -0.803003 0
    outer loop
      vertex 7.01185 51.9822 26.4
      vertex 7.1222 52.0641 40.4
      vertex 7.01185 51.9822 40.4
    endloop
  endfacet
  facet normal 0.595976 -0.803003 0
    outer loop
      vertex 7.1222 52.0641 40.4
      vertex 7.01185 51.9822 26.4
      vertex 7.1222 52.0641 26.4
    endloop
  endfacet
  facet normal 0.0487686 -0.99881 0
    outer loop
      vertex 7.76278 52.2933 26.4
      vertex 7.9 52.3 40.4
      vertex 7.76278 52.2933 40.4
    endloop
  endfacet
  facet normal 0.0487686 -0.99881 0
    outer loop
      vertex 7.9 52.3 40.4
      vertex 7.76278 52.2933 26.4
      vertex 7.9 52.3 26.4
    endloop
  endfacet
  facet normal -0.0487686 0.99881 0
    outer loop
      vertex 8.03722 49.5067 2.4
      vertex 7.9 49.5 40.4
      vertex 8.03722 49.5067 40.4
    endloop
  endfacet
  facet normal -0.0487686 0.99881 0
    outer loop
      vertex 7.9 49.5 40.4
      vertex 8.03722 49.5067 2.4
      vertex 7.9 49.5 2.4
    endloop
  endfacet
  facet normal -0.941567 0.336825 0
    outer loop
      vertex 9.19343 50.3642 26.4
      vertex 9.23972 50.4936 40.4
      vertex 9.23972 50.4936 26.4
    endloop
  endfacet
  facet normal -0.941567 0.336825 0
    outer loop
      vertex 9.23972 50.4936 40.4
      vertex 9.19343 50.3642 26.4
      vertex 9.19343 50.3642 40.4
    endloop
  endfacet
  facet normal -0.803306 0.595567 0
    outer loop
      vertex 8.98221 50.0118 2.4
      vertex 9.06406 50.1222 40.4
      vertex 9.06406 50.1222 2.4
    endloop
  endfacet
  facet normal -0.803306 0.595567 0
    outer loop
      vertex 9.06406 50.1222 40.4
      vertex 8.98221 50.0118 2.4
      vertex 8.98221 50.0118 40.4
    endloop
  endfacet
  facet normal -0.989175 0.146739 0
    outer loop
      vertex 9.2731 50.6269 26.4
      vertex 9.29326 50.7628 40.4
      vertex 9.29326 50.7628 26.4
    endloop
  endfacet
  facet normal -0.989175 0.146739 0
    outer loop
      vertex 9.29326 50.7628 40.4
      vertex 9.2731 50.6269 26.4
      vertex 9.2731 50.6269 40.4
    endloop
  endfacet
  facet normal 0.857653 -0.514228 0
    outer loop
      vertex 6.66531 51.56 40.4
      vertex 6.73594 51.6778 26.4
      vertex 6.73594 51.6778 40.4
    endloop
  endfacet
  facet normal 0.857653 -0.514228 0
    outer loop
      vertex 6.73594 51.6778 26.4
      vertex 6.66531 51.56 40.4
      vertex 6.66531 51.56 26.4
    endloop
  endfacet
  facet normal -0.903996 -0.427542 0
    outer loop
      vertex 9.19343 51.4358 26.4
      vertex 9.13469 51.56 40.4
      vertex 9.13469 51.56 26.4
    endloop
  endfacet
  facet normal -0.903996 -0.427542 0
    outer loop
      vertex 9.13469 51.56 40.4
      vertex 9.19343 51.4358 26.4
      vertex 9.19343 51.4358 40.4
    endloop
  endfacet
  facet normal 0.427332 -0.904095 0
    outer loop
      vertex 7.24005 52.1347 26.4
      vertex 7.36424 52.1934 40.4
      vertex 7.24005 52.1347 40.4
    endloop
  endfacet
  facet normal 0.427332 -0.904095 0
    outer loop
      vertex 7.36424 52.1934 40.4
      vertex 7.24005 52.1347 26.4
      vertex 7.36424 52.1934 26.4
    endloop
  endfacet
  facet normal -0.595976 0.803003 0
    outer loop
      vertex 8.78815 49.8178 2.4
      vertex 8.6778 49.7359 40.4
      vertex 8.78815 49.8178 40.4
    endloop
  endfacet
  facet normal -0.595976 0.803003 0
    outer loop
      vertex 8.6778 49.7359 40.4
      vertex 8.78815 49.8178 2.4
      vertex 8.6778 49.7359 2.4
    endloop
  endfacet
  facet normal -0.595976 -0.803003 0
    outer loop
      vertex 8.6778 52.0641 26.4
      vertex 8.78815 51.9822 40.4
      vertex 8.6778 52.0641 40.4
    endloop
  endfacet
  facet normal -0.595976 -0.803003 -0
    outer loop
      vertex 8.78815 51.9822 40.4
      vertex 8.6778 52.0641 26.4
      vertex 8.78815 51.9822 26.4
    endloop
  endfacet
  facet normal 0.671295 0.741191 -0
    outer loop
      vertex 7.01185 49.8178 2.4
      vertex 6.91005 49.91 40.4
      vertex 7.01185 49.8178 40.4
    endloop
  endfacet
  facet normal 0.671295 0.741191 0
    outer loop
      vertex 6.91005 49.91 40.4
      vertex 7.01185 49.8178 2.4
      vertex 6.91005 49.91 2.4
    endloop
  endfacet
  facet normal -0.998796 0.0490662 0
    outer loop
      vertex 9.29326 50.7628 26.4
      vertex 9.3 50.9 40.4
      vertex 9.3 50.9 26.4
    endloop
  endfacet
  facet normal -0.998796 0.0490662 0
    outer loop
      vertex 9.3 50.9 40.4
      vertex 9.29326 50.7628 26.4
      vertex 9.29326 50.7628 40.4
    endloop
  endfacet
  facet normal 0.803306 0.595567 0
    outer loop
      vertex 6.81779 50.0118 40.4
      vertex 6.73594 50.1222 2.4
      vertex 6.73594 50.1222 40.4
    endloop
  endfacet
  facet normal 0.803306 0.595567 0
    outer loop
      vertex 6.73594 50.1222 2.4
      vertex 6.81779 50.0118 40.4
      vertex 6.81779 50.0118 2.4
    endloop
  endfacet
  facet normal 0.903996 0.427542 0
    outer loop
      vertex 6.66531 50.24 40.4
      vertex 6.60657 50.3642 26.4
      vertex 6.60657 50.3642 40.4
    endloop
  endfacet
  facet normal 0.903996 0.427542 0
    outer loop
      vertex 6.60657 50.3642 26.4
      vertex 6.66531 50.24 40.4
      vertex 6.66531 50.24 26.4
    endloop
  endfacet
  facet normal -0.0487686 -0.99881 0
    outer loop
      vertex 7.9 52.3 26.4
      vertex 8.03722 52.2933 40.4
      vertex 7.9 52.3 40.4
    endloop
  endfacet
  facet normal -0.0487686 -0.99881 -0
    outer loop
      vertex 8.03722 52.2933 40.4
      vertex 7.9 52.3 26.4
      vertex 8.03722 52.2933 26.4
    endloop
  endfacet
  facet normal 0.427332 0.904095 -0
    outer loop
      vertex 7.36424 49.6066 2.4
      vertex 7.24005 49.6653 40.4
      vertex 7.36424 49.6066 40.4
    endloop
  endfacet
  facet normal 0.427332 0.904095 0
    outer loop
      vertex 7.24005 49.6653 40.4
      vertex 7.36424 49.6066 2.4
      vertex 7.24005 49.6653 2.4
    endloop
  endfacet
  facet normal 0.147013 -0.989135 0
    outer loop
      vertex 7.62687 52.2731 26.4
      vertex 7.76278 52.2933 40.4
      vertex 7.62687 52.2731 40.4
    endloop
  endfacet
  facet normal 0.147013 -0.989135 0
    outer loop
      vertex 7.76278 52.2933 40.4
      vertex 7.62687 52.2731 26.4
      vertex 7.76278 52.2933 26.4
    endloop
  endfacet
  facet normal 0.989175 0.146739 0
    outer loop
      vertex 6.5269 50.6269 40.4
      vertex 6.50674 50.7628 26.4
      vertex 6.50674 50.7628 40.4
    endloop
  endfacet
  facet normal 0.989175 0.146739 0
    outer loop
      vertex 6.50674 50.7628 26.4
      vertex 6.5269 50.6269 40.4
      vertex 6.5269 50.6269 26.4
    endloop
  endfacet
  facet normal -0.336982 0.941511 0
    outer loop
      vertex 8.43576 49.6066 2.4
      vertex 8.3064 49.5603 40.4
      vertex 8.43576 49.6066 40.4
    endloop
  endfacet
  facet normal -0.336982 0.941511 0
    outer loop
      vertex 8.3064 49.5603 40.4
      vertex 8.43576 49.6066 2.4
      vertex 8.3064 49.5603 2.4
    endloop
  endfacet
  facet normal -0.243101 0.970001 0
    outer loop
      vertex 8.3064 49.5603 2.4
      vertex 8.17313 49.5269 40.4
      vertex 8.3064 49.5603 40.4
    endloop
  endfacet
  facet normal -0.243101 0.970001 0
    outer loop
      vertex 8.17313 49.5269 40.4
      vertex 8.3064 49.5603 2.4
      vertex 8.17313 49.5269 2.4
    endloop
  endfacet
  facet normal 0.903996 -0.427542 0
    outer loop
      vertex 6.60657 51.4358 40.4
      vertex 6.66531 51.56 26.4
      vertex 6.66531 51.56 40.4
    endloop
  endfacet
  facet normal 0.903996 -0.427542 0
    outer loop
      vertex 6.66531 51.56 26.4
      vertex 6.60657 51.4358 40.4
      vertex 6.60657 51.4358 26.4
    endloop
  endfacet
  facet normal 0.740973 0.671534 0
    outer loop
      vertex 6.91005 49.91 40.4
      vertex 6.81779 50.0118 2.4
      vertex 6.81779 50.0118 40.4
    endloop
  endfacet
  facet normal 0.740973 0.671534 0
    outer loop
      vertex 6.81779 50.0118 2.4
      vertex 6.91005 49.91 40.4
      vertex 6.91005 49.91 2.4
    endloop
  endfacet
  facet normal 0.595976 0.803003 -0
    outer loop
      vertex 7.1222 49.7359 2.4
      vertex 7.01185 49.8178 40.4
      vertex 7.1222 49.7359 40.4
    endloop
  endfacet
  facet normal 0.595976 0.803003 0
    outer loop
      vertex 7.01185 49.8178 40.4
      vertex 7.1222 49.7359 2.4
      vertex 7.01185 49.8178 2.4
    endloop
  endfacet
  facet normal -0.903996 0.427542 0
    outer loop
      vertex 9.13469 50.24 26.4
      vertex 9.19343 50.3642 40.4
      vertex 9.19343 50.3642 26.4
    endloop
  endfacet
  facet normal -0.903996 0.427542 0
    outer loop
      vertex 9.19343 50.3642 40.4
      vertex 9.13469 50.24 26.4
      vertex 9.13469 50.24 40.4
    endloop
  endfacet
  facet normal -0.857765 0.514042 0
    outer loop
      vertex 9.08072 50.15 2.4
      vertex 9.06406 50.1222 2.4
      vertex 9.08072 50.15 26.4
    endloop
  endfacet
  facet normal -0.857619 0.514286 0
    outer loop
      vertex 9.08072 50.15 26.4
      vertex 9.13469 50.24 40.4
      vertex 9.13469 50.24 26.4
    endloop
  endfacet
  facet normal -0.857653 0.514228 5.02361e-07
    outer loop
      vertex 9.08072 50.15 26.4
      vertex 9.06406 50.1222 40.4
      vertex 9.13469 50.24 40.4
    endloop
  endfacet
  facet normal -0.857765 0.514042 0
    outer loop
      vertex 9.06406 50.1222 40.4
      vertex 9.08072 50.15 26.4
      vertex 9.06406 50.1222 2.4
    endloop
  endfacet
  facet normal 0.740645 -0.671897 0
    outer loop
      vertex 6.81779 51.7882 40.4
      vertex 6.91005 51.8899 26.4
      vertex 6.91005 51.8899 40.4
    endloop
  endfacet
  facet normal 0.740645 -0.671897 0
    outer loop
      vertex 6.91005 51.8899 26.4
      vertex 6.81779 51.7882 40.4
      vertex 6.81779 51.7882 26.4
    endloop
  endfacet
  facet normal 0.0487686 0.99881 -0
    outer loop
      vertex 7.9 49.5 2.4
      vertex 7.76278 49.5067 40.4
      vertex 7.9 49.5 40.4
    endloop
  endfacet
  facet normal 0.0487686 0.99881 0
    outer loop
      vertex 7.76278 49.5067 40.4
      vertex 7.9 49.5 2.4
      vertex 7.76278 49.5067 2.4
    endloop
  endfacet
  facet normal 0.998796 -0.0490662 0
    outer loop
      vertex 6.5 50.9 40.4
      vertex 6.50674 51.0372 26.4
      vertex 6.50674 51.0372 40.4
    endloop
  endfacet
  facet normal 0.998796 -0.0490662 0
    outer loop
      vertex 6.50674 51.0372 26.4
      vertex 6.5 50.9 40.4
      vertex 6.5 50.9 26.4
    endloop
  endfacet
  facet normal 0.336982 0.941511 -0
    outer loop
      vertex 7.4936 49.5603 2.4
      vertex 7.36424 49.6066 40.4
      vertex 7.4936 49.5603 40.4
    endloop
  endfacet
  facet normal 0.336982 0.941511 0
    outer loop
      vertex 7.36424 49.6066 40.4
      vertex 7.4936 49.5603 2.4
      vertex 7.36424 49.6066 2.4
    endloop
  endfacet
  facet normal -0.671295 0.741191 0
    outer loop
      vertex 8.88995 49.91 2.4
      vertex 8.78815 49.8178 40.4
      vertex 8.88995 49.91 40.4
    endloop
  endfacet
  facet normal -0.671295 0.741191 0
    outer loop
      vertex 8.78815 49.8178 40.4
      vertex 8.88995 49.91 2.4
      vertex 8.78815 49.8178 2.4
    endloop
  endfacet
  facet normal 0.989437 0.144963 0
    outer loop
      vertex 105.378 8.34108 40.4
      vertex 105.314 8.77791 2.4
      vertex 105.314 8.77791 40.4
    endloop
  endfacet
  facet normal 0.989437 0.144963 0
    outer loop
      vertex 105.314 8.77791 2.4
      vertex 105.378 8.34108 40.4
      vertex 105.378 8.34108 2.4
    endloop
  endfacet
  facet normal 0.998758 0.0498156 0
    outer loop
      vertex 105.4 7.9 40.4
      vertex 105.378 8.34108 2.4
      vertex 105.378 8.34108 40.4
    endloop
  endfacet
  facet normal 0.998758 0.0498156 0
    outer loop
      vertex 105.378 8.34108 2.4
      vertex 105.4 7.9 40.4
      vertex 105.4 7.9 2.4
    endloop
  endfacet
  facet normal 0.969657 0.244469 0
    outer loop
      vertex 105.314 8.77791 40.4
      vertex 105.206 9.20628 2.4
      vertex 105.206 9.20628 40.4
    endloop
  endfacet
  facet normal 0.969657 0.244469 0
    outer loop
      vertex 105.206 9.20628 2.4
      vertex 105.314 8.77791 40.4
      vertex 105.314 8.77791 2.4
    endloop
  endfacet
  facet normal 0.336735 -0.941599 0
    outer loop
      vertex 102.206 3.59377 2.4
      vertex 102.622 3.74254 40.4
      vertex 102.206 3.59377 40.4
    endloop
  endfacet
  facet normal 0.336735 -0.941599 0
    outer loop
      vertex 102.622 3.74254 40.4
      vertex 102.206 3.59377 2.4
      vertex 102.622 3.74254 2.4
    endloop
  endfacet
  facet normal 0.671714 0.740811 -0
    outer loop
      vertex 104.082 11.082 2.4
      vertex 103.755 11.3785 40.4
      vertex 104.082 11.082 40.4
    endloop
  endfacet
  facet normal 0.671714 0.740811 0
    outer loop
      vertex 103.755 11.3785 40.4
      vertex 104.082 11.082 2.4
      vertex 103.755 11.3785 2.4
    endloop
  endfacet
  facet normal 0.94138 0.337347 0
    outer loop
      vertex 105.206 9.20628 40.4
      vertex 105.057 9.62207 2.4
      vertex 105.057 9.62207 40.4
    endloop
  endfacet
  facet normal 0.94138 0.337347 0
    outer loop
      vertex 105.057 9.62207 2.4
      vertex 105.206 9.20628 40.4
      vertex 105.206 9.20628 2.4
    endloop
  endfacet
  facet normal -0.0491469 0.998792 0
    outer loop
      vertex 100.9 12.4 2.4
      vertex 100.459 12.3783 40.4
      vertex 100.9 12.4 40.4
    endloop
  endfacet
  facet normal -0.0491469 0.998792 0
    outer loop
      vertex 100.459 12.3783 40.4
      vertex 100.9 12.4 2.4
      vertex 100.459 12.3783 2.4
    endloop
  endfacet
  facet normal 0.0490791 -0.998795 0
    outer loop
      vertex 100.9 3.4 2.4
      vertex 101.341 3.42167 40.4
      vertex 100.9 3.4 40.4
    endloop
  endfacet
  facet normal 0.0490791 -0.998795 0
    outer loop
      vertex 101.341 3.42167 40.4
      vertex 100.9 3.4 2.4
      vertex 101.341 3.42167 2.4
    endloop
  endfacet
  facet normal -0.595694 -0.803211 0
    outer loop
      vertex 98.0452 4.42145 2.4
      vertex 98.3999 4.15839 40.4
      vertex 98.0452 4.42145 40.4
    endloop
  endfacet
  facet normal -0.595694 -0.803211 -0
    outer loop
      vertex 98.3999 4.15839 40.4
      vertex 98.0452 4.42145 2.4
      vertex 98.3999 4.15839 2.4
    endloop
  endfacet
  facet normal -0.243015 -0.970022 0
    outer loop
      vertex 99.5937 3.59377 2.4
      vertex 100.022 3.48647 40.4
      vertex 99.5937 3.59377 40.4
    endloop
  endfacet
  facet normal -0.243015 -0.970022 -0
    outer loop
      vertex 100.022 3.48647 40.4
      vertex 99.5937 3.59377 2.4
      vertex 100.022 3.48647 2.4
    endloop
  endfacet
  facet normal 0.857773 0.514029 0
    outer loop
      vertex 104.869 10.0213 40.4
      vertex 104.642 10.4001 2.4
      vertex 104.642 10.4001 40.4
    endloop
  endfacet
  facet normal 0.857773 0.514029 0
    outer loop
      vertex 104.642 10.4001 2.4
      vertex 104.869 10.0213 40.4
      vertex 104.869 10.0213 2.4
    endloop
  endfacet
  facet normal -0.998792 -0.049138 0
    outer loop
      vertex 96.4217 7.45892 2.4
      vertex 96.4 7.9 40.4
      vertex 96.4 7.9 2.4
    endloop
  endfacet
  facet normal -0.998792 -0.049138 0
    outer loop
      vertex 96.4 7.9 40.4
      vertex 96.4217 7.45892 2.4
      vertex 96.4217 7.45892 40.4
    endloop
  endfacet
  facet normal -0.903913 -0.427717 0
    outer loop
      vertex 96.9314 5.77872 2.4
      vertex 96.7425 6.17793 40.4
      vertex 96.7425 6.17793 2.4
    endloop
  endfacet
  facet normal -0.903913 -0.427717 0
    outer loop
      vertex 96.7425 6.17793 40.4
      vertex 96.9314 5.77872 2.4
      vertex 96.9314 5.77872 40.4
    endloop
  endfacet
  facet normal 0.904708 0.426033 0
    outer loop
      vertex 105.057 9.62207 40.4
      vertex 104.869 10.0213 2.4
      vertex 104.869 10.0213 40.4
    endloop
  endfacet
  facet normal 0.904708 0.426033 0
    outer loop
      vertex 104.869 10.0213 2.4
      vertex 105.057 9.62207 40.4
      vertex 105.057 9.62207 2.4
    endloop
  endfacet
  facet normal 0.969657 -0.244469 0
    outer loop
      vertex 105.206 6.59372 40.4
      vertex 105.314 7.02209 2.4
      vertex 105.314 7.02209 40.4
    endloop
  endfacet
  facet normal 0.969657 -0.244469 0
    outer loop
      vertex 105.314 7.02209 2.4
      vertex 105.206 6.59372 40.4
      vertex 105.206 6.59372 2.4
    endloop
  endfacet
  facet normal -0.514029 0.857773 0
    outer loop
      vertex 98.7787 11.8686 2.4
      vertex 98.3999 11.6416 40.4
      vertex 98.7787 11.8686 40.4
    endloop
  endfacet
  facet normal -0.514029 0.857773 0
    outer loop
      vertex 98.3999 11.6416 40.4
      vertex 98.7787 11.8686 2.4
      vertex 98.3999 11.6416 2.4
    endloop
  endfacet
  facet normal -0.970032 -0.242978 0
    outer loop
      vertex 96.5938 6.59372 2.4
      vertex 96.4865 7.02209 40.4
      vertex 96.4865 7.02209 2.4
    endloop
  endfacet
  facet normal -0.970032 -0.242978 0
    outer loop
      vertex 96.4865 7.02209 40.4
      vertex 96.5938 6.59372 2.4
      vertex 96.5938 6.59372 40.4
    endloop
  endfacet
  facet normal 0.243175 0.969982 -0
    outer loop
      vertex 102.206 12.2062 2.4
      vertex 101.778 12.3135 40.4
      vertex 102.206 12.2062 40.4
    endloop
  endfacet
  facet normal 0.243175 0.969982 0
    outer loop
      vertex 101.778 12.3135 40.4
      vertex 102.206 12.2062 2.4
      vertex 101.778 12.3135 2.4
    endloop
  endfacet
  facet normal 0.94138 -0.337347 0
    outer loop
      vertex 105.057 6.17793 40.4
      vertex 105.206 6.59372 2.4
      vertex 105.206 6.59372 40.4
    endloop
  endfacet
  facet normal 0.94138 -0.337347 0
    outer loop
      vertex 105.206 6.59372 2.4
      vertex 105.057 6.17793 40.4
      vertex 105.057 6.17793 2.4
    endloop
  endfacet
  facet normal 0.989437 -0.144963 0
    outer loop
      vertex 105.314 7.02209 40.4
      vertex 105.378 7.45892 2.4
      vertex 105.378 7.45892 40.4
    endloop
  endfacet
  facet normal 0.989437 -0.144963 0
    outer loop
      vertex 105.378 7.45892 2.4
      vertex 105.314 7.02209 40.4
      vertex 105.314 7.02209 2.4
    endloop
  endfacet
  facet normal 0.14668 0.989184 -0
    outer loop
      vertex 101.778 12.3135 2.4
      vertex 101.341 12.3783 40.4
      vertex 101.778 12.3135 40.4
    endloop
  endfacet
  facet normal 0.14668 0.989184 0
    outer loop
      vertex 101.341 12.3783 40.4
      vertex 101.778 12.3135 2.4
      vertex 101.341 12.3783 2.4
    endloop
  endfacet
  facet normal -0.427726 0.903908 0
    outer loop
      vertex 99.1779 12.0575 2.4
      vertex 98.7787 11.8686 40.4
      vertex 99.1779 12.0575 40.4
    endloop
  endfacet
  facet normal -0.427726 0.903908 0
    outer loop
      vertex 98.7787 11.8686 40.4
      vertex 99.1779 12.0575 2.4
      vertex 98.7787 11.8686 2.4
    endloop
  endfacet
  facet normal -0.14668 0.989184 0
    outer loop
      vertex 100.459 12.3783 2.4
      vertex 100.022 12.3135 40.4
      vertex 100.459 12.3783 40.4
    endloop
  endfacet
  facet normal -0.14668 0.989184 0
    outer loop
      vertex 100.022 12.3135 40.4
      vertex 100.459 12.3783 2.4
      vertex 100.022 12.3135 2.4
    endloop
  endfacet
  facet normal 0.427735 -0.903904 0
    outer loop
      vertex 102.622 3.74254 2.4
      vertex 103.021 3.93135 40.4
      vertex 102.622 3.74254 40.4
    endloop
  endfacet
  facet normal 0.427735 -0.903904 0
    outer loop
      vertex 103.021 3.93135 40.4
      vertex 102.622 3.74254 2.4
      vertex 103.021 3.93135 2.4
    endloop
  endfacet
  facet normal -0.671488 0.741015 0
    outer loop
      vertex 98.0452 11.3785 2.4
      vertex 97.718 11.082 40.4
      vertex 98.0452 11.3785 40.4
    endloop
  endfacet
  facet normal -0.671488 0.741015 0
    outer loop
      vertex 97.718 11.082 40.4
      vertex 98.0452 11.3785 2.4
      vertex 97.718 11.082 2.4
    endloop
  endfacet
  facet normal 0.857767 -0.514039 0
    outer loop
      vertex 104.642 5.39993 40.4
      vertex 104.869 5.77872 2.4
      vertex 104.869 5.77872 40.4
    endloop
  endfacet
  facet normal 0.857767 -0.514039 0
    outer loop
      vertex 104.869 5.77872 2.4
      vertex 104.642 5.39993 40.4
      vertex 104.642 5.39993 2.4
    endloop
  endfacet
  facet normal -0.595753 0.803168 0
    outer loop
      vertex 98.3999 11.6416 2.4
      vertex 98.0452 11.3785 40.4
      vertex 98.3999 11.6416 40.4
    endloop
  endfacet
  facet normal -0.595753 0.803168 0
    outer loop
      vertex 98.0452 11.3785 40.4
      vertex 98.3999 11.6416 2.4
      vertex 98.0452 11.3785 2.4
    endloop
  endfacet
  facet normal 0.9047 -0.42605 0
    outer loop
      vertex 104.869 5.77872 40.4
      vertex 105.057 6.17793 2.4
      vertex 105.057 6.17793 40.4
    endloop
  endfacet
  facet normal 0.9047 -0.42605 0
    outer loop
      vertex 105.057 6.17793 2.4
      vertex 104.869 5.77872 40.4
      vertex 104.869 5.77872 2.4
    endloop
  endfacet
  facet normal 0.998758 -0.0498156 0
    outer loop
      vertex 105.378 7.45892 40.4
      vertex 105.4 7.9 2.4
      vertex 105.4 7.9 40.4
    endloop
  endfacet
  facet normal 0.998758 -0.0498156 0
    outer loop
      vertex 105.4 7.9 2.4
      vertex 105.378 7.45892 40.4
      vertex 105.378 7.45892 2.4
    endloop
  endfacet
  facet normal -0.741015 0.671488 0
    outer loop
      vertex 97.4215 10.7548 2.4
      vertex 97.718 11.082 40.4
      vertex 97.718 11.082 2.4
    endloop
  endfacet
  facet normal -0.741015 0.671488 0
    outer loop
      vertex 97.718 11.082 40.4
      vertex 97.4215 10.7548 2.4
      vertex 97.4215 10.7548 40.4
    endloop
  endfacet
  facet normal -0.941596 -0.336745 0
    outer loop
      vertex 96.7425 6.17793 2.4
      vertex 96.5938 6.59372 40.4
      vertex 96.5938 6.59372 2.4
    endloop
  endfacet
  facet normal -0.941596 -0.336745 0
    outer loop
      vertex 96.5938 6.59372 40.4
      vertex 96.7425 6.17793 2.4
      vertex 96.7425 6.17793 40.4
    endloop
  endfacet
  facet normal 0.51383 0.857892 -0
    outer loop
      vertex 103.4 11.6416 2.4
      vertex 103.021 11.8686 40.4
      vertex 103.4 11.6416 40.4
    endloop
  endfacet
  facet normal 0.51383 0.857892 0
    outer loop
      vertex 103.021 11.8686 40.4
      vertex 103.4 11.6416 2.4
      vertex 103.021 11.8686 2.4
    endloop
  endfacet
  facet normal 0.595428 0.803409 -0
    outer loop
      vertex 103.755 11.3785 2.4
      vertex 103.4 11.6416 40.4
      vertex 103.755 11.3785 40.4
    endloop
  endfacet
  facet normal 0.595428 0.803409 0
    outer loop
      vertex 103.4 11.6416 40.4
      vertex 103.755 11.3785 2.4
      vertex 103.4 11.6416 2.4
    endloop
  endfacet
  facet normal 0.14668 -0.989184 0
    outer loop
      vertex 101.341 3.42167 2.4
      vertex 101.778 3.48647 40.4
      vertex 101.341 3.42167 40.4
    endloop
  endfacet
  facet normal 0.14668 -0.989184 0
    outer loop
      vertex 101.778 3.48647 40.4
      vertex 101.341 3.42167 2.4
      vertex 101.778 3.48647 2.4
    endloop
  endfacet
  facet normal 0.740462 -0.672098 0
    outer loop
      vertex 104.082 4.71802 40.4
      vertex 104.379 5.04523 2.4
      vertex 104.379 5.04523 40.4
    endloop
  endfacet
  facet normal 0.740462 -0.672098 0
    outer loop
      vertex 104.379 5.04523 2.4
      vertex 104.082 4.71802 40.4
      vertex 104.082 4.71802 2.4
    endloop
  endfacet
  facet normal 0.803276 -0.595607 0
    outer loop
      vertex 104.379 5.04523 40.4
      vertex 104.642 5.39993 2.4
      vertex 104.642 5.39993 40.4
    endloop
  endfacet
  facet normal 0.803276 -0.595607 0
    outer loop
      vertex 104.642 5.39993 2.4
      vertex 104.379 5.04523 40.4
      vertex 104.379 5.04523 2.4
    endloop
  endfacet
  facet normal 0.243175 -0.969982 0
    outer loop
      vertex 101.778 3.48647 2.4
      vertex 102.206 3.59377 40.4
      vertex 101.778 3.48647 40.4
    endloop
  endfacet
  facet normal 0.243175 -0.969982 0
    outer loop
      vertex 102.206 3.59377 40.4
      vertex 101.778 3.48647 2.4
      vertex 102.206 3.59377 2.4
    endloop
  endfacet
  facet normal -0.243015 0.970022 0
    outer loop
      vertex 100.022 12.3135 2.4
      vertex 99.5937 12.2062 40.4
      vertex 100.022 12.3135 40.4
    endloop
  endfacet
  facet normal -0.243015 0.970022 0
    outer loop
      vertex 99.5937 12.2062 40.4
      vertex 100.022 12.3135 2.4
      vertex 99.5937 12.2062 2.4
    endloop
  endfacet
  facet normal 0.803276 0.595607 0
    outer loop
      vertex 104.642 10.4001 40.4
      vertex 104.379 10.7548 2.4
      vertex 104.379 10.7548 40.4
    endloop
  endfacet
  facet normal 0.803276 0.595607 0
    outer loop
      vertex 104.379 10.7548 2.4
      vertex 104.642 10.4001 40.4
      vertex 104.642 10.4001 2.4
    endloop
  endfacet
  facet normal 0.0491469 0.998792 -0
    outer loop
      vertex 101.341 12.3783 2.4
      vertex 100.9 12.4 40.4
      vertex 101.341 12.3783 40.4
    endloop
  endfacet
  facet normal 0.0491469 0.998792 0
    outer loop
      vertex 100.9 12.4 40.4
      vertex 101.341 12.3783 2.4
      vertex 100.9 12.4 2.4
    endloop
  endfacet
  facet normal -0.857773 0.514029 0
    outer loop
      vertex 96.9314 10.0213 2.4
      vertex 97.1584 10.4001 40.4
      vertex 97.1584 10.4001 2.4
    endloop
  endfacet
  facet normal -0.857773 0.514029 0
    outer loop
      vertex 97.1584 10.4001 40.4
      vertex 96.9314 10.0213 2.4
      vertex 96.9314 10.0213 40.4
    endloop
  endfacet
  facet normal 0.427901 0.903825 -0
    outer loop
      vertex 103.021 11.8686 2.4
      vertex 102.622 12.0575 40.4
      vertex 103.021 11.8686 40.4
    endloop
  endfacet
  facet normal 0.427901 0.903825 0
    outer loop
      vertex 102.622 12.0575 40.4
      vertex 103.021 11.8686 2.4
      vertex 102.622 12.0575 2.4
    endloop
  endfacet
  facet normal -0.857767 -0.514039 0
    outer loop
      vertex 97.1584 5.39993 2.4
      vertex 96.9314 5.77872 40.4
      vertex 96.9314 5.77872 2.4
    endloop
  endfacet
  facet normal -0.857767 -0.514039 0
    outer loop
      vertex 96.9314 5.77872 40.4
      vertex 97.1584 5.39993 2.4
      vertex 97.1584 5.39993 40.4
    endloop
  endfacet
  facet normal -0.42756 -0.903987 0
    outer loop
      vertex 98.7787 3.93135 2.4
      vertex 99.1779 3.74254 40.4
      vertex 98.7787 3.93135 40.4
    endloop
  endfacet
  facet normal -0.42756 -0.903987 -0
    outer loop
      vertex 99.1779 3.74254 40.4
      vertex 98.7787 3.93135 2.4
      vertex 99.1779 3.74254 2.4
    endloop
  endfacet
  facet normal -0.741025 -0.671477 0
    outer loop
      vertex 97.718 4.71802 2.4
      vertex 97.4215 5.04523 40.4
      vertex 97.4215 5.04523 2.4
    endloop
  endfacet
  facet normal -0.741025 -0.671477 0
    outer loop
      vertex 97.4215 5.04523 40.4
      vertex 97.718 4.71802 2.4
      vertex 97.718 4.71802 40.4
    endloop
  endfacet
  facet normal -0.336738 0.941598 0
    outer loop
      vertex 99.5937 12.2062 2.4
      vertex 99.1779 12.0575 40.4
      vertex 99.5937 12.2062 40.4
    endloop
  endfacet
  facet normal -0.336738 0.941598 0
    outer loop
      vertex 99.1779 12.0575 40.4
      vertex 99.5937 12.2062 2.4
      vertex 99.1779 12.0575 2.4
    endloop
  endfacet
  facet normal -0.514096 -0.857733 0
    outer loop
      vertex 98.3999 4.15839 2.4
      vertex 98.7787 3.93135 40.4
      vertex 98.3999 4.15839 40.4
    endloop
  endfacet
  facet normal -0.514096 -0.857733 -0
    outer loop
      vertex 98.7787 3.93135 40.4
      vertex 98.3999 4.15839 2.4
      vertex 98.7787 3.93135 2.4
    endloop
  endfacet
  facet normal 0.740452 0.672109 0
    outer loop
      vertex 104.379 10.7548 40.4
      vertex 104.082 11.082 2.4
      vertex 104.082 11.082 40.4
    endloop
  endfacet
  facet normal 0.740452 0.672109 0
    outer loop
      vertex 104.082 11.082 2.4
      vertex 104.379 10.7548 40.4
      vertex 104.379 10.7548 2.4
    endloop
  endfacet
  facet normal 0.595369 -0.803452 0
    outer loop
      vertex 103.4 4.15839 2.4
      vertex 103.755 4.42145 40.4
      vertex 103.4 4.15839 40.4
    endloop
  endfacet
  facet normal 0.595369 -0.803452 0
    outer loop
      vertex 103.755 4.42145 40.4
      vertex 103.4 4.15839 2.4
      vertex 103.755 4.42145 2.4
    endloop
  endfacet
  facet normal -0.941596 0.336745 0
    outer loop
      vertex 96.5938 9.20628 2.4
      vertex 96.7425 9.62207 40.4
      vertex 96.7425 9.62207 2.4
    endloop
  endfacet
  facet normal -0.941596 0.336745 0
    outer loop
      vertex 96.7425 9.62207 40.4
      vertex 96.5938 9.20628 2.4
      vertex 96.5938 9.20628 40.4
    endloop
  endfacet
  facet normal 0.336594 0.94165 -0
    outer loop
      vertex 102.622 12.0575 2.4
      vertex 102.206 12.2062 40.4
      vertex 102.622 12.0575 40.4
    endloop
  endfacet
  facet normal 0.336594 0.94165 0
    outer loop
      vertex 102.206 12.2062 40.4
      vertex 102.622 12.0575 2.4
      vertex 102.206 12.2062 2.4
    endloop
  endfacet
  facet normal -0.803168 -0.595753 0
    outer loop
      vertex 97.4215 5.04523 2.4
      vertex 97.1584 5.39993 40.4
      vertex 97.1584 5.39993 2.4
    endloop
  endfacet
  facet normal -0.803168 -0.595753 0
    outer loop
      vertex 97.1584 5.39993 40.4
      vertex 97.4215 5.04523 2.4
      vertex 97.4215 5.04523 40.4
    endloop
  endfacet
  facet normal -0.970032 0.242978 0
    outer loop
      vertex 96.4865 8.77791 2.4
      vertex 96.5938 9.20628 40.4
      vertex 96.5938 9.20628 2.4
    endloop
  endfacet
  facet normal -0.970032 0.242978 0
    outer loop
      vertex 96.5938 9.20628 40.4
      vertex 96.4865 8.77791 2.4
      vertex 96.4865 8.77791 40.4
    endloop
  endfacet
  facet normal -0.989176 -0.146736 0
    outer loop
      vertex 96.4865 7.02209 2.4
      vertex 96.4217 7.45892 40.4
      vertex 96.4217 7.45892 2.4
    endloop
  endfacet
  facet normal -0.989176 -0.146736 0
    outer loop
      vertex 96.4217 7.45892 40.4
      vertex 96.4865 7.02209 2.4
      vertex 96.4865 7.02209 40.4
    endloop
  endfacet
  facet normal -0.903921 0.4277 0
    outer loop
      vertex 96.7425 9.62207 2.4
      vertex 96.9314 10.0213 40.4
      vertex 96.9314 10.0213 2.4
    endloop
  endfacet
  facet normal -0.903921 0.4277 0
    outer loop
      vertex 96.9314 10.0213 40.4
      vertex 96.7425 9.62207 2.4
      vertex 96.7425 9.62207 40.4
    endloop
  endfacet
  facet normal 0.513896 -0.857852 0
    outer loop
      vertex 103.021 3.93135 2.4
      vertex 103.4 4.15839 40.4
      vertex 103.021 3.93135 40.4
    endloop
  endfacet
  facet normal 0.513896 -0.857852 0
    outer loop
      vertex 103.4 4.15839 40.4
      vertex 103.021 3.93135 2.4
      vertex 103.4 4.15839 2.4
    endloop
  endfacet
  facet normal 0 0 -1
    outer loop
      vertex 102.392 7.84317 2.4
      vertex 105.4 7.9 2.4
      vertex 105.378 7.45892 2.4
    endloop
  endfacet
  facet normal 0 0 -1
    outer loop
      vertex 102.369 7.68785 2.4
      vertex 105.378 7.45892 2.4
      vertex 105.314 7.02209 2.4
    endloop
  endfacet
  facet normal -0 0 -1
    outer loop
      vertex 105.4 7.9 2.4
      vertex 102.392 7.84317 2.4
      vertex 102.4 8 2.4
    endloop
  endfacet
  facet normal 0 0 -1
    outer loop
      vertex 102.331 7.53554 2.4
      vertex 105.314 7.02209 2.4
      vertex 105.206 6.59372 2.4
    endloop
  endfacet
  facet normal 0 0 -1
    outer loop
      vertex 105.4 7.9 2.4
      vertex 102.4 8 2.4
      vertex 105.378 8.34108 2.4
    endloop
  endfacet
  facet normal 0 0 -1
    outer loop
      vertex 102.278 7.38771 2.4
      vertex 105.206 6.59372 2.4
      vertex 105.057 6.17793 2.4
    endloop
  endfacet
  facet normal 0 0 -1
    outer loop
      vertex 102.392 8.15683 2.4
      vertex 105.378 8.34108 2.4
      vertex 102.4 8 2.4
    endloop
  endfacet
  facet normal 0 0 -1
    outer loop
      vertex 102.211 7.24576 2.4
      vertex 105.057 6.17793 2.4
      vertex 104.869 5.77872 2.4
    endloop
  endfacet
  facet normal -0 0 -1
    outer loop
      vertex 105.378 8.34108 2.4
      vertex 102.392 8.15683 2.4
      vertex 105.314 8.77791 2.4
    endloop
  endfacet
  facet normal 0 0 -1
    outer loop
      vertex 102.13 7.11109 2.4
      vertex 104.869 5.77872 2.4
      vertex 104.642 5.39993 2.4
    endloop
  endfacet
  facet normal 0 0 -1
    outer loop
      vertex 102.369 8.31214 2.4
      vertex 105.314 8.77791 2.4
      vertex 102.392 8.15683 2.4
    endloop
  endfacet
  facet normal 0 0 -1
    outer loop
      vertex 102.037 6.98497 2.4
      vertex 104.642 5.39993 2.4
      vertex 104.379 5.04523 2.4
    endloop
  endfacet
  facet normal -0 0 -1
    outer loop
      vertex 105.314 8.77791 2.4
      vertex 102.369 8.31214 2.4
      vertex 105.206 9.20628 2.4
    endloop
  endfacet
  facet normal 0 0 -1
    outer loop
      vertex 102.037 6.98497 2.4
      vertex 104.379 5.04523 2.4
      vertex 104.082 4.71802 2.4
    endloop
  endfacet
  facet normal 0 0 -1
    outer loop
      vertex 102.331 8.46445 2.4
      vertex 105.206 9.20628 2.4
      vertex 102.369 8.31214 2.4
    endloop
  endfacet
  facet normal 0 0 -1
    outer loop
      vertex 101.931 6.86863 2.4
      vertex 104.082 4.71802 2.4
      vertex 103.755 4.42145 2.4
    endloop
  endfacet
  facet normal -0 0 -1
    outer loop
      vertex 105.206 9.20628 2.4
      vertex 102.331 8.46445 2.4
      vertex 105.057 9.62207 2.4
    endloop
  endfacet
  facet normal 0 0 -1
    outer loop
      vertex 101.815 6.76318 2.4
      vertex 103.755 4.42145 2.4
      vertex 103.4 4.15839 2.4
    endloop
  endfacet
  facet normal 0 0 -1
    outer loop
      vertex 102.278 8.61229 2.4
      vertex 105.057 9.62207 2.4
      vertex 102.331 8.46445 2.4
    endloop
  endfacet
  facet normal 0 0 -1
    outer loop
      vertex 101.689 6.66965 2.4
      vertex 103.4 4.15839 2.4
      vertex 103.021 3.93135 2.4
    endloop
  endfacet
  facet normal -0 0 -1
    outer loop
      vertex 105.057 9.62207 2.4
      vertex 102.278 8.61229 2.4
      vertex 104.869 10.0213 2.4
    endloop
  endfacet
  facet normal 0 0 -1
    outer loop
      vertex 101.554 6.58893 2.4
      vertex 103.021 3.93135 2.4
      vertex 102.622 3.74254 2.4
    endloop
  endfacet
  facet normal -0 0 -1
    outer loop
      vertex 104.869 10.0213 2.4
      vertex 102.211 8.75423 2.4
      vertex 104.642 10.4001 2.4
    endloop
  endfacet
  facet normal 0 0 -1
    outer loop
      vertex 102.13 8.88891 2.4
      vertex 104.642 10.4001 2.4
      vertex 102.211 8.75423 2.4
    endloop
  endfacet
  facet normal 0 0 -1
    outer loop
      vertex 102.211 8.75423 2.4
      vertex 104.869 10.0213 2.4
      vertex 102.278 8.61229 2.4
    endloop
  endfacet
  facet normal 0 0 -1
    outer loop
      vertex 105.378 7.45892 2.4
      vertex 102.369 7.68785 2.4
      vertex 102.392 7.84317 2.4
    endloop
  endfacet
  facet normal 0 0 -1
    outer loop
      vertex 105.314 7.02209 2.4
      vertex 102.331 7.53554 2.4
      vertex 102.369 7.68785 2.4
    endloop
  endfacet
  facet normal 0 0 -1
    outer loop
      vertex 105.206 6.59372 2.4
      vertex 102.278 7.38771 2.4
      vertex 102.331 7.53554 2.4
    endloop
  endfacet
  facet normal 0 0 -1
    outer loop
      vertex 105.057 6.17793 2.4
      vertex 102.211 7.24576 2.4
      vertex 102.278 7.38771 2.4
    endloop
  endfacet
  facet normal 0 0 -1
    outer loop
      vertex 101.412 6.52179 2.4
      vertex 102.622 3.74254 2.4
      vertex 102.206 3.59377 2.4
    endloop
  endfacet
  facet normal 0 0 -1
    outer loop
      vertex 104.869 5.77872 2.4
      vertex 102.13 7.11109 2.4
      vertex 102.211 7.24576 2.4
    endloop
  endfacet
  facet normal 0 0 -1
    outer loop
      vertex 104.642 5.39993 2.4
      vertex 102.037 6.98497 2.4
      vertex 102.13 7.11109 2.4
    endloop
  endfacet
  facet normal 0 0 -1
    outer loop
      vertex 104.082 4.71802 2.4
      vertex 101.931 6.86863 2.4
      vertex 102.037 6.98497 2.4
    endloop
  endfacet
  facet normal 0 0 -1
    outer loop
      vertex 103.755 4.42145 2.4
      vertex 101.815 6.76318 2.4
      vertex 101.931 6.86863 2.4
    endloop
  endfacet
  facet normal 0 0 -1
    outer loop
      vertex 101.264 6.46889 2.4
      vertex 102.206 3.59377 2.4
      vertex 101.778 3.48647 2.4
    endloop
  endfacet
  facet normal 0 0 -1
    outer loop
      vertex 103.4 4.15839 2.4
      vertex 101.689 6.66965 2.4
      vertex 101.815 6.76318 2.4
    endloop
  endfacet
  facet normal 0 0 -1
    outer loop
      vertex 103.021 3.93135 2.4
      vertex 101.554 6.58893 2.4
      vertex 101.689 6.66965 2.4
    endloop
  endfacet
  facet normal 0 0 -1
    outer loop
      vertex 102.622 3.74254 2.4
      vertex 101.412 6.52179 2.4
      vertex 101.554 6.58893 2.4
    endloop
  endfacet
  facet normal 0 0 -1
    outer loop
      vertex 101.112 6.43074 2.4
      vertex 101.778 3.48647 2.4
      vertex 101.341 3.42167 2.4
    endloop
  endfacet
  facet normal 0 0 -1
    outer loop
      vertex 102.206 3.59377 2.4
      vertex 101.264 6.46889 2.4
      vertex 101.412 6.52179 2.4
    endloop
  endfacet
  facet normal 0 0 -1
    outer loop
      vertex 101.778 3.48647 2.4
      vertex 101.112 6.43074 2.4
      vertex 101.264 6.46889 2.4
    endloop
  endfacet
  facet normal 0 0 -1
    outer loop
      vertex 101.341 3.42167 2.4
      vertex 100.957 6.4077 2.4
      vertex 101.112 6.43074 2.4
    endloop
  endfacet
  facet normal 0 0 -1
    outer loop
      vertex 100.9 3.4 2.4
      vertex 100.957 6.4077 2.4
      vertex 101.341 3.42167 2.4
    endloop
  endfacet
  facet normal 0 0 -1
    outer loop
      vertex 100.9 3.4 2.4
      vertex 100.8 6.4 2.4
      vertex 100.957 6.4077 2.4
    endloop
  endfacet
  facet normal 0 0 -1
    outer loop
      vertex 100.459 3.42167 2.4
      vertex 100.8 6.4 2.4
      vertex 100.9 3.4 2.4
    endloop
  endfacet
  facet normal -0 0 -1
    outer loop
      vertex 100.8 6.4 2.4
      vertex 100.459 3.42167 2.4
      vertex 100.643 6.4077 2.4
    endloop
  endfacet
  facet normal 0 0 -1
    outer loop
      vertex 100.022 3.48647 2.4
      vertex 100.643 6.4077 2.4
      vertex 100.459 3.42167 2.4
    endloop
  endfacet
  facet normal -0 0 -1
    outer loop
      vertex 100.643 6.4077 2.4
      vertex 100.022 3.48647 2.4
      vertex 100.488 6.43074 2.4
    endloop
  endfacet
  facet normal 0 0 -1
    outer loop
      vertex 99.5937 3.59377 2.4
      vertex 100.488 6.43074 2.4
      vertex 100.022 3.48647 2.4
    endloop
  endfacet
  facet normal -0 0 -1
    outer loop
      vertex 100.488 6.43074 2.4
      vertex 99.5937 3.59377 2.4
      vertex 100.336 6.46889 2.4
    endloop
  endfacet
  facet normal 0 0 -1
    outer loop
      vertex 99.1779 3.74254 2.4
      vertex 100.336 6.46889 2.4
      vertex 99.5937 3.59377 2.4
    endloop
  endfacet
  facet normal -0 0 -1
    outer loop
      vertex 100.336 6.46889 2.4
      vertex 99.1779 3.74254 2.4
      vertex 100.188 6.52179 2.4
    endloop
  endfacet
  facet normal 0 0 -1
    outer loop
      vertex 98.7787 3.93135 2.4
      vertex 100.188 6.52179 2.4
      vertex 99.1779 3.74254 2.4
    endloop
  endfacet
  facet normal -0 0 -1
    outer loop
      vertex 100.188 6.52179 2.4
      vertex 98.7787 3.93135 2.4
      vertex 100.046 6.58893 2.4
    endloop
  endfacet
  facet normal 0 0 -1
    outer loop
      vertex 98.3999 4.15839 2.4
      vertex 100.046 6.58893 2.4
      vertex 98.7787 3.93135 2.4
    endloop
  endfacet
  facet normal -0 0 -1
    outer loop
      vertex 100.046 6.58893 2.4
      vertex 98.3999 4.15839 2.4
      vertex 99.9111 6.66965 2.4
    endloop
  endfacet
  facet normal 0 0 -1
    outer loop
      vertex 98.0452 4.42145 2.4
      vertex 99.9111 6.66965 2.4
      vertex 98.3999 4.15839 2.4
    endloop
  endfacet
  facet normal -0 0 -1
    outer loop
      vertex 99.9111 6.66965 2.4
      vertex 98.0452 4.42145 2.4
      vertex 99.785 6.76318 2.4
    endloop
  endfacet
  facet normal 0 0 -1
    outer loop
      vertex 97.718 4.71802 2.4
      vertex 99.785 6.76318 2.4
      vertex 98.0452 4.42145 2.4
    endloop
  endfacet
  facet normal -0 0 -1
    outer loop
      vertex 99.785 6.76318 2.4
      vertex 97.718 4.71802 2.4
      vertex 99.6686 6.86863 2.4
    endloop
  endfacet
  facet normal 0 0 -1
    outer loop
      vertex 97.4215 5.04523 2.4
      vertex 99.6686 6.86863 2.4
      vertex 97.718 4.71802 2.4
    endloop
  endfacet
  facet normal -0 0 -1
    outer loop
      vertex 99.6686 6.86863 2.4
      vertex 97.4215 5.04523 2.4
      vertex 99.5632 6.98497 2.4
    endloop
  endfacet
  facet normal -0 0 -1
    outer loop
      vertex 99.5632 6.98497 2.4
      vertex 97.1584 5.39993 2.4
      vertex 99.4697 7.11109 2.4
    endloop
  endfacet
  facet normal 0 0 -1
    outer loop
      vertex 97.1584 5.39993 2.4
      vertex 99.5632 6.98497 2.4
      vertex 97.4215 5.04523 2.4
    endloop
  endfacet
  facet normal -0 0 -1
    outer loop
      vertex 104.642 10.4001 2.4
      vertex 102.13 8.88891 2.4
      vertex 104.379 10.7548 2.4
    endloop
  endfacet
  facet normal 0 0 -1
    outer loop
      vertex 102.037 9.01503 2.4
      vertex 104.379 10.7548 2.4
      vertex 102.13 8.88891 2.4
    endloop
  endfacet
  facet normal -0 0 -1
    outer loop
      vertex 104.379 10.7548 2.4
      vertex 102.037 9.01503 2.4
      vertex 104.082 11.082 2.4
    endloop
  endfacet
  facet normal 0 0 -1
    outer loop
      vertex 101.931 9.13137 2.4
      vertex 104.082 11.082 2.4
      vertex 102.037 9.01503 2.4
    endloop
  endfacet
  facet normal -0 0 -1
    outer loop
      vertex 104.082 11.082 2.4
      vertex 101.931 9.13137 2.4
      vertex 103.755 11.3785 2.4
    endloop
  endfacet
  facet normal 0 0 -1
    outer loop
      vertex 101.815 9.23682 2.4
      vertex 103.755 11.3785 2.4
      vertex 101.931 9.13137 2.4
    endloop
  endfacet
  facet normal -0 0 -1
    outer loop
      vertex 103.755 11.3785 2.4
      vertex 101.815 9.23682 2.4
      vertex 103.4 11.6416 2.4
    endloop
  endfacet
  facet normal 0 0 -1
    outer loop
      vertex 101.689 9.33035 2.4
      vertex 103.4 11.6416 2.4
      vertex 101.815 9.23682 2.4
    endloop
  endfacet
  facet normal -0 0 -1
    outer loop
      vertex 103.4 11.6416 2.4
      vertex 101.689 9.33035 2.4
      vertex 103.021 11.8686 2.4
    endloop
  endfacet
  facet normal 0 0 -1
    outer loop
      vertex 101.554 9.41107 2.4
      vertex 103.021 11.8686 2.4
      vertex 101.689 9.33035 2.4
    endloop
  endfacet
  facet normal -0 0 -1
    outer loop
      vertex 103.021 11.8686 2.4
      vertex 101.554 9.41107 2.4
      vertex 102.622 12.0575 2.4
    endloop
  endfacet
  facet normal 0 0 -1
    outer loop
      vertex 101.412 9.47821 2.4
      vertex 102.622 12.0575 2.4
      vertex 101.554 9.41107 2.4
    endloop
  endfacet
  facet normal -0 0 -1
    outer loop
      vertex 102.622 12.0575 2.4
      vertex 101.412 9.47821 2.4
      vertex 102.206 12.2062 2.4
    endloop
  endfacet
  facet normal 0 0 -1
    outer loop
      vertex 101.264 9.5311 2.4
      vertex 102.206 12.2062 2.4
      vertex 101.412 9.47821 2.4
    endloop
  endfacet
  facet normal -0 0 -1
    outer loop
      vertex 102.206 12.2062 2.4
      vertex 101.264 9.5311 2.4
      vertex 101.778 12.3135 2.4
    endloop
  endfacet
  facet normal 0 0 -1
    outer loop
      vertex 101.112 9.56926 2.4
      vertex 101.778 12.3135 2.4
      vertex 101.264 9.5311 2.4
    endloop
  endfacet
  facet normal -0 0 -1
    outer loop
      vertex 101.778 12.3135 2.4
      vertex 101.112 9.56926 2.4
      vertex 101.341 12.3783 2.4
    endloop
  endfacet
  facet normal 0 0 -1
    outer loop
      vertex 100.957 9.59229 2.4
      vertex 101.341 12.3783 2.4
      vertex 101.112 9.56926 2.4
    endloop
  endfacet
  facet normal 0 0 -1
    outer loop
      vertex 100.957 9.59229 2.4
      vertex 100.9 12.4 2.4
      vertex 101.341 12.3783 2.4
    endloop
  endfacet
  facet normal 0 0 -1
    outer loop
      vertex 100.8 9.6 2.4
      vertex 100.9 12.4 2.4
      vertex 100.957 9.59229 2.4
    endloop
  endfacet
  facet normal 0 0 -1
    outer loop
      vertex 100.459 12.3783 2.4
      vertex 100.8 9.6 2.4
      vertex 100.643 9.59229 2.4
    endloop
  endfacet
  facet normal 0 0 -1
    outer loop
      vertex 100.022 12.3135 2.4
      vertex 100.643 9.59229 2.4
      vertex 100.488 9.56926 2.4
    endloop
  endfacet
  facet normal 0 0 -1
    outer loop
      vertex 100.8 9.6 2.4
      vertex 100.459 12.3783 2.4
      vertex 100.9 12.4 2.4
    endloop
  endfacet
  facet normal 0 0 -1
    outer loop
      vertex 99.5937 12.2062 2.4
      vertex 100.488 9.56926 2.4
      vertex 100.336 9.5311 2.4
    endloop
  endfacet
  facet normal 0 0 -1
    outer loop
      vertex 99.1779 12.0575 2.4
      vertex 100.336 9.5311 2.4
      vertex 100.188 9.47821 2.4
    endloop
  endfacet
  facet normal 0 0 -1
    outer loop
      vertex 98.7787 11.8686 2.4
      vertex 100.188 9.47821 2.4
      vertex 100.046 9.41107 2.4
    endloop
  endfacet
  facet normal 0 0 -1
    outer loop
      vertex 100.643 9.59229 2.4
      vertex 100.022 12.3135 2.4
      vertex 100.459 12.3783 2.4
    endloop
  endfacet
  facet normal 0 0 -1
    outer loop
      vertex 98.3999 11.6416 2.4
      vertex 100.046 9.41107 2.4
      vertex 99.9111 9.33035 2.4
    endloop
  endfacet
  facet normal 0 0 -1
    outer loop
      vertex 98.0452 11.3785 2.4
      vertex 99.9111 9.33035 2.4
      vertex 99.785 9.23682 2.4
    endloop
  endfacet
  facet normal 0 0 -1
    outer loop
      vertex 98.0452 11.3785 2.4
      vertex 99.785 9.23682 2.4
      vertex 99.6686 9.13137 2.4
    endloop
  endfacet
  facet normal 0 0 -1
    outer loop
      vertex 100.488 9.56926 2.4
      vertex 99.5937 12.2062 2.4
      vertex 100.022 12.3135 2.4
    endloop
  endfacet
  facet normal 0 0 -1
    outer loop
      vertex 97.718 11.082 2.4
      vertex 99.6686 9.13137 2.4
      vertex 99.5632 9.01503 2.4
    endloop
  endfacet
  facet normal 0 0 -1
    outer loop
      vertex 97.4215 10.7548 2.4
      vertex 99.5632 9.01503 2.4
      vertex 99.4697 8.88891 2.4
    endloop
  endfacet
  facet normal 0 0 -1
    outer loop
      vertex 97.1584 10.4001 2.4
      vertex 99.4697 8.88891 2.4
      vertex 99.3889 8.75423 2.4
    endloop
  endfacet
  facet normal 0 0 -1
    outer loop
      vertex 96.9314 10.0213 2.4
      vertex 99.3889 8.75423 2.4
      vertex 99.3218 8.61229 2.4
    endloop
  endfacet
  facet normal 0 0 -1
    outer loop
      vertex 96.7425 9.62207 2.4
      vertex 99.3218 8.61229 2.4
      vertex 99.2689 8.46445 2.4
    endloop
  endfacet
  facet normal 0 0 -1
    outer loop
      vertex 96.5938 9.20628 2.4
      vertex 99.2689 8.46445 2.4
      vertex 99.2307 8.31214 2.4
    endloop
  endfacet
  facet normal 0 0 -1
    outer loop
      vertex 96.4865 8.77791 2.4
      vertex 99.2307 8.31214 2.4
      vertex 99.2077 8.15683 2.4
    endloop
  endfacet
  facet normal 0 0 -1
    outer loop
      vertex 100.336 9.5311 2.4
      vertex 99.1779 12.0575 2.4
      vertex 99.5937 12.2062 2.4
    endloop
  endfacet
  facet normal 0 0 -1
    outer loop
      vertex 96.4217 8.34108 2.4
      vertex 99.2077 8.15683 2.4
      vertex 99.2 8 2.4
    endloop
  endfacet
  facet normal 0 0 -1
    outer loop
      vertex 96.9314 5.77872 2.4
      vertex 99.4697 7.11109 2.4
      vertex 97.1584 5.39993 2.4
    endloop
  endfacet
  facet normal -0 0 -1
    outer loop
      vertex 99.4697 7.11109 2.4
      vertex 96.9314 5.77872 2.4
      vertex 99.3889 7.24576 2.4
    endloop
  endfacet
  facet normal 0 0 -1
    outer loop
      vertex 100.188 9.47821 2.4
      vertex 98.7787 11.8686 2.4
      vertex 99.1779 12.0575 2.4
    endloop
  endfacet
  facet normal 0 0 -1
    outer loop
      vertex 96.7425 6.17793 2.4
      vertex 99.3889 7.24576 2.4
      vertex 96.9314 5.77872 2.4
    endloop
  endfacet
  facet normal 0 0 -1
    outer loop
      vertex 100.046 9.41107 2.4
      vertex 98.3999 11.6416 2.4
      vertex 98.7787 11.8686 2.4
    endloop
  endfacet
  facet normal -0 0 -1
    outer loop
      vertex 99.3889 7.24576 2.4
      vertex 96.7425 6.17793 2.4
      vertex 99.3218 7.38771 2.4
    endloop
  endfacet
  facet normal 0 0 -1
    outer loop
      vertex 99.9111 9.33035 2.4
      vertex 98.0452 11.3785 2.4
      vertex 98.3999 11.6416 2.4
    endloop
  endfacet
  facet normal 0 0 -1
    outer loop
      vertex 96.5938 6.59372 2.4
      vertex 99.3218 7.38771 2.4
      vertex 96.7425 6.17793 2.4
    endloop
  endfacet
  facet normal 0 0 -1
    outer loop
      vertex 99.6686 9.13137 2.4
      vertex 97.718 11.082 2.4
      vertex 98.0452 11.3785 2.4
    endloop
  endfacet
  facet normal -0 0 -1
    outer loop
      vertex 99.3218 7.38771 2.4
      vertex 96.5938 6.59372 2.4
      vertex 99.2689 7.53554 2.4
    endloop
  endfacet
  facet normal 0 0 -1
    outer loop
      vertex 99.5632 9.01503 2.4
      vertex 97.4215 10.7548 2.4
      vertex 97.718 11.082 2.4
    endloop
  endfacet
  facet normal 0 0 -1
    outer loop
      vertex 96.4865 7.02209 2.4
      vertex 99.2689 7.53554 2.4
      vertex 96.5938 6.59372 2.4
    endloop
  endfacet
  facet normal 0 0 -1
    outer loop
      vertex 99.4697 8.88891 2.4
      vertex 97.1584 10.4001 2.4
      vertex 97.4215 10.7548 2.4
    endloop
  endfacet
  facet normal -0 0 -1
    outer loop
      vertex 99.2689 7.53554 2.4
      vertex 96.4865 7.02209 2.4
      vertex 99.2307 7.68785 2.4
    endloop
  endfacet
  facet normal 0 0 -1
    outer loop
      vertex 99.3889 8.75423 2.4
      vertex 96.9314 10.0213 2.4
      vertex 97.1584 10.4001 2.4
    endloop
  endfacet
  facet normal 0 0 -1
    outer loop
      vertex 96.4217 7.45892 2.4
      vertex 99.2307 7.68785 2.4
      vertex 96.4865 7.02209 2.4
    endloop
  endfacet
  facet normal 0 0 -1
    outer loop
      vertex 99.3218 8.61229 2.4
      vertex 96.7425 9.62207 2.4
      vertex 96.9314 10.0213 2.4
    endloop
  endfacet
  facet normal -0 0 -1
    outer loop
      vertex 99.2307 7.68785 2.4
      vertex 96.4217 7.45892 2.4
      vertex 99.2077 7.84317 2.4
    endloop
  endfacet
  facet normal 0 0 -1
    outer loop
      vertex 99.2689 8.46445 2.4
      vertex 96.5938 9.20628 2.4
      vertex 96.7425 9.62207 2.4
    endloop
  endfacet
  facet normal 0 0 -1
    outer loop
      vertex 96.4 7.9 2.4
      vertex 99.2077 7.84317 2.4
      vertex 96.4217 7.45892 2.4
    endloop
  endfacet
  facet normal 0 0 -1
    outer loop
      vertex 99.2307 8.31214 2.4
      vertex 96.4865 8.77791 2.4
      vertex 96.5938 9.20628 2.4
    endloop
  endfacet
  facet normal 0 0 -1
    outer loop
      vertex 99.2077 7.84317 2.4
      vertex 96.4 7.9 2.4
      vertex 99.2 8 2.4
    endloop
  endfacet
  facet normal 0 0 -1
    outer loop
      vertex 99.2077 8.15683 2.4
      vertex 96.4217 8.34108 2.4
      vertex 96.4865 8.77791 2.4
    endloop
  endfacet
  facet normal -0 0 -1
    outer loop
      vertex 99.2 8 2.4
      vertex 96.4 7.9 2.4
      vertex 96.4217 8.34108 2.4
    endloop
  endfacet
  facet normal -0.671575 -0.740936 0
    outer loop
      vertex 97.718 4.71802 2.4
      vertex 98.0452 4.42145 40.4
      vertex 97.718 4.71802 40.4
    endloop
  endfacet
  facet normal -0.671575 -0.740936 -0
    outer loop
      vertex 98.0452 4.42145 40.4
      vertex 97.718 4.71802 2.4
      vertex 98.0452 4.42145 2.4
    endloop
  endfacet
  facet normal -0.803168 0.595753 0
    outer loop
      vertex 97.1584 10.4001 2.4
      vertex 97.4215 10.7548 40.4
      vertex 97.4215 10.7548 2.4
    endloop
  endfacet
  facet normal -0.803168 0.595753 0
    outer loop
      vertex 97.4215 10.7548 40.4
      vertex 97.1584 10.4001 2.4
      vertex 97.1584 10.4001 40.4
    endloop
  endfacet
  facet normal -0.0490791 -0.998795 0
    outer loop
      vertex 100.459 3.42167 2.4
      vertex 100.9 3.4 40.4
      vertex 100.459 3.42167 40.4
    endloop
  endfacet
  facet normal -0.0490791 -0.998795 -0
    outer loop
      vertex 100.9 3.4 40.4
      vertex 100.459 3.42167 2.4
      vertex 100.9 3.4 2.4
    endloop
  endfacet
  facet normal -0.14668 -0.989184 0
    outer loop
      vertex 100.022 3.48647 2.4
      vertex 100.459 3.42167 40.4
      vertex 100.022 3.48647 40.4
    endloop
  endfacet
  facet normal -0.14668 -0.989184 -0
    outer loop
      vertex 100.459 3.42167 40.4
      vertex 100.022 3.48647 2.4
      vertex 100.459 3.42167 2.4
    endloop
  endfacet
  facet normal -0.989176 0.146736 0
    outer loop
      vertex 96.4217 8.34108 2.4
      vertex 96.4865 8.77791 40.4
      vertex 96.4865 8.77791 2.4
    endloop
  endfacet
  facet normal -0.989176 0.146736 0
    outer loop
      vertex 96.4865 8.77791 40.4
      vertex 96.4217 8.34108 2.4
      vertex 96.4217 8.34108 40.4
    endloop
  endfacet
  facet normal -0.998792 0.049138 0
    outer loop
      vertex 96.4 7.9 2.4
      vertex 96.4217 8.34108 40.4
      vertex 96.4217 8.34108 2.4
    endloop
  endfacet
  facet normal -0.998792 0.049138 0
    outer loop
      vertex 96.4217 8.34108 40.4
      vertex 96.4 7.9 2.4
      vertex 96.4 7.9 40.4
    endloop
  endfacet
  facet normal -0.336879 -0.941548 0
    outer loop
      vertex 99.1779 3.74254 2.4
      vertex 99.5937 3.59377 40.4
      vertex 99.1779 3.74254 40.4
    endloop
  endfacet
  facet normal -0.336879 -0.941548 -0
    outer loop
      vertex 99.5937 3.59377 40.4
      vertex 99.1779 3.74254 2.4
      vertex 99.5937 3.59377 2.4
    endloop
  endfacet
  facet normal 0.671801 -0.740732 0
    outer loop
      vertex 103.755 4.42145 2.4
      vertex 104.082 4.71802 40.4
      vertex 103.755 4.42145 40.4
    endloop
  endfacet
  facet normal 0.671801 -0.740732 0
    outer loop
      vertex 104.082 4.71802 40.4
      vertex 103.755 4.42145 2.4
      vertex 104.082 4.71802 2.4
    endloop
  endfacet
  facet normal 0 0 1
    outer loop
      vertex 102.3 7.9 40.4
      vertex 105.4 7.9 40.4
      vertex 105.378 8.34108 40.4
    endloop
  endfacet
  facet normal 0 0 1
    outer loop
      vertex 102.293 8.03722 40.4
      vertex 105.378 8.34108 40.4
      vertex 105.314 8.77791 40.4
    endloop
  endfacet
  facet normal 0 0 1
    outer loop
      vertex 105.4 7.9 40.4
      vertex 102.3 7.9 40.4
      vertex 105.378 7.45892 40.4
    endloop
  endfacet
  facet normal 0 0 1
    outer loop
      vertex 102.273 8.17313 40.4
      vertex 105.314 8.77791 40.4
      vertex 105.206 9.20628 40.4
    endloop
  endfacet
  facet normal -0 0 1
    outer loop
      vertex 102.293 7.76278 40.4
      vertex 105.378 7.45892 40.4
      vertex 102.3 7.9 40.4
    endloop
  endfacet
  facet normal 0 0 1
    outer loop
      vertex 102.24 8.3064 40.4
      vertex 105.206 9.20628 40.4
      vertex 105.057 9.62207 40.4
    endloop
  endfacet
  facet normal 0 0 1
    outer loop
      vertex 105.378 7.45892 40.4
      vertex 102.293 7.76278 40.4
      vertex 105.314 7.02209 40.4
    endloop
  endfacet
  facet normal 0 0 1
    outer loop
      vertex 102.193 8.43576 40.4
      vertex 105.057 9.62207 40.4
      vertex 104.869 10.0213 40.4
    endloop
  endfacet
  facet normal -0 0 1
    outer loop
      vertex 102.273 7.62687 40.4
      vertex 105.314 7.02209 40.4
      vertex 102.293 7.76278 40.4
    endloop
  endfacet
  facet normal 0 0 1
    outer loop
      vertex 102.135 8.55995 40.4
      vertex 104.869 10.0213 40.4
      vertex 104.642 10.4001 40.4
    endloop
  endfacet
  facet normal 0 0 1
    outer loop
      vertex 105.314 7.02209 40.4
      vertex 102.273 7.62687 40.4
      vertex 105.206 6.59372 40.4
    endloop
  endfacet
  facet normal 0 0 1
    outer loop
      vertex 102.064 8.6778 40.4
      vertex 104.642 10.4001 40.4
      vertex 104.379 10.7548 40.4
    endloop
  endfacet
  facet normal -0 0 1
    outer loop
      vertex 102.24 7.4936 40.4
      vertex 105.206 6.59372 40.4
      vertex 102.273 7.62687 40.4
    endloop
  endfacet
  facet normal 0 0 1
    outer loop
      vertex 101.982 8.78815 40.4
      vertex 104.379 10.7548 40.4
      vertex 104.082 11.082 40.4
    endloop
  endfacet
  facet normal 0 0 1
    outer loop
      vertex 105.206 6.59372 40.4
      vertex 102.24 7.4936 40.4
      vertex 105.057 6.17793 40.4
    endloop
  endfacet
  facet normal 0 0 1
    outer loop
      vertex 101.89 8.88995 40.4
      vertex 104.082 11.082 40.4
      vertex 103.755 11.3785 40.4
    endloop
  endfacet
  facet normal -0 0 1
    outer loop
      vertex 102.193 7.36424 40.4
      vertex 105.057 6.17793 40.4
      vertex 102.24 7.4936 40.4
    endloop
  endfacet
  facet normal 0 0 1
    outer loop
      vertex 101.788 8.98221 40.4
      vertex 103.755 11.3785 40.4
      vertex 103.4 11.6416 40.4
    endloop
  endfacet
  facet normal 0 0 1
    outer loop
      vertex 105.057 6.17793 40.4
      vertex 102.193 7.36424 40.4
      vertex 104.869 5.77872 40.4
    endloop
  endfacet
  facet normal 0 0 1
    outer loop
      vertex 101.678 9.06406 40.4
      vertex 103.4 11.6416 40.4
      vertex 103.021 11.8686 40.4
    endloop
  endfacet
  facet normal -0 0 1
    outer loop
      vertex 102.135 7.24005 40.4
      vertex 104.869 5.77872 40.4
      vertex 102.193 7.36424 40.4
    endloop
  endfacet
  facet normal 0 0 1
    outer loop
      vertex 101.56 9.13469 40.4
      vertex 103.021 11.8686 40.4
      vertex 102.622 12.0575 40.4
    endloop
  endfacet
  facet normal 0 0 1
    outer loop
      vertex 104.869 5.77872 40.4
      vertex 102.135 7.24005 40.4
      vertex 104.642 5.39993 40.4
    endloop
  endfacet
  facet normal -0 0 1
    outer loop
      vertex 102.064 7.1222 40.4
      vertex 104.642 5.39993 40.4
      vertex 102.135 7.24005 40.4
    endloop
  endfacet
  facet normal 0 0 1
    outer loop
      vertex 105.378 8.34108 40.4
      vertex 102.293 8.03722 40.4
      vertex 102.3 7.9 40.4
    endloop
  endfacet
  facet normal 0 0 1
    outer loop
      vertex 105.314 8.77791 40.4
      vertex 102.273 8.17313 40.4
      vertex 102.293 8.03722 40.4
    endloop
  endfacet
  facet normal 0 0 1
    outer loop
      vertex 105.206 9.20628 40.4
      vertex 102.24 8.3064 40.4
      vertex 102.273 8.17313 40.4
    endloop
  endfacet
  facet normal 0 0 1
    outer loop
      vertex 101.436 9.19343 40.4
      vertex 102.622 12.0575 40.4
      vertex 102.206 12.2062 40.4
    endloop
  endfacet
  facet normal 0 0 1
    outer loop
      vertex 105.057 9.62207 40.4
      vertex 102.193 8.43576 40.4
      vertex 102.24 8.3064 40.4
    endloop
  endfacet
  facet normal 0 0 1
    outer loop
      vertex 104.869 10.0213 40.4
      vertex 102.135 8.55995 40.4
      vertex 102.193 8.43576 40.4
    endloop
  endfacet
  facet normal 0 0 1
    outer loop
      vertex 104.642 10.4001 40.4
      vertex 102.064 8.6778 40.4
      vertex 102.135 8.55995 40.4
    endloop
  endfacet
  facet normal 0 0 1
    outer loop
      vertex 104.379 10.7548 40.4
      vertex 101.982 8.78815 40.4
      vertex 102.064 8.6778 40.4
    endloop
  endfacet
  facet normal 0 0 1
    outer loop
      vertex 104.082 11.082 40.4
      vertex 101.89 8.88995 40.4
      vertex 101.982 8.78815 40.4
    endloop
  endfacet
  facet normal 0 0 1
    outer loop
      vertex 103.755 11.3785 40.4
      vertex 101.788 8.98221 40.4
      vertex 101.89 8.88995 40.4
    endloop
  endfacet
  facet normal 0 0 1
    outer loop
      vertex 101.306 9.23972 40.4
      vertex 102.206 12.2062 40.4
      vertex 101.778 12.3135 40.4
    endloop
  endfacet
  facet normal 0 0 1
    outer loop
      vertex 103.4 11.6416 40.4
      vertex 101.678 9.06406 40.4
      vertex 101.788 8.98221 40.4
    endloop
  endfacet
  facet normal 0 0 1
    outer loop
      vertex 103.021 11.8686 40.4
      vertex 101.56 9.13469 40.4
      vertex 101.678 9.06406 40.4
    endloop
  endfacet
  facet normal 0 0 1
    outer loop
      vertex 102.622 12.0575 40.4
      vertex 101.436 9.19343 40.4
      vertex 101.56 9.13469 40.4
    endloop
  endfacet
  facet normal 0 0 1
    outer loop
      vertex 101.173 9.2731 40.4
      vertex 101.778 12.3135 40.4
      vertex 101.341 12.3783 40.4
    endloop
  endfacet
  facet normal 0 0 1
    outer loop
      vertex 102.206 12.2062 40.4
      vertex 101.306 9.23972 40.4
      vertex 101.436 9.19343 40.4
    endloop
  endfacet
  facet normal 0 0 1
    outer loop
      vertex 101.778 12.3135 40.4
      vertex 101.173 9.2731 40.4
      vertex 101.306 9.23972 40.4
    endloop
  endfacet
  facet normal 0 0 1
    outer loop
      vertex 101.341 12.3783 40.4
      vertex 101.037 9.29326 40.4
      vertex 101.173 9.2731 40.4
    endloop
  endfacet
  facet normal 0 0 1
    outer loop
      vertex 100.9 12.4 40.4
      vertex 101.037 9.29326 40.4
      vertex 101.341 12.3783 40.4
    endloop
  endfacet
  facet normal 0 0 1
    outer loop
      vertex 100.9 12.4 40.4
      vertex 100.9 9.3 40.4
      vertex 101.037 9.29326 40.4
    endloop
  endfacet
  facet normal 0 0 1
    outer loop
      vertex 100.9 12.4 40.4
      vertex 100.763 9.29326 40.4
      vertex 100.9 9.3 40.4
    endloop
  endfacet
  facet normal -0 0 1
    outer loop
      vertex 100.459 12.3783 40.4
      vertex 100.763 9.29326 40.4
      vertex 100.9 12.4 40.4
    endloop
  endfacet
  facet normal 0 0 1
    outer loop
      vertex 100.763 9.29326 40.4
      vertex 100.459 12.3783 40.4
      vertex 100.627 9.2731 40.4
    endloop
  endfacet
  facet normal -0 0 1
    outer loop
      vertex 100.022 12.3135 40.4
      vertex 100.627 9.2731 40.4
      vertex 100.459 12.3783 40.4
    endloop
  endfacet
  facet normal 0 0 1
    outer loop
      vertex 100.627 9.2731 40.4
      vertex 100.022 12.3135 40.4
      vertex 100.494 9.23972 40.4
    endloop
  endfacet
  facet normal -0 0 1
    outer loop
      vertex 99.5937 12.2062 40.4
      vertex 100.494 9.23972 40.4
      vertex 100.022 12.3135 40.4
    endloop
  endfacet
  facet normal 0 0 1
    outer loop
      vertex 100.494 9.23972 40.4
      vertex 99.5937 12.2062 40.4
      vertex 100.364 9.19343 40.4
    endloop
  endfacet
  facet normal -0 0 1
    outer loop
      vertex 99.1779 12.0575 40.4
      vertex 100.364 9.19343 40.4
      vertex 99.5937 12.2062 40.4
    endloop
  endfacet
  facet normal 0 0 1
    outer loop
      vertex 100.364 9.19343 40.4
      vertex 99.1779 12.0575 40.4
      vertex 100.24 9.13469 40.4
    endloop
  endfacet
  facet normal -0 0 1
    outer loop
      vertex 98.7787 11.8686 40.4
      vertex 100.24 9.13469 40.4
      vertex 99.1779 12.0575 40.4
    endloop
  endfacet
  facet normal 0 0 1
    outer loop
      vertex 100.24 9.13469 40.4
      vertex 98.7787 11.8686 40.4
      vertex 100.122 9.06406 40.4
    endloop
  endfacet
  facet normal -0 0 1
    outer loop
      vertex 98.3999 11.6416 40.4
      vertex 100.122 9.06406 40.4
      vertex 98.7787 11.8686 40.4
    endloop
  endfacet
  facet normal 0 0 1
    outer loop
      vertex 100.122 9.06406 40.4
      vertex 98.3999 11.6416 40.4
      vertex 100.012 8.98221 40.4
    endloop
  endfacet
  facet normal -0 0 1
    outer loop
      vertex 98.0452 11.3785 40.4
      vertex 100.012 8.98221 40.4
      vertex 98.3999 11.6416 40.4
    endloop
  endfacet
  facet normal 0 0 1
    outer loop
      vertex 100.012 8.98221 40.4
      vertex 98.0452 11.3785 40.4
      vertex 99.91 8.88995 40.4
    endloop
  endfacet
  facet normal -0 0 1
    outer loop
      vertex 97.718 11.082 40.4
      vertex 99.91 8.88995 40.4
      vertex 98.0452 11.3785 40.4
    endloop
  endfacet
  facet normal 0 0 1
    outer loop
      vertex 99.91 8.88995 40.4
      vertex 97.718 11.082 40.4
      vertex 99.8178 8.78815 40.4
    endloop
  endfacet
  facet normal -0 0 1
    outer loop
      vertex 97.4215 10.7548 40.4
      vertex 99.8178 8.78815 40.4
      vertex 97.718 11.082 40.4
    endloop
  endfacet
  facet normal 0 0 1
    outer loop
      vertex 99.8178 8.78815 40.4
      vertex 97.4215 10.7548 40.4
      vertex 99.7359 8.6778 40.4
    endloop
  endfacet
  facet normal -0 0 1
    outer loop
      vertex 97.1584 10.4001 40.4
      vertex 99.7359 8.6778 40.4
      vertex 97.4215 10.7548 40.4
    endloop
  endfacet
  facet normal 0 0 1
    outer loop
      vertex 104.642 5.39993 40.4
      vertex 102.064 7.1222 40.4
      vertex 104.379 5.04523 40.4
    endloop
  endfacet
  facet normal -0 0 1
    outer loop
      vertex 101.982 7.01185 40.4
      vertex 104.379 5.04523 40.4
      vertex 102.064 7.1222 40.4
    endloop
  endfacet
  facet normal 0 0 1
    outer loop
      vertex 104.379 5.04523 40.4
      vertex 101.982 7.01185 40.4
      vertex 104.082 4.71802 40.4
    endloop
  endfacet
  facet normal -0 0 1
    outer loop
      vertex 101.89 6.91005 40.4
      vertex 104.082 4.71802 40.4
      vertex 101.982 7.01185 40.4
    endloop
  endfacet
  facet normal 0 0 1
    outer loop
      vertex 104.082 4.71802 40.4
      vertex 101.89 6.91005 40.4
      vertex 103.755 4.42145 40.4
    endloop
  endfacet
  facet normal -0 0 1
    outer loop
      vertex 101.788 6.81779 40.4
      vertex 103.755 4.42145 40.4
      vertex 101.89 6.91005 40.4
    endloop
  endfacet
  facet normal 0 0 1
    outer loop
      vertex 103.755 4.42145 40.4
      vertex 101.788 6.81779 40.4
      vertex 103.4 4.15839 40.4
    endloop
  endfacet
  facet normal -0 0 1
    outer loop
      vertex 101.678 6.73594 40.4
      vertex 103.4 4.15839 40.4
      vertex 101.788 6.81779 40.4
    endloop
  endfacet
  facet normal 0 0 1
    outer loop
      vertex 103.4 4.15839 40.4
      vertex 101.678 6.73594 40.4
      vertex 103.021 3.93135 40.4
    endloop
  endfacet
  facet normal -0 0 1
    outer loop
      vertex 101.56 6.66531 40.4
      vertex 103.021 3.93135 40.4
      vertex 101.678 6.73594 40.4
    endloop
  endfacet
  facet normal 0 0 1
    outer loop
      vertex 103.021 3.93135 40.4
      vertex 101.56 6.66531 40.4
      vertex 102.622 3.74254 40.4
    endloop
  endfacet
  facet normal -0 0 1
    outer loop
      vertex 101.436 6.60657 40.4
      vertex 102.622 3.74254 40.4
      vertex 101.56 6.66531 40.4
    endloop
  endfacet
  facet normal 0 0 1
    outer loop
      vertex 102.622 3.74254 40.4
      vertex 101.436 6.60657 40.4
      vertex 102.206 3.59377 40.4
    endloop
  endfacet
  facet normal -0 0 1
    outer loop
      vertex 101.306 6.56028 40.4
      vertex 102.206 3.59377 40.4
      vertex 101.436 6.60657 40.4
    endloop
  endfacet
  facet normal 0 0 1
    outer loop
      vertex 102.206 3.59377 40.4
      vertex 101.306 6.56028 40.4
      vertex 101.778 3.48647 40.4
    endloop
  endfacet
  facet normal -0 0 1
    outer loop
      vertex 101.173 6.5269 40.4
      vertex 101.778 3.48647 40.4
      vertex 101.306 6.56028 40.4
    endloop
  endfacet
  facet normal 0 0 1
    outer loop
      vertex 101.778 3.48647 40.4
      vertex 101.173 6.5269 40.4
      vertex 101.341 3.42167 40.4
    endloop
  endfacet
  facet normal -0 0 1
    outer loop
      vertex 101.037 6.50674 40.4
      vertex 101.341 3.42167 40.4
      vertex 101.173 6.5269 40.4
    endloop
  endfacet
  facet normal -0 0 1
    outer loop
      vertex 100.9 6.5 40.4
      vertex 101.341 3.42167 40.4
      vertex 101.037 6.50674 40.4
    endloop
  endfacet
  facet normal 0 0 1
    outer loop
      vertex 100.9 6.5 40.4
      vertex 100.9 3.4 40.4
      vertex 101.341 3.42167 40.4
    endloop
  endfacet
  facet normal 0 0 1
    outer loop
      vertex 100.763 6.50674 40.4
      vertex 100.9 3.4 40.4
      vertex 100.9 6.5 40.4
    endloop
  endfacet
  facet normal 0 0 1
    outer loop
      vertex 100.459 3.42167 40.4
      vertex 100.763 6.50674 40.4
      vertex 100.627 6.5269 40.4
    endloop
  endfacet
  facet normal 0 0 1
    outer loop
      vertex 100.022 3.48647 40.4
      vertex 100.627 6.5269 40.4
      vertex 100.494 6.56028 40.4
    endloop
  endfacet
  facet normal 0 0 1
    outer loop
      vertex 100.763 6.50674 40.4
      vertex 100.459 3.42167 40.4
      vertex 100.9 3.4 40.4
    endloop
  endfacet
  facet normal 0 0 1
    outer loop
      vertex 99.5937 3.59377 40.4
      vertex 100.494 6.56028 40.4
      vertex 100.364 6.60657 40.4
    endloop
  endfacet
  facet normal 0 0 1
    outer loop
      vertex 99.1779 3.74254 40.4
      vertex 100.364 6.60657 40.4
      vertex 100.24 6.66531 40.4
    endloop
  endfacet
  facet normal 0 0 1
    outer loop
      vertex 98.7787 3.93135 40.4
      vertex 100.24 6.66531 40.4
      vertex 100.122 6.73594 40.4
    endloop
  endfacet
  facet normal 0 0 1
    outer loop
      vertex 100.627 6.5269 40.4
      vertex 100.022 3.48647 40.4
      vertex 100.459 3.42167 40.4
    endloop
  endfacet
  facet normal 0 0 1
    outer loop
      vertex 98.3999 4.15839 40.4
      vertex 100.122 6.73594 40.4
      vertex 100.012 6.81779 40.4
    endloop
  endfacet
  facet normal 0 0 1
    outer loop
      vertex 98.0452 4.42145 40.4
      vertex 100.012 6.81779 40.4
      vertex 99.91 6.91005 40.4
    endloop
  endfacet
  facet normal 0 0 1
    outer loop
      vertex 97.718 4.71802 40.4
      vertex 99.91 6.91005 40.4
      vertex 99.8178 7.01185 40.4
    endloop
  endfacet
  facet normal 0 0 1
    outer loop
      vertex 97.4215 5.04523 40.4
      vertex 99.8178 7.01185 40.4
      vertex 99.7359 7.1222 40.4
    endloop
  endfacet
  facet normal 0 0 1
    outer loop
      vertex 97.1584 5.39993 40.4
      vertex 99.7359 7.1222 40.4
      vertex 99.6653 7.24005 40.4
    endloop
  endfacet
  facet normal 0 0 1
    outer loop
      vertex 96.9314 5.77872 40.4
      vertex 99.6653 7.24005 40.4
      vertex 99.6066 7.36424 40.4
    endloop
  endfacet
  facet normal 0 0 1
    outer loop
      vertex 100.494 6.56028 40.4
      vertex 99.5937 3.59377 40.4
      vertex 100.022 3.48647 40.4
    endloop
  endfacet
  facet normal 0 0 1
    outer loop
      vertex 96.7425 6.17793 40.4
      vertex 99.6066 7.36424 40.4
      vertex 99.5603 7.4936 40.4
    endloop
  endfacet
  facet normal 0 0 1
    outer loop
      vertex 96.5938 6.59372 40.4
      vertex 99.5603 7.4936 40.4
      vertex 99.5269 7.62687 40.4
    endloop
  endfacet
  facet normal 0 0 1
    outer loop
      vertex 96.4865 7.02209 40.4
      vertex 99.5269 7.62687 40.4
      vertex 99.5067 7.76278 40.4
    endloop
  endfacet
  facet normal 0 0 1
    outer loop
      vertex 96.4217 7.45892 40.4
      vertex 99.5067 7.76278 40.4
      vertex 99.5 7.9 40.4
    endloop
  endfacet
  facet normal 0 0 1
    outer loop
      vertex 99.7359 8.6778 40.4
      vertex 97.1584 10.4001 40.4
      vertex 99.6653 8.55995 40.4
    endloop
  endfacet
  facet normal 0 0 1
    outer loop
      vertex 100.364 6.60657 40.4
      vertex 99.1779 3.74254 40.4
      vertex 99.5937 3.59377 40.4
    endloop
  endfacet
  facet normal -0 0 1
    outer loop
      vertex 96.9314 10.0213 40.4
      vertex 99.6653 8.55995 40.4
      vertex 97.1584 10.4001 40.4
    endloop
  endfacet
  facet normal 0 0 1
    outer loop
      vertex 100.24 6.66531 40.4
      vertex 98.7787 3.93135 40.4
      vertex 99.1779 3.74254 40.4
    endloop
  endfacet
  facet normal 0 0 1
    outer loop
      vertex 99.6653 8.55995 40.4
      vertex 96.9314 10.0213 40.4
      vertex 99.6066 8.43576 40.4
    endloop
  endfacet
  facet normal 0 0 1
    outer loop
      vertex 100.122 6.73594 40.4
      vertex 98.3999 4.15839 40.4
      vertex 98.7787 3.93135 40.4
    endloop
  endfacet
  facet normal -0 0 1
    outer loop
      vertex 96.7425 9.62207 40.4
      vertex 99.6066 8.43576 40.4
      vertex 96.9314 10.0213 40.4
    endloop
  endfacet
  facet normal 0 0 1
    outer loop
      vertex 100.012 6.81779 40.4
      vertex 98.0452 4.42145 40.4
      vertex 98.3999 4.15839 40.4
    endloop
  endfacet
  facet normal 0 0 1
    outer loop
      vertex 99.6066 8.43576 40.4
      vertex 96.7425 9.62207 40.4
      vertex 99.5603 8.3064 40.4
    endloop
  endfacet
  facet normal 0 0 1
    outer loop
      vertex 99.91 6.91005 40.4
      vertex 97.718 4.71802 40.4
      vertex 98.0452 4.42145 40.4
    endloop
  endfacet
  facet normal -0 0 1
    outer loop
      vertex 96.5938 9.20628 40.4
      vertex 99.5603 8.3064 40.4
      vertex 96.7425 9.62207 40.4
    endloop
  endfacet
  facet normal 0 0 1
    outer loop
      vertex 99.8178 7.01185 40.4
      vertex 97.4215 5.04523 40.4
      vertex 97.718 4.71802 40.4
    endloop
  endfacet
  facet normal 0 0 1
    outer loop
      vertex 99.5603 8.3064 40.4
      vertex 96.5938 9.20628 40.4
      vertex 99.5269 8.17313 40.4
    endloop
  endfacet
  facet normal 0 0 1
    outer loop
      vertex 99.7359 7.1222 40.4
      vertex 97.1584 5.39993 40.4
      vertex 97.4215 5.04523 40.4
    endloop
  endfacet
  facet normal -0 0 1
    outer loop
      vertex 96.4865 8.77791 40.4
      vertex 99.5269 8.17313 40.4
      vertex 96.5938 9.20628 40.4
    endloop
  endfacet
  facet normal 0 0 1
    outer loop
      vertex 99.6653 7.24005 40.4
      vertex 96.9314 5.77872 40.4
      vertex 97.1584 5.39993 40.4
    endloop
  endfacet
  facet normal 0 0 1
    outer loop
      vertex 99.5269 8.17313 40.4
      vertex 96.4865 8.77791 40.4
      vertex 99.5067 8.03722 40.4
    endloop
  endfacet
  facet normal 0 0 1
    outer loop
      vertex 99.6066 7.36424 40.4
      vertex 96.7425 6.17793 40.4
      vertex 96.9314 5.77872 40.4
    endloop
  endfacet
  facet normal -0 0 1
    outer loop
      vertex 96.4217 8.34108 40.4
      vertex 99.5067 8.03722 40.4
      vertex 96.4865 8.77791 40.4
    endloop
  endfacet
  facet normal 0 0 1
    outer loop
      vertex 99.5603 7.4936 40.4
      vertex 96.5938 6.59372 40.4
      vertex 96.7425 6.17793 40.4
    endloop
  endfacet
  facet normal 0 0 1
    outer loop
      vertex 99.5067 8.03722 40.4
      vertex 96.4217 8.34108 40.4
      vertex 99.5 7.9 40.4
    endloop
  endfacet
  facet normal 0 0 1
    outer loop
      vertex 99.5269 7.62687 40.4
      vertex 96.4865 7.02209 40.4
      vertex 96.5938 6.59372 40.4
    endloop
  endfacet
  facet normal 0 0 1
    outer loop
      vertex 96.4 7.9 40.4
      vertex 99.5 7.9 40.4
      vertex 96.4217 8.34108 40.4
    endloop
  endfacet
  facet normal 0 0 1
    outer loop
      vertex 99.5067 7.76278 40.4
      vertex 96.4217 7.45892 40.4
      vertex 96.4865 7.02209 40.4
    endloop
  endfacet
  facet normal 0 0 1
    outer loop
      vertex 99.5 7.9 40.4
      vertex 96.4 7.9 40.4
      vertex 96.4217 7.45892 40.4
    endloop
  endfacet
  facet normal -0.989345 -0.145588 0
    outer loop
      vertex 102.293 8.03722 3.4
      vertex 102.273 8.17313 40.4
      vertex 102.273 8.17313 3.4
    endloop
  endfacet
  facet normal -0.989345 -0.145588 0
    outer loop
      vertex 102.273 8.17313 40.4
      vertex 102.293 8.03722 3.4
      vertex 102.293 8.03722 40.4
    endloop
  endfacet
  facet normal -0.998701 -0.0509467 0
    outer loop
      vertex 102.3 7.9 3.4
      vertex 102.293 8.03722 40.4
      vertex 102.293 8.03722 3.4
    endloop
  endfacet
  facet normal -0.998701 -0.0509467 0
    outer loop
      vertex 102.293 8.03722 40.4
      vertex 102.3 7.9 3.4
      vertex 102.3 7.9 40.4
    endloop
  endfacet
  facet normal -0.970684 -0.240359 0
    outer loop
      vertex 102.273 8.17313 3.4
      vertex 102.24 8.3064 40.4
      vertex 102.24 8.3064 3.4
    endloop
  endfacet
  facet normal -0.970684 -0.240359 0
    outer loop
      vertex 102.24 8.3064 40.4
      vertex 102.273 8.17313 3.4
      vertex 102.273 8.17313 40.4
    endloop
  endfacet
  facet normal -0.428105 -0.903729 0
    outer loop
      vertex 101.436 9.19343 3.4
      vertex 101.56 9.13469 40.4
      vertex 101.436 9.19343 40.4
    endloop
  endfacet
  facet normal -0.428105 -0.903729 -0
    outer loop
      vertex 101.56 9.13469 40.4
      vertex 101.436 9.19343 3.4
      vertex 101.56 9.13469 3.4
    endloop
  endfacet
  facet normal 0.243428 0.969919 -0
    outer loop
      vertex 100.627 6.5269 3.4
      vertex 100.494 6.56028 40.4
      vertex 100.627 6.5269 40.4
    endloop
  endfacet
  facet normal 0.243428 0.969919 0
    outer loop
      vertex 100.494 6.56028 40.4
      vertex 100.627 6.5269 3.4
      vertex 100.494 6.56028 3.4
    endloop
  endfacet
  facet normal 0.857846 0.513907 0
    outer loop
      vertex 99.7359 7.1222 40.4
      vertex 99.6653 7.24005 3.4
      vertex 99.6653 7.24005 40.4
    endloop
  endfacet
  facet normal 0.857846 0.513907 0
    outer loop
      vertex 99.6653 7.24005 3.4
      vertex 99.7359 7.1222 40.4
      vertex 99.7359 7.1222 3.4
    endloop
  endfacet
  facet normal -0.146633 0.989191 0
    outer loop
      vertex 101.173 6.5269 3.4
      vertex 101.037 6.50674 40.4
      vertex 101.173 6.5269 40.4
    endloop
  endfacet
  facet normal -0.146633 0.989191 0
    outer loop
      vertex 101.037 6.50674 40.4
      vertex 101.173 6.5269 3.4
      vertex 101.037 6.50674 3.4
    endloop
  endfacet
  facet normal -0.741916 -0.670493 0
    outer loop
      vertex 101.982 8.78815 3.4
      vertex 101.89 8.88995 40.4
      vertex 101.89 8.88995 3.4
    endloop
  endfacet
  facet normal -0.741916 -0.670493 0
    outer loop
      vertex 101.89 8.88995 40.4
      vertex 101.982 8.78815 3.4
      vertex 101.982 8.78815 40.4
    endloop
  endfacet
  facet normal 0.513587 -0.858038 0
    outer loop
      vertex 100.122 9.06406 3.4
      vertex 100.24 9.13469 40.4
      vertex 100.122 9.06406 40.4
    endloop
  endfacet
  facet normal 0.513587 -0.858038 0
    outer loop
      vertex 100.24 9.13469 40.4
      vertex 100.122 9.06406 3.4
      vertex 100.24 9.13469 3.4
    endloop
  endfacet
  facet normal -0.741916 0.670493 0
    outer loop
      vertex 101.89 6.91005 3.4
      vertex 101.982 7.01185 40.4
      vertex 101.982 7.01185 3.4
    endloop
  endfacet
  facet normal -0.741916 0.670493 0
    outer loop
      vertex 101.982 7.01185 40.4
      vertex 101.89 6.91005 3.4
      vertex 101.89 6.91005 40.4
    endloop
  endfacet
  facet normal -0.513587 0.858038 0
    outer loop
      vertex 101.678 6.73594 3.4
      vertex 101.56 6.66531 40.4
      vertex 101.678 6.73594 40.4
    endloop
  endfacet
  facet normal -0.513587 0.858038 0
    outer loop
      vertex 101.56 6.66531 40.4
      vertex 101.678 6.73594 3.4
      vertex 101.56 6.66531 3.4
    endloop
  endfacet
  facet normal -0.243428 -0.969919 0
    outer loop
      vertex 101.173 9.2731 3.4
      vertex 101.306 9.23972 40.4
      vertex 101.173 9.2731 40.4
    endloop
  endfacet
  facet normal -0.243428 -0.969919 -0
    outer loop
      vertex 101.306 9.23972 40.4
      vertex 101.173 9.2731 3.4
      vertex 101.306 9.23972 3.4
    endloop
  endfacet
  facet normal 0.989135 -0.147013 0
    outer loop
      vertex 99.5067 8.03722 40.4
      vertex 99.5269 8.17313 3.4
      vertex 99.5269 8.17313 40.4
    endloop
  endfacet
  facet normal 0.989135 -0.147013 0
    outer loop
      vertex 99.5269 8.17313 3.4
      vertex 99.5067 8.03722 40.4
      vertex 99.5067 8.03722 3.4
    endloop
  endfacet
  facet normal -0.856562 -0.516045 0
    outer loop
      vertex 102.135 8.55995 3.4
      vertex 102.064 8.6778 40.4
      vertex 102.064 8.6778 3.4
    endloop
  endfacet
  facet normal -0.856562 -0.516045 0
    outer loop
      vertex 102.064 8.6778 40.4
      vertex 102.135 8.55995 3.4
      vertex 102.135 8.55995 40.4
    endloop
  endfacet
  facet normal -0.970684 0.240359 0
    outer loop
      vertex 102.24 7.4936 3.4
      vertex 102.273 7.62687 40.4
      vertex 102.273 7.62687 3.4
    endloop
  endfacet
  facet normal -0.970684 0.240359 0
    outer loop
      vertex 102.273 7.62687 40.4
      vertex 102.24 7.4936 3.4
      vertex 102.24 7.4936 40.4
    endloop
  endfacet
  facet normal 0.146633 0.989191 -0
    outer loop
      vertex 100.763 6.50674 3.4
      vertex 100.627 6.5269 40.4
      vertex 100.763 6.50674 40.4
    endloop
  endfacet
  facet normal 0.146633 0.989191 0
    outer loop
      vertex 100.627 6.5269 40.4
      vertex 100.763 6.50674 3.4
      vertex 100.627 6.5269 3.4
    endloop
  endfacet
  facet normal 0.99881 0.0487686 0
    outer loop
      vertex 99.5067 7.76278 40.4
      vertex 99.5 7.9 3.4
      vertex 99.5 7.9 40.4
    endloop
  endfacet
  facet normal 0.99881 0.0487686 0
    outer loop
      vertex 99.5 7.9 3.4
      vertex 99.5067 7.76278 40.4
      vertex 99.5067 7.76278 3.4
    endloop
  endfacet
  facet normal -0.146633 -0.989191 0
    outer loop
      vertex 101.037 9.29326 3.4
      vertex 101.173 9.2731 40.4
      vertex 101.037 9.29326 40.4
    endloop
  endfacet
  facet normal -0.146633 -0.989191 -0
    outer loop
      vertex 101.173 9.2731 40.4
      vertex 101.037 9.29326 3.4
      vertex 101.173 9.2731 3.4
    endloop
  endfacet
  facet normal -0.939887 -0.341486 0
    outer loop
      vertex 102.24 8.3064 3.4
      vertex 102.193 8.43576 40.4
      vertex 102.193 8.43576 3.4
    endloop
  endfacet
  facet normal -0.939887 -0.341486 0
    outer loop
      vertex 102.193 8.43576 40.4
      vertex 102.24 8.3064 3.4
      vertex 102.24 8.3064 40.4
    endloop
  endfacet
  facet normal -0.670811 -0.741629 0
    outer loop
      vertex 101.788 8.98221 3.4
      vertex 101.89 8.88995 40.4
      vertex 101.788 8.98221 40.4
    endloop
  endfacet
  facet normal -0.670811 -0.741629 -0
    outer loop
      vertex 101.89 8.88995 40.4
      vertex 101.788 8.98221 3.4
      vertex 101.89 8.88995 3.4
    endloop
  endfacet
  facet normal 0.970001 0.243101 0
    outer loop
      vertex 99.5603 7.4936 40.4
      vertex 99.5269 7.62687 3.4
      vertex 99.5269 7.62687 40.4
    endloop
  endfacet
  facet normal 0.970001 0.243101 0
    outer loop
      vertex 99.5269 7.62687 3.4
      vertex 99.5603 7.4936 40.4
      vertex 99.5603 7.4936 3.4
    endloop
  endfacet
  facet normal 0.335446 -0.94206 0
    outer loop
      vertex 100.364 9.19343 3.4
      vertex 100.494 9.23972 40.4
      vertex 100.364 9.19343 40.4
    endloop
  endfacet
  facet normal 0.335446 -0.94206 0
    outer loop
      vertex 100.494 9.23972 40.4
      vertex 100.364 9.19343 3.4
      vertex 100.494 9.23972 3.4
    endloop
  endfacet
  facet normal 0.941511 0.336982 0
    outer loop
      vertex 99.6066 7.36424 40.4
      vertex 99.5603 7.4936 3.4
      vertex 99.5603 7.4936 40.4
    endloop
  endfacet
  facet normal 0.941511 0.336982 0
    outer loop
      vertex 99.5603 7.4936 3.4
      vertex 99.6066 7.36424 40.4
      vertex 99.6066 7.36424 3.4
    endloop
  endfacet
  facet normal -0.335446 -0.94206 0
    outer loop
      vertex 101.306 9.23972 3.4
      vertex 101.436 9.19343 40.4
      vertex 101.306 9.23972 40.4
    endloop
  endfacet
  facet normal -0.335446 -0.94206 -0
    outer loop
      vertex 101.436 9.19343 40.4
      vertex 101.306 9.23972 3.4
      vertex 101.436 9.19343 3.4
    endloop
  endfacet
  facet normal 0.803003 -0.595976 0
    outer loop
      vertex 99.7359 8.6778 40.4
      vertex 99.8178 8.78815 3.4
      vertex 99.8178 8.78815 40.4
    endloop
  endfacet
  facet normal 0.803003 -0.595976 0
    outer loop
      vertex 99.8178 8.78815 3.4
      vertex 99.7359 8.6778 40.4
      vertex 99.7359 8.6778 3.4
    endloop
  endfacet
  facet normal -0.802654 -0.596445 0
    outer loop
      vertex 102.064 8.6778 3.4
      vertex 101.982 8.78815 40.4
      vertex 101.982 8.78815 3.4
    endloop
  endfacet
  facet normal -0.802654 -0.596445 0
    outer loop
      vertex 101.982 8.78815 40.4
      vertex 102.064 8.6778 3.4
      vertex 102.064 8.6778 40.4
    endloop
  endfacet
  facet normal 0.970001 -0.243101 0
    outer loop
      vertex 99.5269 8.17313 40.4
      vertex 99.5603 8.3064 3.4
      vertex 99.5603 8.3064 40.4
    endloop
  endfacet
  facet normal 0.970001 -0.243101 0
    outer loop
      vertex 99.5603 8.3064 3.4
      vertex 99.5269 8.17313 40.4
      vertex 99.5269 8.17313 3.4
    endloop
  endfacet
  facet normal 0.670811 -0.741629 0
    outer loop
      vertex 99.91 8.88995 3.4
      vertex 100.012 8.98221 40.4
      vertex 99.91 8.88995 40.4
    endloop
  endfacet
  facet normal 0.670811 -0.741629 0
    outer loop
      vertex 100.012 8.98221 40.4
      vertex 99.91 8.88995 3.4
      vertex 100.012 8.98221 3.4
    endloop
  endfacet
  facet normal -0.428105 0.903729 0
    outer loop
      vertex 101.56 6.66531 3.4
      vertex 101.436 6.60657 40.4
      vertex 101.56 6.66531 40.4
    endloop
  endfacet
  facet normal -0.428105 0.903729 0
    outer loop
      vertex 101.436 6.60657 40.4
      vertex 101.56 6.66531 3.4
      vertex 101.436 6.60657 3.4
    endloop
  endfacet
  facet normal 0.243428 -0.969919 0
    outer loop
      vertex 100.494 9.23972 3.4
      vertex 100.627 9.2731 40.4
      vertex 100.494 9.23972 40.4
    endloop
  endfacet
  facet normal 0.243428 -0.969919 0
    outer loop
      vertex 100.627 9.2731 40.4
      vertex 100.494 9.23972 3.4
      vertex 100.627 9.2731 3.4
    endloop
  endfacet
  facet normal 0.941511 -0.336982 0
    outer loop
      vertex 99.5603 8.3064 40.4
      vertex 99.6066 8.43576 3.4
      vertex 99.6066 8.43576 40.4
    endloop
  endfacet
  facet normal 0.941511 -0.336982 0
    outer loop
      vertex 99.6066 8.43576 3.4
      vertex 99.5603 8.3064 40.4
      vertex 99.5603 8.3064 3.4
    endloop
  endfacet
  facet normal -0.513587 -0.858038 0
    outer loop
      vertex 101.56 9.13469 3.4
      vertex 101.678 9.06406 40.4
      vertex 101.56 9.13469 40.4
    endloop
  endfacet
  facet normal -0.513587 -0.858038 -0
    outer loop
      vertex 101.678 9.06406 40.4
      vertex 101.56 9.13469 3.4
      vertex 101.678 9.06406 3.4
    endloop
  endfacet
  facet normal 0.513587 0.858038 -0
    outer loop
      vertex 100.24 6.66531 3.4
      vertex 100.122 6.73594 40.4
      vertex 100.24 6.66531 40.4
    endloop
  endfacet
  facet normal 0.513587 0.858038 0
    outer loop
      vertex 100.122 6.73594 40.4
      vertex 100.24 6.66531 3.4
      vertex 100.122 6.73594 3.4
    endloop
  endfacet
  facet normal 0.596962 -0.80227 0
    outer loop
      vertex 100.012 8.98221 3.4
      vertex 100.122 9.06406 40.4
      vertex 100.012 8.98221 40.4
    endloop
  endfacet
  facet normal 0.596962 -0.80227 0
    outer loop
      vertex 100.122 9.06406 40.4
      vertex 100.012 8.98221 3.4
      vertex 100.122 9.06406 3.4
    endloop
  endfacet
  facet normal 0.0491377 -0.998792 0
    outer loop
      vertex 100.763 9.29326 3.4
      vertex 100.9 9.3 40.4
      vertex 100.763 9.29326 40.4
    endloop
  endfacet
  facet normal 0.0491377 -0.998792 0
    outer loop
      vertex 100.9 9.3 40.4
      vertex 100.763 9.29326 3.4
      vertex 100.9 9.3 3.4
    endloop
  endfacet
  facet normal -0.0491377 0.998792 0
    outer loop
      vertex 101.037 6.50674 3.4
      vertex 100.9 6.5 40.4
      vertex 101.037 6.50674 40.4
    endloop
  endfacet
  facet normal -0.0491377 0.998792 0
    outer loop
      vertex 100.9 6.5 40.4
      vertex 101.037 6.50674 3.4
      vertex 100.9 6.5 3.4
    endloop
  endfacet
  facet normal -0.939887 0.341486 0
    outer loop
      vertex 102.193 7.36424 3.4
      vertex 102.24 7.4936 40.4
      vertex 102.24 7.4936 3.4
    endloop
  endfacet
  facet normal -0.939887 0.341486 0
    outer loop
      vertex 102.24 7.4936 40.4
      vertex 102.193 7.36424 3.4
      vertex 102.193 7.36424 40.4
    endloop
  endfacet
  facet normal -0.802654 0.596445 0
    outer loop
      vertex 101.982 7.01185 3.4
      vertex 102.064 7.1222 40.4
      vertex 102.064 7.1222 3.4
    endloop
  endfacet
  facet normal -0.802654 0.596445 0
    outer loop
      vertex 102.064 7.1222 40.4
      vertex 101.982 7.01185 3.4
      vertex 101.982 7.01185 40.4
    endloop
  endfacet
  facet normal -0.989345 0.145588 0
    outer loop
      vertex 102.273 7.62687 3.4
      vertex 102.293 7.76278 40.4
      vertex 102.293 7.76278 3.4
    endloop
  endfacet
  facet normal -0.989345 0.145588 0
    outer loop
      vertex 102.293 7.76278 40.4
      vertex 102.273 7.62687 3.4
      vertex 102.273 7.62687 40.4
    endloop
  endfacet
  facet normal 0.857846 -0.513907 0
    outer loop
      vertex 99.6653 8.55995 40.4
      vertex 99.7359 8.6778 3.4
      vertex 99.7359 8.6778 40.4
    endloop
  endfacet
  facet normal 0.857846 -0.513907 0
    outer loop
      vertex 99.7359 8.6778 3.4
      vertex 99.6653 8.55995 40.4
      vertex 99.6653 8.55995 3.4
    endloop
  endfacet
  facet normal -0.906058 -0.423153 0
    outer loop
      vertex 102.193 8.43576 3.4
      vertex 102.135 8.55995 40.4
      vertex 102.135 8.55995 3.4
    endloop
  endfacet
  facet normal -0.906058 -0.423153 0
    outer loop
      vertex 102.135 8.55995 40.4
      vertex 102.193 8.43576 3.4
      vertex 102.193 8.43576 40.4
    endloop
  endfacet
  facet normal 0.428105 -0.903729 0
    outer loop
      vertex 100.24 9.13469 3.4
      vertex 100.364 9.19343 40.4
      vertex 100.24 9.13469 40.4
    endloop
  endfacet
  facet normal 0.428105 -0.903729 0
    outer loop
      vertex 100.364 9.19343 40.4
      vertex 100.24 9.13469 3.4
      vertex 100.364 9.19343 3.4
    endloop
  endfacet
  facet normal -0.596962 0.80227 0
    outer loop
      vertex 101.788 6.81779 3.4
      vertex 101.678 6.73594 40.4
      vertex 101.788 6.81779 40.4
    endloop
  endfacet
  facet normal -0.596962 0.80227 0
    outer loop
      vertex 101.678 6.73594 40.4
      vertex 101.788 6.81779 3.4
      vertex 101.678 6.73594 3.4
    endloop
  endfacet
  facet normal -0.596962 -0.80227 0
    outer loop
      vertex 101.678 9.06406 3.4
      vertex 101.788 8.98221 40.4
      vertex 101.678 9.06406 40.4
    endloop
  endfacet
  facet normal -0.596962 -0.80227 -0
    outer loop
      vertex 101.788 8.98221 40.4
      vertex 101.678 9.06406 3.4
      vertex 101.788 8.98221 3.4
    endloop
  endfacet
  facet normal 0.670811 0.741629 -0
    outer loop
      vertex 100.012 6.81779 3.4
      vertex 99.91 6.91005 40.4
      vertex 100.012 6.81779 40.4
    endloop
  endfacet
  facet normal 0.670811 0.741629 0
    outer loop
      vertex 99.91 6.91005 40.4
      vertex 100.012 6.81779 3.4
      vertex 99.91 6.91005 3.4
    endloop
  endfacet
  facet normal -0.998701 0.0509467 0
    outer loop
      vertex 102.293 7.76278 3.4
      vertex 102.3 7.9 40.4
      vertex 102.3 7.9 3.4
    endloop
  endfacet
  facet normal -0.998701 0.0509467 0
    outer loop
      vertex 102.3 7.9 40.4
      vertex 102.293 7.76278 3.4
      vertex 102.293 7.76278 40.4
    endloop
  endfacet
  facet normal 0.803003 0.595976 0
    outer loop
      vertex 99.8178 7.01185 40.4
      vertex 99.7359 7.1222 3.4
      vertex 99.7359 7.1222 40.4
    endloop
  endfacet
  facet normal 0.803003 0.595976 0
    outer loop
      vertex 99.7359 7.1222 3.4
      vertex 99.8178 7.01185 40.4
      vertex 99.8178 7.01185 3.4
    endloop
  endfacet
  facet normal 0.904095 0.427332 0
    outer loop
      vertex 99.6653 7.24005 40.4
      vertex 99.6066 7.36424 3.4
      vertex 99.6066 7.36424 40.4
    endloop
  endfacet
  facet normal 0.904095 0.427332 0
    outer loop
      vertex 99.6066 7.36424 3.4
      vertex 99.6653 7.24005 40.4
      vertex 99.6653 7.24005 3.4
    endloop
  endfacet
  facet normal -0.0491377 -0.998792 0
    outer loop
      vertex 100.9 9.3 3.4
      vertex 101.037 9.29326 40.4
      vertex 100.9 9.3 40.4
    endloop
  endfacet
  facet normal -0.0491377 -0.998792 -0
    outer loop
      vertex 101.037 9.29326 40.4
      vertex 100.9 9.3 3.4
      vertex 101.037 9.29326 3.4
    endloop
  endfacet
  facet normal 0.428105 0.903729 -0
    outer loop
      vertex 100.364 6.60657 3.4
      vertex 100.24 6.66531 40.4
      vertex 100.364 6.60657 40.4
    endloop
  endfacet
  facet normal 0.428105 0.903729 0
    outer loop
      vertex 100.24 6.66531 40.4
      vertex 100.364 6.60657 3.4
      vertex 100.24 6.66531 3.4
    endloop
  endfacet
  facet normal 0.146633 -0.989191 0
    outer loop
      vertex 100.627 9.2731 3.4
      vertex 100.763 9.29326 40.4
      vertex 100.627 9.2731 40.4
    endloop
  endfacet
  facet normal 0.146633 -0.989191 0
    outer loop
      vertex 100.763 9.29326 40.4
      vertex 100.627 9.2731 3.4
      vertex 100.763 9.29326 3.4
    endloop
  endfacet
  facet normal 0.989135 0.147013 0
    outer loop
      vertex 99.5269 7.62687 40.4
      vertex 99.5067 7.76278 3.4
      vertex 99.5067 7.76278 40.4
    endloop
  endfacet
  facet normal 0.989135 0.147013 0
    outer loop
      vertex 99.5067 7.76278 3.4
      vertex 99.5269 7.62687 40.4
      vertex 99.5269 7.62687 3.4
    endloop
  endfacet
  facet normal -0.335446 0.94206 0
    outer loop
      vertex 101.436 6.60657 3.4
      vertex 101.306 6.56028 40.4
      vertex 101.436 6.60657 40.4
    endloop
  endfacet
  facet normal -0.335446 0.94206 0
    outer loop
      vertex 101.306 6.56028 40.4
      vertex 101.436 6.60657 3.4
      vertex 101.306 6.56028 3.4
    endloop
  endfacet
  facet normal -0.243428 0.969919 0
    outer loop
      vertex 101.306 6.56028 3.4
      vertex 101.173 6.5269 40.4
      vertex 101.306 6.56028 40.4
    endloop
  endfacet
  facet normal -0.243428 0.969919 0
    outer loop
      vertex 101.173 6.5269 40.4
      vertex 101.306 6.56028 3.4
      vertex 101.173 6.5269 3.4
    endloop
  endfacet
  facet normal 0.904095 -0.427332 0
    outer loop
      vertex 99.6066 8.43576 40.4
      vertex 99.6653 8.55995 3.4
      vertex 99.6653 8.55995 40.4
    endloop
  endfacet
  facet normal 0.904095 -0.427332 0
    outer loop
      vertex 99.6653 8.55995 3.4
      vertex 99.6066 8.43576 40.4
      vertex 99.6066 8.43576 3.4
    endloop
  endfacet
  facet normal 0.741191 0.671295 0
    outer loop
      vertex 99.91 6.91005 40.4
      vertex 99.8178 7.01185 3.4
      vertex 99.8178 7.01185 40.4
    endloop
  endfacet
  facet normal 0.741191 0.671295 0
    outer loop
      vertex 99.8178 7.01185 3.4
      vertex 99.91 6.91005 40.4
      vertex 99.91 6.91005 3.4
    endloop
  endfacet
  facet normal 0.596962 0.80227 -0
    outer loop
      vertex 100.122 6.73594 3.4
      vertex 100.012 6.81779 40.4
      vertex 100.122 6.73594 40.4
    endloop
  endfacet
  facet normal 0.596962 0.80227 0
    outer loop
      vertex 100.012 6.81779 40.4
      vertex 100.122 6.73594 3.4
      vertex 100.012 6.81779 3.4
    endloop
  endfacet
  facet normal -0.906058 0.423153 0
    outer loop
      vertex 102.135 7.24005 3.4
      vertex 102.193 7.36424 40.4
      vertex 102.193 7.36424 3.4
    endloop
  endfacet
  facet normal -0.906058 0.423153 0
    outer loop
      vertex 102.193 7.36424 40.4
      vertex 102.135 7.24005 3.4
      vertex 102.135 7.24005 40.4
    endloop
  endfacet
  facet normal -0.856562 0.516045 0
    outer loop
      vertex 102.064 7.1222 3.4
      vertex 102.135 7.24005 40.4
      vertex 102.135 7.24005 3.4
    endloop
  endfacet
  facet normal -0.856562 0.516045 0
    outer loop
      vertex 102.135 7.24005 40.4
      vertex 102.064 7.1222 3.4
      vertex 102.064 7.1222 40.4
    endloop
  endfacet
  facet normal 0.741191 -0.671295 0
    outer loop
      vertex 99.8178 8.78815 40.4
      vertex 99.91 8.88995 3.4
      vertex 99.91 8.88995 40.4
    endloop
  endfacet
  facet normal 0.741191 -0.671295 0
    outer loop
      vertex 99.91 8.88995 3.4
      vertex 99.8178 8.78815 40.4
      vertex 99.8178 8.78815 3.4
    endloop
  endfacet
  facet normal 0.0491377 0.998792 -0
    outer loop
      vertex 100.9 6.5 3.4
      vertex 100.763 6.50674 40.4
      vertex 100.9 6.5 40.4
    endloop
  endfacet
  facet normal 0.0491377 0.998792 0
    outer loop
      vertex 100.763 6.50674 40.4
      vertex 100.9 6.5 3.4
      vertex 100.763 6.50674 3.4
    endloop
  endfacet
  facet normal 0.99881 -0.0487686 0
    outer loop
      vertex 99.5 7.9 40.4
      vertex 99.5067 8.03722 3.4
      vertex 99.5067 8.03722 40.4
    endloop
  endfacet
  facet normal 0.99881 -0.0487686 0
    outer loop
      vertex 99.5067 8.03722 3.4
      vertex 99.5 7.9 40.4
      vertex 99.5 7.9 3.4
    endloop
  endfacet
  facet normal 0.335446 0.94206 -0
    outer loop
      vertex 100.494 6.56028 3.4
      vertex 100.364 6.60657 40.4
      vertex 100.494 6.56028 40.4
    endloop
  endfacet
  facet normal 0.335446 0.94206 0
    outer loop
      vertex 100.364 6.60657 40.4
      vertex 100.494 6.56028 3.4
      vertex 100.364 6.60657 3.4
    endloop
  endfacet
  facet normal -0.670811 0.741629 0
    outer loop
      vertex 101.89 6.91005 3.4
      vertex 101.788 6.81779 40.4
      vertex 101.89 6.91005 40.4
    endloop
  endfacet
  facet normal -0.670811 0.741629 0
    outer loop
      vertex 101.788 6.81779 40.4
      vertex 101.89 6.91005 3.4
      vertex 101.788 6.81779 3.4
    endloop
  endfacet
  facet normal 0.989436 0.144972 0
    outer loop
      vertex 105.378 51.3411 40.4
      vertex 105.314 51.7779 2.4
      vertex 105.314 51.7779 40.4
    endloop
  endfacet
  facet normal 0.989436 0.144972 0
    outer loop
      vertex 105.314 51.7779 2.4
      vertex 105.378 51.3411 40.4
      vertex 105.378 51.3411 2.4
    endloop
  endfacet
  facet normal 0.998759 0.0498134 0
    outer loop
      vertex 105.4 50.9 40.4
      vertex 105.378 51.3411 2.4
      vertex 105.378 51.3411 40.4
    endloop
  endfacet
  facet normal 0.998759 0.0498134 0
    outer loop
      vertex 105.378 51.3411 2.4
      vertex 105.4 50.9 40.4
      vertex 105.4 50.9 2.4
    endloop
  endfacet
  facet normal 0.969661 0.244452 0
    outer loop
      vertex 105.314 51.7779 40.4
      vertex 105.206 52.2063 2.4
      vertex 105.206 52.2063 40.4
    endloop
  endfacet
  facet normal 0.969661 0.244452 0
    outer loop
      vertex 105.206 52.2063 2.4
      vertex 105.314 51.7779 40.4
      vertex 105.314 51.7779 2.4
    endloop
  endfacet
  facet normal 0.336594 -0.94165 0
    outer loop
      vertex 102.206 46.5938 2.4
      vertex 102.622 46.7425 40.4
      vertex 102.206 46.5938 40.4
    endloop
  endfacet
  facet normal 0.336594 -0.94165 0
    outer loop
      vertex 102.622 46.7425 40.4
      vertex 102.206 46.5938 2.4
      vertex 102.622 46.7425 2.4
    endloop
  endfacet
  facet normal 0.671714 0.740811 -0
    outer loop
      vertex 104.082 54.082 2.4
      vertex 103.755 54.3785 40.4
      vertex 104.082 54.082 40.4
    endloop
  endfacet
  facet normal 0.671714 0.740811 0
    outer loop
      vertex 103.755 54.3785 40.4
      vertex 104.082 54.082 2.4
      vertex 103.755 54.3785 2.4
    endloop
  endfacet
  facet normal 0.941383 0.33734 0
    outer loop
      vertex 105.206 52.2063 40.4
      vertex 105.057 52.6221 2.4
      vertex 105.057 52.6221 40.4
    endloop
  endfacet
  facet normal 0.941383 0.33734 0
    outer loop
      vertex 105.057 52.6221 2.4
      vertex 105.206 52.2063 40.4
      vertex 105.206 52.2063 2.4
    endloop
  endfacet
  facet normal -0.0491469 0.998792 0
    outer loop
      vertex 100.9 55.4 2.4
      vertex 100.459 55.3783 40.4
      vertex 100.9 55.4 40.4
    endloop
  endfacet
  facet normal -0.0491469 0.998792 0
    outer loop
      vertex 100.459 55.3783 40.4
      vertex 100.9 55.4 2.4
      vertex 100.459 55.3783 2.4
    endloop
  endfacet
  facet normal 0.0491469 -0.998792 0
    outer loop
      vertex 100.9 46.4 2.4
      vertex 101.341 46.4217 40.4
      vertex 100.9 46.4 40.4
    endloop
  endfacet
  facet normal 0.0491469 -0.998792 0
    outer loop
      vertex 101.341 46.4217 40.4
      vertex 100.9 46.4 2.4
      vertex 101.341 46.4217 2.4
    endloop
  endfacet
  facet normal -0.595753 -0.803168 0
    outer loop
      vertex 98.0452 47.4215 2.4
      vertex 98.3999 47.1584 40.4
      vertex 98.0452 47.4215 40.4
    endloop
  endfacet
  facet normal -0.595753 -0.803168 -0
    outer loop
      vertex 98.3999 47.1584 40.4
      vertex 98.0452 47.4215 2.4
      vertex 98.3999 47.1584 2.4
    endloop
  endfacet
  facet normal -0.243015 -0.970022 0
    outer loop
      vertex 99.5937 46.5938 2.4
      vertex 100.022 46.4865 40.4
      vertex 99.5937 46.5938 40.4
    endloop
  endfacet
  facet normal -0.243015 -0.970022 -0
    outer loop
      vertex 100.022 46.4865 40.4
      vertex 99.5937 46.5938 2.4
      vertex 100.022 46.4865 2.4
    endloop
  endfacet
  facet normal 0.857773 0.514029 0
    outer loop
      vertex 104.869 53.0213 40.4
      vertex 104.642 53.4001 2.4
      vertex 104.642 53.4001 40.4
    endloop
  endfacet
  facet normal 0.857773 0.514029 0
    outer loop
      vertex 104.642 53.4001 2.4
      vertex 104.869 53.0213 40.4
      vertex 104.869 53.0213 2.4
    endloop
  endfacet
  facet normal -0.998792 -0.0491358 0
    outer loop
      vertex 96.4217 50.4589 2.4
      vertex 96.4 50.9 40.4
      vertex 96.4 50.9 2.4
    endloop
  endfacet
  facet normal -0.998792 -0.0491358 0
    outer loop
      vertex 96.4 50.9 40.4
      vertex 96.4217 50.4589 2.4
      vertex 96.4217 50.4589 40.4
    endloop
  endfacet
  facet normal -0.903908 -0.427726 0
    outer loop
      vertex 96.9314 48.7787 2.4
      vertex 96.7425 49.1779 40.4
      vertex 96.7425 49.1779 2.4
    endloop
  endfacet
  facet normal -0.903908 -0.427726 0
    outer loop
      vertex 96.7425 49.1779 40.4
      vertex 96.9314 48.7787 2.4
      vertex 96.9314 48.7787 40.4
    endloop
  endfacet
  facet normal 0.904695 0.426059 0
    outer loop
      vertex 105.057 52.6221 40.4
      vertex 104.869 53.0213 2.4
      vertex 104.869 53.0213 40.4
    endloop
  endfacet
  facet normal 0.904695 0.426059 0
    outer loop
      vertex 104.869 53.0213 2.4
      vertex 105.057 52.6221 40.4
      vertex 105.057 52.6221 2.4
    endloop
  endfacet
  facet normal 0.969661 -0.244452 0
    outer loop
      vertex 105.206 49.5937 40.4
      vertex 105.314 50.0221 2.4
      vertex 105.314 50.0221 40.4
    endloop
  endfacet
  facet normal 0.969661 -0.244452 0
    outer loop
      vertex 105.314 50.0221 2.4
      vertex 105.206 49.5937 40.4
      vertex 105.206 49.5937 2.4
    endloop
  endfacet
  facet normal -0.514029 0.857773 0
    outer loop
      vertex 98.7787 54.8686 2.4
      vertex 98.3999 54.6416 40.4
      vertex 98.7787 54.8686 40.4
    endloop
  endfacet
  facet normal -0.514029 0.857773 0
    outer loop
      vertex 98.3999 54.6416 40.4
      vertex 98.7787 54.8686 2.4
      vertex 98.3999 54.6416 2.4
    endloop
  endfacet
  facet normal -0.970036 -0.242962 0
    outer loop
      vertex 96.5938 49.5937 2.4
      vertex 96.4865 50.0221 40.4
      vertex 96.4865 50.0221 2.4
    endloop
  endfacet
  facet normal -0.970036 -0.242962 0
    outer loop
      vertex 96.4865 50.0221 40.4
      vertex 96.5938 49.5937 2.4
      vertex 96.5938 49.5937 40.4
    endloop
  endfacet
  facet normal 0.243175 0.969982 -0
    outer loop
      vertex 102.206 55.2062 2.4
      vertex 101.778 55.3135 40.4
      vertex 102.206 55.2062 40.4
    endloop
  endfacet
  facet normal 0.243175 0.969982 0
    outer loop
      vertex 101.778 55.3135 40.4
      vertex 102.206 55.2062 2.4
      vertex 101.778 55.3135 2.4
    endloop
  endfacet
  facet normal 0.941383 -0.33734 0
    outer loop
      vertex 105.057 49.1779 40.4
      vertex 105.206 49.5937 2.4
      vertex 105.206 49.5937 40.4
    endloop
  endfacet
  facet normal 0.941383 -0.33734 0
    outer loop
      vertex 105.206 49.5937 2.4
      vertex 105.057 49.1779 40.4
      vertex 105.057 49.1779 2.4
    endloop
  endfacet
  facet normal 0.989436 -0.144972 0
    outer loop
      vertex 105.314 50.0221 40.4
      vertex 105.378 50.4589 2.4
      vertex 105.378 50.4589 40.4
    endloop
  endfacet
  facet normal 0.989436 -0.144972 0
    outer loop
      vertex 105.378 50.4589 2.4
      vertex 105.314 50.0221 40.4
      vertex 105.314 50.0221 2.4
    endloop
  endfacet
  facet normal 0.14668 0.989184 -0
    outer loop
      vertex 101.778 55.3135 2.4
      vertex 101.341 55.3783 40.4
      vertex 101.778 55.3135 40.4
    endloop
  endfacet
  facet normal 0.14668 0.989184 0
    outer loop
      vertex 101.341 55.3783 40.4
      vertex 101.778 55.3135 2.4
      vertex 101.341 55.3783 2.4
    endloop
  endfacet
  facet normal -0.427726 0.903908 0
    outer loop
      vertex 99.1779 55.0575 2.4
      vertex 98.7787 54.8686 40.4
      vertex 99.1779 55.0575 40.4
    endloop
  endfacet
  facet normal -0.427726 0.903908 0
    outer loop
      vertex 98.7787 54.8686 40.4
      vertex 99.1779 55.0575 2.4
      vertex 98.7787 54.8686 2.4
    endloop
  endfacet
  facet normal -0.14668 0.989184 0
    outer loop
      vertex 100.459 55.3783 2.4
      vertex 100.022 55.3135 40.4
      vertex 100.459 55.3783 40.4
    endloop
  endfacet
  facet normal -0.14668 0.989184 0
    outer loop
      vertex 100.022 55.3135 40.4
      vertex 100.459 55.3783 2.4
      vertex 100.022 55.3135 2.4
    endloop
  endfacet
  facet normal 0.427901 -0.903825 0
    outer loop
      vertex 102.622 46.7425 2.4
      vertex 103.021 46.9314 40.4
      vertex 102.622 46.7425 40.4
    endloop
  endfacet
  facet normal 0.427901 -0.903825 0
    outer loop
      vertex 103.021 46.9314 40.4
      vertex 102.622 46.7425 2.4
      vertex 103.021 46.9314 2.4
    endloop
  endfacet
  facet normal -0.671488 0.741015 0
    outer loop
      vertex 98.0452 54.3785 2.4
      vertex 97.718 54.082 40.4
      vertex 98.0452 54.3785 40.4
    endloop
  endfacet
  facet normal -0.671488 0.741015 0
    outer loop
      vertex 97.718 54.082 40.4
      vertex 98.0452 54.3785 2.4
      vertex 97.718 54.082 2.4
    endloop
  endfacet
  facet normal 0.857773 -0.514029 0
    outer loop
      vertex 104.642 48.3999 40.4
      vertex 104.869 48.7787 2.4
      vertex 104.869 48.7787 40.4
    endloop
  endfacet
  facet normal 0.857773 -0.514029 0
    outer loop
      vertex 104.869 48.7787 2.4
      vertex 104.642 48.3999 40.4
      vertex 104.642 48.3999 2.4
    endloop
  endfacet
  facet normal -0.595753 0.803168 0
    outer loop
      vertex 98.3999 54.6416 2.4
      vertex 98.0452 54.3785 40.4
      vertex 98.3999 54.6416 40.4
    endloop
  endfacet
  facet normal -0.595753 0.803168 0
    outer loop
      vertex 98.0452 54.3785 40.4
      vertex 98.3999 54.6416 2.4
      vertex 98.0452 54.3785 2.4
    endloop
  endfacet
  facet normal 0.904695 -0.426059 0
    outer loop
      vertex 104.869 48.7787 40.4
      vertex 105.057 49.1779 2.4
      vertex 105.057 49.1779 40.4
    endloop
  endfacet
  facet normal 0.904695 -0.426059 0
    outer loop
      vertex 105.057 49.1779 2.4
      vertex 104.869 48.7787 40.4
      vertex 104.869 48.7787 2.4
    endloop
  endfacet
  facet normal 0.998759 -0.0498134 0
    outer loop
      vertex 105.378 50.4589 40.4
      vertex 105.4 50.9 2.4
      vertex 105.4 50.9 40.4
    endloop
  endfacet
  facet normal 0.998759 -0.0498134 0
    outer loop
      vertex 105.4 50.9 2.4
      vertex 105.378 50.4589 40.4
      vertex 105.378 50.4589 2.4
    endloop
  endfacet
  facet normal -0.741015 0.671488 0
    outer loop
      vertex 97.4215 53.7548 2.4
      vertex 97.718 54.082 40.4
      vertex 97.718 54.082 2.4
    endloop
  endfacet
  facet normal -0.741015 0.671488 0
    outer loop
      vertex 97.718 54.082 40.4
      vertex 97.4215 53.7548 2.4
      vertex 97.4215 53.7548 40.4
    endloop
  endfacet
  facet normal -0.941598 -0.336738 0
    outer loop
      vertex 96.7425 49.1779 2.4
      vertex 96.5938 49.5937 40.4
      vertex 96.5938 49.5937 2.4
    endloop
  endfacet
  facet normal -0.941598 -0.336738 0
    outer loop
      vertex 96.5938 49.5937 40.4
      vertex 96.7425 49.1779 2.4
      vertex 96.7425 49.1779 40.4
    endloop
  endfacet
  facet normal 0.51383 0.857892 -0
    outer loop
      vertex 103.4 54.6416 2.4
      vertex 103.021 54.8686 40.4
      vertex 103.4 54.6416 40.4
    endloop
  endfacet
  facet normal 0.51383 0.857892 0
    outer loop
      vertex 103.021 54.8686 40.4
      vertex 103.4 54.6416 2.4
      vertex 103.021 54.8686 2.4
    endloop
  endfacet
  facet normal 0.595428 0.803409 -0
    outer loop
      vertex 103.755 54.3785 2.4
      vertex 103.4 54.6416 40.4
      vertex 103.755 54.3785 40.4
    endloop
  endfacet
  facet normal 0.595428 0.803409 0
    outer loop
      vertex 103.4 54.6416 40.4
      vertex 103.755 54.3785 2.4
      vertex 103.4 54.6416 2.4
    endloop
  endfacet
  facet normal 0.14668 -0.989184 0
    outer loop
      vertex 101.341 46.4217 2.4
      vertex 101.778 46.4865 40.4
      vertex 101.341 46.4217 40.4
    endloop
  endfacet
  facet normal 0.14668 -0.989184 0
    outer loop
      vertex 101.778 46.4865 40.4
      vertex 101.341 46.4217 2.4
      vertex 101.778 46.4865 2.4
    endloop
  endfacet
  facet normal 0.740452 -0.672109 0
    outer loop
      vertex 104.082 47.718 40.4
      vertex 104.379 48.0452 2.4
      vertex 104.379 48.0452 40.4
    endloop
  endfacet
  facet normal 0.740452 -0.672109 0
    outer loop
      vertex 104.379 48.0452 2.4
      vertex 104.082 47.718 40.4
      vertex 104.082 47.718 2.4
    endloop
  endfacet
  facet normal 0.803276 -0.595607 0
    outer loop
      vertex 104.379 48.0452 40.4
      vertex 104.642 48.3999 2.4
      vertex 104.642 48.3999 40.4
    endloop
  endfacet
  facet normal 0.803276 -0.595607 0
    outer loop
      vertex 104.642 48.3999 2.4
      vertex 104.379 48.0452 40.4
      vertex 104.379 48.0452 2.4
    endloop
  endfacet
  facet normal 0.243175 -0.969982 0
    outer loop
      vertex 101.778 46.4865 2.4
      vertex 102.206 46.5938 40.4
      vertex 101.778 46.4865 40.4
    endloop
  endfacet
  facet normal 0.243175 -0.969982 0
    outer loop
      vertex 102.206 46.5938 40.4
      vertex 101.778 46.4865 2.4
      vertex 102.206 46.5938 2.4
    endloop
  endfacet
  facet normal -0.243015 0.970022 0
    outer loop
      vertex 100.022 55.3135 2.4
      vertex 99.5937 55.2062 40.4
      vertex 100.022 55.3135 40.4
    endloop
  endfacet
  facet normal -0.243015 0.970022 0
    outer loop
      vertex 99.5937 55.2062 40.4
      vertex 100.022 55.3135 2.4
      vertex 99.5937 55.2062 2.4
    endloop
  endfacet
  facet normal 0.803276 0.595607 0
    outer loop
      vertex 104.642 53.4001 40.4
      vertex 104.379 53.7548 2.4
      vertex 104.379 53.7548 40.4
    endloop
  endfacet
  facet normal 0.803276 0.595607 0
    outer loop
      vertex 104.379 53.7548 2.4
      vertex 104.642 53.4001 40.4
      vertex 104.642 53.4001 2.4
    endloop
  endfacet
  facet normal 0.0491469 0.998792 -0
    outer loop
      vertex 101.341 55.3783 2.4
      vertex 100.9 55.4 40.4
      vertex 101.341 55.3783 40.4
    endloop
  endfacet
  facet normal 0.0491469 0.998792 0
    outer loop
      vertex 100.9 55.4 40.4
      vertex 101.341 55.3783 2.4
      vertex 100.9 55.4 2.4
    endloop
  endfacet
  facet normal -0.857773 0.514029 0
    outer loop
      vertex 96.9314 53.0213 2.4
      vertex 97.1584 53.4001 40.4
      vertex 97.1584 53.4001 2.4
    endloop
  endfacet
  facet normal -0.857773 0.514029 0
    outer loop
      vertex 97.1584 53.4001 40.4
      vertex 96.9314 53.0213 2.4
      vertex 96.9314 53.0213 40.4
    endloop
  endfacet
  facet normal 0.427901 0.903825 -0
    outer loop
      vertex 103.021 54.8686 2.4
      vertex 102.622 55.0575 40.4
      vertex 103.021 54.8686 40.4
    endloop
  endfacet
  facet normal 0.427901 0.903825 0
    outer loop
      vertex 102.622 55.0575 40.4
      vertex 103.021 54.8686 2.4
      vertex 102.622 55.0575 2.4
    endloop
  endfacet
  facet normal -0.857773 -0.514029 0
    outer loop
      vertex 97.1584 48.3999 2.4
      vertex 96.9314 48.7787 40.4
      vertex 96.9314 48.7787 2.4
    endloop
  endfacet
  facet normal -0.857773 -0.514029 0
    outer loop
      vertex 96.9314 48.7787 40.4
      vertex 97.1584 48.3999 2.4
      vertex 97.1584 48.3999 40.4
    endloop
  endfacet
  facet normal -0.427726 -0.903908 0
    outer loop
      vertex 98.7787 46.9314 2.4
      vertex 99.1779 46.7425 40.4
      vertex 98.7787 46.9314 40.4
    endloop
  endfacet
  facet normal -0.427726 -0.903908 -0
    outer loop
      vertex 99.1779 46.7425 40.4
      vertex 98.7787 46.9314 2.4
      vertex 99.1779 46.7425 2.4
    endloop
  endfacet
  facet normal -0.741015 -0.671488 0
    outer loop
      vertex 97.718 47.718 2.4
      vertex 97.4215 48.0452 40.4
      vertex 97.4215 48.0452 2.4
    endloop
  endfacet
  facet normal -0.741015 -0.671488 0
    outer loop
      vertex 97.4215 48.0452 40.4
      vertex 97.718 47.718 2.4
      vertex 97.718 47.718 40.4
    endloop
  endfacet
  facet normal -0.336738 0.941598 0
    outer loop
      vertex 99.5937 55.2062 2.4
      vertex 99.1779 55.0575 40.4
      vertex 99.5937 55.2062 40.4
    endloop
  endfacet
  facet normal -0.336738 0.941598 0
    outer loop
      vertex 99.1779 55.0575 40.4
      vertex 99.5937 55.2062 2.4
      vertex 99.1779 55.0575 2.4
    endloop
  endfacet
  facet normal -0.514029 -0.857773 0
    outer loop
      vertex 98.3999 47.1584 2.4
      vertex 98.7787 46.9314 40.4
      vertex 98.3999 47.1584 40.4
    endloop
  endfacet
  facet normal -0.514029 -0.857773 -0
    outer loop
      vertex 98.7787 46.9314 40.4
      vertex 98.3999 47.1584 2.4
      vertex 98.7787 46.9314 2.4
    endloop
  endfacet
  facet normal 0.740452 0.672109 0
    outer loop
      vertex 104.379 53.7548 40.4
      vertex 104.082 54.082 2.4
      vertex 104.082 54.082 40.4
    endloop
  endfacet
  facet normal 0.740452 0.672109 0
    outer loop
      vertex 104.082 54.082 2.4
      vertex 104.379 53.7548 40.4
      vertex 104.379 53.7548 2.4
    endloop
  endfacet
  facet normal 0.595428 -0.803409 0
    outer loop
      vertex 103.4 47.1584 2.4
      vertex 103.755 47.4215 40.4
      vertex 103.4 47.1584 40.4
    endloop
  endfacet
  facet normal 0.595428 -0.803409 0
    outer loop
      vertex 103.755 47.4215 40.4
      vertex 103.4 47.1584 2.4
      vertex 103.755 47.4215 2.4
    endloop
  endfacet
  facet normal -0.941598 0.336738 0
    outer loop
      vertex 96.5938 52.2063 2.4
      vertex 96.7425 52.6221 40.4
      vertex 96.7425 52.6221 2.4
    endloop
  endfacet
  facet normal -0.941598 0.336738 0
    outer loop
      vertex 96.7425 52.6221 40.4
      vertex 96.5938 52.2063 2.4
      vertex 96.5938 52.2063 40.4
    endloop
  endfacet
  facet normal 0.336594 0.94165 -0
    outer loop
      vertex 102.622 55.0575 2.4
      vertex 102.206 55.2062 40.4
      vertex 102.622 55.0575 40.4
    endloop
  endfacet
  facet normal 0.336594 0.94165 0
    outer loop
      vertex 102.206 55.2062 40.4
      vertex 102.622 55.0575 2.4
      vertex 102.206 55.2062 2.4
    endloop
  endfacet
  facet normal -0.803168 -0.595753 0
    outer loop
      vertex 97.4215 48.0452 2.4
      vertex 97.1584 48.3999 40.4
      vertex 97.1584 48.3999 2.4
    endloop
  endfacet
  facet normal -0.803168 -0.595753 0
    outer loop
      vertex 97.1584 48.3999 40.4
      vertex 97.4215 48.0452 2.4
      vertex 97.4215 48.0452 40.4
    endloop
  endfacet
  facet normal -0.970036 0.242962 0
    outer loop
      vertex 96.4865 51.7779 2.4
      vertex 96.5938 52.2063 40.4
      vertex 96.5938 52.2063 2.4
    endloop
  endfacet
  facet normal -0.970036 0.242962 0
    outer loop
      vertex 96.5938 52.2063 40.4
      vertex 96.4865 51.7779 2.4
      vertex 96.4865 51.7779 40.4
    endloop
  endfacet
  facet normal -0.989174 -0.146746 0
    outer loop
      vertex 96.4865 50.0221 2.4
      vertex 96.4217 50.4589 40.4
      vertex 96.4217 50.4589 2.4
    endloop
  endfacet
  facet normal -0.989174 -0.146746 0
    outer loop
      vertex 96.4217 50.4589 40.4
      vertex 96.4865 50.0221 2.4
      vertex 96.4865 50.0221 40.4
    endloop
  endfacet
  facet normal -0.903908 0.427726 0
    outer loop
      vertex 96.7425 52.6221 2.4
      vertex 96.9314 53.0213 40.4
      vertex 96.9314 53.0213 2.4
    endloop
  endfacet
  facet normal -0.903908 0.427726 0
    outer loop
      vertex 96.9314 53.0213 40.4
      vertex 96.7425 52.6221 2.4
      vertex 96.7425 52.6221 40.4
    endloop
  endfacet
  facet normal 0.51383 -0.857892 0
    outer loop
      vertex 103.021 46.9314 2.4
      vertex 103.4 47.1584 40.4
      vertex 103.021 46.9314 40.4
    endloop
  endfacet
  facet normal 0.51383 -0.857892 0
    outer loop
      vertex 103.4 47.1584 40.4
      vertex 103.021 46.9314 2.4
      vertex 103.4 47.1584 2.4
    endloop
  endfacet
  facet normal 0 0 -1
    outer loop
      vertex 102.3 50.9 2.4
      vertex 105.4 50.9 2.4
      vertex 105.378 50.4589 2.4
    endloop
  endfacet
  facet normal 0 0 -1
    outer loop
      vertex 102.293 50.7628 2.4
      vertex 105.378 50.4589 2.4
      vertex 105.314 50.0221 2.4
    endloop
  endfacet
  facet normal 0 0 -1
    outer loop
      vertex 105.4 50.9 2.4
      vertex 102.3 50.9 2.4
      vertex 105.378 51.3411 2.4
    endloop
  endfacet
  facet normal 0 0 -1
    outer loop
      vertex 102.273 50.6269 2.4
      vertex 105.314 50.0221 2.4
      vertex 105.206 49.5937 2.4
    endloop
  endfacet
  facet normal 0 0 -1
    outer loop
      vertex 102.293 51.0372 2.4
      vertex 105.378 51.3411 2.4
      vertex 102.3 50.9 2.4
    endloop
  endfacet
  facet normal 0 0 -1
    outer loop
      vertex 102.24 50.4936 2.4
      vertex 105.206 49.5937 2.4
      vertex 105.057 49.1779 2.4
    endloop
  endfacet
  facet normal -0 0 -1
    outer loop
      vertex 105.378 51.3411 2.4
      vertex 102.293 51.0372 2.4
      vertex 105.314 51.7779 2.4
    endloop
  endfacet
  facet normal 0 0 -1
    outer loop
      vertex 102.193 50.3642 2.4
      vertex 105.057 49.1779 2.4
      vertex 104.869 48.7787 2.4
    endloop
  endfacet
  facet normal 0 0 -1
    outer loop
      vertex 102.273 51.1731 2.4
      vertex 105.314 51.7779 2.4
      vertex 102.293 51.0372 2.4
    endloop
  endfacet
  facet normal 0 0 -1
    outer loop
      vertex 102.135 50.24 2.4
      vertex 104.869 48.7787 2.4
      vertex 104.642 48.3999 2.4
    endloop
  endfacet
  facet normal -0 0 -1
    outer loop
      vertex 105.314 51.7779 2.4
      vertex 102.273 51.1731 2.4
      vertex 105.206 52.2063 2.4
    endloop
  endfacet
  facet normal 0 0 -1
    outer loop
      vertex 102.064 50.1222 2.4
      vertex 104.642 48.3999 2.4
      vertex 104.379 48.0452 2.4
    endloop
  endfacet
  facet normal 0 0 -1
    outer loop
      vertex 102.24 51.3064 2.4
      vertex 105.206 52.2063 2.4
      vertex 102.273 51.1731 2.4
    endloop
  endfacet
  facet normal 0 0 -1
    outer loop
      vertex 101.982 50.0118 2.4
      vertex 104.379 48.0452 2.4
      vertex 104.082 47.718 2.4
    endloop
  endfacet
  facet normal -0 0 -1
    outer loop
      vertex 105.206 52.2063 2.4
      vertex 102.24 51.3064 2.4
      vertex 105.057 52.6221 2.4
    endloop
  endfacet
  facet normal 0 0 -1
    outer loop
      vertex 101.89 49.91 2.4
      vertex 104.082 47.718 2.4
      vertex 103.755 47.4215 2.4
    endloop
  endfacet
  facet normal 0 0 -1
    outer loop
      vertex 102.193 51.4358 2.4
      vertex 105.057 52.6221 2.4
      vertex 102.24 51.3064 2.4
    endloop
  endfacet
  facet normal 0 0 -1
    outer loop
      vertex 101.788 49.8178 2.4
      vertex 103.755 47.4215 2.4
      vertex 103.4 47.1584 2.4
    endloop
  endfacet
  facet normal -0 0 -1
    outer loop
      vertex 105.057 52.6221 2.4
      vertex 102.193 51.4358 2.4
      vertex 104.869 53.0213 2.4
    endloop
  endfacet
  facet normal 0 0 -1
    outer loop
      vertex 101.678 49.7359 2.4
      vertex 103.4 47.1584 2.4
      vertex 103.021 46.9314 2.4
    endloop
  endfacet
  facet normal 0 0 -1
    outer loop
      vertex 102.135 51.56 2.4
      vertex 104.869 53.0213 2.4
      vertex 102.193 51.4358 2.4
    endloop
  endfacet
  facet normal 0 0 -1
    outer loop
      vertex 101.56 49.6653 2.4
      vertex 103.021 46.9314 2.4
      vertex 102.622 46.7425 2.4
    endloop
  endfacet
  facet normal -0 0 -1
    outer loop
      vertex 104.869 53.0213 2.4
      vertex 102.135 51.56 2.4
      vertex 104.642 53.4001 2.4
    endloop
  endfacet
  facet normal 0 0 -1
    outer loop
      vertex 102.064 51.6778 2.4
      vertex 104.642 53.4001 2.4
      vertex 102.135 51.56 2.4
    endloop
  endfacet
  facet normal 0 0 -1
    outer loop
      vertex 105.378 50.4589 2.4
      vertex 102.293 50.7628 2.4
      vertex 102.3 50.9 2.4
    endloop
  endfacet
  facet normal 0 0 -1
    outer loop
      vertex 105.314 50.0221 2.4
      vertex 102.273 50.6269 2.4
      vertex 102.293 50.7628 2.4
    endloop
  endfacet
  facet normal 0 0 -1
    outer loop
      vertex 105.206 49.5937 2.4
      vertex 102.24 50.4936 2.4
      vertex 102.273 50.6269 2.4
    endloop
  endfacet
  facet normal 0 0 -1
    outer loop
      vertex 101.436 49.6066 2.4
      vertex 102.622 46.7425 2.4
      vertex 102.206 46.5938 2.4
    endloop
  endfacet
  facet normal 0 0 -1
    outer loop
      vertex 105.057 49.1779 2.4
      vertex 102.193 50.3642 2.4
      vertex 102.24 50.4936 2.4
    endloop
  endfacet
  facet normal 0 0 -1
    outer loop
      vertex 104.869 48.7787 2.4
      vertex 102.135 50.24 2.4
      vertex 102.193 50.3642 2.4
    endloop
  endfacet
  facet normal 0 0 -1
    outer loop
      vertex 104.642 48.3999 2.4
      vertex 102.064 50.1222 2.4
      vertex 102.135 50.24 2.4
    endloop
  endfacet
  facet normal 0 0 -1
    outer loop
      vertex 104.379 48.0452 2.4
      vertex 101.982 50.0118 2.4
      vertex 102.064 50.1222 2.4
    endloop
  endfacet
  facet normal 0 0 -1
    outer loop
      vertex 104.082 47.718 2.4
      vertex 101.89 49.91 2.4
      vertex 101.982 50.0118 2.4
    endloop
  endfacet
  facet normal 0 0 -1
    outer loop
      vertex 103.755 47.4215 2.4
      vertex 101.788 49.8178 2.4
      vertex 101.89 49.91 2.4
    endloop
  endfacet
  facet normal 0 0 -1
    outer loop
      vertex 101.306 49.5603 2.4
      vertex 102.206 46.5938 2.4
      vertex 101.778 46.4865 2.4
    endloop
  endfacet
  facet normal 0 0 -1
    outer loop
      vertex 103.4 47.1584 2.4
      vertex 101.678 49.7359 2.4
      vertex 101.788 49.8178 2.4
    endloop
  endfacet
  facet normal 0 0 -1
    outer loop
      vertex 103.021 46.9314 2.4
      vertex 101.56 49.6653 2.4
      vertex 101.678 49.7359 2.4
    endloop
  endfacet
  facet normal 0 0 -1
    outer loop
      vertex 102.622 46.7425 2.4
      vertex 101.436 49.6066 2.4
      vertex 101.56 49.6653 2.4
    endloop
  endfacet
  facet normal 0 0 -1
    outer loop
      vertex 101.173 49.5269 2.4
      vertex 101.778 46.4865 2.4
      vertex 101.341 46.4217 2.4
    endloop
  endfacet
  facet normal 0 0 -1
    outer loop
      vertex 102.206 46.5938 2.4
      vertex 101.306 49.5603 2.4
      vertex 101.436 49.6066 2.4
    endloop
  endfacet
  facet normal 0 0 -1
    outer loop
      vertex 101.778 46.4865 2.4
      vertex 101.173 49.5269 2.4
      vertex 101.306 49.5603 2.4
    endloop
  endfacet
  facet normal 0 0 -1
    outer loop
      vertex 101.341 46.4217 2.4
      vertex 101.037 49.5067 2.4
      vertex 101.173 49.5269 2.4
    endloop
  endfacet
  facet normal 0 0 -1
    outer loop
      vertex 100.9 46.4 2.4
      vertex 101.037 49.5067 2.4
      vertex 101.341 46.4217 2.4
    endloop
  endfacet
  facet normal 0 0 -1
    outer loop
      vertex 100.9 46.4 2.4
      vertex 100.9 49.5 2.4
      vertex 101.037 49.5067 2.4
    endloop
  endfacet
  facet normal 0 0 -1
    outer loop
      vertex 100.9 46.4 2.4
      vertex 100.763 49.5067 2.4
      vertex 100.9 49.5 2.4
    endloop
  endfacet
  facet normal 0 0 -1
    outer loop
      vertex 100.459 46.4217 2.4
      vertex 100.763 49.5067 2.4
      vertex 100.9 46.4 2.4
    endloop
  endfacet
  facet normal -0 0 -1
    outer loop
      vertex 100.763 49.5067 2.4
      vertex 100.459 46.4217 2.4
      vertex 100.627 49.5269 2.4
    endloop
  endfacet
  facet normal 0 0 -1
    outer loop
      vertex 100.022 46.4865 2.4
      vertex 100.627 49.5269 2.4
      vertex 100.459 46.4217 2.4
    endloop
  endfacet
  facet normal -0 0 -1
    outer loop
      vertex 100.627 49.5269 2.4
      vertex 100.022 46.4865 2.4
      vertex 100.494 49.5603 2.4
    endloop
  endfacet
  facet normal 0 0 -1
    outer loop
      vertex 99.5937 46.5938 2.4
      vertex 100.494 49.5603 2.4
      vertex 100.022 46.4865 2.4
    endloop
  endfacet
  facet normal -0 0 -1
    outer loop
      vertex 100.494 49.5603 2.4
      vertex 99.5937 46.5938 2.4
      vertex 100.364 49.6066 2.4
    endloop
  endfacet
  facet normal 0 0 -1
    outer loop
      vertex 99.1779 46.7425 2.4
      vertex 100.364 49.6066 2.4
      vertex 99.5937 46.5938 2.4
    endloop
  endfacet
  facet normal -0 0 -1
    outer loop
      vertex 100.364 49.6066 2.4
      vertex 99.1779 46.7425 2.4
      vertex 100.24 49.6653 2.4
    endloop
  endfacet
  facet normal 0 0 -1
    outer loop
      vertex 98.7787 46.9314 2.4
      vertex 100.24 49.6653 2.4
      vertex 99.1779 46.7425 2.4
    endloop
  endfacet
  facet normal -0 0 -1
    outer loop
      vertex 100.24 49.6653 2.4
      vertex 98.7787 46.9314 2.4
      vertex 100.122 49.7359 2.4
    endloop
  endfacet
  facet normal 0 0 -1
    outer loop
      vertex 98.3999 47.1584 2.4
      vertex 100.122 49.7359 2.4
      vertex 98.7787 46.9314 2.4
    endloop
  endfacet
  facet normal -0 0 -1
    outer loop
      vertex 100.122 49.7359 2.4
      vertex 98.3999 47.1584 2.4
      vertex 100.012 49.8178 2.4
    endloop
  endfacet
  facet normal 0 0 -1
    outer loop
      vertex 98.0452 47.4215 2.4
      vertex 100.012 49.8178 2.4
      vertex 98.3999 47.1584 2.4
    endloop
  endfacet
  facet normal -0 0 -1
    outer loop
      vertex 100.012 49.8178 2.4
      vertex 98.0452 47.4215 2.4
      vertex 99.91 49.91 2.4
    endloop
  endfacet
  facet normal 0 0 -1
    outer loop
      vertex 97.718 47.718 2.4
      vertex 99.91 49.91 2.4
      vertex 98.0452 47.4215 2.4
    endloop
  endfacet
  facet normal -0 0 -1
    outer loop
      vertex 99.91 49.91 2.4
      vertex 97.718 47.718 2.4
      vertex 99.8178 50.0118 2.4
    endloop
  endfacet
  facet normal 0 0 -1
    outer loop
      vertex 97.4215 48.0452 2.4
      vertex 99.8178 50.0118 2.4
      vertex 97.718 47.718 2.4
    endloop
  endfacet
  facet normal -0 0 -1
    outer loop
      vertex 99.8178 50.0118 2.4
      vertex 97.4215 48.0452 2.4
      vertex 99.7359 50.1222 2.4
    endloop
  endfacet
  facet normal 0 0 -1
    outer loop
      vertex 97.1584 48.3999 2.4
      vertex 99.7359 50.1222 2.4
      vertex 97.4215 48.0452 2.4
    endloop
  endfacet
  facet normal -0 0 -1
    outer loop
      vertex 104.642 53.4001 2.4
      vertex 102.064 51.6778 2.4
      vertex 104.379 53.7548 2.4
    endloop
  endfacet
  facet normal 0 0 -1
    outer loop
      vertex 101.982 51.7882 2.4
      vertex 104.379 53.7548 2.4
      vertex 102.064 51.6778 2.4
    endloop
  endfacet
  facet normal -0 0 -1
    outer loop
      vertex 104.379 53.7548 2.4
      vertex 101.982 51.7882 2.4
      vertex 104.082 54.082 2.4
    endloop
  endfacet
  facet normal 0 0 -1
    outer loop
      vertex 101.89 51.8899 2.4
      vertex 104.082 54.082 2.4
      vertex 101.982 51.7882 2.4
    endloop
  endfacet
  facet normal -0 0 -1
    outer loop
      vertex 104.082 54.082 2.4
      vertex 101.89 51.8899 2.4
      vertex 103.755 54.3785 2.4
    endloop
  endfacet
  facet normal 0 0 -1
    outer loop
      vertex 101.788 51.9822 2.4
      vertex 103.755 54.3785 2.4
      vertex 101.89 51.8899 2.4
    endloop
  endfacet
  facet normal -0 0 -1
    outer loop
      vertex 103.755 54.3785 2.4
      vertex 101.788 51.9822 2.4
      vertex 103.4 54.6416 2.4
    endloop
  endfacet
  facet normal 0 0 -1
    outer loop
      vertex 101.678 52.0641 2.4
      vertex 103.4 54.6416 2.4
      vertex 101.788 51.9822 2.4
    endloop
  endfacet
  facet normal -0 0 -1
    outer loop
      vertex 103.4 54.6416 2.4
      vertex 101.678 52.0641 2.4
      vertex 103.021 54.8686 2.4
    endloop
  endfacet
  facet normal 0 0 -1
    outer loop
      vertex 101.56 52.1347 2.4
      vertex 103.021 54.8686 2.4
      vertex 101.678 52.0641 2.4
    endloop
  endfacet
  facet normal -0 0 -1
    outer loop
      vertex 103.021 54.8686 2.4
      vertex 101.56 52.1347 2.4
      vertex 102.622 55.0575 2.4
    endloop
  endfacet
  facet normal 0 0 -1
    outer loop
      vertex 101.436 52.1934 2.4
      vertex 102.622 55.0575 2.4
      vertex 101.56 52.1347 2.4
    endloop
  endfacet
  facet normal -0 0 -1
    outer loop
      vertex 102.622 55.0575 2.4
      vertex 101.436 52.1934 2.4
      vertex 102.206 55.2062 2.4
    endloop
  endfacet
  facet normal 0 0 -1
    outer loop
      vertex 101.306 52.2397 2.4
      vertex 102.206 55.2062 2.4
      vertex 101.436 52.1934 2.4
    endloop
  endfacet
  facet normal -0 0 -1
    outer loop
      vertex 102.206 55.2062 2.4
      vertex 101.306 52.2397 2.4
      vertex 101.778 55.3135 2.4
    endloop
  endfacet
  facet normal 0 0 -1
    outer loop
      vertex 101.173 52.2731 2.4
      vertex 101.778 55.3135 2.4
      vertex 101.306 52.2397 2.4
    endloop
  endfacet
  facet normal -0 0 -1
    outer loop
      vertex 101.778 55.3135 2.4
      vertex 101.173 52.2731 2.4
      vertex 101.341 55.3783 2.4
    endloop
  endfacet
  facet normal 0 0 -1
    outer loop
      vertex 101.037 52.2933 2.4
      vertex 101.341 55.3783 2.4
      vertex 101.173 52.2731 2.4
    endloop
  endfacet
  facet normal 0 0 -1
    outer loop
      vertex 100.9 52.3 2.4
      vertex 101.341 55.3783 2.4
      vertex 101.037 52.2933 2.4
    endloop
  endfacet
  facet normal 0 0 -1
    outer loop
      vertex 100.9 52.3 2.4
      vertex 100.9 55.4 2.4
      vertex 101.341 55.3783 2.4
    endloop
  endfacet
  facet normal 0 0 -1
    outer loop
      vertex 100.763 52.2933 2.4
      vertex 100.9 55.4 2.4
      vertex 100.9 52.3 2.4
    endloop
  endfacet
  facet normal 0 0 -1
    outer loop
      vertex 100.459 55.3783 2.4
      vertex 100.763 52.2933 2.4
      vertex 100.627 52.2731 2.4
    endloop
  endfacet
  facet normal 0 0 -1
    outer loop
      vertex 100.022 55.3135 2.4
      vertex 100.627 52.2731 2.4
      vertex 100.494 52.2397 2.4
    endloop
  endfacet
  facet normal 0 0 -1
    outer loop
      vertex 100.763 52.2933 2.4
      vertex 100.459 55.3783 2.4
      vertex 100.9 55.4 2.4
    endloop
  endfacet
  facet normal 0 0 -1
    outer loop
      vertex 99.5937 55.2062 2.4
      vertex 100.494 52.2397 2.4
      vertex 100.364 52.1934 2.4
    endloop
  endfacet
  facet normal 0 0 -1
    outer loop
      vertex 99.1779 55.0575 2.4
      vertex 100.364 52.1934 2.4
      vertex 100.24 52.1347 2.4
    endloop
  endfacet
  facet normal 0 0 -1
    outer loop
      vertex 98.7787 54.8686 2.4
      vertex 100.24 52.1347 2.4
      vertex 100.122 52.0641 2.4
    endloop
  endfacet
  facet normal 0 0 -1
    outer loop
      vertex 100.627 52.2731 2.4
      vertex 100.022 55.3135 2.4
      vertex 100.459 55.3783 2.4
    endloop
  endfacet
  facet normal 0 0 -1
    outer loop
      vertex 98.3999 54.6416 2.4
      vertex 100.122 52.0641 2.4
      vertex 100.012 51.9822 2.4
    endloop
  endfacet
  facet normal 0 0 -1
    outer loop
      vertex 98.0452 54.3785 2.4
      vertex 100.012 51.9822 2.4
      vertex 99.91 51.8899 2.4
    endloop
  endfacet
  facet normal 0 0 -1
    outer loop
      vertex 97.718 54.082 2.4
      vertex 99.91 51.8899 2.4
      vertex 99.8178 51.7882 2.4
    endloop
  endfacet
  facet normal 0 0 -1
    outer loop
      vertex 97.4215 53.7548 2.4
      vertex 99.8178 51.7882 2.4
      vertex 99.7359 51.6778 2.4
    endloop
  endfacet
  facet normal 0 0 -1
    outer loop
      vertex 97.1584 53.4001 2.4
      vertex 99.7359 51.6778 2.4
      vertex 99.6653 51.56 2.4
    endloop
  endfacet
  facet normal 0 0 -1
    outer loop
      vertex 96.9314 53.0213 2.4
      vertex 99.6653 51.56 2.4
      vertex 99.6066 51.4358 2.4
    endloop
  endfacet
  facet normal 0 0 -1
    outer loop
      vertex 100.494 52.2397 2.4
      vertex 99.5937 55.2062 2.4
      vertex 100.022 55.3135 2.4
    endloop
  endfacet
  facet normal 0 0 -1
    outer loop
      vertex 96.7425 52.6221 2.4
      vertex 99.6066 51.4358 2.4
      vertex 99.5603 51.3064 2.4
    endloop
  endfacet
  facet normal 0 0 -1
    outer loop
      vertex 96.5938 52.2063 2.4
      vertex 99.5603 51.3064 2.4
      vertex 99.5269 51.1731 2.4
    endloop
  endfacet
  facet normal 0 0 -1
    outer loop
      vertex 96.4865 51.7779 2.4
      vertex 99.5269 51.1731 2.4
      vertex 99.5067 51.0372 2.4
    endloop
  endfacet
  facet normal 0 0 -1
    outer loop
      vertex 96.4217 51.3411 2.4
      vertex 99.5067 51.0372 2.4
      vertex 99.5 50.9 2.4
    endloop
  endfacet
  facet normal -0 0 -1
    outer loop
      vertex 99.7359 50.1222 2.4
      vertex 97.1584 48.3999 2.4
      vertex 99.6653 50.24 2.4
    endloop
  endfacet
  facet normal 0 0 -1
    outer loop
      vertex 100.364 52.1934 2.4
      vertex 99.1779 55.0575 2.4
      vertex 99.5937 55.2062 2.4
    endloop
  endfacet
  facet normal 0 0 -1
    outer loop
      vertex 96.9314 48.7787 2.4
      vertex 99.6653 50.24 2.4
      vertex 97.1584 48.3999 2.4
    endloop
  endfacet
  facet normal 0 0 -1
    outer loop
      vertex 100.24 52.1347 2.4
      vertex 98.7787 54.8686 2.4
      vertex 99.1779 55.0575 2.4
    endloop
  endfacet
  facet normal -0 0 -1
    outer loop
      vertex 99.6653 50.24 2.4
      vertex 96.9314 48.7787 2.4
      vertex 99.6066 50.3642 2.4
    endloop
  endfacet
  facet normal 0 0 -1
    outer loop
      vertex 100.122 52.0641 2.4
      vertex 98.3999 54.6416 2.4
      vertex 98.7787 54.8686 2.4
    endloop
  endfacet
  facet normal 0 0 -1
    outer loop
      vertex 96.7425 49.1779 2.4
      vertex 99.6066 50.3642 2.4
      vertex 96.9314 48.7787 2.4
    endloop
  endfacet
  facet normal 0 0 -1
    outer loop
      vertex 100.012 51.9822 2.4
      vertex 98.0452 54.3785 2.4
      vertex 98.3999 54.6416 2.4
    endloop
  endfacet
  facet normal -0 0 -1
    outer loop
      vertex 99.6066 50.3642 2.4
      vertex 96.7425 49.1779 2.4
      vertex 99.5603 50.4936 2.4
    endloop
  endfacet
  facet normal 0 0 -1
    outer loop
      vertex 99.91 51.8899 2.4
      vertex 97.718 54.082 2.4
      vertex 98.0452 54.3785 2.4
    endloop
  endfacet
  facet normal 0 0 -1
    outer loop
      vertex 96.5938 49.5937 2.4
      vertex 99.5603 50.4936 2.4
      vertex 96.7425 49.1779 2.4
    endloop
  endfacet
  facet normal 0 0 -1
    outer loop
      vertex 99.8178 51.7882 2.4
      vertex 97.4215 53.7548 2.4
      vertex 97.718 54.082 2.4
    endloop
  endfacet
  facet normal -0 0 -1
    outer loop
      vertex 99.5603 50.4936 2.4
      vertex 96.5938 49.5937 2.4
      vertex 99.5269 50.6269 2.4
    endloop
  endfacet
  facet normal 0 0 -1
    outer loop
      vertex 99.7359 51.6778 2.4
      vertex 97.1584 53.4001 2.4
      vertex 97.4215 53.7548 2.4
    endloop
  endfacet
  facet normal 0 0 -1
    outer loop
      vertex 96.4865 50.0221 2.4
      vertex 99.5269 50.6269 2.4
      vertex 96.5938 49.5937 2.4
    endloop
  endfacet
  facet normal 0 0 -1
    outer loop
      vertex 99.6653 51.56 2.4
      vertex 96.9314 53.0213 2.4
      vertex 97.1584 53.4001 2.4
    endloop
  endfacet
  facet normal -0 0 -1
    outer loop
      vertex 99.5269 50.6269 2.4
      vertex 96.4865 50.0221 2.4
      vertex 99.5067 50.7628 2.4
    endloop
  endfacet
  facet normal 0 0 -1
    outer loop
      vertex 99.6066 51.4358 2.4
      vertex 96.7425 52.6221 2.4
      vertex 96.9314 53.0213 2.4
    endloop
  endfacet
  facet normal 0 0 -1
    outer loop
      vertex 96.4217 50.4589 2.4
      vertex 99.5067 50.7628 2.4
      vertex 96.4865 50.0221 2.4
    endloop
  endfacet
  facet normal 0 0 -1
    outer loop
      vertex 99.5603 51.3064 2.4
      vertex 96.5938 52.2063 2.4
      vertex 96.7425 52.6221 2.4
    endloop
  endfacet
  facet normal -0 0 -1
    outer loop
      vertex 99.5067 50.7628 2.4
      vertex 96.4217 50.4589 2.4
      vertex 99.5 50.9 2.4
    endloop
  endfacet
  facet normal 0 0 -1
    outer loop
      vertex 99.5269 51.1731 2.4
      vertex 96.4865 51.7779 2.4
      vertex 96.5938 52.2063 2.4
    endloop
  endfacet
  facet normal 0 0 -1
    outer loop
      vertex 96.4 50.9 2.4
      vertex 99.5 50.9 2.4
      vertex 96.4217 50.4589 2.4
    endloop
  endfacet
  facet normal 0 0 -1
    outer loop
      vertex 99.5067 51.0372 2.4
      vertex 96.4217 51.3411 2.4
      vertex 96.4865 51.7779 2.4
    endloop
  endfacet
  facet normal 0 0 -1
    outer loop
      vertex 99.5 50.9 2.4
      vertex 96.4 50.9 2.4
      vertex 96.4217 51.3411 2.4
    endloop
  endfacet
  facet normal -0.671488 -0.741015 0
    outer loop
      vertex 97.718 47.718 2.4
      vertex 98.0452 47.4215 40.4
      vertex 97.718 47.718 40.4
    endloop
  endfacet
  facet normal -0.671488 -0.741015 -0
    outer loop
      vertex 98.0452 47.4215 40.4
      vertex 97.718 47.718 2.4
      vertex 98.0452 47.4215 2.4
    endloop
  endfacet
  facet normal -0.803168 0.595753 0
    outer loop
      vertex 97.1584 53.4001 2.4
      vertex 97.4215 53.7548 40.4
      vertex 97.4215 53.7548 2.4
    endloop
  endfacet
  facet normal -0.803168 0.595753 0
    outer loop
      vertex 97.4215 53.7548 40.4
      vertex 97.1584 53.4001 2.4
      vertex 97.1584 53.4001 40.4
    endloop
  endfacet
  facet normal -0.0491469 -0.998792 0
    outer loop
      vertex 100.459 46.4217 2.4
      vertex 100.9 46.4 40.4
      vertex 100.459 46.4217 40.4
    endloop
  endfacet
  facet normal -0.0491469 -0.998792 -0
    outer loop
      vertex 100.9 46.4 40.4
      vertex 100.459 46.4217 2.4
      vertex 100.9 46.4 2.4
    endloop
  endfacet
  facet normal -0.14668 -0.989184 0
    outer loop
      vertex 100.022 46.4865 2.4
      vertex 100.459 46.4217 40.4
      vertex 100.022 46.4865 40.4
    endloop
  endfacet
  facet normal -0.14668 -0.989184 -0
    outer loop
      vertex 100.459 46.4217 40.4
      vertex 100.022 46.4865 2.4
      vertex 100.459 46.4217 2.4
    endloop
  endfacet
  facet normal -0.989174 0.146746 0
    outer loop
      vertex 96.4217 51.3411 2.4
      vertex 96.4865 51.7779 40.4
      vertex 96.4865 51.7779 2.4
    endloop
  endfacet
  facet normal -0.989174 0.146746 0
    outer loop
      vertex 96.4865 51.7779 40.4
      vertex 96.4217 51.3411 2.4
      vertex 96.4217 51.3411 40.4
    endloop
  endfacet
  facet normal -0.998792 0.0491358 0
    outer loop
      vertex 96.4 50.9 2.4
      vertex 96.4217 51.3411 40.4
      vertex 96.4217 51.3411 2.4
    endloop
  endfacet
  facet normal -0.998792 0.0491358 0
    outer loop
      vertex 96.4217 51.3411 40.4
      vertex 96.4 50.9 2.4
      vertex 96.4 50.9 40.4
    endloop
  endfacet
  facet normal -0.336738 -0.941598 0
    outer loop
      vertex 99.1779 46.7425 2.4
      vertex 99.5937 46.5938 40.4
      vertex 99.1779 46.7425 40.4
    endloop
  endfacet
  facet normal -0.336738 -0.941598 -0
    outer loop
      vertex 99.5937 46.5938 40.4
      vertex 99.1779 46.7425 2.4
      vertex 99.5937 46.5938 2.4
    endloop
  endfacet
  facet normal 0.671714 -0.740811 0
    outer loop
      vertex 103.755 47.4215 2.4
      vertex 104.082 47.718 40.4
      vertex 103.755 47.4215 40.4
    endloop
  endfacet
  facet normal 0.671714 -0.740811 0
    outer loop
      vertex 104.082 47.718 40.4
      vertex 103.755 47.4215 2.4
      vertex 104.082 47.718 2.4
    endloop
  endfacet
  facet normal 0 0 1
    outer loop
      vertex 102.3 50.9 40.4
      vertex 105.4 50.9 40.4
      vertex 105.378 51.3411 40.4
    endloop
  endfacet
  facet normal 0 0 1
    outer loop
      vertex 102.293 51.0372 40.4
      vertex 105.378 51.3411 40.4
      vertex 105.314 51.7779 40.4
    endloop
  endfacet
  facet normal 0 0 1
    outer loop
      vertex 105.4 50.9 40.4
      vertex 102.3 50.9 40.4
      vertex 105.378 50.4589 40.4
    endloop
  endfacet
  facet normal 0 0 1
    outer loop
      vertex 102.273 51.1731 40.4
      vertex 105.314 51.7779 40.4
      vertex 105.206 52.2063 40.4
    endloop
  endfacet
  facet normal -0 0 1
    outer loop
      vertex 102.293 50.7628 40.4
      vertex 105.378 50.4589 40.4
      vertex 102.3 50.9 40.4
    endloop
  endfacet
  facet normal 0 0 1
    outer loop
      vertex 102.24 51.3064 40.4
      vertex 105.206 52.2063 40.4
      vertex 105.057 52.6221 40.4
    endloop
  endfacet
  facet normal 0 0 1
    outer loop
      vertex 105.378 50.4589 40.4
      vertex 102.293 50.7628 40.4
      vertex 105.314 50.0221 40.4
    endloop
  endfacet
  facet normal 0 0 1
    outer loop
      vertex 102.193 51.4358 40.4
      vertex 105.057 52.6221 40.4
      vertex 104.869 53.0213 40.4
    endloop
  endfacet
  facet normal -0 0 1
    outer loop
      vertex 102.273 50.6269 40.4
      vertex 105.314 50.0221 40.4
      vertex 102.293 50.7628 40.4
    endloop
  endfacet
  facet normal 0 0 1
    outer loop
      vertex 102.135 51.56 40.4
      vertex 104.869 53.0213 40.4
      vertex 104.642 53.4001 40.4
    endloop
  endfacet
  facet normal 0 0 1
    outer loop
      vertex 105.314 50.0221 40.4
      vertex 102.273 50.6269 40.4
      vertex 105.206 49.5937 40.4
    endloop
  endfacet
  facet normal 0 0 1
    outer loop
      vertex 102.064 51.6778 40.4
      vertex 104.642 53.4001 40.4
      vertex 104.379 53.7548 40.4
    endloop
  endfacet
  facet normal -0 0 1
    outer loop
      vertex 102.24 50.4936 40.4
      vertex 105.206 49.5937 40.4
      vertex 102.273 50.6269 40.4
    endloop
  endfacet
  facet normal 0 0 1
    outer loop
      vertex 101.982 51.7882 40.4
      vertex 104.379 53.7548 40.4
      vertex 104.082 54.082 40.4
    endloop
  endfacet
  facet normal 0 0 1
    outer loop
      vertex 105.206 49.5937 40.4
      vertex 102.24 50.4936 40.4
      vertex 105.057 49.1779 40.4
    endloop
  endfacet
  facet normal 0 0 1
    outer loop
      vertex 101.89 51.8899 40.4
      vertex 104.082 54.082 40.4
      vertex 103.755 54.3785 40.4
    endloop
  endfacet
  facet normal -0 0 1
    outer loop
      vertex 102.193 50.3642 40.4
      vertex 105.057 49.1779 40.4
      vertex 102.24 50.4936 40.4
    endloop
  endfacet
  facet normal 0 0 1
    outer loop
      vertex 101.788 51.9822 40.4
      vertex 103.755 54.3785 40.4
      vertex 103.4 54.6416 40.4
    endloop
  endfacet
  facet normal 0 0 1
    outer loop
      vertex 105.057 49.1779 40.4
      vertex 102.193 50.3642 40.4
      vertex 104.869 48.7787 40.4
    endloop
  endfacet
  facet normal 0 0 1
    outer loop
      vertex 101.678 52.0641 40.4
      vertex 103.4 54.6416 40.4
      vertex 103.021 54.8686 40.4
    endloop
  endfacet
  facet normal -0 0 1
    outer loop
      vertex 102.135 50.24 40.4
      vertex 104.869 48.7787 40.4
      vertex 102.193 50.3642 40.4
    endloop
  endfacet
  facet normal 0 0 1
    outer loop
      vertex 101.56 52.1347 40.4
      vertex 103.021 54.8686 40.4
      vertex 102.622 55.0575 40.4
    endloop
  endfacet
  facet normal 0 0 1
    outer loop
      vertex 104.869 48.7787 40.4
      vertex 102.135 50.24 40.4
      vertex 104.642 48.3999 40.4
    endloop
  endfacet
  facet normal -0 0 1
    outer loop
      vertex 102.064 50.1222 40.4
      vertex 104.642 48.3999 40.4
      vertex 102.135 50.24 40.4
    endloop
  endfacet
  facet normal 0 0 1
    outer loop
      vertex 105.378 51.3411 40.4
      vertex 102.293 51.0372 40.4
      vertex 102.3 50.9 40.4
    endloop
  endfacet
  facet normal 0 0 1
    outer loop
      vertex 105.314 51.7779 40.4
      vertex 102.273 51.1731 40.4
      vertex 102.293 51.0372 40.4
    endloop
  endfacet
  facet normal 0 0 1
    outer loop
      vertex 105.206 52.2063 40.4
      vertex 102.24 51.3064 40.4
      vertex 102.273 51.1731 40.4
    endloop
  endfacet
  facet normal 0 0 1
    outer loop
      vertex 101.436 52.1934 40.4
      vertex 102.622 55.0575 40.4
      vertex 102.206 55.2062 40.4
    endloop
  endfacet
  facet normal 0 0 1
    outer loop
      vertex 105.057 52.6221 40.4
      vertex 102.193 51.4358 40.4
      vertex 102.24 51.3064 40.4
    endloop
  endfacet
  facet normal 0 0 1
    outer loop
      vertex 104.869 53.0213 40.4
      vertex 102.135 51.56 40.4
      vertex 102.193 51.4358 40.4
    endloop
  endfacet
  facet normal 0 0 1
    outer loop
      vertex 104.642 53.4001 40.4
      vertex 102.064 51.6778 40.4
      vertex 102.135 51.56 40.4
    endloop
  endfacet
  facet normal 0 0 1
    outer loop
      vertex 104.379 53.7548 40.4
      vertex 101.982 51.7882 40.4
      vertex 102.064 51.6778 40.4
    endloop
  endfacet
  facet normal 0 0 1
    outer loop
      vertex 104.082 54.082 40.4
      vertex 101.89 51.8899 40.4
      vertex 101.982 51.7882 40.4
    endloop
  endfacet
  facet normal 0 0 1
    outer loop
      vertex 103.755 54.3785 40.4
      vertex 101.788 51.9822 40.4
      vertex 101.89 51.8899 40.4
    endloop
  endfacet
  facet normal 0 0 1
    outer loop
      vertex 101.306 52.2397 40.4
      vertex 102.206 55.2062 40.4
      vertex 101.778 55.3135 40.4
    endloop
  endfacet
  facet normal 0 0 1
    outer loop
      vertex 103.4 54.6416 40.4
      vertex 101.678 52.0641 40.4
      vertex 101.788 51.9822 40.4
    endloop
  endfacet
  facet normal 0 0 1
    outer loop
      vertex 103.021 54.8686 40.4
      vertex 101.56 52.1347 40.4
      vertex 101.678 52.0641 40.4
    endloop
  endfacet
  facet normal 0 0 1
    outer loop
      vertex 102.622 55.0575 40.4
      vertex 101.436 52.1934 40.4
      vertex 101.56 52.1347 40.4
    endloop
  endfacet
  facet normal 0 0 1
    outer loop
      vertex 101.173 52.2731 40.4
      vertex 101.778 55.3135 40.4
      vertex 101.341 55.3783 40.4
    endloop
  endfacet
  facet normal 0 0 1
    outer loop
      vertex 102.206 55.2062 40.4
      vertex 101.306 52.2397 40.4
      vertex 101.436 52.1934 40.4
    endloop
  endfacet
  facet normal 0 0 1
    outer loop
      vertex 101.778 55.3135 40.4
      vertex 101.173 52.2731 40.4
      vertex 101.306 52.2397 40.4
    endloop
  endfacet
  facet normal 0 0 1
    outer loop
      vertex 101.341 55.3783 40.4
      vertex 101.037 52.2933 40.4
      vertex 101.173 52.2731 40.4
    endloop
  endfacet
  facet normal 0 0 1
    outer loop
      vertex 100.9 55.4 40.4
      vertex 101.037 52.2933 40.4
      vertex 101.341 55.3783 40.4
    endloop
  endfacet
  facet normal 0 0 1
    outer loop
      vertex 100.9 55.4 40.4
      vertex 100.9 52.3 40.4
      vertex 101.037 52.2933 40.4
    endloop
  endfacet
  facet normal 0 0 1
    outer loop
      vertex 100.9 55.4 40.4
      vertex 100.763 52.2933 40.4
      vertex 100.9 52.3 40.4
    endloop
  endfacet
  facet normal -0 0 1
    outer loop
      vertex 100.459 55.3783 40.4
      vertex 100.763 52.2933 40.4
      vertex 100.9 55.4 40.4
    endloop
  endfacet
  facet normal 0 0 1
    outer loop
      vertex 100.763 52.2933 40.4
      vertex 100.459 55.3783 40.4
      vertex 100.627 52.2731 40.4
    endloop
  endfacet
  facet normal -0 0 1
    outer loop
      vertex 100.022 55.3135 40.4
      vertex 100.627 52.2731 40.4
      vertex 100.459 55.3783 40.4
    endloop
  endfacet
  facet normal 0 0 1
    outer loop
      vertex 100.627 52.2731 40.4
      vertex 100.022 55.3135 40.4
      vertex 100.494 52.2397 40.4
    endloop
  endfacet
  facet normal -0 0 1
    outer loop
      vertex 99.5937 55.2062 40.4
      vertex 100.494 52.2397 40.4
      vertex 100.022 55.3135 40.4
    endloop
  endfacet
  facet normal 0 0 1
    outer loop
      vertex 100.494 52.2397 40.4
      vertex 99.5937 55.2062 40.4
      vertex 100.364 52.1934 40.4
    endloop
  endfacet
  facet normal -0 0 1
    outer loop
      vertex 99.1779 55.0575 40.4
      vertex 100.364 52.1934 40.4
      vertex 99.5937 55.2062 40.4
    endloop
  endfacet
  facet normal 0 0 1
    outer loop
      vertex 100.364 52.1934 40.4
      vertex 99.1779 55.0575 40.4
      vertex 100.24 52.1347 40.4
    endloop
  endfacet
  facet normal -0 0 1
    outer loop
      vertex 98.7787 54.8686 40.4
      vertex 100.24 52.1347 40.4
      vertex 99.1779 55.0575 40.4
    endloop
  endfacet
  facet normal 0 0 1
    outer loop
      vertex 100.24 52.1347 40.4
      vertex 98.7787 54.8686 40.4
      vertex 100.122 52.0641 40.4
    endloop
  endfacet
  facet normal -0 0 1
    outer loop
      vertex 98.3999 54.6416 40.4
      vertex 100.122 52.0641 40.4
      vertex 98.7787 54.8686 40.4
    endloop
  endfacet
  facet normal 0 0 1
    outer loop
      vertex 100.122 52.0641 40.4
      vertex 98.3999 54.6416 40.4
      vertex 100.012 51.9822 40.4
    endloop
  endfacet
  facet normal -0 0 1
    outer loop
      vertex 98.0452 54.3785 40.4
      vertex 100.012 51.9822 40.4
      vertex 98.3999 54.6416 40.4
    endloop
  endfacet
  facet normal 0 0 1
    outer loop
      vertex 100.012 51.9822 40.4
      vertex 98.0452 54.3785 40.4
      vertex 99.91 51.8899 40.4
    endloop
  endfacet
  facet normal -0 0 1
    outer loop
      vertex 97.718 54.082 40.4
      vertex 99.91 51.8899 40.4
      vertex 98.0452 54.3785 40.4
    endloop
  endfacet
  facet normal 0 0 1
    outer loop
      vertex 99.91 51.8899 40.4
      vertex 97.718 54.082 40.4
      vertex 99.8178 51.7882 40.4
    endloop
  endfacet
  facet normal -0 0 1
    outer loop
      vertex 97.4215 53.7548 40.4
      vertex 99.8178 51.7882 40.4
      vertex 97.718 54.082 40.4
    endloop
  endfacet
  facet normal 0 0 1
    outer loop
      vertex 99.8178 51.7882 40.4
      vertex 97.4215 53.7548 40.4
      vertex 99.7359 51.6778 40.4
    endloop
  endfacet
  facet normal -0 0 1
    outer loop
      vertex 97.1584 53.4001 40.4
      vertex 99.7359 51.6778 40.4
      vertex 97.4215 53.7548 40.4
    endloop
  endfacet
  facet normal 0 0 1
    outer loop
      vertex 104.642 48.3999 40.4
      vertex 102.064 50.1222 40.4
      vertex 104.379 48.0452 40.4
    endloop
  endfacet
  facet normal -0 0 1
    outer loop
      vertex 101.982 50.0118 40.4
      vertex 104.379 48.0452 40.4
      vertex 102.064 50.1222 40.4
    endloop
  endfacet
  facet normal 0 0 1
    outer loop
      vertex 104.379 48.0452 40.4
      vertex 101.982 50.0118 40.4
      vertex 104.082 47.718 40.4
    endloop
  endfacet
  facet normal -0 0 1
    outer loop
      vertex 101.89 49.91 40.4
      vertex 104.082 47.718 40.4
      vertex 101.982 50.0118 40.4
    endloop
  endfacet
  facet normal 0 0 1
    outer loop
      vertex 104.082 47.718 40.4
      vertex 101.89 49.91 40.4
      vertex 103.755 47.4215 40.4
    endloop
  endfacet
  facet normal -0 0 1
    outer loop
      vertex 101.788 49.8178 40.4
      vertex 103.755 47.4215 40.4
      vertex 101.89 49.91 40.4
    endloop
  endfacet
  facet normal 0 0 1
    outer loop
      vertex 103.755 47.4215 40.4
      vertex 101.788 49.8178 40.4
      vertex 103.4 47.1584 40.4
    endloop
  endfacet
  facet normal -0 0 1
    outer loop
      vertex 101.678 49.7359 40.4
      vertex 103.4 47.1584 40.4
      vertex 101.788 49.8178 40.4
    endloop
  endfacet
  facet normal 0 0 1
    outer loop
      vertex 103.4 47.1584 40.4
      vertex 101.678 49.7359 40.4
      vertex 103.021 46.9314 40.4
    endloop
  endfacet
  facet normal -0 0 1
    outer loop
      vertex 101.56 49.6653 40.4
      vertex 103.021 46.9314 40.4
      vertex 101.678 49.7359 40.4
    endloop
  endfacet
  facet normal 0 0 1
    outer loop
      vertex 103.021 46.9314 40.4
      vertex 101.56 49.6653 40.4
      vertex 102.622 46.7425 40.4
    endloop
  endfacet
  facet normal -0 0 1
    outer loop
      vertex 101.436 49.6066 40.4
      vertex 102.622 46.7425 40.4
      vertex 101.56 49.6653 40.4
    endloop
  endfacet
  facet normal 0 0 1
    outer loop
      vertex 102.622 46.7425 40.4
      vertex 101.436 49.6066 40.4
      vertex 102.206 46.5938 40.4
    endloop
  endfacet
  facet normal -0 0 1
    outer loop
      vertex 101.306 49.5603 40.4
      vertex 102.206 46.5938 40.4
      vertex 101.436 49.6066 40.4
    endloop
  endfacet
  facet normal 0 0 1
    outer loop
      vertex 102.206 46.5938 40.4
      vertex 101.306 49.5603 40.4
      vertex 101.778 46.4865 40.4
    endloop
  endfacet
  facet normal -0 0 1
    outer loop
      vertex 101.173 49.5269 40.4
      vertex 101.778 46.4865 40.4
      vertex 101.306 49.5603 40.4
    endloop
  endfacet
  facet normal 0 0 1
    outer loop
      vertex 101.778 46.4865 40.4
      vertex 101.173 49.5269 40.4
      vertex 101.341 46.4217 40.4
    endloop
  endfacet
  facet normal -0 0 1
    outer loop
      vertex 101.037 49.5067 40.4
      vertex 101.341 46.4217 40.4
      vertex 101.173 49.5269 40.4
    endloop
  endfacet
  facet normal -0 0 1
    outer loop
      vertex 100.9 49.5 40.4
      vertex 101.341 46.4217 40.4
      vertex 101.037 49.5067 40.4
    endloop
  endfacet
  facet normal 0 0 1
    outer loop
      vertex 100.9 49.5 40.4
      vertex 100.9 46.4 40.4
      vertex 101.341 46.4217 40.4
    endloop
  endfacet
  facet normal 0 0 1
    outer loop
      vertex 100.763 49.5067 40.4
      vertex 100.9 46.4 40.4
      vertex 100.9 49.5 40.4
    endloop
  endfacet
  facet normal 0 0 1
    outer loop
      vertex 100.459 46.4217 40.4
      vertex 100.763 49.5067 40.4
      vertex 100.627 49.5269 40.4
    endloop
  endfacet
  facet normal 0 0 1
    outer loop
      vertex 100.022 46.4865 40.4
      vertex 100.627 49.5269 40.4
      vertex 100.494 49.5603 40.4
    endloop
  endfacet
  facet normal 0 0 1
    outer loop
      vertex 100.763 49.5067 40.4
      vertex 100.459 46.4217 40.4
      vertex 100.9 46.4 40.4
    endloop
  endfacet
  facet normal 0 0 1
    outer loop
      vertex 99.5937 46.5938 40.4
      vertex 100.494 49.5603 40.4
      vertex 100.364 49.6066 40.4
    endloop
  endfacet
  facet normal 0 0 1
    outer loop
      vertex 99.1779 46.7425 40.4
      vertex 100.364 49.6066 40.4
      vertex 100.24 49.6653 40.4
    endloop
  endfacet
  facet normal 0 0 1
    outer loop
      vertex 98.7787 46.9314 40.4
      vertex 100.24 49.6653 40.4
      vertex 100.122 49.7359 40.4
    endloop
  endfacet
  facet normal 0 0 1
    outer loop
      vertex 100.627 49.5269 40.4
      vertex 100.022 46.4865 40.4
      vertex 100.459 46.4217 40.4
    endloop
  endfacet
  facet normal 0 0 1
    outer loop
      vertex 98.3999 47.1584 40.4
      vertex 100.122 49.7359 40.4
      vertex 100.012 49.8178 40.4
    endloop
  endfacet
  facet normal 0 0 1
    outer loop
      vertex 98.0452 47.4215 40.4
      vertex 100.012 49.8178 40.4
      vertex 99.91 49.91 40.4
    endloop
  endfacet
  facet normal 0 0 1
    outer loop
      vertex 97.718 47.718 40.4
      vertex 99.91 49.91 40.4
      vertex 99.8178 50.0118 40.4
    endloop
  endfacet
  facet normal 0 0 1
    outer loop
      vertex 97.4215 48.0452 40.4
      vertex 99.8178 50.0118 40.4
      vertex 99.7359 50.1222 40.4
    endloop
  endfacet
  facet normal 0 0 1
    outer loop
      vertex 97.1584 48.3999 40.4
      vertex 99.7359 50.1222 40.4
      vertex 99.6653 50.24 40.4
    endloop
  endfacet
  facet normal 0 0 1
    outer loop
      vertex 96.9314 48.7787 40.4
      vertex 99.6653 50.24 40.4
      vertex 99.6066 50.3642 40.4
    endloop
  endfacet
  facet normal 0 0 1
    outer loop
      vertex 100.494 49.5603 40.4
      vertex 99.5937 46.5938 40.4
      vertex 100.022 46.4865 40.4
    endloop
  endfacet
  facet normal 0 0 1
    outer loop
      vertex 96.7425 49.1779 40.4
      vertex 99.6066 50.3642 40.4
      vertex 99.5603 50.4936 40.4
    endloop
  endfacet
  facet normal 0 0 1
    outer loop
      vertex 96.5938 49.5937 40.4
      vertex 99.5603 50.4936 40.4
      vertex 99.5269 50.6269 40.4
    endloop
  endfacet
  facet normal 0 0 1
    outer loop
      vertex 96.4865 50.0221 40.4
      vertex 99.5269 50.6269 40.4
      vertex 99.5067 50.7628 40.4
    endloop
  endfacet
  facet normal 0 0 1
    outer loop
      vertex 96.4217 50.4589 40.4
      vertex 99.5067 50.7628 40.4
      vertex 99.5 50.9 40.4
    endloop
  endfacet
  facet normal 0 0 1
    outer loop
      vertex 99.7359 51.6778 40.4
      vertex 97.1584 53.4001 40.4
      vertex 99.6653 51.56 40.4
    endloop
  endfacet
  facet normal 0 0 1
    outer loop
      vertex 100.364 49.6066 40.4
      vertex 99.1779 46.7425 40.4
      vertex 99.5937 46.5938 40.4
    endloop
  endfacet
  facet normal -0 0 1
    outer loop
      vertex 96.9314 53.0213 40.4
      vertex 99.6653 51.56 40.4
      vertex 97.1584 53.4001 40.4
    endloop
  endfacet
  facet normal 0 0 1
    outer loop
      vertex 100.24 49.6653 40.4
      vertex 98.7787 46.9314 40.4
      vertex 99.1779 46.7425 40.4
    endloop
  endfacet
  facet normal 0 0 1
    outer loop
      vertex 99.6653 51.56 40.4
      vertex 96.9314 53.0213 40.4
      vertex 99.6066 51.4358 40.4
    endloop
  endfacet
  facet normal 0 0 1
    outer loop
      vertex 100.122 49.7359 40.4
      vertex 98.3999 47.1584 40.4
      vertex 98.7787 46.9314 40.4
    endloop
  endfacet
  facet normal -0 0 1
    outer loop
      vertex 96.7425 52.6221 40.4
      vertex 99.6066 51.4358 40.4
      vertex 96.9314 53.0213 40.4
    endloop
  endfacet
  facet normal 0 0 1
    outer loop
      vertex 100.012 49.8178 40.4
      vertex 98.0452 47.4215 40.4
      vertex 98.3999 47.1584 40.4
    endloop
  endfacet
  facet normal 0 0 1
    outer loop
      vertex 99.6066 51.4358 40.4
      vertex 96.7425 52.6221 40.4
      vertex 99.5603 51.3064 40.4
    endloop
  endfacet
  facet normal 0 0 1
    outer loop
      vertex 99.91 49.91 40.4
      vertex 97.718 47.718 40.4
      vertex 98.0452 47.4215 40.4
    endloop
  endfacet
  facet normal -0 0 1
    outer loop
      vertex 96.5938 52.2063 40.4
      vertex 99.5603 51.3064 40.4
      vertex 96.7425 52.6221 40.4
    endloop
  endfacet
  facet normal 0 0 1
    outer loop
      vertex 99.8178 50.0118 40.4
      vertex 97.4215 48.0452 40.4
      vertex 97.718 47.718 40.4
    endloop
  endfacet
  facet normal 0 0 1
    outer loop
      vertex 99.5603 51.3064 40.4
      vertex 96.5938 52.2063 40.4
      vertex 99.5269 51.1731 40.4
    endloop
  endfacet
  facet normal 0 0 1
    outer loop
      vertex 99.7359 50.1222 40.4
      vertex 97.1584 48.3999 40.4
      vertex 97.4215 48.0452 40.4
    endloop
  endfacet
  facet normal -0 0 1
    outer loop
      vertex 96.4865 51.7779 40.4
      vertex 99.5269 51.1731 40.4
      vertex 96.5938 52.2063 40.4
    endloop
  endfacet
  facet normal 0 0 1
    outer loop
      vertex 99.6653 50.24 40.4
      vertex 96.9314 48.7787 40.4
      vertex 97.1584 48.3999 40.4
    endloop
  endfacet
  facet normal 0 0 1
    outer loop
      vertex 99.5269 51.1731 40.4
      vertex 96.4865 51.7779 40.4
      vertex 99.5067 51.0372 40.4
    endloop
  endfacet
  facet normal 0 0 1
    outer loop
      vertex 99.6066 50.3642 40.4
      vertex 96.7425 49.1779 40.4
      vertex 96.9314 48.7787 40.4
    endloop
  endfacet
  facet normal -0 0 1
    outer loop
      vertex 96.4217 51.3411 40.4
      vertex 99.5067 51.0372 40.4
      vertex 96.4865 51.7779 40.4
    endloop
  endfacet
  facet normal 0 0 1
    outer loop
      vertex 99.5603 50.4936 40.4
      vertex 96.5938 49.5937 40.4
      vertex 96.7425 49.1779 40.4
    endloop
  endfacet
  facet normal 0 0 1
    outer loop
      vertex 99.5067 51.0372 40.4
      vertex 96.4217 51.3411 40.4
      vertex 99.5 50.9 40.4
    endloop
  endfacet
  facet normal 0 0 1
    outer loop
      vertex 99.5269 50.6269 40.4
      vertex 96.4865 50.0221 40.4
      vertex 96.5938 49.5937 40.4
    endloop
  endfacet
  facet normal 0 0 1
    outer loop
      vertex 96.4 50.9 40.4
      vertex 99.5 50.9 40.4
      vertex 96.4217 51.3411 40.4
    endloop
  endfacet
  facet normal 0 0 1
    outer loop
      vertex 99.5067 50.7628 40.4
      vertex 96.4217 50.4589 40.4
      vertex 96.4865 50.0221 40.4
    endloop
  endfacet
  facet normal 0 0 1
    outer loop
      vertex 99.5 50.9 40.4
      vertex 96.4 50.9 40.4
      vertex 96.4217 50.4589 40.4
    endloop
  endfacet
  facet normal -0.989344 -0.145599 0
    outer loop
      vertex 102.293 51.0372 2.4
      vertex 102.273 51.1731 40.4
      vertex 102.273 51.1731 2.4
    endloop
  endfacet
  facet normal -0.989344 -0.145599 0
    outer loop
      vertex 102.273 51.1731 40.4
      vertex 102.293 51.0372 2.4
      vertex 102.293 51.0372 40.4
    endloop
  endfacet
  facet normal -0.998701 -0.0509541 0
    outer loop
      vertex 102.3 50.9 2.4
      vertex 102.293 51.0372 40.4
      vertex 102.293 51.0372 2.4
    endloop
  endfacet
  facet normal -0.998701 -0.0509541 0
    outer loop
      vertex 102.293 51.0372 40.4
      vertex 102.3 50.9 2.4
      vertex 102.3 50.9 40.4
    endloop
  endfacet
  facet normal -0.970697 -0.240308 0
    outer loop
      vertex 102.273 51.1731 2.4
      vertex 102.24 51.3064 40.4
      vertex 102.24 51.3064 2.4
    endloop
  endfacet
  facet normal -0.970697 -0.240308 0
    outer loop
      vertex 102.24 51.3064 40.4
      vertex 102.273 51.1731 2.4
      vertex 102.273 51.1731 40.4
    endloop
  endfacet
  facet normal -0.427867 -0.903842 0
    outer loop
      vertex 101.436 52.1934 2.4
      vertex 101.56 52.1347 40.4
      vertex 101.436 52.1934 40.4
    endloop
  endfacet
  facet normal -0.427867 -0.903842 -0
    outer loop
      vertex 101.56 52.1347 40.4
      vertex 101.436 52.1934 2.4
      vertex 101.56 52.1347 2.4
    endloop
  endfacet
  facet normal 0.243565 0.969885 -0
    outer loop
      vertex 100.627 49.5269 2.4
      vertex 100.494 49.5603 40.4
      vertex 100.627 49.5269 40.4
    endloop
  endfacet
  facet normal 0.243565 0.969885 0
    outer loop
      vertex 100.494 49.5603 40.4
      vertex 100.627 49.5269 2.4
      vertex 100.494 49.5603 2.4
    endloop
  endfacet
  facet normal 0.85775 0.514067 0
    outer loop
      vertex 99.7359 50.1222 40.4
      vertex 99.6653 50.24 2.4
      vertex 99.6653 50.24 40.4
    endloop
  endfacet
  facet normal 0.85775 0.514067 0
    outer loop
      vertex 99.6653 50.24 2.4
      vertex 99.7359 50.1222 40.4
      vertex 99.7359 50.1222 2.4
    endloop
  endfacet
  facet normal -0.146918 0.989149 0
    outer loop
      vertex 101.173 49.5269 2.4
      vertex 101.037 49.5067 40.4
      vertex 101.173 49.5269 40.4
    endloop
  endfacet
  facet normal -0.146918 0.989149 0
    outer loop
      vertex 101.037 49.5067 40.4
      vertex 101.173 49.5269 2.4
      vertex 101.037 49.5067 2.4
    endloop
  endfacet
  facet normal -0.741588 -0.670856 0
    outer loop
      vertex 101.982 51.7882 2.4
      vertex 101.89 51.8899 40.4
      vertex 101.89 51.8899 2.4
    endloop
  endfacet
  facet normal -0.741588 -0.670856 0
    outer loop
      vertex 101.89 51.8899 40.4
      vertex 101.982 51.7882 2.4
      vertex 101.982 51.7882 40.4
    endloop
  endfacet
  facet normal 0.513426 -0.858134 0
    outer loop
      vertex 100.122 52.0641 2.4
      vertex 100.24 52.1347 40.4
      vertex 100.122 52.0641 40.4
    endloop
  endfacet
  facet normal 0.513426 -0.858134 0
    outer loop
      vertex 100.24 52.1347 40.4
      vertex 100.122 52.0641 2.4
      vertex 100.24 52.1347 2.4
    endloop
  endfacet
  facet normal -0.741916 0.670493 0
    outer loop
      vertex 101.89 49.91 2.4
      vertex 101.982 50.0118 40.4
      vertex 101.982 50.0118 2.4
    endloop
  endfacet
  facet normal -0.741916 0.670493 0
    outer loop
      vertex 101.982 50.0118 40.4
      vertex 101.89 49.91 2.4
      vertex 101.89 49.91 40.4
    endloop
  endfacet
  facet normal -0.513426 0.858134 0
    outer loop
      vertex 101.678 49.7359 2.4
      vertex 101.56 49.6653 40.4
      vertex 101.678 49.7359 40.4
    endloop
  endfacet
  facet normal -0.513426 0.858134 0
    outer loop
      vertex 101.56 49.6653 40.4
      vertex 101.678 49.7359 2.4
      vertex 101.56 49.6653 2.4
    endloop
  endfacet
  facet normal -0.243565 -0.969885 0
    outer loop
      vertex 101.173 52.2731 2.4
      vertex 101.306 52.2397 40.4
      vertex 101.173 52.2731 40.4
    endloop
  endfacet
  facet normal -0.243565 -0.969885 -0
    outer loop
      vertex 101.306 52.2397 40.4
      vertex 101.173 52.2731 2.4
      vertex 101.306 52.2397 2.4
    endloop
  endfacet
  facet normal 0.989133 -0.147023 0
    outer loop
      vertex 99.5067 51.0372 40.4
      vertex 99.5269 51.1731 2.4
      vertex 99.5269 51.1731 40.4
    endloop
  endfacet
  facet normal 0.989133 -0.147023 0
    outer loop
      vertex 99.5269 51.1731 2.4
      vertex 99.5067 51.0372 40.4
      vertex 99.5067 51.0372 2.4
    endloop
  endfacet
  facet normal -0.856465 -0.516205 0
    outer loop
      vertex 102.135 51.56 2.4
      vertex 102.064 51.6778 40.4
      vertex 102.064 51.6778 2.4
    endloop
  endfacet
  facet normal -0.856465 -0.516205 0
    outer loop
      vertex 102.064 51.6778 40.4
      vertex 102.135 51.56 2.4
      vertex 102.135 51.56 40.4
    endloop
  endfacet
  facet normal -0.970697 0.240308 0
    outer loop
      vertex 102.24 50.4936 2.4
      vertex 102.273 50.6269 40.4
      vertex 102.273 50.6269 2.4
    endloop
  endfacet
  facet normal -0.970697 0.240308 0
    outer loop
      vertex 102.273 50.6269 40.4
      vertex 102.24 50.4936 2.4
      vertex 102.24 50.4936 40.4
    endloop
  endfacet
  facet normal 0.146918 0.989149 -0
    outer loop
      vertex 100.763 49.5067 2.4
      vertex 100.627 49.5269 40.4
      vertex 100.763 49.5067 40.4
    endloop
  endfacet
  facet normal 0.146918 0.989149 0
    outer loop
      vertex 100.627 49.5269 40.4
      vertex 100.763 49.5067 2.4
      vertex 100.627 49.5269 2.4
    endloop
  endfacet
  facet normal 0.99881 0.0487757 0
    outer loop
      vertex 99.5067 50.7628 40.4
      vertex 99.5 50.9 2.4
      vertex 99.5 50.9 40.4
    endloop
  endfacet
  facet normal 0.99881 0.0487757 0
    outer loop
      vertex 99.5 50.9 2.4
      vertex 99.5067 50.7628 40.4
      vertex 99.5067 50.7628 2.4
    endloop
  endfacet
  facet normal -0.146918 -0.989149 0
    outer loop
      vertex 101.037 52.2933 2.4
      vertex 101.173 52.2731 40.4
      vertex 101.037 52.2933 40.4
    endloop
  endfacet
  facet normal -0.146918 -0.989149 -0
    outer loop
      vertex 101.173 52.2731 40.4
      vertex 101.037 52.2933 2.4
      vertex 101.173 52.2731 2.4
    endloop
  endfacet
  facet normal -0.939921 -0.341393 0
    outer loop
      vertex 102.24 51.3064 2.4
      vertex 102.193 51.4358 40.4
      vertex 102.193 51.4358 2.4
    endloop
  endfacet
  facet normal -0.939921 -0.341393 0
    outer loop
      vertex 102.193 51.4358 40.4
      vertex 102.24 51.3064 2.4
      vertex 102.24 51.3064 40.4
    endloop
  endfacet
  facet normal -0.67097 -0.741484 0
    outer loop
      vertex 101.788 51.9822 2.4
      vertex 101.89 51.8899 40.4
      vertex 101.788 51.9822 40.4
    endloop
  endfacet
  facet normal -0.67097 -0.741484 -0
    outer loop
      vertex 101.89 51.8899 40.4
      vertex 101.788 51.9822 2.4
      vertex 101.89 51.8899 2.4
    endloop
  endfacet
  facet normal 0.970014 0.243049 0
    outer loop
      vertex 99.5603 50.4936 40.4
      vertex 99.5269 50.6269 2.4
      vertex 99.5269 50.6269 40.4
    endloop
  endfacet
  facet normal 0.970014 0.243049 0
    outer loop
      vertex 99.5269 50.6269 2.4
      vertex 99.5603 50.4936 40.4
      vertex 99.5603 50.4936 2.4
    endloop
  endfacet
  facet normal 0.33551 -0.942037 0
    outer loop
      vertex 100.364 52.1934 2.4
      vertex 100.494 52.2397 40.4
      vertex 100.364 52.1934 40.4
    endloop
  endfacet
  facet normal 0.33551 -0.942037 0
    outer loop
      vertex 100.494 52.2397 40.4
      vertex 100.364 52.1934 2.4
      vertex 100.494 52.2397 2.4
    endloop
  endfacet
  facet normal 0.941544 0.336889 0
    outer loop
      vertex 99.6066 50.3642 40.4
      vertex 99.5603 50.4936 2.4
      vertex 99.5603 50.4936 40.4
    endloop
  endfacet
  facet normal 0.941544 0.336889 0
    outer loop
      vertex 99.5603 50.4936 2.4
      vertex 99.6066 50.3642 40.4
      vertex 99.6066 50.3642 2.4
    endloop
  endfacet
  facet normal -0.33551 -0.942037 0
    outer loop
      vertex 101.306 52.2397 2.4
      vertex 101.436 52.1934 40.4
      vertex 101.306 52.2397 40.4
    endloop
  endfacet
  facet normal -0.33551 -0.942037 -0
    outer loop
      vertex 101.436 52.1934 40.4
      vertex 101.306 52.2397 2.4
      vertex 101.436 52.1934 2.4
    endloop
  endfacet
  facet normal 0.803132 -0.595802 0
    outer loop
      vertex 99.7359 51.6778 40.4
      vertex 99.8178 51.7882 2.4
      vertex 99.8178 51.7882 40.4
    endloop
  endfacet
  facet normal 0.803132 -0.595802 0
    outer loop
      vertex 99.8178 51.7882 2.4
      vertex 99.7359 51.6778 40.4
      vertex 99.7359 51.6778 2.4
    endloop
  endfacet
  facet normal -0.802784 -0.59627 0
    outer loop
      vertex 102.064 51.6778 2.4
      vertex 101.982 51.7882 40.4
      vertex 101.982 51.7882 2.4
    endloop
  endfacet
  facet normal -0.802784 -0.59627 0
    outer loop
      vertex 101.982 51.7882 40.4
      vertex 102.064 51.6778 2.4
      vertex 102.064 51.6778 40.4
    endloop
  endfacet
  facet normal 0.970014 -0.243049 0
    outer loop
      vertex 99.5269 51.1731 40.4
      vertex 99.5603 51.3064 2.4
      vertex 99.5603 51.3064 40.4
    endloop
  endfacet
  facet normal 0.970014 -0.243049 0
    outer loop
      vertex 99.5603 51.3064 2.4
      vertex 99.5269 51.1731 40.4
      vertex 99.5269 51.1731 2.4
    endloop
  endfacet
  facet normal 0.67097 -0.741484 0
    outer loop
      vertex 99.91 51.8899 2.4
      vertex 100.012 51.9822 40.4
      vertex 99.91 51.8899 40.4
    endloop
  endfacet
  facet normal 0.67097 -0.741484 0
    outer loop
      vertex 100.012 51.9822 40.4
      vertex 99.91 51.8899 2.4
      vertex 100.012 51.9822 2.4
    endloop
  endfacet
  facet normal -0.427867 0.903842 0
    outer loop
      vertex 101.56 49.6653 2.4
      vertex 101.436 49.6066 40.4
      vertex 101.56 49.6653 40.4
    endloop
  endfacet
  facet normal -0.427867 0.903842 0
    outer loop
      vertex 101.436 49.6066 40.4
      vertex 101.56 49.6653 2.4
      vertex 101.436 49.6066 2.4
    endloop
  endfacet
  facet normal 0.243565 -0.969885 0
    outer loop
      vertex 100.494 52.2397 2.4
      vertex 100.627 52.2731 40.4
      vertex 100.494 52.2397 40.4
    endloop
  endfacet
  facet normal 0.243565 -0.969885 0
    outer loop
      vertex 100.627 52.2731 40.4
      vertex 100.494 52.2397 2.4
      vertex 100.627 52.2731 2.4
    endloop
  endfacet
  facet normal 0.941544 -0.336889 0
    outer loop
      vertex 99.5603 51.3064 40.4
      vertex 99.6066 51.4358 2.4
      vertex 99.6066 51.4358 40.4
    endloop
  endfacet
  facet normal 0.941544 -0.336889 0
    outer loop
      vertex 99.6066 51.4358 2.4
      vertex 99.5603 51.3064 40.4
      vertex 99.5603 51.3064 2.4
    endloop
  endfacet
  facet normal -0.513426 -0.858134 0
    outer loop
      vertex 101.56 52.1347 2.4
      vertex 101.678 52.0641 40.4
      vertex 101.56 52.1347 40.4
    endloop
  endfacet
  facet normal -0.513426 -0.858134 -0
    outer loop
      vertex 101.678 52.0641 40.4
      vertex 101.56 52.1347 2.4
      vertex 101.678 52.0641 2.4
    endloop
  endfacet
  facet normal 0.513426 0.858134 -0
    outer loop
      vertex 100.24 49.6653 2.4
      vertex 100.122 49.7359 40.4
      vertex 100.24 49.6653 40.4
    endloop
  endfacet
  facet normal 0.513426 0.858134 0
    outer loop
      vertex 100.122 49.7359 40.4
      vertex 100.24 49.6653 2.4
      vertex 100.122 49.7359 2.4
    endloop
  endfacet
  facet normal 0.597196 -0.802095 0
    outer loop
      vertex 100.012 51.9822 2.4
      vertex 100.122 52.0641 40.4
      vertex 100.012 51.9822 40.4
    endloop
  endfacet
  facet normal 0.597196 -0.802095 0
    outer loop
      vertex 100.122 52.0641 40.4
      vertex 100.012 51.9822 2.4
      vertex 100.122 52.0641 2.4
    endloop
  endfacet
  facet normal 0.0488467 -0.998806 0
    outer loop
      vertex 100.763 52.2933 2.4
      vertex 100.9 52.3 40.4
      vertex 100.763 52.2933 40.4
    endloop
  endfacet
  facet normal 0.0488467 -0.998806 0
    outer loop
      vertex 100.9 52.3 40.4
      vertex 100.763 52.2933 2.4
      vertex 100.9 52.3 2.4
    endloop
  endfacet
  facet normal -0.0488467 0.998806 0
    outer loop
      vertex 101.037 49.5067 2.4
      vertex 100.9 49.5 40.4
      vertex 101.037 49.5067 40.4
    endloop
  endfacet
  facet normal -0.0488467 0.998806 0
    outer loop
      vertex 100.9 49.5 40.4
      vertex 101.037 49.5067 2.4
      vertex 100.9 49.5 2.4
    endloop
  endfacet
  facet normal -0.939921 0.341393 0
    outer loop
      vertex 102.193 50.3642 2.4
      vertex 102.24 50.4936 40.4
      vertex 102.24 50.4936 2.4
    endloop
  endfacet
  facet normal -0.939921 0.341393 0
    outer loop
      vertex 102.24 50.4936 40.4
      vertex 102.193 50.3642 2.4
      vertex 102.193 50.3642 40.4
    endloop
  endfacet
  facet normal -0.802784 0.59627 0
    outer loop
      vertex 101.982 50.0118 2.4
      vertex 102.064 50.1222 40.4
      vertex 102.064 50.1222 2.4
    endloop
  endfacet
  facet normal -0.802784 0.59627 0
    outer loop
      vertex 102.064 50.1222 40.4
      vertex 101.982 50.0118 2.4
      vertex 101.982 50.0118 40.4
    endloop
  endfacet
  facet normal -0.989344 0.145599 0
    outer loop
      vertex 102.273 50.6269 2.4
      vertex 102.293 50.7628 40.4
      vertex 102.293 50.7628 2.4
    endloop
  endfacet
  facet normal -0.989344 0.145599 0
    outer loop
      vertex 102.293 50.7628 40.4
      vertex 102.273 50.6269 2.4
      vertex 102.273 50.6269 40.4
    endloop
  endfacet
  facet normal 0.85775 -0.514067 0
    outer loop
      vertex 99.6653 51.56 40.4
      vertex 99.7359 51.6778 2.4
      vertex 99.7359 51.6778 40.4
    endloop
  endfacet
  facet normal 0.85775 -0.514067 0
    outer loop
      vertex 99.7359 51.6778 2.4
      vertex 99.6653 51.56 40.4
      vertex 99.6653 51.56 2.4
    endloop
  endfacet
  facet normal -0.906071 -0.423125 0
    outer loop
      vertex 102.193 51.4358 2.4
      vertex 102.135 51.56 40.4
      vertex 102.135 51.56 2.4
    endloop
  endfacet
  facet normal -0.906071 -0.423125 0
    outer loop
      vertex 102.135 51.56 40.4
      vertex 102.193 51.4358 2.4
      vertex 102.193 51.4358 40.4
    endloop
  endfacet
  facet normal 0.427867 -0.903842 0
    outer loop
      vertex 100.24 52.1347 2.4
      vertex 100.364 52.1934 40.4
      vertex 100.24 52.1347 40.4
    endloop
  endfacet
  facet normal 0.427867 -0.903842 0
    outer loop
      vertex 100.364 52.1934 40.4
      vertex 100.24 52.1347 2.4
      vertex 100.364 52.1934 2.4
    endloop
  endfacet
  facet normal -0.597196 0.802095 0
    outer loop
      vertex 101.788 49.8178 2.4
      vertex 101.678 49.7359 40.4
      vertex 101.788 49.8178 40.4
    endloop
  endfacet
  facet normal -0.597196 0.802095 0
    outer loop
      vertex 101.678 49.7359 40.4
      vertex 101.788 49.8178 2.4
      vertex 101.678 49.7359 2.4
    endloop
  endfacet
  facet normal -0.597196 -0.802095 0
    outer loop
      vertex 101.678 52.0641 2.4
      vertex 101.788 51.9822 40.4
      vertex 101.678 52.0641 40.4
    endloop
  endfacet
  facet normal -0.597196 -0.802095 -0
    outer loop
      vertex 101.788 51.9822 40.4
      vertex 101.678 52.0641 2.4
      vertex 101.788 51.9822 2.4
    endloop
  endfacet
  facet normal 0.67057 0.741846 -0
    outer loop
      vertex 100.012 49.8178 2.4
      vertex 99.91 49.91 40.4
      vertex 100.012 49.8178 40.4
    endloop
  endfacet
  facet normal 0.67057 0.741846 0
    outer loop
      vertex 99.91 49.91 40.4
      vertex 100.012 49.8178 2.4
      vertex 99.91 49.91 2.4
    endloop
  endfacet
  facet normal -0.998701 0.0509541 0
    outer loop
      vertex 102.293 50.7628 2.4
      vertex 102.3 50.9 40.4
      vertex 102.3 50.9 2.4
    endloop
  endfacet
  facet normal -0.998701 0.0509541 0
    outer loop
      vertex 102.3 50.9 40.4
      vertex 102.293 50.7628 2.4
      vertex 102.293 50.7628 40.4
    endloop
  endfacet
  facet normal 0.803132 0.595802 0
    outer loop
      vertex 99.8178 50.0118 40.4
      vertex 99.7359 50.1222 2.4
      vertex 99.7359 50.1222 40.4
    endloop
  endfacet
  facet normal 0.803132 0.595802 0
    outer loop
      vertex 99.7359 50.1222 2.4
      vertex 99.8178 50.0118 40.4
      vertex 99.8178 50.0118 2.4
    endloop
  endfacet
  facet normal 0.904108 0.427304 0
    outer loop
      vertex 99.6653 50.24 40.4
      vertex 99.6066 50.3642 2.4
      vertex 99.6066 50.3642 40.4
    endloop
  endfacet
  facet normal 0.904108 0.427304 0
    outer loop
      vertex 99.6066 50.3642 2.4
      vertex 99.6653 50.24 40.4
      vertex 99.6653 50.24 2.4
    endloop
  endfacet
  facet normal -0.0488467 -0.998806 0
    outer loop
      vertex 100.9 52.3 2.4
      vertex 101.037 52.2933 40.4
      vertex 100.9 52.3 40.4
    endloop
  endfacet
  facet normal -0.0488467 -0.998806 -0
    outer loop
      vertex 101.037 52.2933 40.4
      vertex 100.9 52.3 2.4
      vertex 101.037 52.2933 2.4
    endloop
  endfacet
  facet normal 0.427867 0.903842 -0
    outer loop
      vertex 100.364 49.6066 2.4
      vertex 100.24 49.6653 40.4
      vertex 100.364 49.6066 40.4
    endloop
  endfacet
  facet normal 0.427867 0.903842 0
    outer loop
      vertex 100.24 49.6653 40.4
      vertex 100.364 49.6066 2.4
      vertex 100.24 49.6653 2.4
    endloop
  endfacet
  facet normal 0.146918 -0.989149 0
    outer loop
      vertex 100.627 52.2731 2.4
      vertex 100.763 52.2933 40.4
      vertex 100.627 52.2731 40.4
    endloop
  endfacet
  facet normal 0.146918 -0.989149 0
    outer loop
      vertex 100.763 52.2933 40.4
      vertex 100.627 52.2731 2.4
      vertex 100.763 52.2933 2.4
    endloop
  endfacet
  facet normal 0.989133 0.147023 0
    outer loop
      vertex 99.5269 50.6269 40.4
      vertex 99.5067 50.7628 2.4
      vertex 99.5067 50.7628 40.4
    endloop
  endfacet
  facet normal 0.989133 0.147023 0
    outer loop
      vertex 99.5067 50.7628 2.4
      vertex 99.5269 50.6269 40.4
      vertex 99.5269 50.6269 2.4
    endloop
  endfacet
  facet normal -0.33551 0.942037 0
    outer loop
      vertex 101.436 49.6066 2.4
      vertex 101.306 49.5603 40.4
      vertex 101.436 49.6066 40.4
    endloop
  endfacet
  facet normal -0.33551 0.942037 0
    outer loop
      vertex 101.306 49.5603 40.4
      vertex 101.436 49.6066 2.4
      vertex 101.306 49.5603 2.4
    endloop
  endfacet
  facet normal -0.243565 0.969885 0
    outer loop
      vertex 101.306 49.5603 2.4
      vertex 101.173 49.5269 40.4
      vertex 101.306 49.5603 40.4
    endloop
  endfacet
  facet normal -0.243565 0.969885 0
    outer loop
      vertex 101.173 49.5269 40.4
      vertex 101.306 49.5603 2.4
      vertex 101.173 49.5269 2.4
    endloop
  endfacet
  facet normal 0.904108 -0.427304 0
    outer loop
      vertex 99.6066 51.4358 40.4
      vertex 99.6653 51.56 2.4
      vertex 99.6653 51.56 40.4
    endloop
  endfacet
  facet normal 0.904108 -0.427304 0
    outer loop
      vertex 99.6653 51.56 2.4
      vertex 99.6066 51.4358 40.4
      vertex 99.6066 51.4358 2.4
    endloop
  endfacet
  facet normal 0.741191 0.671295 0
    outer loop
      vertex 99.91 49.91 40.4
      vertex 99.8178 50.0118 2.4
      vertex 99.8178 50.0118 40.4
    endloop
  endfacet
  facet normal 0.741191 0.671295 0
    outer loop
      vertex 99.8178 50.0118 2.4
      vertex 99.91 49.91 40.4
      vertex 99.91 49.91 2.4
    endloop
  endfacet
  facet normal 0.597196 0.802095 -0
    outer loop
      vertex 100.122 49.7359 2.4
      vertex 100.012 49.8178 40.4
      vertex 100.122 49.7359 40.4
    endloop
  endfacet
  facet normal 0.597196 0.802095 0
    outer loop
      vertex 100.012 49.8178 40.4
      vertex 100.122 49.7359 2.4
      vertex 100.012 49.8178 2.4
    endloop
  endfacet
  facet normal -0.906071 0.423125 0
    outer loop
      vertex 102.135 50.24 2.4
      vertex 102.193 50.3642 40.4
      vertex 102.193 50.3642 2.4
    endloop
  endfacet
  facet normal -0.906071 0.423125 0
    outer loop
      vertex 102.193 50.3642 40.4
      vertex 102.135 50.24 2.4
      vertex 102.135 50.24 40.4
    endloop
  endfacet
  facet normal -0.856465 0.516205 0
    outer loop
      vertex 102.064 50.1222 2.4
      vertex 102.135 50.24 40.4
      vertex 102.135 50.24 2.4
    endloop
  endfacet
  facet normal -0.856465 0.516205 0
    outer loop
      vertex 102.135 50.24 40.4
      vertex 102.064 50.1222 2.4
      vertex 102.064 50.1222 40.4
    endloop
  endfacet
  facet normal 0.740862 -0.671657 0
    outer loop
      vertex 99.8178 51.7882 40.4
      vertex 99.91 51.8899 2.4
      vertex 99.91 51.8899 40.4
    endloop
  endfacet
  facet normal 0.740862 -0.671657 0
    outer loop
      vertex 99.91 51.8899 2.4
      vertex 99.8178 51.7882 40.4
      vertex 99.8178 51.7882 2.4
    endloop
  endfacet
  facet normal 0.0488467 0.998806 -0
    outer loop
      vertex 100.9 49.5 2.4
      vertex 100.763 49.5067 40.4
      vertex 100.9 49.5 40.4
    endloop
  endfacet
  facet normal 0.0488467 0.998806 0
    outer loop
      vertex 100.763 49.5067 40.4
      vertex 100.9 49.5 2.4
      vertex 100.763 49.5067 2.4
    endloop
  endfacet
  facet normal 0.99881 -0.0487757 0
    outer loop
      vertex 99.5 50.9 40.4
      vertex 99.5067 51.0372 2.4
      vertex 99.5067 51.0372 40.4
    endloop
  endfacet
  facet normal 0.99881 -0.0487757 0
    outer loop
      vertex 99.5067 51.0372 2.4
      vertex 99.5 50.9 40.4
      vertex 99.5 50.9 2.4
    endloop
  endfacet
  facet normal 0.33551 0.942037 -0
    outer loop
      vertex 100.494 49.5603 2.4
      vertex 100.364 49.6066 40.4
      vertex 100.494 49.5603 40.4
    endloop
  endfacet
  facet normal 0.33551 0.942037 0
    outer loop
      vertex 100.364 49.6066 40.4
      vertex 100.494 49.5603 2.4
      vertex 100.364 49.6066 2.4
    endloop
  endfacet
  facet normal -0.67057 0.741846 0
    outer loop
      vertex 101.89 49.91 2.4
      vertex 101.788 49.8178 40.4
      vertex 101.89 49.91 40.4
    endloop
  endfacet
  facet normal -0.67057 0.741846 0
    outer loop
      vertex 101.788 49.8178 40.4
      vertex 101.89 49.91 2.4
      vertex 101.788 49.8178 2.4
    endloop
  endfacet
  facet normal -1 0 0
    outer loop
      vertex 22.4 0 6.4
      vertex 22.4 2.4 9
      vertex 22.4 2.4 6.4
    endloop
  endfacet
  facet normal -1 -0 0
    outer loop
      vertex 22.4 2.4 9
      vertex 22.4 0 6.4
      vertex 22.4 0 9
    endloop
  endfacet
  facet normal 0 0 -1
    outer loop
      vertex 10.4 0 9
      vertex 22.4 2.4 9
      vertex 22.4 0 9
    endloop
  endfacet
  facet normal -0 0 -1
    outer loop
      vertex 22.4 2.4 9
      vertex 10.4 0 9
      vertex 10.4 2.4 9
    endloop
  endfacet
  facet normal -0 0 1
    outer loop
      vertex 10.4 2.4 6.4
      vertex 22.4 0 6.4
      vertex 22.4 2.4 6.4
    endloop
  endfacet
  facet normal 0 0 1
    outer loop
      vertex 22.4 0 6.4
      vertex 10.4 2.4 6.4
      vertex 10.4 0 6.4
    endloop
  endfacet
  facet normal 1 -0 0
    outer loop
      vertex 10.4 0 9
      vertex 10.4 2.4 6.4
      vertex 10.4 2.4 9
    endloop
  endfacet
  facet normal 1 0 0
    outer loop
      vertex 10.4 2.4 6.4
      vertex 10.4 0 9
      vertex 10.4 0 6.4
    endloop
  endfacet
  facet normal -1 0 0
    outer loop
      vertex 37.6 0 6.4
      vertex 37.6 2.4 9
      vertex 37.6 2.4 6.4
    endloop
  endfacet
  facet normal -1 -0 0
    outer loop
      vertex 37.6 2.4 9
      vertex 37.6 0 6.4
      vertex 37.6 0 9
    endloop
  endfacet
  facet normal 0 0 -1
    outer loop
      vertex 25.6 0 9
      vertex 37.6 2.4 9
      vertex 37.6 0 9
    endloop
  endfacet
  facet normal -0 0 -1
    outer loop
      vertex 37.6 2.4 9
      vertex 25.6 0 9
      vertex 25.6 2.4 9
    endloop
  endfacet
  facet normal -0 0 1
    outer loop
      vertex 25.6 2.4 6.4
      vertex 37.6 0 6.4
      vertex 37.6 2.4 6.4
    endloop
  endfacet
  facet normal 0 0 1
    outer loop
      vertex 37.6 0 6.4
      vertex 25.6 2.4 6.4
      vertex 25.6 0 6.4
    endloop
  endfacet
  facet normal 1 -0 0
    outer loop
      vertex 25.6 0 9
      vertex 25.6 2.4 6.4
      vertex 25.6 2.4 9
    endloop
  endfacet
  facet normal 1 0 0
    outer loop
      vertex 25.6 2.4 6.4
      vertex 25.6 0 9
      vertex 25.6 0 6.4
    endloop
  endfacet
  facet normal -1 0 0
    outer loop
      vertex 52.8 0 6.4
      vertex 52.8 2.4 9
      vertex 52.8 2.4 6.4
    endloop
  endfacet
  facet normal -1 -0 0
    outer loop
      vertex 52.8 2.4 9
      vertex 52.8 0 6.4
      vertex 52.8 0 9
    endloop
  endfacet
  facet normal 0 0 -1
    outer loop
      vertex 40.8 0 9
      vertex 52.8 2.4 9
      vertex 52.8 0 9
    endloop
  endfacet
  facet normal -0 0 -1
    outer loop
      vertex 52.8 2.4 9
      vertex 40.8 0 9
      vertex 40.8 2.4 9
    endloop
  endfacet
  facet normal -0 0 1
    outer loop
      vertex 40.8 2.4 6.4
      vertex 52.8 0 6.4
      vertex 52.8 2.4 6.4
    endloop
  endfacet
  facet normal 0 0 1
    outer loop
      vertex 52.8 0 6.4
      vertex 40.8 2.4 6.4
      vertex 40.8 0 6.4
    endloop
  endfacet
  facet normal 1 -0 0
    outer loop
      vertex 40.8 0 9
      vertex 40.8 2.4 6.4
      vertex 40.8 2.4 9
    endloop
  endfacet
  facet normal 1 0 0
    outer loop
      vertex 40.8 2.4 6.4
      vertex 40.8 0 9
      vertex 40.8 0 6.4
    endloop
  endfacet
  facet normal -1 0 0
    outer loop
      vertex 68 0 6.4
      vertex 68 2.4 9
      vertex 68 2.4 6.4
    endloop
  endfacet
  facet normal -1 -0 0
    outer loop
      vertex 68 2.4 9
      vertex 68 0 6.4
      vertex 68 0 9
    endloop
  endfacet
  facet normal 0 0 -1
    outer loop
      vertex 56 0 9
      vertex 68 2.4 9
      vertex 68 0 9
    endloop
  endfacet
  facet normal -0 0 -1
    outer loop
      vertex 68 2.4 9
      vertex 56 0 9
      vertex 56 2.4 9
    endloop
  endfacet
  facet normal -0 0 1
    outer loop
      vertex 56 2.4 6.4
      vertex 68 0 6.4
      vertex 68 2.4 6.4
    endloop
  endfacet
  facet normal 0 0 1
    outer loop
      vertex 68 0 6.4
      vertex 56 2.4 6.4
      vertex 56 0 6.4
    endloop
  endfacet
  facet normal 1 -0 0
    outer loop
      vertex 56 0 9
      vertex 56 2.4 6.4
      vertex 56 2.4 9
    endloop
  endfacet
  facet normal 1 0 0
    outer loop
      vertex 56 2.4 6.4
      vertex 56 0 9
      vertex 56 0 6.4
    endloop
  endfacet
  facet normal -1 0 0
    outer loop
      vertex 83.2 0 6.4
      vertex 83.2 2.4 9
      vertex 83.2 2.4 6.4
    endloop
  endfacet
  facet normal -1 -0 0
    outer loop
      vertex 83.2 2.4 9
      vertex 83.2 0 6.4
      vertex 83.2 0 9
    endloop
  endfacet
  facet normal 0 0 -1
    outer loop
      vertex 71.2 0 9
      vertex 83.2 2.4 9
      vertex 83.2 0 9
    endloop
  endfacet
  facet normal -0 0 -1
    outer loop
      vertex 83.2 2.4 9
      vertex 71.2 0 9
      vertex 71.2 2.4 9
    endloop
  endfacet
  facet normal -0 0 1
    outer loop
      vertex 71.2 2.4 6.4
      vertex 83.2 0 6.4
      vertex 83.2 2.4 6.4
    endloop
  endfacet
  facet normal 0 0 1
    outer loop
      vertex 83.2 0 6.4
      vertex 71.2 2.4 6.4
      vertex 71.2 0 6.4
    endloop
  endfacet
  facet normal 1 -0 0
    outer loop
      vertex 71.2 0 9
      vertex 71.2 2.4 6.4
      vertex 71.2 2.4 9
    endloop
  endfacet
  facet normal 1 0 0
    outer loop
      vertex 71.2 2.4 6.4
      vertex 71.2 0 9
      vertex 71.2 0 6.4
    endloop
  endfacet
  facet normal -1 0 0
    outer loop
      vertex 98.4 0 6.4
      vertex 98.4 2.4 9
      vertex 98.4 2.4 6.4
    endloop
  endfacet
  facet normal -1 -0 0
    outer loop
      vertex 98.4 2.4 9
      vertex 98.4 0 6.4
      vertex 98.4 0 9
    endloop
  endfacet
  facet normal 0 0 -1
    outer loop
      vertex 86.4 0 9
      vertex 98.4 2.4 9
      vertex 98.4 0 9
    endloop
  endfacet
  facet normal -0 0 -1
    outer loop
      vertex 98.4 2.4 9
      vertex 86.4 0 9
      vertex 86.4 2.4 9
    endloop
  endfacet
  facet normal -0 0 1
    outer loop
      vertex 86.4 2.4 6.4
      vertex 98.4 0 6.4
      vertex 98.4 2.4 6.4
    endloop
  endfacet
  facet normal 0 0 1
    outer loop
      vertex 98.4 0 6.4
      vertex 86.4 2.4 6.4
      vertex 86.4 0 6.4
    endloop
  endfacet
  facet normal 1 -0 0
    outer loop
      vertex 86.4 0 9
      vertex 86.4 2.4 6.4
      vertex 86.4 2.4 9
    endloop
  endfacet
  facet normal 1 0 0
    outer loop
      vertex 86.4 2.4 6.4
      vertex 86.4 0 9
      vertex 86.4 0 6.4
    endloop
  endfacet
  facet normal -1 0 0
    outer loop
      vertex 22.4 58.3 6.4
      vertex 22.4 58.8 9
      vertex 22.4 58.8 6.4
    endloop
  endfacet
  facet normal -1 -0 0
    outer loop
      vertex 22.4 58.8 9
      vertex 22.4 58.3 6.4
      vertex 22.4 58.3 9
    endloop
  endfacet
  facet normal 0 0 -1
    outer loop
      vertex 10.4 58.3 9
      vertex 22.4 58.8 9
      vertex 22.4 58.3 9
    endloop
  endfacet
  facet normal -0 0 -1
    outer loop
      vertex 22.4 58.8 9
      vertex 10.4 58.3 9
      vertex 10.4 58.8 9
    endloop
  endfacet
  facet normal -0 0 1
    outer loop
      vertex 10.4 58.8 6.4
      vertex 22.4 58.3 6.4
      vertex 22.4 58.8 6.4
    endloop
  endfacet
  facet normal 0 0 1
    outer loop
      vertex 22.4 58.3 6.4
      vertex 10.4 58.8 6.4
      vertex 10.4 58.3 6.4
    endloop
  endfacet
  facet normal 1 -0 0
    outer loop
      vertex 10.4 58.3 9
      vertex 10.4 58.8 6.4
      vertex 10.4 58.8 9
    endloop
  endfacet
  facet normal 1 0 0
    outer loop
      vertex 10.4 58.8 6.4
      vertex 10.4 58.3 9
      vertex 10.4 58.3 6.4
    endloop
  endfacet
  facet normal 0 1 -0
    outer loop
      vertex 22.4 58.3 6.4
      vertex 10.4 58.3 9
      vertex 22.4 58.3 9
    endloop
  endfacet
  facet normal 0 1 0
    outer loop
      vertex 10.4 58.3 9
      vertex 22.4 58.3 6.4
      vertex 10.4 58.3 6.4
    endloop
  endfacet
  facet normal -1 0 0
    outer loop
      vertex 37.6 58.3 6.4
      vertex 37.6 58.8 9
      vertex 37.6 58.8 6.4
    endloop
  endfacet
  facet normal -1 -0 0
    outer loop
      vertex 37.6 58.8 9
      vertex 37.6 58.3 6.4
      vertex 37.6 58.3 9
    endloop
  endfacet
  facet normal 0 0 -1
    outer loop
      vertex 25.6 58.3 9
      vertex 37.6 58.8 9
      vertex 37.6 58.3 9
    endloop
  endfacet
  facet normal -0 0 -1
    outer loop
      vertex 37.6 58.8 9
      vertex 25.6 58.3 9
      vertex 25.6 58.8 9
    endloop
  endfacet
  facet normal -0 0 1
    outer loop
      vertex 25.6 58.8 6.4
      vertex 37.6 58.3 6.4
      vertex 37.6 58.8 6.4
    endloop
  endfacet
  facet normal 0 0 1
    outer loop
      vertex 37.6 58.3 6.4
      vertex 25.6 58.8 6.4
      vertex 25.6 58.3 6.4
    endloop
  endfacet
  facet normal 1 -0 0
    outer loop
      vertex 25.6 58.3 9
      vertex 25.6 58.8 6.4
      vertex 25.6 58.8 9
    endloop
  endfacet
  facet normal 1 0 0
    outer loop
      vertex 25.6 58.8 6.4
      vertex 25.6 58.3 9
      vertex 25.6 58.3 6.4
    endloop
  endfacet
  facet normal 0 1 -0
    outer loop
      vertex 37.6 58.3 6.4
      vertex 25.6 58.3 9
      vertex 37.6 58.3 9
    endloop
  endfacet
  facet normal 0 1 0
    outer loop
      vertex 25.6 58.3 9
      vertex 37.6 58.3 6.4
      vertex 25.6 58.3 6.4
    endloop
  endfacet
  facet normal -1 0 0
    outer loop
      vertex 52.8 58.3 6.4
      vertex 52.8 58.8 9
      vertex 52.8 58.8 6.4
    endloop
  endfacet
  facet normal -1 -0 0
    outer loop
      vertex 52.8 58.8 9
      vertex 52.8 58.3 6.4
      vertex 52.8 58.3 9
    endloop
  endfacet
  facet normal 0 0 -1
    outer loop
      vertex 40.8 58.3 9
      vertex 52.8 58.8 9
      vertex 52.8 58.3 9
    endloop
  endfacet
  facet normal -0 0 -1
    outer loop
      vertex 52.8 58.8 9
      vertex 40.8 58.3 9
      vertex 40.8 58.8 9
    endloop
  endfacet
  facet normal -0 0 1
    outer loop
      vertex 40.8 58.8 6.4
      vertex 52.8 58.3 6.4
      vertex 52.8 58.8 6.4
    endloop
  endfacet
  facet normal 0 0 1
    outer loop
      vertex 52.8 58.3 6.4
      vertex 40.8 58.8 6.4
      vertex 40.8 58.3 6.4
    endloop
  endfacet
  facet normal 1 -0 0
    outer loop
      vertex 40.8 58.3 9
      vertex 40.8 58.8 6.4
      vertex 40.8 58.8 9
    endloop
  endfacet
  facet normal 1 0 0
    outer loop
      vertex 40.8 58.8 6.4
      vertex 40.8 58.3 9
      vertex 40.8 58.3 6.4
    endloop
  endfacet
  facet normal 0 1 -0
    outer loop
      vertex 52.8 58.3 6.4
      vertex 40.8 58.3 9
      vertex 52.8 58.3 9
    endloop
  endfacet
  facet normal 0 1 0
    outer loop
      vertex 40.8 58.3 9
      vertex 52.8 58.3 6.4
      vertex 40.8 58.3 6.4
    endloop
  endfacet
  facet normal -1 0 0
    outer loop
      vertex 68 58.3 6.4
      vertex 68 58.8 9
      vertex 68 58.8 6.4
    endloop
  endfacet
  facet normal -1 -0 0
    outer loop
      vertex 68 58.8 9
      vertex 68 58.3 6.4
      vertex 68 58.3 9
    endloop
  endfacet
  facet normal 0 0 -1
    outer loop
      vertex 56 58.3 9
      vertex 68 58.8 9
      vertex 68 58.3 9
    endloop
  endfacet
  facet normal -0 0 -1
    outer loop
      vertex 68 58.8 9
      vertex 56 58.3 9
      vertex 56 58.8 9
    endloop
  endfacet
  facet normal -0 0 1
    outer loop
      vertex 56 58.8 6.4
      vertex 68 58.3 6.4
      vertex 68 58.8 6.4
    endloop
  endfacet
  facet normal 0 0 1
    outer loop
      vertex 68 58.3 6.4
      vertex 56 58.8 6.4
      vertex 56 58.3 6.4
    endloop
  endfacet
  facet normal 1 -0 0
    outer loop
      vertex 56 58.3 9
      vertex 56 58.8 6.4
      vertex 56 58.8 9
    endloop
  endfacet
  facet normal 1 0 0
    outer loop
      vertex 56 58.8 6.4
      vertex 56 58.3 9
      vertex 56 58.3 6.4
    endloop
  endfacet
  facet normal 0 1 -0
    outer loop
      vertex 68 58.3 6.4
      vertex 56 58.3 9
      vertex 68 58.3 9
    endloop
  endfacet
  facet normal 0 1 0
    outer loop
      vertex 56 58.3 9
      vertex 68 58.3 6.4
      vertex 56 58.3 6.4
    endloop
  endfacet
  facet normal -1 0 0
    outer loop
      vertex 83.2 58.3 6.4
      vertex 83.2 58.8 9
      vertex 83.2 58.8 6.4
    endloop
  endfacet
  facet normal -1 -0 0
    outer loop
      vertex 83.2 58.8 9
      vertex 83.2 58.3 6.4
      vertex 83.2 58.3 9
    endloop
  endfacet
  facet normal 0 0 -1
    outer loop
      vertex 71.2 58.3 9
      vertex 83.2 58.8 9
      vertex 83.2 58.3 9
    endloop
  endfacet
  facet normal -0 0 -1
    outer loop
      vertex 83.2 58.8 9
      vertex 71.2 58.3 9
      vertex 71.2 58.8 9
    endloop
  endfacet
  facet normal -0 0 1
    outer loop
      vertex 71.2 58.8 6.4
      vertex 83.2 58.3 6.4
      vertex 83.2 58.8 6.4
    endloop
  endfacet
  facet normal 0 0 1
    outer loop
      vertex 83.2 58.3 6.4
      vertex 71.2 58.8 6.4
      vertex 71.2 58.3 6.4
    endloop
  endfacet
  facet normal 1 -0 0
    outer loop
      vertex 71.2 58.3 9
      vertex 71.2 58.8 6.4
      vertex 71.2 58.8 9
    endloop
  endfacet
  facet normal 1 0 0
    outer loop
      vertex 71.2 58.8 6.4
      vertex 71.2 58.3 9
      vertex 71.2 58.3 6.4
    endloop
  endfacet
  facet normal 0 1 -0
    outer loop
      vertex 83.2 58.3 6.4
      vertex 71.2 58.3 9
      vertex 83.2 58.3 9
    endloop
  endfacet
  facet normal 0 1 0
    outer loop
      vertex 71.2 58.3 9
      vertex 83.2 58.3 6.4
      vertex 71.2 58.3 6.4
    endloop
  endfacet
  facet normal -1 0 0
    outer loop
      vertex 98.4 58.3 6.4
      vertex 98.4 58.8 9
      vertex 98.4 58.8 6.4
    endloop
  endfacet
  facet normal -1 -0 0
    outer loop
      vertex 98.4 58.8 9
      vertex 98.4 58.3 6.4
      vertex 98.4 58.3 9
    endloop
  endfacet
  facet normal 0 0 -1
    outer loop
      vertex 86.4 58.3 9
      vertex 98.4 58.8 9
      vertex 98.4 58.3 9
    endloop
  endfacet
  facet normal -0 0 -1
    outer loop
      vertex 98.4 58.8 9
      vertex 86.4 58.3 9
      vertex 86.4 58.8 9
    endloop
  endfacet
  facet normal -0 0 1
    outer loop
      vertex 86.4 58.8 6.4
      vertex 98.4 58.3 6.4
      vertex 98.4 58.8 6.4
    endloop
  endfacet
  facet normal 0 0 1
    outer loop
      vertex 98.4 58.3 6.4
      vertex 86.4 58.8 6.4
      vertex 86.4 58.3 6.4
    endloop
  endfacet
  facet normal 1 -0 0
    outer loop
      vertex 86.4 58.3 9
      vertex 86.4 58.8 6.4
      vertex 86.4 58.8 9
    endloop
  endfacet
  facet normal 1 0 0
    outer loop
      vertex 86.4 58.8 6.4
      vertex 86.4 58.3 9
      vertex 86.4 58.3 6.4
    endloop
  endfacet
  facet normal 0 1 -0
    outer loop
      vertex 98.4 58.3 6.4
      vertex 86.4 58.3 9
      vertex 98.4 58.3 9
    endloop
  endfacet
  facet normal 0 1 0
    outer loop
      vertex 86.4 58.3 9
      vertex 98.4 58.3 6.4
      vertex 86.4 58.3 6.4
    endloop
  endfacet
  facet normal -1 0 0
    outer loop
      vertex 22.4 0 16.4
      vertex 22.4 2.4 19
      vertex 22.4 2.4 16.4
    endloop
  endfacet
  facet normal -1 -0 0
    outer loop
      vertex 22.4 2.4 19
      vertex 22.4 0 16.4
      vertex 22.4 0 19
    endloop
  endfacet
  facet normal 0 0 -1
    outer loop
      vertex 10.4 0 19
      vertex 22.4 2.4 19
      vertex 22.4 0 19
    endloop
  endfacet
  facet normal -0 0 -1
    outer loop
      vertex 22.4 2.4 19
      vertex 10.4 0 19
      vertex 10.4 2.4 19
    endloop
  endfacet
  facet normal -0 0 1
    outer loop
      vertex 10.4 2.4 16.4
      vertex 22.4 0 16.4
      vertex 22.4 2.4 16.4
    endloop
  endfacet
  facet normal 0 0 1
    outer loop
      vertex 22.4 0 16.4
      vertex 10.4 2.4 16.4
      vertex 10.4 0 16.4
    endloop
  endfacet
  facet normal 1 -0 0
    outer loop
      vertex 10.4 0 19
      vertex 10.4 2.4 16.4
      vertex 10.4 2.4 19
    endloop
  endfacet
  facet normal 1 0 0
    outer loop
      vertex 10.4 2.4 16.4
      vertex 10.4 0 19
      vertex 10.4 0 16.4
    endloop
  endfacet
  facet normal -1 0 0
    outer loop
      vertex 37.6 0 16.4
      vertex 37.6 2.4 19
      vertex 37.6 2.4 16.4
    endloop
  endfacet
  facet normal -1 -0 0
    outer loop
      vertex 37.6 2.4 19
      vertex 37.6 0 16.4
      vertex 37.6 0 19
    endloop
  endfacet
  facet normal 0 0 -1
    outer loop
      vertex 25.6 0 19
      vertex 37.6 2.4 19
      vertex 37.6 0 19
    endloop
  endfacet
  facet normal -0 0 -1
    outer loop
      vertex 37.6 2.4 19
      vertex 25.6 0 19
      vertex 25.6 2.4 19
    endloop
  endfacet
  facet normal -0 0 1
    outer loop
      vertex 25.6 2.4 16.4
      vertex 37.6 0 16.4
      vertex 37.6 2.4 16.4
    endloop
  endfacet
  facet normal 0 0 1
    outer loop
      vertex 37.6 0 16.4
      vertex 25.6 2.4 16.4
      vertex 25.6 0 16.4
    endloop
  endfacet
  facet normal 1 -0 0
    outer loop
      vertex 25.6 0 19
      vertex 25.6 2.4 16.4
      vertex 25.6 2.4 19
    endloop
  endfacet
  facet normal 1 0 0
    outer loop
      vertex 25.6 2.4 16.4
      vertex 25.6 0 19
      vertex 25.6 0 16.4
    endloop
  endfacet
  facet normal -1 0 0
    outer loop
      vertex 52.8 0 16.4
      vertex 52.8 2.4 19
      vertex 52.8 2.4 16.4
    endloop
  endfacet
  facet normal -1 -0 0
    outer loop
      vertex 52.8 2.4 19
      vertex 52.8 0 16.4
      vertex 52.8 0 19
    endloop
  endfacet
  facet normal 0 0 -1
    outer loop
      vertex 40.8 0 19
      vertex 52.8 2.4 19
      vertex 52.8 0 19
    endloop
  endfacet
  facet normal -0 0 -1
    outer loop
      vertex 52.8 2.4 19
      vertex 40.8 0 19
      vertex 40.8 2.4 19
    endloop
  endfacet
  facet normal -0 0 1
    outer loop
      vertex 40.8 2.4 16.4
      vertex 52.8 0 16.4
      vertex 52.8 2.4 16.4
    endloop
  endfacet
  facet normal 0 0 1
    outer loop
      vertex 52.8 0 16.4
      vertex 40.8 2.4 16.4
      vertex 40.8 0 16.4
    endloop
  endfacet
  facet normal 1 -0 0
    outer loop
      vertex 40.8 0 19
      vertex 40.8 2.4 16.4
      vertex 40.8 2.4 19
    endloop
  endfacet
  facet normal 1 0 0
    outer loop
      vertex 40.8 2.4 16.4
      vertex 40.8 0 19
      vertex 40.8 0 16.4
    endloop
  endfacet
  facet normal -1 0 0
    outer loop
      vertex 68 0 16.4
      vertex 68 2.4 19
      vertex 68 2.4 16.4
    endloop
  endfacet
  facet normal -1 -0 0
    outer loop
      vertex 68 2.4 19
      vertex 68 0 16.4
      vertex 68 0 19
    endloop
  endfacet
  facet normal 0 0 -1
    outer loop
      vertex 56 0 19
      vertex 68 2.4 19
      vertex 68 0 19
    endloop
  endfacet
  facet normal -0 0 -1
    outer loop
      vertex 68 2.4 19
      vertex 56 0 19
      vertex 56 2.4 19
    endloop
  endfacet
  facet normal -0 0 1
    outer loop
      vertex 56 2.4 16.4
      vertex 68 0 16.4
      vertex 68 2.4 16.4
    endloop
  endfacet
  facet normal 0 0 1
    outer loop
      vertex 68 0 16.4
      vertex 56 2.4 16.4
      vertex 56 0 16.4
    endloop
  endfacet
  facet normal 1 -0 0
    outer loop
      vertex 56 0 19
      vertex 56 2.4 16.4
      vertex 56 2.4 19
    endloop
  endfacet
  facet normal 1 0 0
    outer loop
      vertex 56 2.4 16.4
      vertex 56 0 19
      vertex 56 0 16.4
    endloop
  endfacet
  facet normal -1 0 0
    outer loop
      vertex 83.2 0 16.4
      vertex 83.2 2.4 19
      vertex 83.2 2.4 16.4
    endloop
  endfacet
  facet normal -1 -0 0
    outer loop
      vertex 83.2 2.4 19
      vertex 83.2 0 16.4
      vertex 83.2 0 19
    endloop
  endfacet
  facet normal 0 0 -1
    outer loop
      vertex 71.2 0 19
      vertex 83.2 2.4 19
      vertex 83.2 0 19
    endloop
  endfacet
  facet normal -0 0 -1
    outer loop
      vertex 83.2 2.4 19
      vertex 71.2 0 19
      vertex 71.2 2.4 19
    endloop
  endfacet
  facet normal -0 0 1
    outer loop
      vertex 71.2 2.4 16.4
      vertex 83.2 0 16.4
      vertex 83.2 2.4 16.4
    endloop
  endfacet
  facet normal 0 0 1
    outer loop
      vertex 83.2 0 16.4
      vertex 71.2 2.4 16.4
      vertex 71.2 0 16.4
    endloop
  endfacet
  facet normal 1 -0 0
    outer loop
      vertex 71.2 0 19
      vertex 71.2 2.4 16.4
      vertex 71.2 2.4 19
    endloop
  endfacet
  facet normal 1 0 0
    outer loop
      vertex 71.2 2.4 16.4
      vertex 71.2 0 19
      vertex 71.2 0 16.4
    endloop
  endfacet
  facet normal -1 0 0
    outer loop
      vertex 98.4 0 16.4
      vertex 98.4 2.4 19
      vertex 98.4 2.4 16.4
    endloop
  endfacet
  facet normal -1 -0 0
    outer loop
      vertex 98.4 2.4 19
      vertex 98.4 0 16.4
      vertex 98.4 0 19
    endloop
  endfacet
  facet normal 0 0 -1
    outer loop
      vertex 86.4 0 19
      vertex 98.4 2.4 19
      vertex 98.4 0 19
    endloop
  endfacet
  facet normal -0 0 -1
    outer loop
      vertex 98.4 2.4 19
      vertex 86.4 0 19
      vertex 86.4 2.4 19
    endloop
  endfacet
  facet normal -0 0 1
    outer loop
      vertex 86.4 2.4 16.4
      vertex 98.4 0 16.4
      vertex 98.4 2.4 16.4
    endloop
  endfacet
  facet normal 0 0 1
    outer loop
      vertex 98.4 0 16.4
      vertex 86.4 2.4 16.4
      vertex 86.4 0 16.4
    endloop
  endfacet
  facet normal 1 -0 0
    outer loop
      vertex 86.4 0 19
      vertex 86.4 2.4 16.4
      vertex 86.4 2.4 19
    endloop
  endfacet
  facet normal 1 0 0
    outer loop
      vertex 86.4 2.4 16.4
      vertex 86.4 0 19
      vertex 86.4 0 16.4
    endloop
  endfacet
  facet normal -1 0 0
    outer loop
      vertex 22.4 58.3 16.4
      vertex 22.4 58.8 19
      vertex 22.4 58.8 16.4
    endloop
  endfacet
  facet normal -1 -0 0
    outer loop
      vertex 22.4 58.8 19
      vertex 22.4 58.3 16.4
      vertex 22.4 58.3 19
    endloop
  endfacet
  facet normal 0 0 -1
    outer loop
      vertex 10.4 58.3 19
      vertex 22.4 58.8 19
      vertex 22.4 58.3 19
    endloop
  endfacet
  facet normal -0 0 -1
    outer loop
      vertex 22.4 58.8 19
      vertex 10.4 58.3 19
      vertex 10.4 58.8 19
    endloop
  endfacet
  facet normal -0 0 1
    outer loop
      vertex 10.4 58.8 16.4
      vertex 22.4 58.3 16.4
      vertex 22.4 58.8 16.4
    endloop
  endfacet
  facet normal 0 0 1
    outer loop
      vertex 22.4 58.3 16.4
      vertex 10.4 58.8 16.4
      vertex 10.4 58.3 16.4
    endloop
  endfacet
  facet normal 1 -0 0
    outer loop
      vertex 10.4 58.3 19
      vertex 10.4 58.8 16.4
      vertex 10.4 58.8 19
    endloop
  endfacet
  facet normal 1 0 0
    outer loop
      vertex 10.4 58.8 16.4
      vertex 10.4 58.3 19
      vertex 10.4 58.3 16.4
    endloop
  endfacet
  facet normal 0 1 -0
    outer loop
      vertex 22.4 58.3 16.4
      vertex 10.4 58.3 19
      vertex 22.4 58.3 19
    endloop
  endfacet
  facet normal 0 1 0
    outer loop
      vertex 10.4 58.3 19
      vertex 22.4 58.3 16.4
      vertex 10.4 58.3 16.4
    endloop
  endfacet
  facet normal -1 0 0
    outer loop
      vertex 37.6 58.3 16.4
      vertex 37.6 58.8 19
      vertex 37.6 58.8 16.4
    endloop
  endfacet
  facet normal -1 -0 0
    outer loop
      vertex 37.6 58.8 19
      vertex 37.6 58.3 16.4
      vertex 37.6 58.3 19
    endloop
  endfacet
  facet normal 0 0 -1
    outer loop
      vertex 25.6 58.3 19
      vertex 37.6 58.8 19
      vertex 37.6 58.3 19
    endloop
  endfacet
  facet normal -0 0 -1
    outer loop
      vertex 37.6 58.8 19
      vertex 25.6 58.3 19
      vertex 25.6 58.8 19
    endloop
  endfacet
  facet normal -0 0 1
    outer loop
      vertex 25.6 58.8 16.4
      vertex 37.6 58.3 16.4
      vertex 37.6 58.8 16.4
    endloop
  endfacet
  facet normal 0 0 1
    outer loop
      vertex 37.6 58.3 16.4
      vertex 25.6 58.8 16.4
      vertex 25.6 58.3 16.4
    endloop
  endfacet
  facet normal 1 -0 0
    outer loop
      vertex 25.6 58.3 19
      vertex 25.6 58.8 16.4
      vertex 25.6 58.8 19
    endloop
  endfacet
  facet normal 1 0 0
    outer loop
      vertex 25.6 58.8 16.4
      vertex 25.6 58.3 19
      vertex 25.6 58.3 16.4
    endloop
  endfacet
  facet normal 0 1 -0
    outer loop
      vertex 37.6 58.3 16.4
      vertex 25.6 58.3 19
      vertex 37.6 58.3 19
    endloop
  endfacet
  facet normal 0 1 0
    outer loop
      vertex 25.6 58.3 19
      vertex 37.6 58.3 16.4
      vertex 25.6 58.3 16.4
    endloop
  endfacet
  facet normal -1 0 0
    outer loop
      vertex 52.8 58.3 16.4
      vertex 52.8 58.8 19
      vertex 52.8 58.8 16.4
    endloop
  endfacet
  facet normal -1 -0 0
    outer loop
      vertex 52.8 58.8 19
      vertex 52.8 58.3 16.4
      vertex 52.8 58.3 19
    endloop
  endfacet
  facet normal 0 0 -1
    outer loop
      vertex 40.8 58.3 19
      vertex 52.8 58.8 19
      vertex 52.8 58.3 19
    endloop
  endfacet
  facet normal -0 0 -1
    outer loop
      vertex 52.8 58.8 19
      vertex 40.8 58.3 19
      vertex 40.8 58.8 19
    endloop
  endfacet
  facet normal -0 0 1
    outer loop
      vertex 40.8 58.8 16.4
      vertex 52.8 58.3 16.4
      vertex 52.8 58.8 16.4
    endloop
  endfacet
  facet normal 0 0 1
    outer loop
      vertex 52.8 58.3 16.4
      vertex 40.8 58.8 16.4
      vertex 40.8 58.3 16.4
    endloop
  endfacet
  facet normal 1 -0 0
    outer loop
      vertex 40.8 58.3 19
      vertex 40.8 58.8 16.4
      vertex 40.8 58.8 19
    endloop
  endfacet
  facet normal 1 0 0
    outer loop
      vertex 40.8 58.8 16.4
      vertex 40.8 58.3 19
      vertex 40.8 58.3 16.4
    endloop
  endfacet
  facet normal 0 1 -0
    outer loop
      vertex 52.8 58.3 16.4
      vertex 40.8 58.3 19
      vertex 52.8 58.3 19
    endloop
  endfacet
  facet normal 0 1 0
    outer loop
      vertex 40.8 58.3 19
      vertex 52.8 58.3 16.4
      vertex 40.8 58.3 16.4
    endloop
  endfacet
  facet normal -1 0 0
    outer loop
      vertex 68 58.3 16.4
      vertex 68 58.8 19
      vertex 68 58.8 16.4
    endloop
  endfacet
  facet normal -1 -0 0
    outer loop
      vertex 68 58.8 19
      vertex 68 58.3 16.4
      vertex 68 58.3 19
    endloop
  endfacet
  facet normal 0 0 -1
    outer loop
      vertex 56 58.3 19
      vertex 68 58.8 19
      vertex 68 58.3 19
    endloop
  endfacet
  facet normal -0 0 -1
    outer loop
      vertex 68 58.8 19
      vertex 56 58.3 19
      vertex 56 58.8 19
    endloop
  endfacet
  facet normal -0 0 1
    outer loop
      vertex 56 58.8 16.4
      vertex 68 58.3 16.4
      vertex 68 58.8 16.4
    endloop
  endfacet
  facet normal 0 0 1
    outer loop
      vertex 68 58.3 16.4
      vertex 56 58.8 16.4
      vertex 56 58.3 16.4
    endloop
  endfacet
  facet normal 1 -0 0
    outer loop
      vertex 56 58.3 19
      vertex 56 58.8 16.4
      vertex 56 58.8 19
    endloop
  endfacet
  facet normal 1 0 0
    outer loop
      vertex 56 58.8 16.4
      vertex 56 58.3 19
      vertex 56 58.3 16.4
    endloop
  endfacet
  facet normal 0 1 -0
    outer loop
      vertex 68 58.3 16.4
      vertex 56 58.3 19
      vertex 68 58.3 19
    endloop
  endfacet
  facet normal 0 1 0
    outer loop
      vertex 56 58.3 19
      vertex 68 58.3 16.4
      vertex 56 58.3 16.4
    endloop
  endfacet
  facet normal -1 0 0
    outer loop
      vertex 83.2 58.3 16.4
      vertex 83.2 58.8 19
      vertex 83.2 58.8 16.4
    endloop
  endfacet
  facet normal -1 -0 0
    outer loop
      vertex 83.2 58.8 19
      vertex 83.2 58.3 16.4
      vertex 83.2 58.3 19
    endloop
  endfacet
  facet normal 0 0 -1
    outer loop
      vertex 71.2 58.3 19
      vertex 83.2 58.8 19
      vertex 83.2 58.3 19
    endloop
  endfacet
  facet normal -0 0 -1
    outer loop
      vertex 83.2 58.8 19
      vertex 71.2 58.3 19
      vertex 71.2 58.8 19
    endloop
  endfacet
  facet normal -0 0 1
    outer loop
      vertex 71.2 58.8 16.4
      vertex 83.2 58.3 16.4
      vertex 83.2 58.8 16.4
    endloop
  endfacet
  facet normal 0 0 1
    outer loop
      vertex 83.2 58.3 16.4
      vertex 71.2 58.8 16.4
      vertex 71.2 58.3 16.4
    endloop
  endfacet
  facet normal 1 -0 0
    outer loop
      vertex 71.2 58.3 19
      vertex 71.2 58.8 16.4
      vertex 71.2 58.8 19
    endloop
  endfacet
  facet normal 1 0 0
    outer loop
      vertex 71.2 58.8 16.4
      vertex 71.2 58.3 19
      vertex 71.2 58.3 16.4
    endloop
  endfacet
  facet normal 0 1 -0
    outer loop
      vertex 83.2 58.3 16.4
      vertex 71.2 58.3 19
      vertex 83.2 58.3 19
    endloop
  endfacet
  facet normal 0 1 0
    outer loop
      vertex 71.2 58.3 19
      vertex 83.2 58.3 16.4
      vertex 71.2 58.3 16.4
    endloop
  endfacet
  facet normal -1 0 0
    outer loop
      vertex 98.4 58.3 16.4
      vertex 98.4 58.8 19
      vertex 98.4 58.8 16.4
    endloop
  endfacet
  facet normal -1 -0 0
    outer loop
      vertex 98.4 58.8 19
      vertex 98.4 58.3 16.4
      vertex 98.4 58.3 19
    endloop
  endfacet
  facet normal 0 0 -1
    outer loop
      vertex 86.4 58.3 19
      vertex 98.4 58.8 19
      vertex 98.4 58.3 19
    endloop
  endfacet
  facet normal -0 0 -1
    outer loop
      vertex 98.4 58.8 19
      vertex 86.4 58.3 19
      vertex 86.4 58.8 19
    endloop
  endfacet
  facet normal -0 0 1
    outer loop
      vertex 86.4 58.8 16.4
      vertex 98.4 58.3 16.4
      vertex 98.4 58.8 16.4
    endloop
  endfacet
  facet normal 0 0 1
    outer loop
      vertex 98.4 58.3 16.4
      vertex 86.4 58.8 16.4
      vertex 86.4 58.3 16.4
    endloop
  endfacet
  facet normal 1 -0 0
    outer loop
      vertex 86.4 58.3 19
      vertex 86.4 58.8 16.4
      vertex 86.4 58.8 19
    endloop
  endfacet
  facet normal 1 0 0
    outer loop
      vertex 86.4 58.8 16.4
      vertex 86.4 58.3 19
      vertex 86.4 58.3 16.4
    endloop
  endfacet
  facet normal 0 1 -0
    outer loop
      vertex 98.4 58.3 16.4
      vertex 86.4 58.3 19
      vertex 98.4 58.3 19
    endloop
  endfacet
  facet normal 0 1 0
    outer loop
      vertex 86.4 58.3 19
      vertex 98.4 58.3 16.4
      vertex 86.4 58.3 16.4
    endloop
  endfacet
  facet normal 0 0 -1
    outer loop
      vertex 106.4 23.4 35.4
      vertex 108.8 35.4 35.4
      vertex 108.8 23.4 35.4
    endloop
  endfacet
  facet normal -0 0 -1
    outer loop
      vertex 108.8 35.4 35.4
      vertex 106.4 23.4 35.4
      vertex 106.4 35.4 35.4
    endloop
  endfacet
  facet normal -0 0 1
    outer loop
      vertex 106.4 35.4 28.4
      vertex 108.8 23.4 28.4
      vertex 108.8 35.4 28.4
    endloop
  endfacet
  facet normal 0 0 1
    outer loop
      vertex 108.8 23.4 28.4
      vertex 106.4 35.4 28.4
      vertex 106.4 23.4 28.4
    endloop
  endfacet
  facet normal 0 -1 0
    outer loop
      vertex 106.4 35.4 28.4
      vertex 108.8 35.4 35.4
      vertex 106.4 35.4 35.4
    endloop
  endfacet
  facet normal 0 -1 -0
    outer loop
      vertex 108.8 35.4 35.4
      vertex 106.4 35.4 28.4
      vertex 108.8 35.4 28.4
    endloop
  endfacet
  facet normal 0 1 -0
    outer loop
      vertex 108.8 23.4 28.4
      vertex 106.4 23.4 35.4
      vertex 108.8 23.4 35.4
    endloop
  endfacet
  facet normal 0 1 0
    outer loop
      vertex 106.4 23.4 35.4
      vertex 108.8 23.4 28.4
      vertex 106.4 23.4 28.4
    endloop
  endfacet
  facet normal 0 -0.989164 -0.146814
    outer loop
      vertex 106.4 18.1846 33.7137
      vertex 108.8 18.1385 34.0243
      vertex 106.4 18.1385 34.0243
    endloop
  endfacet
  facet normal 0 -0.989164 -0.146814
    outer loop
      vertex 108.8 18.1385 34.0243
      vertex 106.4 18.1846 33.7137
      vertex 108.8 18.1846 33.7137
    endloop
  endfacet
  facet normal 0 -0.242985 0.97003
    outer loop
      vertex 106.4 15.9289 30.3378
      vertex 108.8 15.6243 30.2615
      vertex 108.8 15.9289 30.3378
    endloop
  endfacet
  facet normal 0 -0.242985 0.97003
    outer loop
      vertex 108.8 15.6243 30.2615
      vertex 106.4 15.9289 30.3378
      vertex 106.4 15.6243 30.2615
    endloop
  endfacet
  facet normal -0 0.0490324 0.998797
    outer loop
      vertex 106.4 15 30.2
      vertex 108.8 14.6863 30.2154
      vertex 108.8 15 30.2
    endloop
  endfacet
  facet normal 0 0.0490324 0.998797
    outer loop
      vertex 108.8 14.6863 30.2154
      vertex 106.4 15 30.2
      vertex 106.4 14.6863 30.2154
    endloop
  endfacet
  facet normal 0 -0.941547 -0.336881
    outer loop
      vertex 106.4 18.0622 34.3289
      vertex 108.8 17.9564 34.6246
      vertex 106.4 17.9564 34.6246
    endloop
  endfacet
  facet normal 0 -0.941547 -0.336881
    outer loop
      vertex 108.8 17.9564 34.6246
      vertex 106.4 18.0622 34.3289
      vertex 108.8 18.0622 34.3289
    endloop
  endfacet
  facet normal 0 -0.514074 -0.857746
    outer loop
      vertex 106.4 16.5085 36.2221
      vertex 108.8 16.7778 36.0607
      vertex 108.8 16.5085 36.2221
    endloop
  endfacet
  facet normal -0 -0.514074 -0.857746
    outer loop
      vertex 108.8 16.7778 36.0607
      vertex 106.4 16.5085 36.2221
      vertex 106.4 16.7778 36.0607
    endloop
  endfacet
  facet normal 0 0.242985 -0.97003
    outer loop
      vertex 106.4 14.0711 36.4622
      vertex 108.8 14.3757 36.5385
      vertex 108.8 14.0711 36.4622
    endloop
  endfacet
  facet normal 0 0.242985 -0.97003
    outer loop
      vertex 108.8 14.3757 36.5385
      vertex 106.4 14.0711 36.4622
      vertex 106.4 14.3757 36.5385
    endloop
  endfacet
  facet normal 0 0.803236 0.595661
    outer loop
      vertex 108.8 12.5264 31.3699
      vertex 106.4 12.3393 31.6222
      vertex 108.8 12.3393 31.6222
    endloop
  endfacet
  facet normal 0 0.803236 0.595661
    outer loop
      vertex 106.4 12.3393 31.6222
      vertex 108.8 12.5264 31.3699
      vertex 106.4 12.5264 31.3699
    endloop
  endfacet
  facet normal 0 -0.0490324 0.998797
    outer loop
      vertex 106.4 15.3137 30.2154
      vertex 108.8 15 30.2
      vertex 108.8 15.3137 30.2154
    endloop
  endfacet
  facet normal 0 -0.0490324 0.998797
    outer loop
      vertex 108.8 15 30.2
      vertex 106.4 15.3137 30.2154
      vertex 106.4 15 30.2
    endloop
  endfacet
  facet normal 0 0.671705 -0.740819
    outer loop
      vertex 106.4 12.7373 35.6627
      vertex 108.8 12.9699 35.8736
      vertex 108.8 12.7373 35.6627
    endloop
  endfacet
  facet normal 0 0.671705 -0.740819
    outer loop
      vertex 108.8 12.9699 35.8736
      vertex 106.4 12.7373 35.6627
      vertex 106.4 12.9699 35.8736
    endloop
  endfacet
  facet normal 0 -0.97003 -0.242985
    outer loop
      vertex 106.4 18.1385 34.0243
      vertex 108.8 18.0622 34.3289
      vertex 106.4 18.0622 34.3289
    endloop
  endfacet
  facet normal 0 -0.97003 -0.242985
    outer loop
      vertex 108.8 18.0622 34.3289
      vertex 106.4 18.1385 34.0243
      vertex 108.8 18.1385 34.0243
    endloop
  endfacet
  facet normal -0 0.514074 0.857746
    outer loop
      vertex 106.4 13.4915 30.5779
      vertex 108.8 13.2222 30.7393
      vertex 108.8 13.4915 30.5779
    endloop
  endfacet
  facet normal 0 0.514074 0.857746
    outer loop
      vertex 108.8 13.2222 30.7393
      vertex 106.4 13.4915 30.5779
      vertex 106.4 13.2222 30.7393
    endloop
  endfacet
  facet normal 0 -0.903958 -0.427621
    outer loop
      vertex 106.4 17.9564 34.6246
      vertex 108.8 17.8221 34.9085
      vertex 106.4 17.8221 34.9085
    endloop
  endfacet
  facet normal 0 -0.903958 -0.427621
    outer loop
      vertex 108.8 17.8221 34.9085
      vertex 106.4 17.9564 34.6246
      vertex 108.8 17.9564 34.6246
    endloop
  endfacet
  facet normal 0 0.740819 -0.671705
    outer loop
      vertex 108.8 12.5264 35.4301
      vertex 106.4 12.7373 35.6627
      vertex 108.8 12.7373 35.6627
    endloop
  endfacet
  facet normal 0 0.740819 -0.671705
    outer loop
      vertex 106.4 12.7373 35.6627
      vertex 108.8 12.5264 35.4301
      vertex 106.4 12.5264 35.4301
    endloop
  endfacet
  facet normal 0 -0.595661 0.803236
    outer loop
      vertex 106.4 17.0301 30.9264
      vertex 108.8 16.7778 30.7393
      vertex 108.8 17.0301 30.9264
    endloop
  endfacet
  facet normal 0 -0.595661 0.803236
    outer loop
      vertex 108.8 16.7778 30.7393
      vertex 106.4 17.0301 30.9264
      vertex 106.4 16.7778 30.7393
    endloop
  endfacet
  facet normal 0 0.427621 -0.903958
    outer loop
      vertex 106.4 13.4915 36.2221
      vertex 108.8 13.7754 36.3564
      vertex 108.8 13.4915 36.2221
    endloop
  endfacet
  facet normal 0 0.427621 -0.903958
    outer loop
      vertex 108.8 13.7754 36.3564
      vertex 106.4 13.4915 36.2221
      vertex 106.4 13.7754 36.3564
    endloop
  endfacet
  facet normal -0 0.146814 0.989164
    outer loop
      vertex 106.4 14.6863 30.2154
      vertex 108.8 14.3757 30.2615
      vertex 108.8 14.6863 30.2154
    endloop
  endfacet
  facet normal 0 0.146814 0.989164
    outer loop
      vertex 108.8 14.3757 30.2615
      vertex 106.4 14.6863 30.2154
      vertex 106.4 14.3757 30.2615
    endloop
  endfacet
  facet normal -0 0.427621 0.903958
    outer loop
      vertex 106.4 13.7754 30.4436
      vertex 108.8 13.4915 30.5779
      vertex 108.8 13.7754 30.4436
    endloop
  endfacet
  facet normal 0 0.427621 0.903958
    outer loop
      vertex 108.8 13.4915 30.5779
      vertex 106.4 13.7754 30.4436
      vertex 106.4 13.4915 30.5779
    endloop
  endfacet
  facet normal 0 -0.740819 0.671705
    outer loop
      vertex 106.4 17.2627 31.1373
      vertex 108.8 17.4736 31.3699
      vertex 106.4 17.4736 31.3699
    endloop
  endfacet
  facet normal 0 -0.740819 0.671705
    outer loop
      vertex 108.8 17.4736 31.3699
      vertex 106.4 17.2627 31.1373
      vertex 108.8 17.2627 31.1373
    endloop
  endfacet
  facet normal 0 -0.427621 0.903958
    outer loop
      vertex 106.4 16.5085 30.5779
      vertex 108.8 16.2246 30.4436
      vertex 108.8 16.5085 30.5779
    endloop
  endfacet
  facet normal 0 -0.427621 0.903958
    outer loop
      vertex 108.8 16.2246 30.4436
      vertex 106.4 16.5085 30.5779
      vertex 106.4 16.2246 30.4436
    endloop
  endfacet
  facet normal 0 -0.998797 -0.0490324
    outer loop
      vertex 106.4 18.2 33.4
      vertex 108.8 18.1846 33.7137
      vertex 106.4 18.1846 33.7137
    endloop
  endfacet
  facet normal 0 -0.998797 -0.0490324
    outer loop
      vertex 108.8 18.1846 33.7137
      vertex 106.4 18.2 33.4
      vertex 108.8 18.2 33.4
    endloop
  endfacet
  facet normal 0 0.903958 -0.427621
    outer loop
      vertex 108.8 12.0436 34.6246
      vertex 106.4 12.1779 34.9085
      vertex 108.8 12.1779 34.9085
    endloop
  endfacet
  facet normal 0 0.903958 -0.427621
    outer loop
      vertex 106.4 12.1779 34.9085
      vertex 108.8 12.0436 34.6246
      vertex 106.4 12.0436 34.6246
    endloop
  endfacet
  facet normal -0 0.242985 0.97003
    outer loop
      vertex 106.4 14.3757 30.2615
      vertex 108.8 14.0711 30.3378
      vertex 108.8 14.3757 30.2615
    endloop
  endfacet
  facet normal 0 0.242985 0.97003
    outer loop
      vertex 108.8 14.0711 30.3378
      vertex 106.4 14.3757 30.2615
      vertex 106.4 14.0711 30.3378
    endloop
  endfacet
  facet normal 0 0.989164 0.146814
    outer loop
      vertex 108.8 11.8615 32.7757
      vertex 106.4 11.8154 33.0863
      vertex 108.8 11.8154 33.0863
    endloop
  endfacet
  facet normal 0 0.989164 0.146814
    outer loop
      vertex 106.4 11.8154 33.0863
      vertex 108.8 11.8615 32.7757
      vertex 106.4 11.8615 32.7757
    endloop
  endfacet
  facet normal 0 -0.97003 0.242985
    outer loop
      vertex 106.4 18.0622 32.4711
      vertex 108.8 18.1385 32.7757
      vertex 106.4 18.1385 32.7757
    endloop
  endfacet
  facet normal 0 -0.97003 0.242985
    outer loop
      vertex 108.8 18.1385 32.7757
      vertex 106.4 18.0622 32.4711
      vertex 108.8 18.0622 32.4711
    endloop
  endfacet
  facet normal 0 -0.903958 0.427621
    outer loop
      vertex 106.4 17.8221 31.8915
      vertex 108.8 17.9564 32.1754
      vertex 106.4 17.9564 32.1754
    endloop
  endfacet
  facet normal 0 -0.903958 0.427621
    outer loop
      vertex 108.8 17.9564 32.1754
      vertex 106.4 17.8221 31.8915
      vertex 108.8 17.8221 31.8915
    endloop
  endfacet
  facet normal 0 -0.857746 -0.514074
    outer loop
      vertex 106.4 17.8221 34.9085
      vertex 108.8 17.6607 35.1778
      vertex 106.4 17.6607 35.1778
    endloop
  endfacet
  facet normal 0 -0.857746 -0.514074
    outer loop
      vertex 108.8 17.6607 35.1778
      vertex 106.4 17.8221 34.9085
      vertex 108.8 17.8221 34.9085
    endloop
  endfacet
  facet normal 0 -0.146814 0.989164
    outer loop
      vertex 106.4 15.6243 30.2615
      vertex 108.8 15.3137 30.2154
      vertex 108.8 15.6243 30.2615
    endloop
  endfacet
  facet normal 0 -0.146814 0.989164
    outer loop
      vertex 108.8 15.3137 30.2154
      vertex 106.4 15.6243 30.2615
      vertex 106.4 15.3137 30.2154
    endloop
  endfacet
  facet normal 0 0.146814 -0.989164
    outer loop
      vertex 106.4 14.3757 36.5385
      vertex 108.8 14.6863 36.5846
      vertex 108.8 14.3757 36.5385
    endloop
  endfacet
  facet normal 0 0.146814 -0.989164
    outer loop
      vertex 108.8 14.6863 36.5846
      vertex 106.4 14.3757 36.5385
      vertex 106.4 14.6863 36.5846
    endloop
  endfacet
  facet normal 0 -0.671705 0.740819
    outer loop
      vertex 106.4 17.2627 31.1373
      vertex 108.8 17.0301 30.9264
      vertex 108.8 17.2627 31.1373
    endloop
  endfacet
  facet normal 0 -0.671705 0.740819
    outer loop
      vertex 108.8 17.0301 30.9264
      vertex 106.4 17.2627 31.1373
      vertex 106.4 17.0301 30.9264
    endloop
  endfacet
  facet normal 0 -0.998797 0.0490324
    outer loop
      vertex 106.4 18.1846 33.0863
      vertex 108.8 18.2 33.4
      vertex 106.4 18.2 33.4
    endloop
  endfacet
  facet normal 0 -0.998797 0.0490324
    outer loop
      vertex 108.8 18.2 33.4
      vertex 106.4 18.1846 33.0863
      vertex 108.8 18.1846 33.0863
    endloop
  endfacet
  facet normal 0 -0.803236 -0.595661
    outer loop
      vertex 106.4 17.6607 35.1778
      vertex 108.8 17.4736 35.4301
      vertex 106.4 17.4736 35.4301
    endloop
  endfacet
  facet normal 0 -0.803236 -0.595661
    outer loop
      vertex 108.8 17.4736 35.4301
      vertex 106.4 17.6607 35.1778
      vertex 108.8 17.6607 35.1778
    endloop
  endfacet
  facet normal 0 0.97003 0.242985
    outer loop
      vertex 108.8 11.9378 32.4711
      vertex 106.4 11.8615 32.7757
      vertex 108.8 11.8615 32.7757
    endloop
  endfacet
  facet normal 0 0.97003 0.242985
    outer loop
      vertex 106.4 11.8615 32.7757
      vertex 108.8 11.9378 32.4711
      vertex 106.4 11.9378 32.4711
    endloop
  endfacet
  facet normal 0 0.857746 0.514074
    outer loop
      vertex 108.8 12.3393 31.6222
      vertex 106.4 12.1779 31.8915
      vertex 108.8 12.1779 31.8915
    endloop
  endfacet
  facet normal 0 0.857746 0.514074
    outer loop
      vertex 106.4 12.1779 31.8915
      vertex 108.8 12.3393 31.6222
      vertex 106.4 12.3393 31.6222
    endloop
  endfacet
  facet normal 0 -0.803236 0.595661
    outer loop
      vertex 106.4 17.4736 31.3699
      vertex 108.8 17.6607 31.6222
      vertex 106.4 17.6607 31.6222
    endloop
  endfacet
  facet normal 0 -0.803236 0.595661
    outer loop
      vertex 108.8 17.6607 31.6222
      vertex 106.4 17.4736 31.3699
      vertex 108.8 17.4736 31.3699
    endloop
  endfacet
  facet normal 0 0.941547 0.336881
    outer loop
      vertex 108.8 12.0436 32.1754
      vertex 106.4 11.9378 32.4711
      vertex 108.8 11.9378 32.4711
    endloop
  endfacet
  facet normal 0 0.941547 0.336881
    outer loop
      vertex 106.4 11.9378 32.4711
      vertex 108.8 12.0436 32.1754
      vertex 106.4 12.0436 32.1754
    endloop
  endfacet
  facet normal 0 -0.941547 0.336881
    outer loop
      vertex 106.4 17.9564 32.1754
      vertex 108.8 18.0622 32.4711
      vertex 106.4 18.0622 32.4711
    endloop
  endfacet
  facet normal 0 -0.941547 0.336881
    outer loop
      vertex 108.8 18.0622 32.4711
      vertex 106.4 17.9564 32.1754
      vertex 108.8 17.9564 32.1754
    endloop
  endfacet
  facet normal 0 0.941547 -0.336881
    outer loop
      vertex 108.8 11.9378 34.3289
      vertex 106.4 12.0436 34.6246
      vertex 108.8 12.0436 34.6246
    endloop
  endfacet
  facet normal 0 0.941547 -0.336881
    outer loop
      vertex 106.4 12.0436 34.6246
      vertex 108.8 11.9378 34.3289
      vertex 106.4 11.9378 34.3289
    endloop
  endfacet
  facet normal -0 0.595661 0.803236
    outer loop
      vertex 106.4 13.2222 30.7393
      vertex 108.8 12.9699 30.9264
      vertex 108.8 13.2222 30.7393
    endloop
  endfacet
  facet normal 0 0.595661 0.803236
    outer loop
      vertex 108.8 12.9699 30.9264
      vertex 106.4 13.2222 30.7393
      vertex 106.4 12.9699 30.9264
    endloop
  endfacet
  facet normal 0 0.903958 0.427621
    outer loop
      vertex 108.8 12.1779 31.8915
      vertex 106.4 12.0436 32.1754
      vertex 108.8 12.0436 32.1754
    endloop
  endfacet
  facet normal 0 0.903958 0.427621
    outer loop
      vertex 106.4 12.0436 32.1754
      vertex 108.8 12.1779 31.8915
      vertex 106.4 12.1779 31.8915
    endloop
  endfacet
  facet normal 0 -0.146814 -0.989164
    outer loop
      vertex 106.4 15.3137 36.5846
      vertex 108.8 15.6243 36.5385
      vertex 108.8 15.3137 36.5846
    endloop
  endfacet
  facet normal -0 -0.146814 -0.989164
    outer loop
      vertex 108.8 15.6243 36.5385
      vertex 106.4 15.3137 36.5846
      vertex 106.4 15.6243 36.5385
    endloop
  endfacet
  facet normal 0 -0.336881 0.941547
    outer loop
      vertex 106.4 16.2246 30.4436
      vertex 108.8 15.9289 30.3378
      vertex 108.8 16.2246 30.4436
    endloop
  endfacet
  facet normal 0 -0.336881 0.941547
    outer loop
      vertex 108.8 15.9289 30.3378
      vertex 106.4 16.2246 30.4436
      vertex 106.4 15.9289 30.3378
    endloop
  endfacet
  facet normal 0 -0.857746 0.514074
    outer loop
      vertex 106.4 17.6607 31.6222
      vertex 108.8 17.8221 31.8915
      vertex 106.4 17.8221 31.8915
    endloop
  endfacet
  facet normal 0 -0.857746 0.514074
    outer loop
      vertex 108.8 17.8221 31.8915
      vertex 106.4 17.6607 31.6222
      vertex 108.8 17.6607 31.6222
    endloop
  endfacet
  facet normal 0 -0.740819 -0.671705
    outer loop
      vertex 106.4 17.4736 35.4301
      vertex 108.8 17.2627 35.6627
      vertex 106.4 17.2627 35.6627
    endloop
  endfacet
  facet normal 0 -0.740819 -0.671705
    outer loop
      vertex 108.8 17.2627 35.6627
      vertex 106.4 17.4736 35.4301
      vertex 108.8 17.4736 35.4301
    endloop
  endfacet
  facet normal 0 -0.242985 -0.97003
    outer loop
      vertex 106.4 15.6243 36.5385
      vertex 108.8 15.9289 36.4622
      vertex 108.8 15.6243 36.5385
    endloop
  endfacet
  facet normal -0 -0.242985 -0.97003
    outer loop
      vertex 108.8 15.9289 36.4622
      vertex 106.4 15.6243 36.5385
      vertex 106.4 15.9289 36.4622
    endloop
  endfacet
  facet normal 0 -0.514074 0.857746
    outer loop
      vertex 106.4 16.7778 30.7393
      vertex 108.8 16.5085 30.5779
      vertex 108.8 16.7778 30.7393
    endloop
  endfacet
  facet normal 0 -0.514074 0.857746
    outer loop
      vertex 108.8 16.5085 30.5779
      vertex 106.4 16.7778 30.7393
      vertex 106.4 16.5085 30.5779
    endloop
  endfacet
  facet normal -0 0.336881 0.941547
    outer loop
      vertex 106.4 14.0711 30.3378
      vertex 108.8 13.7754 30.4436
      vertex 108.8 14.0711 30.3378
    endloop
  endfacet
  facet normal 0 0.336881 0.941547
    outer loop
      vertex 108.8 13.7754 30.4436
      vertex 106.4 14.0711 30.3378
      vertex 106.4 13.7754 30.4436
    endloop
  endfacet
  facet normal 0 0.740819 0.671705
    outer loop
      vertex 108.8 12.7373 31.1373
      vertex 106.4 12.5264 31.3699
      vertex 108.8 12.5264 31.3699
    endloop
  endfacet
  facet normal 0 0.740819 0.671705
    outer loop
      vertex 106.4 12.5264 31.3699
      vertex 108.8 12.7373 31.1373
      vertex 106.4 12.7373 31.1373
    endloop
  endfacet
  facet normal 0 -0.0490324 -0.998797
    outer loop
      vertex 106.4 15 36.6
      vertex 108.8 15.3137 36.5846
      vertex 108.8 15 36.6
    endloop
  endfacet
  facet normal -0 -0.0490324 -0.998797
    outer loop
      vertex 108.8 15.3137 36.5846
      vertex 106.4 15 36.6
      vertex 106.4 15.3137 36.5846
    endloop
  endfacet
  facet normal 0 0.0490324 -0.998797
    outer loop
      vertex 106.4 14.6863 36.5846
      vertex 108.8 15 36.6
      vertex 108.8 14.6863 36.5846
    endloop
  endfacet
  facet normal 0 0.0490324 -0.998797
    outer loop
      vertex 108.8 15 36.6
      vertex 106.4 14.6863 36.5846
      vertex 106.4 15 36.6
    endloop
  endfacet
  facet normal 0 -0.671705 -0.740819
    outer loop
      vertex 106.4 17.0301 35.8736
      vertex 108.8 17.2627 35.6627
      vertex 108.8 17.0301 35.8736
    endloop
  endfacet
  facet normal -0 -0.671705 -0.740819
    outer loop
      vertex 108.8 17.2627 35.6627
      vertex 106.4 17.0301 35.8736
      vertex 106.4 17.2627 35.6627
    endloop
  endfacet
  facet normal 0 0.998797 -0.0490324
    outer loop
      vertex 108.8 11.8 33.4
      vertex 106.4 11.8154 33.7137
      vertex 108.8 11.8154 33.7137
    endloop
  endfacet
  facet normal 0 0.998797 -0.0490324
    outer loop
      vertex 106.4 11.8154 33.7137
      vertex 108.8 11.8 33.4
      vertex 106.4 11.8 33.4
    endloop
  endfacet
  facet normal 0 0.998797 0.0490324
    outer loop
      vertex 108.8 11.8154 33.0863
      vertex 106.4 11.8 33.4
      vertex 108.8 11.8 33.4
    endloop
  endfacet
  facet normal 0 0.998797 0.0490324
    outer loop
      vertex 106.4 11.8 33.4
      vertex 108.8 11.8154 33.0863
      vertex 106.4 11.8154 33.0863
    endloop
  endfacet
  facet normal 0 0.336881 -0.941547
    outer loop
      vertex 106.4 13.7754 36.3564
      vertex 108.8 14.0711 36.4622
      vertex 108.8 13.7754 36.3564
    endloop
  endfacet
  facet normal 0 0.336881 -0.941547
    outer loop
      vertex 108.8 14.0711 36.4622
      vertex 106.4 13.7754 36.3564
      vertex 106.4 14.0711 36.4622
    endloop
  endfacet
  facet normal 0 0.803236 -0.595661
    outer loop
      vertex 108.8 12.3393 35.1778
      vertex 106.4 12.5264 35.4301
      vertex 108.8 12.5264 35.4301
    endloop
  endfacet
  facet normal 0 0.803236 -0.595661
    outer loop
      vertex 106.4 12.5264 35.4301
      vertex 108.8 12.3393 35.1778
      vertex 106.4 12.3393 35.1778
    endloop
  endfacet
  facet normal 0 -0.336881 -0.941547
    outer loop
      vertex 106.4 15.9289 36.4622
      vertex 108.8 16.2246 36.3564
      vertex 108.8 15.9289 36.4622
    endloop
  endfacet
  facet normal -0 -0.336881 -0.941547
    outer loop
      vertex 108.8 16.2246 36.3564
      vertex 106.4 15.9289 36.4622
      vertex 106.4 16.2246 36.3564
    endloop
  endfacet
  facet normal -0 0.671705 0.740819
    outer loop
      vertex 106.4 12.9699 30.9264
      vertex 108.8 12.7373 31.1373
      vertex 108.8 12.9699 30.9264
    endloop
  endfacet
  facet normal 0 0.671705 0.740819
    outer loop
      vertex 108.8 12.7373 31.1373
      vertex 106.4 12.9699 30.9264
      vertex 106.4 12.7373 31.1373
    endloop
  endfacet
  facet normal 0 -0.427621 -0.903958
    outer loop
      vertex 106.4 16.2246 36.3564
      vertex 108.8 16.5085 36.2221
      vertex 108.8 16.2246 36.3564
    endloop
  endfacet
  facet normal -0 -0.427621 -0.903958
    outer loop
      vertex 108.8 16.5085 36.2221
      vertex 106.4 16.2246 36.3564
      vertex 106.4 16.5085 36.2221
    endloop
  endfacet
  facet normal 0 -0.989164 0.146814
    outer loop
      vertex 106.4 18.1385 32.7757
      vertex 108.8 18.1846 33.0863
      vertex 106.4 18.1846 33.0863
    endloop
  endfacet
  facet normal 0 -0.989164 0.146814
    outer loop
      vertex 108.8 18.1846 33.0863
      vertex 106.4 18.1385 32.7757
      vertex 108.8 18.1385 32.7757
    endloop
  endfacet
  facet normal 0 0.595661 -0.803236
    outer loop
      vertex 106.4 12.9699 35.8736
      vertex 108.8 13.2222 36.0607
      vertex 108.8 12.9699 35.8736
    endloop
  endfacet
  facet normal 0 0.595661 -0.803236
    outer loop
      vertex 108.8 13.2222 36.0607
      vertex 106.4 12.9699 35.8736
      vertex 106.4 13.2222 36.0607
    endloop
  endfacet
  facet normal 0 -0.595661 -0.803236
    outer loop
      vertex 106.4 16.7778 36.0607
      vertex 108.8 17.0301 35.8736
      vertex 108.8 16.7778 36.0607
    endloop
  endfacet
  facet normal -0 -0.595661 -0.803236
    outer loop
      vertex 108.8 17.0301 35.8736
      vertex 106.4 16.7778 36.0607
      vertex 106.4 17.0301 35.8736
    endloop
  endfacet
  facet normal 0 0.97003 -0.242985
    outer loop
      vertex 108.8 11.8615 34.0243
      vertex 106.4 11.9378 34.3289
      vertex 108.8 11.9378 34.3289
    endloop
  endfacet
  facet normal 0 0.97003 -0.242985
    outer loop
      vertex 106.4 11.9378 34.3289
      vertex 108.8 11.8615 34.0243
      vertex 106.4 11.8615 34.0243
    endloop
  endfacet
  facet normal 0 0.514074 -0.857746
    outer loop
      vertex 106.4 13.2222 36.0607
      vertex 108.8 13.4915 36.2221
      vertex 108.8 13.2222 36.0607
    endloop
  endfacet
  facet normal 0 0.514074 -0.857746
    outer loop
      vertex 108.8 13.4915 36.2221
      vertex 106.4 13.2222 36.0607
      vertex 106.4 13.4915 36.2221
    endloop
  endfacet
  facet normal 0 0.989164 -0.146814
    outer loop
      vertex 108.8 11.8154 33.7137
      vertex 106.4 11.8615 34.0243
      vertex 108.8 11.8615 34.0243
    endloop
  endfacet
  facet normal 0 0.989164 -0.146814
    outer loop
      vertex 106.4 11.8615 34.0243
      vertex 108.8 11.8154 33.7137
      vertex 106.4 11.8154 33.7137
    endloop
  endfacet
  facet normal 0 0.857746 -0.514074
    outer loop
      vertex 108.8 12.1779 34.9085
      vertex 106.4 12.3393 35.1778
      vertex 108.8 12.3393 35.1778
    endloop
  endfacet
  facet normal 0 0.857746 -0.514074
    outer loop
      vertex 106.4 12.3393 35.1778
      vertex 108.8 12.1779 34.9085
      vertex 106.4 12.1779 34.9085
    endloop
  endfacet
  facet normal 0.998797 -0.0490387 0
    outer loop
      vertex 99.2 8 3.4
      vertex 99.2077 8.15683 2.4
      vertex 99.2077 8.15683 3.4
    endloop
  endfacet
  facet normal 0.998797 -0.0490387 0
    outer loop
      vertex 99.2077 8.15683 2.4
      vertex 99.2 8 3.4
      vertex 99.2 8 2.4
    endloop
  endfacet
  facet normal 0.998797 -0.0490387 0
    outer loop
      vertex 99.2 8 2.4
      vertex 99.2077 8.15683 0
      vertex 99.2077 8.15683 2.4
    endloop
  endfacet
  facet normal 0.998797 -0.0490387 0
    outer loop
      vertex 99.2077 8.15683 0
      vertex 99.2 8 2.4
      vertex 99.2 8 0
    endloop
  endfacet
  facet normal -0.989212 -0.146493 0
    outer loop
      vertex 102.392 8.15683 2.4
      vertex 102.369 8.31214 3.4
      vertex 102.369 8.31214 2.4
    endloop
  endfacet
  facet normal -0.989212 -0.146493 0
    outer loop
      vertex 102.369 8.31214 3.4
      vertex 102.392 8.15683 2.4
      vertex 102.392 8.15683 3.4
    endloop
  endfacet
  facet normal -0.989212 -0.146493 0
    outer loop
      vertex 102.392 8.15683 0
      vertex 102.369 8.31214 2.4
      vertex 102.369 8.31214 0
    endloop
  endfacet
  facet normal -0.989212 -0.146493 0
    outer loop
      vertex 102.369 8.31214 2.4
      vertex 102.392 8.15683 0
      vertex 102.392 8.15683 2.4
    endloop
  endfacet
  facet normal -0.998701 -0.0509444 0
    outer loop
      vertex 102.4 8 2.4
      vertex 102.392 8.15683 3.4
      vertex 102.392 8.15683 2.4
    endloop
  endfacet
  facet normal -0.998701 -0.0509444 0
    outer loop
      vertex 102.392 8.15683 3.4
      vertex 102.4 8 2.4
      vertex 102.4 8 3.4
    endloop
  endfacet
  facet normal -0.998701 -0.0509444 0
    outer loop
      vertex 102.4 8 0
      vertex 102.392 8.15683 2.4
      vertex 102.392 8.15683 0
    endloop
  endfacet
  facet normal -0.998701 -0.0509444 0
    outer loop
      vertex 102.392 8.15683 2.4
      vertex 102.4 8 0
      vertex 102.4 8 2.4
    endloop
  endfacet
  facet normal -0.970259 -0.242071 0
    outer loop
      vertex 102.369 8.31214 2.4
      vertex 102.331 8.46445 3.4
      vertex 102.331 8.46445 2.4
    endloop
  endfacet
  facet normal -0.970259 -0.242071 0
    outer loop
      vertex 102.331 8.46445 3.4
      vertex 102.369 8.31214 2.4
      vertex 102.369 8.31214 3.4
    endloop
  endfacet
  facet normal -0.970259 -0.242071 0
    outer loop
      vertex 102.369 8.31214 0
      vertex 102.331 8.46445 2.4
      vertex 102.331 8.46445 0
    endloop
  endfacet
  facet normal -0.970259 -0.242071 0
    outer loop
      vertex 102.331 8.46445 2.4
      vertex 102.369 8.31214 0
      vertex 102.369 8.31214 2.4
    endloop
  endfacet
  facet normal -0.146967 -0.989141 0
    outer loop
      vertex 100.957 9.59229 2.4
      vertex 101.112 9.56926 3.4
      vertex 100.957 9.59229 3.4
    endloop
  endfacet
  facet normal -0.146967 -0.989141 -0
    outer loop
      vertex 101.112 9.56926 3.4
      vertex 100.957 9.59229 2.4
      vertex 101.112 9.56926 2.4
    endloop
  endfacet
  facet normal -0.146967 -0.989141 0
    outer loop
      vertex 100.957 9.59229 0
      vertex 101.112 9.56926 2.4
      vertex 100.957 9.59229 2.4
    endloop
  endfacet
  facet normal -0.146967 -0.989141 -0
    outer loop
      vertex 101.112 9.56926 2.4
      vertex 100.957 9.59229 0
      vertex 101.112 9.56926 0
    endloop
  endfacet
  facet normal 0.969959 0.24327 0
    outer loop
      vertex 99.2689 7.53554 3.4
      vertex 99.2307 7.68785 2.4
      vertex 99.2307 7.68785 3.4
    endloop
  endfacet
  facet normal 0.969959 0.24327 0
    outer loop
      vertex 99.2307 7.68785 2.4
      vertex 99.2689 7.53554 3.4
      vertex 99.2689 7.53554 2.4
    endloop
  endfacet
  facet normal 0.969959 0.24327 0
    outer loop
      vertex 99.2689 7.53554 2.4
      vertex 99.2307 7.68785 0
      vertex 99.2307 7.68785 2.4
    endloop
  endfacet
  facet normal 0.969959 0.24327 0
    outer loop
      vertex 99.2307 7.68785 0
      vertex 99.2689 7.53554 2.4
      vertex 99.2689 7.53554 0
    endloop
  endfacet
  facet normal 0.336578 0.941656 -0
    outer loop
      vertex 100.336 6.46889 2.4
      vertex 100.188 6.52179 3.4
      vertex 100.336 6.46889 3.4
    endloop
  endfacet
  facet normal 0.336578 0.941656 0
    outer loop
      vertex 100.188 6.52179 3.4
      vertex 100.336 6.46889 2.4
      vertex 100.188 6.52179 2.4
    endloop
  endfacet
  facet normal 0.336578 0.941656 -0
    outer loop
      vertex 100.336 6.46889 0
      vertex 100.188 6.52179 2.4
      vertex 100.336 6.46889 2.4
    endloop
  endfacet
  facet normal 0.336578 0.941656 0
    outer loop
      vertex 100.188 6.52179 2.4
      vertex 100.336 6.46889 0
      vertex 100.188 6.52179 0
    endloop
  endfacet
  facet normal -0.998701 0.0509444 0
    outer loop
      vertex 102.392 7.84317 2.4
      vertex 102.4 8 3.4
      vertex 102.4 8 2.4
    endloop
  endfacet
  facet normal -0.998701 0.0509444 0
    outer loop
      vertex 102.4 8 3.4
      vertex 102.392 7.84317 2.4
      vertex 102.392 7.84317 3.4
    endloop
  endfacet
  facet normal -0.998701 0.0509444 0
    outer loop
      vertex 102.392 7.84317 0
      vertex 102.4 8 2.4
      vertex 102.4 8 0
    endloop
  endfacet
  facet normal -0.998701 0.0509444 0
    outer loop
      vertex 102.4 8 2.4
      vertex 102.392 7.84317 0
      vertex 102.392 7.84317 2.4
    endloop
  endfacet
  facet normal 0.989212 -0.146493 0
    outer loop
      vertex 99.2077 8.15683 3.4
      vertex 99.2307 8.31214 2.4
      vertex 99.2307 8.31214 3.4
    endloop
  endfacet
  facet normal 0.989212 -0.146493 0
    outer loop
      vertex 99.2307 8.31214 2.4
      vertex 99.2077 8.15683 3.4
      vertex 99.2077 8.15683 2.4
    endloop
  endfacet
  facet normal 0.989212 -0.146493 0
    outer loop
      vertex 99.2077 8.15683 2.4
      vertex 99.2307 8.31214 0
      vertex 99.2307 8.31214 2.4
    endloop
  endfacet
  facet normal 0.989212 -0.146493 0
    outer loop
      vertex 99.2307 8.31214 0
      vertex 99.2077 8.15683 2.4
      vertex 99.2077 8.15683 0
    endloop
  endfacet
  facet normal -0.14703 0.989132 0
    outer loop
      vertex 101.112 6.43074 2.4
      vertex 100.957 6.4077 3.4
      vertex 101.112 6.43074 3.4
    endloop
  endfacet
  facet normal -0.14703 0.989132 0
    outer loop
      vertex 100.957 6.4077 3.4
      vertex 101.112 6.43074 2.4
      vertex 100.957 6.4077 2.4
    endloop
  endfacet
  facet normal -0.14703 0.989132 0
    outer loop
      vertex 101.112 6.43074 0
      vertex 100.957 6.4077 2.4
      vertex 101.112 6.43074 2.4
    endloop
  endfacet
  facet normal -0.14703 0.989132 0
    outer loop
      vertex 100.957 6.4077 2.4
      vertex 101.112 6.43074 0
      vertex 100.957 6.4077 0
    endloop
  endfacet
  facet normal -0.941338 -0.337466 0
    outer loop
      vertex 102.331 8.46445 2.4
      vertex 102.278 8.61229 3.4
      vertex 102.278 8.61229 2.4
    endloop
  endfacet
  facet normal -0.941338 -0.337466 0
    outer loop
      vertex 102.278 8.61229 3.4
      vertex 102.331 8.46445 2.4
      vertex 102.331 8.46445 3.4
    endloop
  endfacet
  facet normal -0.941338 -0.337466 0
    outer loop
      vertex 102.331 8.46445 0
      vertex 102.278 8.61229 2.4
      vertex 102.278 8.61229 0
    endloop
  endfacet
  facet normal -0.941338 -0.337466 0
    outer loop
      vertex 102.278 8.61229 2.4
      vertex 102.331 8.46445 0
      vertex 102.331 8.46445 2.4
    endloop
  endfacet
  facet normal 0.427446 -0.904041 0
    outer loop
      vertex 100.046 9.41107 2.4
      vertex 100.188 9.47821 3.4
      vertex 100.046 9.41107 3.4
    endloop
  endfacet
  facet normal 0.427446 -0.904041 0
    outer loop
      vertex 100.188 9.47821 3.4
      vertex 100.046 9.41107 2.4
      vertex 100.188 9.47821 2.4
    endloop
  endfacet
  facet normal 0.427446 -0.904041 0
    outer loop
      vertex 100.046 9.41107 0
      vertex 100.188 9.47821 2.4
      vertex 100.046 9.41107 2.4
    endloop
  endfacet
  facet normal 0.427446 -0.904041 0
    outer loop
      vertex 100.188 9.47821 2.4
      vertex 100.046 9.41107 0
      vertex 100.188 9.47821 0
    endloop
  endfacet
  facet normal -0.970259 0.242071 0
    outer loop
      vertex 102.331 7.53554 2.4
      vertex 102.369 7.68785 3.4
      vertex 102.369 7.68785 2.4
    endloop
  endfacet
  facet normal -0.970259 0.242071 0
    outer loop
      vertex 102.369 7.68785 3.4
      vertex 102.331 7.53554 2.4
      vertex 102.331 7.53554 3.4
    endloop
  endfacet
  facet normal -0.970259 0.242071 0
    outer loop
      vertex 102.331 7.53554 0
      vertex 102.369 7.68785 2.4
      vertex 102.369 7.68785 0
    endloop
  endfacet
  facet normal -0.970259 0.242071 0
    outer loop
      vertex 102.369 7.68785 2.4
      vertex 102.331 7.53554 0
      vertex 102.331 7.53554 2.4
    endloop
  endfacet
  facet normal 0.427446 0.904041 -0
    outer loop
      vertex 100.188 6.52179 2.4
      vertex 100.046 6.58893 3.4
      vertex 100.188 6.52179 3.4
    endloop
  endfacet
  facet normal 0.427446 0.904041 0
    outer loop
      vertex 100.046 6.58893 3.4
      vertex 100.188 6.52179 2.4
      vertex 100.046 6.58893 2.4
    endloop
  endfacet
  facet normal 0.427446 0.904041 -0
    outer loop
      vertex 100.188 6.52179 0
      vertex 100.046 6.58893 2.4
      vertex 100.188 6.52179 2.4
    endloop
  endfacet
  facet normal 0.427446 0.904041 0
    outer loop
      vertex 100.046 6.58893 2.4
      vertex 100.188 6.52179 0
      vertex 100.046 6.58893 0
    endloop
  endfacet
  facet normal 0.243496 -0.969902 0
    outer loop
      vertex 100.336 9.5311 2.4
      vertex 100.488 9.56926 3.4
      vertex 100.336 9.5311 3.4
    endloop
  endfacet
  facet normal 0.243496 -0.969902 0
    outer loop
      vertex 100.488 9.56926 3.4
      vertex 100.336 9.5311 2.4
      vertex 100.488 9.56926 2.4
    endloop
  endfacet
  facet normal 0.243496 -0.969902 0
    outer loop
      vertex 100.336 9.5311 0
      vertex 100.488 9.56926 2.4
      vertex 100.336 9.5311 2.4
    endloop
  endfacet
  facet normal 0.243496 -0.969902 0
    outer loop
      vertex 100.488 9.56926 2.4
      vertex 100.336 9.5311 0
      vertex 100.488 9.56926 0
    endloop
  endfacet
  facet normal 0.90407 -0.427385 0
    outer loop
      vertex 99.3218 8.61229 3.4
      vertex 99.3889 8.75423 2.4
      vertex 99.3889 8.75423 3.4
    endloop
  endfacet
  facet normal 0.90407 -0.427385 0
    outer loop
      vertex 99.3889 8.75423 2.4
      vertex 99.3218 8.61229 3.4
      vertex 99.3218 8.61229 2.4
    endloop
  endfacet
  facet normal 0.90407 -0.427385 0
    outer loop
      vertex 99.3218 8.61229 2.4
      vertex 99.3889 8.75423 0
      vertex 99.3889 8.75423 2.4
    endloop
  endfacet
  facet normal 0.90407 -0.427385 0
    outer loop
      vertex 99.3889 8.75423 0
      vertex 99.3218 8.61229 2.4
      vertex 99.3218 8.61229 0
    endloop
  endfacet
  facet normal 0.904081 0.427361 0
    outer loop
      vertex 99.3889 7.24576 3.4
      vertex 99.3218 7.38771 2.4
      vertex 99.3218 7.38771 3.4
    endloop
  endfacet
  facet normal 0.904081 0.427361 0
    outer loop
      vertex 99.3218 7.38771 2.4
      vertex 99.3889 7.24576 3.4
      vertex 99.3889 7.24576 2.4
    endloop
  endfacet
  facet normal 0.904081 0.427361 0
    outer loop
      vertex 99.3889 7.24576 2.4
      vertex 99.3218 7.38771 0
      vertex 99.3218 7.38771 2.4
    endloop
  endfacet
  facet normal 0.904081 0.427361 0
    outer loop
      vertex 99.3218 7.38771 0
      vertex 99.3889 7.24576 2.4
      vertex 99.3889 7.24576 0
    endloop
  endfacet
  facet normal -0.336522 -0.941676 0
    outer loop
      vertex 101.264 9.5311 2.4
      vertex 101.412 9.47821 3.4
      vertex 101.264 9.5311 3.4
    endloop
  endfacet
  facet normal -0.336522 -0.941676 -0
    outer loop
      vertex 101.412 9.47821 3.4
      vertex 101.264 9.5311 2.4
      vertex 101.412 9.47821 2.4
    endloop
  endfacet
  facet normal -0.336522 -0.941676 0
    outer loop
      vertex 101.264 9.5311 0
      vertex 101.412 9.47821 2.4
      vertex 101.264 9.5311 2.4
    endloop
  endfacet
  facet normal -0.336522 -0.941676 -0
    outer loop
      vertex 101.412 9.47821 2.4
      vertex 101.264 9.5311 0
      vertex 101.412 9.47821 0
    endloop
  endfacet
  facet normal -0.243496 -0.969902 0
    outer loop
      vertex 101.112 9.56926 2.4
      vertex 101.264 9.5311 3.4
      vertex 101.112 9.56926 3.4
    endloop
  endfacet
  facet normal -0.243496 -0.969902 -0
    outer loop
      vertex 101.264 9.5311 3.4
      vertex 101.112 9.56926 2.4
      vertex 101.264 9.5311 2.4
    endloop
  endfacet
  facet normal -0.243496 -0.969902 0
    outer loop
      vertex 101.112 9.56926 0
      vertex 101.264 9.5311 2.4
      vertex 101.112 9.56926 2.4
    endloop
  endfacet
  facet normal -0.243496 -0.969902 -0
    outer loop
      vertex 101.264 9.5311 2.4
      vertex 101.112 9.56926 0
      vertex 101.264 9.5311 0
    endloop
  endfacet
  facet normal 0.336522 -0.941676 0
    outer loop
      vertex 100.188 9.47821 2.4
      vertex 100.336 9.5311 3.4
      vertex 100.188 9.47821 3.4
    endloop
  endfacet
  facet normal 0.336522 -0.941676 0
    outer loop
      vertex 100.336 9.5311 3.4
      vertex 100.188 9.47821 2.4
      vertex 100.336 9.5311 2.4
    endloop
  endfacet
  facet normal 0.336522 -0.941676 0
    outer loop
      vertex 100.188 9.47821 0
      vertex 100.336 9.5311 2.4
      vertex 100.188 9.47821 2.4
    endloop
  endfacet
  facet normal 0.336522 -0.941676 0
    outer loop
      vertex 100.336 9.5311 2.4
      vertex 100.188 9.47821 0
      vertex 100.336 9.5311 0
    endloop
  endfacet
  facet normal -0.804844 0.593486 0
    outer loop
      vertex 102.037 6.98497 2.4
      vertex 102.13 7.11109 3.4
      vertex 102.13 7.11109 2.4
    endloop
  endfacet
  facet normal -0.804844 0.593486 0
    outer loop
      vertex 102.13 7.11109 3.4
      vertex 102.037 6.98497 2.4
      vertex 102.037 6.98497 3.4
    endloop
  endfacet
  facet normal -0.804844 0.593486 0
    outer loop
      vertex 102.037 6.98497 0
      vertex 102.13 7.11109 2.4
      vertex 102.13 7.11109 0
    endloop
  endfacet
  facet normal -0.804844 0.593486 0
    outer loop
      vertex 102.13 7.11109 2.4
      vertex 102.037 6.98497 0
      vertex 102.037 6.98497 2.4
    endloop
  endfacet
  facet normal 0.857515 -0.514458 0
    outer loop
      vertex 99.3889 8.75423 3.4
      vertex 99.4697 8.88891 2.4
      vertex 99.4697 8.88891 3.4
    endloop
  endfacet
  facet normal 0.857515 -0.514458 0
    outer loop
      vertex 99.4697 8.88891 2.4
      vertex 99.3889 8.75423 3.4
      vertex 99.3889 8.75423 2.4
    endloop
  endfacet
  facet normal 0.857515 -0.514458 0
    outer loop
      vertex 99.3889 8.75423 2.4
      vertex 99.4697 8.88891 0
      vertex 99.4697 8.88891 2.4
    endloop
  endfacet
  facet normal 0.857515 -0.514458 0
    outer loop
      vertex 99.4697 8.88891 0
      vertex 99.3889 8.75423 2.4
      vertex 99.3889 8.75423 0
    endloop
  endfacet
  facet normal -0.672657 -0.739955 0
    outer loop
      vertex 101.815 9.23682 2.4
      vertex 101.931 9.13137 3.4
      vertex 101.815 9.23682 3.4
    endloop
  endfacet
  facet normal -0.672657 -0.739955 -0
    outer loop
      vertex 101.931 9.13137 3.4
      vertex 101.815 9.23682 2.4
      vertex 101.931 9.13137 2.4
    endloop
  endfacet
  facet normal -0.672657 -0.739955 0
    outer loop
      vertex 101.815 9.23682 0
      vertex 101.931 9.13137 2.4
      vertex 101.815 9.23682 2.4
    endloop
  endfacet
  facet normal -0.672657 -0.739955 -0
    outer loop
      vertex 101.931 9.13137 2.4
      vertex 101.815 9.23682 0
      vertex 101.931 9.13137 0
    endloop
  endfacet
  facet normal -0.0489857 0.998799 0
    outer loop
      vertex 100.957 6.4077 2.4
      vertex 100.8 6.4 3.4
      vertex 100.957 6.4077 3.4
    endloop
  endfacet
  facet normal -0.0489857 0.998799 0
    outer loop
      vertex 100.8 6.4 3.4
      vertex 100.957 6.4077 2.4
      vertex 100.8 6.4 2.4
    endloop
  endfacet
  facet normal -0.0489857 0.998799 0
    outer loop
      vertex 100.957 6.4077 0
      vertex 100.8 6.4 2.4
      vertex 100.957 6.4077 2.4
    endloop
  endfacet
  facet normal -0.0489857 0.998799 0
    outer loop
      vertex 100.8 6.4 2.4
      vertex 100.957 6.4077 0
      vertex 100.8 6.4 0
    endloop
  endfacet
  facet normal -0.427446 -0.904041 0
    outer loop
      vertex 101.412 9.47821 2.4
      vertex 101.554 9.41107 3.4
      vertex 101.412 9.47821 3.4
    endloop
  endfacet
  facet normal -0.427446 -0.904041 -0
    outer loop
      vertex 101.554 9.41107 3.4
      vertex 101.412 9.47821 2.4
      vertex 101.554 9.41107 2.4
    endloop
  endfacet
  facet normal -0.427446 -0.904041 0
    outer loop
      vertex 101.412 9.47821 0
      vertex 101.554 9.41107 2.4
      vertex 101.412 9.47821 2.4
    endloop
  endfacet
  facet normal -0.427446 -0.904041 -0
    outer loop
      vertex 101.554 9.41107 2.4
      vertex 101.412 9.47821 0
      vertex 101.554 9.41107 0
    endloop
  endfacet
  facet normal 0.741092 0.671404 0
    outer loop
      vertex 99.6686 6.86863 3.4
      vertex 99.5632 6.98497 2.4
      vertex 99.5632 6.98497 3.4
    endloop
  endfacet
  facet normal 0.741092 0.671404 0
    outer loop
      vertex 99.5632 6.98497 2.4
      vertex 99.6686 6.86863 3.4
      vertex 99.6686 6.86863 2.4
    endloop
  endfacet
  facet normal 0.741092 0.671404 0
    outer loop
      vertex 99.6686 6.86863 2.4
      vertex 99.5632 6.98497 0
      vertex 99.5632 6.98497 2.4
    endloop
  endfacet
  facet normal 0.741092 0.671404 0
    outer loop
      vertex 99.5632 6.98497 0
      vertex 99.6686 6.86863 2.4
      vertex 99.6686 6.86863 0
    endloop
  endfacet
  facet normal -0.904316 -0.426864 0
    outer loop
      vertex 102.278 8.61229 2.4
      vertex 102.211 8.75423 3.4
      vertex 102.211 8.75423 2.4
    endloop
  endfacet
  facet normal -0.904316 -0.426864 0
    outer loop
      vertex 102.211 8.75423 3.4
      vertex 102.278 8.61229 2.4
      vertex 102.278 8.61229 3.4
    endloop
  endfacet
  facet normal -0.904316 -0.426864 0
    outer loop
      vertex 102.278 8.61229 0
      vertex 102.211 8.75423 2.4
      vertex 102.211 8.75423 0
    endloop
  endfacet
  facet normal -0.904316 -0.426864 0
    outer loop
      vertex 102.211 8.75423 2.4
      vertex 102.278 8.61229 0
      vertex 102.278 8.61229 2.4
    endloop
  endfacet
  facet normal -0.856937 0.515422 0
    outer loop
      vertex 102.13 7.11109 2.4
      vertex 102.211 7.24576 3.4
      vertex 102.211 7.24576 2.4
    endloop
  endfacet
  facet normal -0.856937 0.515422 0
    outer loop
      vertex 102.211 7.24576 3.4
      vertex 102.13 7.11109 2.4
      vertex 102.13 7.11109 3.4
    endloop
  endfacet
  facet normal -0.856937 0.515422 0
    outer loop
      vertex 102.13 7.11109 0
      vertex 102.211 7.24576 2.4
      vertex 102.211 7.24576 0
    endloop
  endfacet
  facet normal -0.856937 0.515422 0
    outer loop
      vertex 102.211 7.24576 2.4
      vertex 102.13 7.11109 0
      vertex 102.13 7.11109 2.4
    endloop
  endfacet
  facet normal 0.671388 0.741106 -0
    outer loop
      vertex 99.785 6.76318 2.4
      vertex 99.6686 6.86863 3.4
      vertex 99.785 6.76318 3.4
    endloop
  endfacet
  facet normal 0.671388 0.741106 0
    outer loop
      vertex 99.6686 6.86863 3.4
      vertex 99.785 6.76318 2.4
      vertex 99.6686 6.86863 2.4
    endloop
  endfacet
  facet normal 0.671388 0.741106 -0
    outer loop
      vertex 99.785 6.76318 0
      vertex 99.6686 6.86863 2.4
      vertex 99.785 6.76318 2.4
    endloop
  endfacet
  facet normal 0.671388 0.741106 0
    outer loop
      vertex 99.6686 6.86863 2.4
      vertex 99.785 6.76318 0
      vertex 99.6686 6.86863 0
    endloop
  endfacet
  facet normal -0.243436 0.969917 0
    outer loop
      vertex 101.264 6.46889 2.4
      vertex 101.112 6.43074 3.4
      vertex 101.264 6.46889 3.4
    endloop
  endfacet
  facet normal -0.243436 0.969917 0
    outer loop
      vertex 101.112 6.43074 3.4
      vertex 101.264 6.46889 2.4
      vertex 101.112 6.43074 2.4
    endloop
  endfacet
  facet normal -0.243436 0.969917 0
    outer loop
      vertex 101.264 6.46889 0
      vertex 101.112 6.43074 2.4
      vertex 101.264 6.46889 2.4
    endloop
  endfacet
  facet normal -0.243436 0.969917 0
    outer loop
      vertex 101.112 6.43074 2.4
      vertex 101.264 6.46889 0
      vertex 101.112 6.43074 0
    endloop
  endfacet
  facet normal 0.941533 0.336921 0
    outer loop
      vertex 99.3218 7.38771 3.4
      vertex 99.2689 7.53554 2.4
      vertex 99.2689 7.53554 3.4
    endloop
  endfacet
  facet normal 0.941533 0.336921 0
    outer loop
      vertex 99.2689 7.53554 2.4
      vertex 99.3218 7.38771 3.4
      vertex 99.3218 7.38771 2.4
    endloop
  endfacet
  facet normal 0.941533 0.336921 0
    outer loop
      vertex 99.3218 7.38771 2.4
      vertex 99.2689 7.53554 0
      vertex 99.2689 7.53554 2.4
    endloop
  endfacet
  facet normal 0.941533 0.336921 0
    outer loop
      vertex 99.2689 7.53554 0
      vertex 99.3218 7.38771 2.4
      vertex 99.3218 7.38771 0
    endloop
  endfacet
  facet normal -0.513186 -0.858277 0
    outer loop
      vertex 101.554 9.41107 2.4
      vertex 101.689 9.33035 3.4
      vertex 101.554 9.41107 3.4
    endloop
  endfacet
  facet normal -0.513186 -0.858277 -0
    outer loop
      vertex 101.689 9.33035 3.4
      vertex 101.554 9.41107 2.4
      vertex 101.689 9.33035 2.4
    endloop
  endfacet
  facet normal -0.513186 -0.858277 0
    outer loop
      vertex 101.554 9.41107 0
      vertex 101.689 9.33035 2.4
      vertex 101.554 9.41107 2.4
    endloop
  endfacet
  facet normal -0.513186 -0.858277 -0
    outer loop
      vertex 101.689 9.33035 2.4
      vertex 101.554 9.41107 0
      vertex 101.689 9.33035 0
    endloop
  endfacet
  facet normal 0.0489857 0.998799 -0
    outer loop
      vertex 100.8 6.4 2.4
      vertex 100.643 6.4077 3.4
      vertex 100.8 6.4 3.4
    endloop
  endfacet
  facet normal 0.0489857 0.998799 0
    outer loop
      vertex 100.643 6.4077 3.4
      vertex 100.8 6.4 2.4
      vertex 100.643 6.4077 2.4
    endloop
  endfacet
  facet normal 0.0489857 0.998799 -0
    outer loop
      vertex 100.8 6.4 0
      vertex 100.643 6.4077 2.4
      vertex 100.8 6.4 2.4
    endloop
  endfacet
  facet normal 0.0489857 0.998799 0
    outer loop
      vertex 100.643 6.4077 2.4
      vertex 100.8 6.4 0
      vertex 100.643 6.4077 0
    endloop
  endfacet
  facet normal -0.596037 0.802957 0
    outer loop
      vertex 101.815 6.76318 2.4
      vertex 101.689 6.66965 3.4
      vertex 101.815 6.76318 3.4
    endloop
  endfacet
  facet normal -0.596037 0.802957 0
    outer loop
      vertex 101.689 6.66965 3.4
      vertex 101.815 6.76318 2.4
      vertex 101.689 6.66965 2.4
    endloop
  endfacet
  facet normal -0.596037 0.802957 0
    outer loop
      vertex 101.815 6.76318 0
      vertex 101.689 6.66965 2.4
      vertex 101.815 6.76318 2.4
    endloop
  endfacet
  facet normal -0.596037 0.802957 0
    outer loop
      vertex 101.689 6.66965 2.4
      vertex 101.815 6.76318 0
      vertex 101.689 6.66965 0
    endloop
  endfacet
  facet normal 0.969959 -0.24327 0
    outer loop
      vertex 99.2307 8.31214 3.4
      vertex 99.2689 8.46445 2.4
      vertex 99.2689 8.46445 3.4
    endloop
  endfacet
  facet normal 0.969959 -0.24327 0
    outer loop
      vertex 99.2689 8.46445 2.4
      vertex 99.2307 8.31214 3.4
      vertex 99.2307 8.31214 2.4
    endloop
  endfacet
  facet normal 0.969959 -0.24327 0
    outer loop
      vertex 99.2307 8.31214 2.4
      vertex 99.2689 8.46445 0
      vertex 99.2689 8.46445 2.4
    endloop
  endfacet
  facet normal 0.969959 -0.24327 0
    outer loop
      vertex 99.2689 8.46445 0
      vertex 99.2307 8.31214 2.4
      vertex 99.2307 8.31214 0
    endloop
  endfacet
  facet normal -0.336578 0.941656 0
    outer loop
      vertex 101.412 6.52179 2.4
      vertex 101.264 6.46889 3.4
      vertex 101.412 6.52179 3.4
    endloop
  endfacet
  facet normal -0.336578 0.941656 0
    outer loop
      vertex 101.264 6.46889 3.4
      vertex 101.412 6.52179 2.4
      vertex 101.264 6.46889 2.4
    endloop
  endfacet
  facet normal -0.336578 0.941656 0
    outer loop
      vertex 101.412 6.52179 0
      vertex 101.264 6.46889 2.4
      vertex 101.412 6.52179 2.4
    endloop
  endfacet
  facet normal -0.336578 0.941656 0
    outer loop
      vertex 101.264 6.46889 2.4
      vertex 101.412 6.52179 0
      vertex 101.264 6.46889 0
    endloop
  endfacet
  facet normal -0.804844 -0.593486 0
    outer loop
      vertex 102.13 8.88891 2.4
      vertex 102.037 9.01503 3.4
      vertex 102.037 9.01503 2.4
    endloop
  endfacet
  facet normal -0.804844 -0.593486 0
    outer loop
      vertex 102.037 9.01503 3.4
      vertex 102.13 8.88891 2.4
      vertex 102.13 8.88891 3.4
    endloop
  endfacet
  facet normal -0.804844 -0.593486 0
    outer loop
      vertex 102.13 8.88891 0
      vertex 102.037 9.01503 2.4
      vertex 102.037 9.01503 0
    endloop
  endfacet
  facet normal -0.804844 -0.593486 0
    outer loop
      vertex 102.037 9.01503 2.4
      vertex 102.13 8.88891 0
      vertex 102.13 8.88891 2.4
    endloop
  endfacet
  facet normal 0.513466 0.85811 -0
    outer loop
      vertex 100.046 6.58893 2.4
      vertex 99.9111 6.66965 3.4
      vertex 100.046 6.58893 3.4
    endloop
  endfacet
  facet normal 0.513466 0.85811 0
    outer loop
      vertex 99.9111 6.66965 3.4
      vertex 100.046 6.58893 2.4
      vertex 99.9111 6.66965 2.4
    endloop
  endfacet
  facet normal 0.513466 0.85811 -0
    outer loop
      vertex 100.046 6.58893 0
      vertex 99.9111 6.66965 2.4
      vertex 100.046 6.58893 2.4
    endloop
  endfacet
  facet normal 0.513466 0.85811 0
    outer loop
      vertex 99.9111 6.66965 2.4
      vertex 100.046 6.58893 0
      vertex 99.9111 6.66965 0
    endloop
  endfacet
  facet normal -0.596037 -0.802957 0
    outer loop
      vertex 101.689 9.33035 2.4
      vertex 101.815 9.23682 3.4
      vertex 101.689 9.33035 3.4
    endloop
  endfacet
  facet normal -0.596037 -0.802957 -0
    outer loop
      vertex 101.815 9.23682 3.4
      vertex 101.689 9.33035 2.4
      vertex 101.815 9.23682 2.4
    endloop
  endfacet
  facet normal -0.596037 -0.802957 0
    outer loop
      vertex 101.689 9.33035 0
      vertex 101.815 9.23682 2.4
      vertex 101.689 9.33035 2.4
    endloop
  endfacet
  facet normal -0.596037 -0.802957 -0
    outer loop
      vertex 101.815 9.23682 2.4
      vertex 101.689 9.33035 0
      vertex 101.815 9.23682 0
    endloop
  endfacet
  facet normal -0.904327 0.42684 0
    outer loop
      vertex 102.211 7.24576 2.4
      vertex 102.278 7.38771 3.4
      vertex 102.278 7.38771 2.4
    endloop
  endfacet
  facet normal -0.904327 0.42684 0
    outer loop
      vertex 102.278 7.38771 3.4
      vertex 102.211 7.24576 2.4
      vertex 102.211 7.24576 3.4
    endloop
  endfacet
  facet normal -0.904327 0.42684 0
    outer loop
      vertex 102.211 7.24576 0
      vertex 102.278 7.38771 2.4
      vertex 102.278 7.38771 0
    endloop
  endfacet
  facet normal -0.904327 0.42684 0
    outer loop
      vertex 102.278 7.38771 2.4
      vertex 102.211 7.24576 0
      vertex 102.211 7.24576 2.4
    endloop
  endfacet
  facet normal -0.739192 0.673495 0
    outer loop
      vertex 101.931 6.86863 2.4
      vertex 102.037 6.98497 3.4
      vertex 102.037 6.98497 2.4
    endloop
  endfacet
  facet normal -0.739192 0.673495 0
    outer loop
      vertex 102.037 6.98497 3.4
      vertex 101.931 6.86863 2.4
      vertex 101.931 6.86863 3.4
    endloop
  endfacet
  facet normal -0.739192 0.673495 0
    outer loop
      vertex 101.931 6.86863 0
      vertex 102.037 6.98497 2.4
      vertex 102.037 6.98497 0
    endloop
  endfacet
  facet normal -0.739192 0.673495 0
    outer loop
      vertex 102.037 6.98497 2.4
      vertex 101.931 6.86863 0
      vertex 101.931 6.86863 2.4
    endloop
  endfacet
  facet normal -0.0490492 -0.998796 0
    outer loop
      vertex 100.8 9.6 2.4
      vertex 100.957 9.59229 3.4
      vertex 100.8 9.6 3.4
    endloop
  endfacet
  facet normal -0.0490492 -0.998796 -0
    outer loop
      vertex 100.957 9.59229 3.4
      vertex 100.8 9.6 2.4
      vertex 100.957 9.59229 2.4
    endloop
  endfacet
  facet normal -0.0490492 -0.998796 0
    outer loop
      vertex 100.8 9.6 0
      vertex 100.957 9.59229 2.4
      vertex 100.8 9.6 2.4
    endloop
  endfacet
  facet normal -0.0490492 -0.998796 -0
    outer loop
      vertex 100.957 9.59229 2.4
      vertex 100.8 9.6 0
      vertex 100.957 9.59229 0
    endloop
  endfacet
  facet normal -0.427446 0.904041 0
    outer loop
      vertex 101.554 6.58893 2.4
      vertex 101.412 6.52179 3.4
      vertex 101.554 6.58893 3.4
    endloop
  endfacet
  facet normal -0.427446 0.904041 0
    outer loop
      vertex 101.412 6.52179 3.4
      vertex 101.554 6.58893 2.4
      vertex 101.412 6.52179 2.4
    endloop
  endfacet
  facet normal -0.427446 0.904041 0
    outer loop
      vertex 101.554 6.58893 0
      vertex 101.412 6.52179 2.4
      vertex 101.554 6.58893 2.4
    endloop
  endfacet
  facet normal -0.427446 0.904041 0
    outer loop
      vertex 101.412 6.52179 2.4
      vertex 101.554 6.58893 0
      vertex 101.412 6.52179 0
    endloop
  endfacet
  facet normal 0.146967 -0.989141 0
    outer loop
      vertex 100.488 9.56926 2.4
      vertex 100.643 9.59229 3.4
      vertex 100.488 9.56926 3.4
    endloop
  endfacet
  facet normal 0.146967 -0.989141 0
    outer loop
      vertex 100.643 9.59229 3.4
      vertex 100.488 9.56926 2.4
      vertex 100.643 9.59229 2.4
    endloop
  endfacet
  facet normal 0.146967 -0.989141 0
    outer loop
      vertex 100.488 9.56926 0
      vertex 100.643 9.59229 2.4
      vertex 100.488 9.56926 2.4
    endloop
  endfacet
  facet normal 0.146967 -0.989141 0
    outer loop
      vertex 100.643 9.59229 2.4
      vertex 100.488 9.56926 0
      vertex 100.643 9.59229 0
    endloop
  endfacet
  facet normal -0.989213 0.146484 0
    outer loop
      vertex 102.369 7.68785 2.4
      vertex 102.392 7.84317 3.4
      vertex 102.392 7.84317 2.4
    endloop
  endfacet
  facet normal -0.989213 0.146484 0
    outer loop
      vertex 102.392 7.84317 3.4
      vertex 102.369 7.68785 2.4
      vertex 102.369 7.68785 3.4
    endloop
  endfacet
  facet normal -0.989213 0.146484 0
    outer loop
      vertex 102.369 7.68785 0
      vertex 102.392 7.84317 2.4
      vertex 102.392 7.84317 0
    endloop
  endfacet
  facet normal -0.989213 0.146484 0
    outer loop
      vertex 102.392 7.84317 2.4
      vertex 102.369 7.68785 0
      vertex 102.369 7.68785 2.4
    endloop
  endfacet
  facet normal 0.671388 -0.741106 0
    outer loop
      vertex 99.6686 9.13137 2.4
      vertex 99.785 9.23682 3.4
      vertex 99.6686 9.13137 3.4
    endloop
  endfacet
  facet normal 0.671388 -0.741106 0
    outer loop
      vertex 99.785 9.23682 3.4
      vertex 99.6686 9.13137 2.4
      vertex 99.785 9.23682 2.4
    endloop
  endfacet
  facet normal 0.671388 -0.741106 0
    outer loop
      vertex 99.6686 9.13137 0
      vertex 99.785 9.23682 2.4
      vertex 99.6686 9.13137 2.4
    endloop
  endfacet
  facet normal 0.671388 -0.741106 0
    outer loop
      vertex 99.785 9.23682 2.4
      vertex 99.6686 9.13137 0
      vertex 99.785 9.23682 0
    endloop
  endfacet
  facet normal -0.856953 -0.515394 0
    outer loop
      vertex 102.211 8.75423 2.4
      vertex 102.13 8.88891 3.4
      vertex 102.13 8.88891 2.4
    endloop
  endfacet
  facet normal -0.856953 -0.515394 0
    outer loop
      vertex 102.13 8.88891 3.4
      vertex 102.211 8.75423 2.4
      vertex 102.211 8.75423 3.4
    endloop
  endfacet
  facet normal -0.856953 -0.515394 0
    outer loop
      vertex 102.211 8.75423 0
      vertex 102.13 8.88891 2.4
      vertex 102.13 8.88891 0
    endloop
  endfacet
  facet normal -0.856953 -0.515394 0
    outer loop
      vertex 102.13 8.88891 2.4
      vertex 102.211 8.75423 0
      vertex 102.211 8.75423 2.4
    endloop
  endfacet
  facet normal -0.739192 -0.673495 0
    outer loop
      vertex 102.037 9.01503 2.4
      vertex 101.931 9.13137 3.4
      vertex 101.931 9.13137 2.4
    endloop
  endfacet
  facet normal -0.739192 -0.673495 0
    outer loop
      vertex 101.931 9.13137 3.4
      vertex 102.037 9.01503 2.4
      vertex 102.037 9.01503 3.4
    endloop
  endfacet
  facet normal -0.739192 -0.673495 0
    outer loop
      vertex 102.037 9.01503 0
      vertex 101.931 9.13137 2.4
      vertex 101.931 9.13137 0
    endloop
  endfacet
  facet normal -0.739192 -0.673495 0
    outer loop
      vertex 101.931 9.13137 2.4
      vertex 102.037 9.01503 0
      vertex 102.037 9.01503 2.4
    endloop
  endfacet
  facet normal 0.80332 0.595547 0
    outer loop
      vertex 99.5632 6.98497 3.4
      vertex 99.4697 7.11109 2.4
      vertex 99.4697 7.11109 3.4
    endloop
  endfacet
  facet normal 0.80332 0.595547 0
    outer loop
      vertex 99.4697 7.11109 2.4
      vertex 99.5632 6.98497 3.4
      vertex 99.5632 6.98497 2.4
    endloop
  endfacet
  facet normal 0.80332 0.595547 0
    outer loop
      vertex 99.5632 6.98497 2.4
      vertex 99.4697 7.11109 0
      vertex 99.4697 7.11109 2.4
    endloop
  endfacet
  facet normal 0.80332 0.595547 0
    outer loop
      vertex 99.4697 7.11109 0
      vertex 99.5632 6.98497 2.4
      vertex 99.5632 6.98497 0
    endloop
  endfacet
  facet normal 0.741092 -0.671404 0
    outer loop
      vertex 99.5632 9.01503 3.4
      vertex 99.6686 9.13137 2.4
      vertex 99.6686 9.13137 3.4
    endloop
  endfacet
  facet normal 0.741092 -0.671404 0
    outer loop
      vertex 99.6686 9.13137 2.4
      vertex 99.5632 9.01503 3.4
      vertex 99.5632 9.01503 2.4
    endloop
  endfacet
  facet normal 0.741092 -0.671404 0
    outer loop
      vertex 99.5632 9.01503 2.4
      vertex 99.6686 9.13137 0
      vertex 99.6686 9.13137 2.4
    endloop
  endfacet
  facet normal 0.741092 -0.671404 0
    outer loop
      vertex 99.6686 9.13137 0
      vertex 99.5632 9.01503 2.4
      vertex 99.5632 9.01503 0
    endloop
  endfacet
  facet normal 0.595732 0.803184 -0
    outer loop
      vertex 99.9111 6.66965 2.4
      vertex 99.785 6.76318 3.4
      vertex 99.9111 6.66965 3.4
    endloop
  endfacet
  facet normal 0.595732 0.803184 0
    outer loop
      vertex 99.785 6.76318 3.4
      vertex 99.9111 6.66965 2.4
      vertex 99.785 6.76318 2.4
    endloop
  endfacet
  facet normal 0.595732 0.803184 -0
    outer loop
      vertex 99.9111 6.66965 0
      vertex 99.785 6.76318 2.4
      vertex 99.9111 6.66965 2.4
    endloop
  endfacet
  facet normal 0.595732 0.803184 0
    outer loop
      vertex 99.785 6.76318 2.4
      vertex 99.9111 6.66965 0
      vertex 99.785 6.76318 0
    endloop
  endfacet
  facet normal -0.513186 0.858277 0
    outer loop
      vertex 101.689 6.66965 2.4
      vertex 101.554 6.58893 3.4
      vertex 101.689 6.66965 3.4
    endloop
  endfacet
  facet normal -0.513186 0.858277 0
    outer loop
      vertex 101.554 6.58893 3.4
      vertex 101.689 6.66965 2.4
      vertex 101.554 6.58893 2.4
    endloop
  endfacet
  facet normal -0.513186 0.858277 0
    outer loop
      vertex 101.689 6.66965 0
      vertex 101.554 6.58893 2.4
      vertex 101.689 6.66965 2.4
    endloop
  endfacet
  facet normal -0.513186 0.858277 0
    outer loop
      vertex 101.554 6.58893 2.4
      vertex 101.689 6.66965 0
      vertex 101.554 6.58893 0
    endloop
  endfacet
  facet normal -0.672657 0.739955 0
    outer loop
      vertex 101.931 6.86863 2.4
      vertex 101.815 6.76318 3.4
      vertex 101.931 6.86863 3.4
    endloop
  endfacet
  facet normal -0.672657 0.739955 0
    outer loop
      vertex 101.815 6.76318 3.4
      vertex 101.931 6.86863 2.4
      vertex 101.815 6.76318 2.4
    endloop
  endfacet
  facet normal -0.672657 0.739955 0
    outer loop
      vertex 101.931 6.86863 0
      vertex 101.815 6.76318 2.4
      vertex 101.931 6.86863 2.4
    endloop
  endfacet
  facet normal -0.672657 0.739955 0
    outer loop
      vertex 101.815 6.76318 2.4
      vertex 101.931 6.86863 0
      vertex 101.815 6.76318 0
    endloop
  endfacet
  facet normal 0.0490492 -0.998796 0
    outer loop
      vertex 100.643 9.59229 2.4
      vertex 100.8 9.6 3.4
      vertex 100.643 9.59229 3.4
    endloop
  endfacet
  facet normal 0.0490492 -0.998796 0
    outer loop
      vertex 100.8 9.6 3.4
      vertex 100.643 9.59229 2.4
      vertex 100.8 9.6 2.4
    endloop
  endfacet
  facet normal 0.0490492 -0.998796 0
    outer loop
      vertex 100.643 9.59229 0
      vertex 100.8 9.6 2.4
      vertex 100.643 9.59229 2.4
    endloop
  endfacet
  facet normal 0.0490492 -0.998796 0
    outer loop
      vertex 100.8 9.6 2.4
      vertex 100.643 9.59229 0
      vertex 100.8 9.6 0
    endloop
  endfacet
  facet normal 0.243436 0.969917 -0
    outer loop
      vertex 100.488 6.43074 2.4
      vertex 100.336 6.46889 3.4
      vertex 100.488 6.43074 3.4
    endloop
  endfacet
  facet normal 0.243436 0.969917 0
    outer loop
      vertex 100.336 6.46889 3.4
      vertex 100.488 6.43074 2.4
      vertex 100.336 6.46889 2.4
    endloop
  endfacet
  facet normal 0.243436 0.969917 -0
    outer loop
      vertex 100.488 6.43074 0
      vertex 100.336 6.46889 2.4
      vertex 100.488 6.43074 2.4
    endloop
  endfacet
  facet normal 0.243436 0.969917 0
    outer loop
      vertex 100.336 6.46889 2.4
      vertex 100.488 6.43074 0
      vertex 100.336 6.46889 0
    endloop
  endfacet
  facet normal 0.989213 0.146484 0
    outer loop
      vertex 99.2307 7.68785 3.4
      vertex 99.2077 7.84317 2.4
      vertex 99.2077 7.84317 3.4
    endloop
  endfacet
  facet normal 0.989213 0.146484 0
    outer loop
      vertex 99.2077 7.84317 2.4
      vertex 99.2307 7.68785 3.4
      vertex 99.2307 7.68785 2.4
    endloop
  endfacet
  facet normal 0.989213 0.146484 0
    outer loop
      vertex 99.2307 7.68785 2.4
      vertex 99.2077 7.84317 0
      vertex 99.2077 7.84317 2.4
    endloop
  endfacet
  facet normal 0.989213 0.146484 0
    outer loop
      vertex 99.2077 7.84317 0
      vertex 99.2307 7.68785 2.4
      vertex 99.2307 7.68785 0
    endloop
  endfacet
  facet normal 0.513466 -0.85811 0
    outer loop
      vertex 99.9111 9.33035 2.4
      vertex 100.046 9.41107 3.4
      vertex 99.9111 9.33035 3.4
    endloop
  endfacet
  facet normal 0.513466 -0.85811 0
    outer loop
      vertex 100.046 9.41107 3.4
      vertex 99.9111 9.33035 2.4
      vertex 100.046 9.41107 2.4
    endloop
  endfacet
  facet normal 0.513466 -0.85811 0
    outer loop
      vertex 99.9111 9.33035 0
      vertex 100.046 9.41107 2.4
      vertex 99.9111 9.33035 2.4
    endloop
  endfacet
  facet normal 0.513466 -0.85811 0
    outer loop
      vertex 100.046 9.41107 2.4
      vertex 99.9111 9.33035 0
      vertex 100.046 9.41107 0
    endloop
  endfacet
  facet normal 0.595732 -0.803184 0
    outer loop
      vertex 99.785 9.23682 2.4
      vertex 99.9111 9.33035 3.4
      vertex 99.785 9.23682 3.4
    endloop
  endfacet
  facet normal 0.595732 -0.803184 0
    outer loop
      vertex 99.9111 9.33035 3.4
      vertex 99.785 9.23682 2.4
      vertex 99.9111 9.33035 2.4
    endloop
  endfacet
  facet normal 0.595732 -0.803184 0
    outer loop
      vertex 99.785 9.23682 0
      vertex 99.9111 9.33035 2.4
      vertex 99.785 9.23682 2.4
    endloop
  endfacet
  facet normal 0.595732 -0.803184 0
    outer loop
      vertex 99.9111 9.33035 2.4
      vertex 99.785 9.23682 0
      vertex 99.9111 9.33035 0
    endloop
  endfacet
  facet normal 0 0 -1
    outer loop
      vertex 102.3 7.9 3.4
      vertex 102.4 8 3.4
      vertex 102.392 7.84317 3.4
    endloop
  endfacet
  facet normal 0 0 -1
    outer loop
      vertex 102.293 7.76278 3.4
      vertex 102.392 7.84317 3.4
      vertex 102.369 7.68785 3.4
    endloop
  endfacet
  facet normal -0 0 -1
    outer loop
      vertex 102.4 8 3.4
      vertex 102.3 7.9 3.4
      vertex 102.293 8.03722 3.4
    endloop
  endfacet
  facet normal 0 0 -1
    outer loop
      vertex 102.273 7.62687 3.4
      vertex 102.369 7.68785 3.4
      vertex 102.331 7.53554 3.4
    endloop
  endfacet
  facet normal 0 0 -1
    outer loop
      vertex 102.4 8 3.4
      vertex 102.293 8.03722 3.4
      vertex 102.392 8.15683 3.4
    endloop
  endfacet
  facet normal 0 0 -1
    outer loop
      vertex 102.273 8.17313 3.4
      vertex 102.392 8.15683 3.4
      vertex 102.293 8.03722 3.4
    endloop
  endfacet
  facet normal -0 0 -1
    outer loop
      vertex 102.392 7.84317 3.4
      vertex 102.293 7.76278 3.4
      vertex 102.3 7.9 3.4
    endloop
  endfacet
  facet normal 0 0 -1
    outer loop
      vertex 102.24 7.4936 3.4
      vertex 102.331 7.53554 3.4
      vertex 102.278 7.38771 3.4
    endloop
  endfacet
  facet normal -0 0 -1
    outer loop
      vertex 102.369 7.68785 3.4
      vertex 102.273 7.62687 3.4
      vertex 102.293 7.76278 3.4
    endloop
  endfacet
  facet normal -0 0 -1
    outer loop
      vertex 102.331 7.53554 3.4
      vertex 102.24 7.4936 3.4
      vertex 102.273 7.62687 3.4
    endloop
  endfacet
  facet normal 0 0 -1
    outer loop
      vertex 102.193 7.36424 3.4
      vertex 102.278 7.38771 3.4
      vertex 102.211 7.24576 3.4
    endloop
  endfacet
  facet normal -0 0 -1
    outer loop
      vertex 102.278 7.38771 3.4
      vertex 102.193 7.36424 3.4
      vertex 102.24 7.4936 3.4
    endloop
  endfacet
  facet normal -0 0 -1
    outer loop
      vertex 102.211 7.24576 3.4
      vertex 102.135 7.24005 3.4
      vertex 102.193 7.36424 3.4
    endloop
  endfacet
  facet normal 0 0 -1
    outer loop
      vertex 102.13 7.11109 3.4
      vertex 102.135 7.24005 3.4
      vertex 102.211 7.24576 3.4
    endloop
  endfacet
  facet normal 0 0 -1
    outer loop
      vertex 102.13 7.11109 3.4
      vertex 102.064 7.1222 3.4
      vertex 102.135 7.24005 3.4
    endloop
  endfacet
  facet normal 0 0 -1
    outer loop
      vertex 102.037 6.98497 3.4
      vertex 102.064 7.1222 3.4
      vertex 102.13 7.11109 3.4
    endloop
  endfacet
  facet normal 0 0 -1
    outer loop
      vertex 102.037 6.98497 3.4
      vertex 101.982 7.01185 3.4
      vertex 102.064 7.1222 3.4
    endloop
  endfacet
  facet normal 0 0 -1
    outer loop
      vertex 101.931 6.86863 3.4
      vertex 101.982 7.01185 3.4
      vertex 102.037 6.98497 3.4
    endloop
  endfacet
  facet normal 0 0 -1
    outer loop
      vertex 101.931 6.86863 3.4
      vertex 101.89 6.91005 3.4
      vertex 101.982 7.01185 3.4
    endloop
  endfacet
  facet normal 0 0 -1
    outer loop
      vertex 101.788 6.81779 3.4
      vertex 101.931 6.86863 3.4
      vertex 101.815 6.76318 3.4
    endloop
  endfacet
  facet normal -0 0 -1
    outer loop
      vertex 101.931 6.86863 3.4
      vertex 101.788 6.81779 3.4
      vertex 101.89 6.91005 3.4
    endloop
  endfacet
  facet normal 0 0 -1
    outer loop
      vertex 101.678 6.73594 3.4
      vertex 101.815 6.76318 3.4
      vertex 101.689 6.66965 3.4
    endloop
  endfacet
  facet normal -0 0 -1
    outer loop
      vertex 101.815 6.76318 3.4
      vertex 101.678 6.73594 3.4
      vertex 101.788 6.81779 3.4
    endloop
  endfacet
  facet normal -0 0 -1
    outer loop
      vertex 101.689 6.66965 3.4
      vertex 101.56 6.66531 3.4
      vertex 101.678 6.73594 3.4
    endloop
  endfacet
  facet normal 0 0 -1
    outer loop
      vertex 101.554 6.58893 3.4
      vertex 101.56 6.66531 3.4
      vertex 101.689 6.66965 3.4
    endloop
  endfacet
  facet normal 0 0 -1
    outer loop
      vertex 101.554 6.58893 3.4
      vertex 101.436 6.60657 3.4
      vertex 101.56 6.66531 3.4
    endloop
  endfacet
  facet normal 0 0 -1
    outer loop
      vertex 101.412 6.52179 3.4
      vertex 101.436 6.60657 3.4
      vertex 101.554 6.58893 3.4
    endloop
  endfacet
  facet normal 0 0 -1
    outer loop
      vertex 101.412 6.52179 3.4
      vertex 101.306 6.56028 3.4
      vertex 101.436 6.60657 3.4
    endloop
  endfacet
  facet normal 0 0 -1
    outer loop
      vertex 101.264 6.46889 3.4
      vertex 101.306 6.56028 3.4
      vertex 101.412 6.52179 3.4
    endloop
  endfacet
  facet normal 0 0 -1
    outer loop
      vertex 101.264 6.46889 3.4
      vertex 101.173 6.5269 3.4
      vertex 101.306 6.56028 3.4
    endloop
  endfacet
  facet normal 0 0 -1
    outer loop
      vertex 101.112 6.43074 3.4
      vertex 101.173 6.5269 3.4
      vertex 101.264 6.46889 3.4
    endloop
  endfacet
  facet normal 0 0 -1
    outer loop
      vertex 101.112 6.43074 3.4
      vertex 101.037 6.50674 3.4
      vertex 101.173 6.5269 3.4
    endloop
  endfacet
  facet normal 0 0 -1
    outer loop
      vertex 100.957 6.4077 3.4
      vertex 101.037 6.50674 3.4
      vertex 101.112 6.43074 3.4
    endloop
  endfacet
  facet normal 0 0 -1
    outer loop
      vertex 100.957 6.4077 3.4
      vertex 100.9 6.5 3.4
      vertex 101.037 6.50674 3.4
    endloop
  endfacet
  facet normal 0 0 -1
    outer loop
      vertex 100.8 6.4 3.4
      vertex 100.9 6.5 3.4
      vertex 100.957 6.4077 3.4
    endloop
  endfacet
  facet normal 0 0 -1
    outer loop
      vertex 100.8 6.4 3.4
      vertex 100.763 6.50674 3.4
      vertex 100.9 6.5 3.4
    endloop
  endfacet
  facet normal 0 0 -1
    outer loop
      vertex 100.643 6.4077 3.4
      vertex 100.763 6.50674 3.4
      vertex 100.8 6.4 3.4
    endloop
  endfacet
  facet normal 0 0 -1
    outer loop
      vertex 100.643 6.4077 3.4
      vertex 100.627 6.5269 3.4
      vertex 100.763 6.50674 3.4
    endloop
  endfacet
  facet normal 0 0 -1
    outer loop
      vertex 100.488 6.43074 3.4
      vertex 100.627 6.5269 3.4
      vertex 100.643 6.4077 3.4
    endloop
  endfacet
  facet normal -0 0 -1
    outer loop
      vertex 100.627 6.5269 3.4
      vertex 100.488 6.43074 3.4
      vertex 100.494 6.56028 3.4
    endloop
  endfacet
  facet normal 0 0 -1
    outer loop
      vertex 100.336 6.46889 3.4
      vertex 100.494 6.56028 3.4
      vertex 100.488 6.43074 3.4
    endloop
  endfacet
  facet normal -0 0 -1
    outer loop
      vertex 100.494 6.56028 3.4
      vertex 100.336 6.46889 3.4
      vertex 100.364 6.60657 3.4
    endloop
  endfacet
  facet normal 0 0 -1
    outer loop
      vertex 100.188 6.52179 3.4
      vertex 100.364 6.60657 3.4
      vertex 100.336 6.46889 3.4
    endloop
  endfacet
  facet normal -0 0 -1
    outer loop
      vertex 100.364 6.60657 3.4
      vertex 100.188 6.52179 3.4
      vertex 100.24 6.66531 3.4
    endloop
  endfacet
  facet normal 0 0 -1
    outer loop
      vertex 100.046 6.58893 3.4
      vertex 100.24 6.66531 3.4
      vertex 100.188 6.52179 3.4
    endloop
  endfacet
  facet normal -0 0 -1
    outer loop
      vertex 100.24 6.66531 3.4
      vertex 100.046 6.58893 3.4
      vertex 100.122 6.73594 3.4
    endloop
  endfacet
  facet normal 0 0 -1
    outer loop
      vertex 99.9111 6.66965 3.4
      vertex 100.122 6.73594 3.4
      vertex 100.046 6.58893 3.4
    endloop
  endfacet
  facet normal -0 0 -1
    outer loop
      vertex 100.122 6.73594 3.4
      vertex 99.9111 6.66965 3.4
      vertex 100.012 6.81779 3.4
    endloop
  endfacet
  facet normal 0 0 -1
    outer loop
      vertex 99.785 6.76318 3.4
      vertex 100.012 6.81779 3.4
      vertex 99.9111 6.66965 3.4
    endloop
  endfacet
  facet normal -0 0 -1
    outer loop
      vertex 100.012 6.81779 3.4
      vertex 99.785 6.76318 3.4
      vertex 99.91 6.91005 3.4
    endloop
  endfacet
  facet normal 0 0 -1
    outer loop
      vertex 99.6686 6.86863 3.4
      vertex 99.91 6.91005 3.4
      vertex 99.785 6.76318 3.4
    endloop
  endfacet
  facet normal -0 0 -1
    outer loop
      vertex 99.91 6.91005 3.4
      vertex 99.6686 6.86863 3.4
      vertex 99.8178 7.01185 3.4
    endloop
  endfacet
  facet normal 0 0 -1
    outer loop
      vertex 99.5632 6.98497 3.4
      vertex 99.8178 7.01185 3.4
      vertex 99.6686 6.86863 3.4
    endloop
  endfacet
  facet normal -0 0 -1
    outer loop
      vertex 99.8178 7.01185 3.4
      vertex 99.5632 6.98497 3.4
      vertex 99.7359 7.1222 3.4
    endloop
  endfacet
  facet normal 0 0 -1
    outer loop
      vertex 99.4697 7.11109 3.4
      vertex 99.7359 7.1222 3.4
      vertex 99.5632 6.98497 3.4
    endloop
  endfacet
  facet normal -0 0 -1
    outer loop
      vertex 99.7359 7.1222 3.4
      vertex 99.4697 7.11109 3.4
      vertex 99.6653 7.24005 3.4
    endloop
  endfacet
  facet normal 0 0 -1
    outer loop
      vertex 99.3889 7.24576 3.4
      vertex 99.6653 7.24005 3.4
      vertex 99.4697 7.11109 3.4
    endloop
  endfacet
  facet normal 0 0 -1
    outer loop
      vertex 99.6653 7.24005 3.4
      vertex 99.3889 7.24576 3.4
      vertex 99.6066 7.36424 3.4
    endloop
  endfacet
  facet normal 0 0 -1
    outer loop
      vertex 99.3218 7.38771 3.4
      vertex 99.6066 7.36424 3.4
      vertex 99.3889 7.24576 3.4
    endloop
  endfacet
  facet normal 0 0 -1
    outer loop
      vertex 99.2689 7.53554 3.4
      vertex 99.5603 7.4936 3.4
      vertex 99.3218 7.38771 3.4
    endloop
  endfacet
  facet normal 0 0 -1
    outer loop
      vertex 99.6066 7.36424 3.4
      vertex 99.3218 7.38771 3.4
      vertex 99.5603 7.4936 3.4
    endloop
  endfacet
  facet normal 0 0 -1
    outer loop
      vertex 102.392 8.15683 3.4
      vertex 102.273 8.17313 3.4
      vertex 102.369 8.31214 3.4
    endloop
  endfacet
  facet normal 0 0 -1
    outer loop
      vertex 102.24 8.3064 3.4
      vertex 102.369 8.31214 3.4
      vertex 102.273 8.17313 3.4
    endloop
  endfacet
  facet normal -0 0 -1
    outer loop
      vertex 102.369 8.31214 3.4
      vertex 102.24 8.3064 3.4
      vertex 102.331 8.46445 3.4
    endloop
  endfacet
  facet normal 0 0 -1
    outer loop
      vertex 102.193 8.43576 3.4
      vertex 102.331 8.46445 3.4
      vertex 102.24 8.3064 3.4
    endloop
  endfacet
  facet normal -0 0 -1
    outer loop
      vertex 102.331 8.46445 3.4
      vertex 102.193 8.43576 3.4
      vertex 102.278 8.61229 3.4
    endloop
  endfacet
  facet normal 0 0 -1
    outer loop
      vertex 102.135 8.55995 3.4
      vertex 102.278 8.61229 3.4
      vertex 102.193 8.43576 3.4
    endloop
  endfacet
  facet normal -0 0 -1
    outer loop
      vertex 102.278 8.61229 3.4
      vertex 102.135 8.55995 3.4
      vertex 102.211 8.75423 3.4
    endloop
  endfacet
  facet normal 0 0 -1
    outer loop
      vertex 102.064 8.6778 3.4
      vertex 102.211 8.75423 3.4
      vertex 102.135 8.55995 3.4
    endloop
  endfacet
  facet normal -0 0 -1
    outer loop
      vertex 102.211 8.75423 3.4
      vertex 102.064 8.6778 3.4
      vertex 102.13 8.88891 3.4
    endloop
  endfacet
  facet normal 0 0 -1
    outer loop
      vertex 101.982 8.78815 3.4
      vertex 102.13 8.88891 3.4
      vertex 102.064 8.6778 3.4
    endloop
  endfacet
  facet normal -0 0 -1
    outer loop
      vertex 102.13 8.88891 3.4
      vertex 101.982 8.78815 3.4
      vertex 102.037 9.01503 3.4
    endloop
  endfacet
  facet normal 0 0 -1
    outer loop
      vertex 101.89 8.88995 3.4
      vertex 102.037 9.01503 3.4
      vertex 101.982 8.78815 3.4
    endloop
  endfacet
  facet normal -0 0 -1
    outer loop
      vertex 102.037 9.01503 3.4
      vertex 101.89 8.88995 3.4
      vertex 101.931 9.13137 3.4
    endloop
  endfacet
  facet normal 0 0 -1
    outer loop
      vertex 101.788 8.98221 3.4
      vertex 101.931 9.13137 3.4
      vertex 101.89 8.88995 3.4
    endloop
  endfacet
  facet normal -0 0 -1
    outer loop
      vertex 101.931 9.13137 3.4
      vertex 101.788 8.98221 3.4
      vertex 101.815 9.23682 3.4
    endloop
  endfacet
  facet normal 0 0 -1
    outer loop
      vertex 101.678 9.06406 3.4
      vertex 101.815 9.23682 3.4
      vertex 101.788 8.98221 3.4
    endloop
  endfacet
  facet normal -0 0 -1
    outer loop
      vertex 101.815 9.23682 3.4
      vertex 101.678 9.06406 3.4
      vertex 101.689 9.33035 3.4
    endloop
  endfacet
  facet normal 0 0 -1
    outer loop
      vertex 101.56 9.13469 3.4
      vertex 101.689 9.33035 3.4
      vertex 101.678 9.06406 3.4
    endloop
  endfacet
  facet normal 0 0 -1
    outer loop
      vertex 101.56 9.13469 3.4
      vertex 101.554 9.41107 3.4
      vertex 101.689 9.33035 3.4
    endloop
  endfacet
  facet normal 0 0 -1
    outer loop
      vertex 101.436 9.19343 3.4
      vertex 101.554 9.41107 3.4
      vertex 101.56 9.13469 3.4
    endloop
  endfacet
  facet normal 0 0 -1
    outer loop
      vertex 101.436 9.19343 3.4
      vertex 101.412 9.47821 3.4
      vertex 101.554 9.41107 3.4
    endloop
  endfacet
  facet normal 0 0 -1
    outer loop
      vertex 101.306 9.23972 3.4
      vertex 101.412 9.47821 3.4
      vertex 101.436 9.19343 3.4
    endloop
  endfacet
  facet normal 0 0 -1
    outer loop
      vertex 101.306 9.23972 3.4
      vertex 101.264 9.5311 3.4
      vertex 101.412 9.47821 3.4
    endloop
  endfacet
  facet normal 0 0 -1
    outer loop
      vertex 101.173 9.2731 3.4
      vertex 101.264 9.5311 3.4
      vertex 101.306 9.23972 3.4
    endloop
  endfacet
  facet normal 0 0 -1
    outer loop
      vertex 101.173 9.2731 3.4
      vertex 101.112 9.56926 3.4
      vertex 101.264 9.5311 3.4
    endloop
  endfacet
  facet normal 0 0 -1
    outer loop
      vertex 101.037 9.29326 3.4
      vertex 101.112 9.56926 3.4
      vertex 101.173 9.2731 3.4
    endloop
  endfacet
  facet normal 0 0 -1
    outer loop
      vertex 101.037 9.29326 3.4
      vertex 100.957 9.59229 3.4
      vertex 101.112 9.56926 3.4
    endloop
  endfacet
  facet normal 0 0 -1
    outer loop
      vertex 100.9 9.3 3.4
      vertex 100.957 9.59229 3.4
      vertex 101.037 9.29326 3.4
    endloop
  endfacet
  facet normal 0 0 -1
    outer loop
      vertex 100.9 9.3 3.4
      vertex 100.8 9.6 3.4
      vertex 100.957 9.59229 3.4
    endloop
  endfacet
  facet normal 0 0 -1
    outer loop
      vertex 100.763 9.29326 3.4
      vertex 100.8 9.6 3.4
      vertex 100.9 9.3 3.4
    endloop
  endfacet
  facet normal 0 0 -1
    outer loop
      vertex 100.763 9.29326 3.4
      vertex 100.643 9.59229 3.4
      vertex 100.8 9.6 3.4
    endloop
  endfacet
  facet normal 0 0 -1
    outer loop
      vertex 100.627 9.2731 3.4
      vertex 100.643 9.59229 3.4
      vertex 100.763 9.29326 3.4
    endloop
  endfacet
  facet normal 0 0 -1
    outer loop
      vertex 100.488 9.56926 3.4
      vertex 100.627 9.2731 3.4
      vertex 100.494 9.23972 3.4
    endloop
  endfacet
  facet normal 0 0 -1
    outer loop
      vertex 100.627 9.2731 3.4
      vertex 100.488 9.56926 3.4
      vertex 100.643 9.59229 3.4
    endloop
  endfacet
  facet normal 0 0 -1
    outer loop
      vertex 100.336 9.5311 3.4
      vertex 100.494 9.23972 3.4
      vertex 100.364 9.19343 3.4
    endloop
  endfacet
  facet normal 0 0 -1
    outer loop
      vertex 100.494 9.23972 3.4
      vertex 100.336 9.5311 3.4
      vertex 100.488 9.56926 3.4
    endloop
  endfacet
  facet normal 0 0 -1
    outer loop
      vertex 100.188 9.47821 3.4
      vertex 100.364 9.19343 3.4
      vertex 100.24 9.13469 3.4
    endloop
  endfacet
  facet normal 0 0 -1
    outer loop
      vertex 100.364 9.19343 3.4
      vertex 100.188 9.47821 3.4
      vertex 100.336 9.5311 3.4
    endloop
  endfacet
  facet normal 0 0 -1
    outer loop
      vertex 100.046 9.41107 3.4
      vertex 100.24 9.13469 3.4
      vertex 100.122 9.06406 3.4
    endloop
  endfacet
  facet normal 0 0 -1
    outer loop
      vertex 100.24 9.13469 3.4
      vertex 100.046 9.41107 3.4
      vertex 100.188 9.47821 3.4
    endloop
  endfacet
  facet normal 0 0 -1
    outer loop
      vertex 99.9111 9.33035 3.4
      vertex 100.122 9.06406 3.4
      vertex 100.012 8.98221 3.4
    endloop
  endfacet
  facet normal 0 0 -1
    outer loop
      vertex 100.122 9.06406 3.4
      vertex 99.9111 9.33035 3.4
      vertex 100.046 9.41107 3.4
    endloop
  endfacet
  facet normal 0 0 -1
    outer loop
      vertex 99.785 9.23682 3.4
      vertex 100.012 8.98221 3.4
      vertex 99.91 8.88995 3.4
    endloop
  endfacet
  facet normal 0 0 -1
    outer loop
      vertex 99.5632 9.01503 3.4
      vertex 99.91 8.88995 3.4
      vertex 99.8178 8.78815 3.4
    endloop
  endfacet
  facet normal 0 0 -1
    outer loop
      vertex 100.012 8.98221 3.4
      vertex 99.785 9.23682 3.4
      vertex 99.9111 9.33035 3.4
    endloop
  endfacet
  facet normal 0 0 -1
    outer loop
      vertex 99.4697 8.88891 3.4
      vertex 99.8178 8.78815 3.4
      vertex 99.7359 8.6778 3.4
    endloop
  endfacet
  facet normal 0 0 -1
    outer loop
      vertex 99.91 8.88995 3.4
      vertex 99.6686 9.13137 3.4
      vertex 99.785 9.23682 3.4
    endloop
  endfacet
  facet normal 0 0 -1
    outer loop
      vertex 99.3889 8.75423 3.4
      vertex 99.7359 8.6778 3.4
      vertex 99.6653 8.55995 3.4
    endloop
  endfacet
  facet normal 0 0 -1
    outer loop
      vertex 99.3218 8.61229 3.4
      vertex 99.6653 8.55995 3.4
      vertex 99.6066 8.43576 3.4
    endloop
  endfacet
  facet normal 0 0 -1
    outer loop
      vertex 99.91 8.88995 3.4
      vertex 99.5632 9.01503 3.4
      vertex 99.6686 9.13137 3.4
    endloop
  endfacet
  facet normal 0 0 -1
    outer loop
      vertex 99.2689 8.46445 3.4
      vertex 99.6066 8.43576 3.4
      vertex 99.5603 8.3064 3.4
    endloop
  endfacet
  facet normal 0 0 -1
    outer loop
      vertex 99.2307 8.31214 3.4
      vertex 99.5603 8.3064 3.4
      vertex 99.5269 8.17313 3.4
    endloop
  endfacet
  facet normal 0 0 -1
    outer loop
      vertex 99.2077 8.15683 3.4
      vertex 99.5269 8.17313 3.4
      vertex 99.5067 8.03722 3.4
    endloop
  endfacet
  facet normal 0 0 -1
    outer loop
      vertex 99.8178 8.78815 3.4
      vertex 99.4697 8.88891 3.4
      vertex 99.5632 9.01503 3.4
    endloop
  endfacet
  facet normal 0 0 -1
    outer loop
      vertex 99.2 8 3.4
      vertex 99.5067 8.03722 3.4
      vertex 99.5 7.9 3.4
    endloop
  endfacet
  facet normal 0 0 -1
    outer loop
      vertex 99.5603 7.4936 3.4
      vertex 99.2689 7.53554 3.4
      vertex 99.5269 7.62687 3.4
    endloop
  endfacet
  facet normal 0 0 -1
    outer loop
      vertex 99.2307 7.68785 3.4
      vertex 99.5269 7.62687 3.4
      vertex 99.2689 7.53554 3.4
    endloop
  endfacet
  facet normal 0 0 -1
    outer loop
      vertex 99.7359 8.6778 3.4
      vertex 99.3889 8.75423 3.4
      vertex 99.4697 8.88891 3.4
    endloop
  endfacet
  facet normal 0 0 -1
    outer loop
      vertex 99.5269 7.62687 3.4
      vertex 99.2307 7.68785 3.4
      vertex 99.5067 7.76278 3.4
    endloop
  endfacet
  facet normal 0 0 -1
    outer loop
      vertex 99.6653 8.55995 3.4
      vertex 99.3218 8.61229 3.4
      vertex 99.3889 8.75423 3.4
    endloop
  endfacet
  facet normal 0 0 -1
    outer loop
      vertex 99.2077 7.84317 3.4
      vertex 99.5067 7.76278 3.4
      vertex 99.2307 7.68785 3.4
    endloop
  endfacet
  facet normal 0 0 -1
    outer loop
      vertex 99.6066 8.43576 3.4
      vertex 99.2689 8.46445 3.4
      vertex 99.3218 8.61229 3.4
    endloop
  endfacet
  facet normal 0 0 -1
    outer loop
      vertex 99.5067 7.76278 3.4
      vertex 99.2077 7.84317 3.4
      vertex 99.5 7.9 3.4
    endloop
  endfacet
  facet normal 0 0 -1
    outer loop
      vertex 99.5603 8.3064 3.4
      vertex 99.2307 8.31214 3.4
      vertex 99.2689 8.46445 3.4
    endloop
  endfacet
  facet normal 0 0 -1
    outer loop
      vertex 99.2 8 3.4
      vertex 99.5 7.9 3.4
      vertex 99.2077 7.84317 3.4
    endloop
  endfacet
  facet normal -0 0 -1
    outer loop
      vertex 99.5269 8.17313 3.4
      vertex 99.2077 8.15683 3.4
      vertex 99.2307 8.31214 3.4
    endloop
  endfacet
  facet normal -0 0 -1
    outer loop
      vertex 99.5067 8.03722 3.4
      vertex 99.2 8 3.4
      vertex 99.2077 8.15683 3.4
    endloop
  endfacet
  facet normal 0.94154 -0.336901 0
    outer loop
      vertex 99.2689 8.46445 3.4
      vertex 99.3218 8.61229 2.4
      vertex 99.3218 8.61229 3.4
    endloop
  endfacet
  facet normal 0.94154 -0.336901 0
    outer loop
      vertex 99.3218 8.61229 2.4
      vertex 99.2689 8.46445 3.4
      vertex 99.2689 8.46445 2.4
    endloop
  endfacet
  facet normal 0.94154 -0.336901 0
    outer loop
      vertex 99.2689 8.46445 2.4
      vertex 99.3218 8.61229 0
      vertex 99.3218 8.61229 2.4
    endloop
  endfacet
  facet normal 0.94154 -0.336901 0
    outer loop
      vertex 99.3218 8.61229 0
      vertex 99.2689 8.46445 2.4
      vertex 99.2689 8.46445 0
    endloop
  endfacet
  facet normal -0.941331 0.337486 0
    outer loop
      vertex 102.278 7.38771 2.4
      vertex 102.331 7.53554 3.4
      vertex 102.331 7.53554 2.4
    endloop
  endfacet
  facet normal -0.941331 0.337486 0
    outer loop
      vertex 102.331 7.53554 3.4
      vertex 102.278 7.38771 2.4
      vertex 102.278 7.38771 3.4
    endloop
  endfacet
  facet normal -0.941331 0.337486 0
    outer loop
      vertex 102.278 7.38771 0
      vertex 102.331 7.53554 2.4
      vertex 102.331 7.53554 0
    endloop
  endfacet
  facet normal -0.941331 0.337486 0
    outer loop
      vertex 102.331 7.53554 2.4
      vertex 102.278 7.38771 0
      vertex 102.278 7.38771 2.4
    endloop
  endfacet
  facet normal 0.857499 0.514486 0
    outer loop
      vertex 99.4697 7.11109 3.4
      vertex 99.3889 7.24576 2.4
      vertex 99.3889 7.24576 3.4
    endloop
  endfacet
  facet normal 0.857499 0.514486 0
    outer loop
      vertex 99.3889 7.24576 2.4
      vertex 99.4697 7.11109 3.4
      vertex 99.4697 7.11109 2.4
    endloop
  endfacet
  facet normal 0.857499 0.514486 0
    outer loop
      vertex 99.4697 7.11109 2.4
      vertex 99.3889 7.24576 0
      vertex 99.3889 7.24576 2.4
    endloop
  endfacet
  facet normal 0.857499 0.514486 0
    outer loop
      vertex 99.3889 7.24576 0
      vertex 99.4697 7.11109 2.4
      vertex 99.4697 7.11109 0
    endloop
  endfacet
  facet normal 0.998797 0.0490387 0
    outer loop
      vertex 99.2077 7.84317 3.4
      vertex 99.2 8 2.4
      vertex 99.2 8 3.4
    endloop
  endfacet
  facet normal 0.998797 0.0490387 0
    outer loop
      vertex 99.2 8 2.4
      vertex 99.2077 7.84317 3.4
      vertex 99.2077 7.84317 2.4
    endloop
  endfacet
  facet normal 0.998797 0.0490387 0
    outer loop
      vertex 99.2077 7.84317 2.4
      vertex 99.2 8 0
      vertex 99.2 8 2.4
    endloop
  endfacet
  facet normal 0.998797 0.0490387 0
    outer loop
      vertex 99.2 8 0
      vertex 99.2077 7.84317 2.4
      vertex 99.2077 7.84317 0
    endloop
  endfacet
  facet normal 0.14703 0.989132 -0
    outer loop
      vertex 100.643 6.4077 2.4
      vertex 100.488 6.43074 3.4
      vertex 100.643 6.4077 3.4
    endloop
  endfacet
  facet normal 0.14703 0.989132 0
    outer loop
      vertex 100.488 6.43074 3.4
      vertex 100.643 6.4077 2.4
      vertex 100.488 6.43074 2.4
    endloop
  endfacet
  facet normal 0.14703 0.989132 -0
    outer loop
      vertex 100.643 6.4077 0
      vertex 100.488 6.43074 2.4
      vertex 100.643 6.4077 2.4
    endloop
  endfacet
  facet normal 0.14703 0.989132 0
    outer loop
      vertex 100.488 6.43074 2.4
      vertex 100.643 6.4077 0
      vertex 100.488 6.43074 0
    endloop
  endfacet
  facet normal 0.80332 -0.595547 0
    outer loop
      vertex 99.4697 8.88891 3.4
      vertex 99.5632 9.01503 2.4
      vertex 99.5632 9.01503 3.4
    endloop
  endfacet
  facet normal 0.80332 -0.595547 0
    outer loop
      vertex 99.5632 9.01503 2.4
      vertex 99.4697 8.88891 3.4
      vertex 99.4697 8.88891 2.4
    endloop
  endfacet
  facet normal 0.80332 -0.595547 0
    outer loop
      vertex 99.4697 8.88891 2.4
      vertex 99.5632 9.01503 0
      vertex 99.5632 9.01503 2.4
    endloop
  endfacet
  facet normal 0.80332 -0.595547 0
    outer loop
      vertex 99.5632 9.01503 0
      vertex 99.4697 8.88891 2.4
      vertex 99.4697 8.88891 0
    endloop
  endfacet
endsolid OpenSCAD_Model
