solid OpenSCAD_Model
  facet normal 1 -0 0
    outer loop
      vertex 108.8 0 60.8
      vertex 108.8 58.8 58.4
      vertex 108.8 58.8 60.8
    endloop
  endfacet
  facet normal 1 0 0
    outer loop
      vertex 108.8 58.8 58.4
      vertex 108.8 0 60.8
      vertex 108.8 0 58.4
    endloop
  endfacet
  facet normal 0 0 1
    outer loop
      vertex 108.8 58.8 60.8
      vertex 106.8 56.8 60.8
      vertex 108.8 0 60.8
    endloop
  endfacet
  facet normal 0 0 1
    outer loop
      vertex 108.8 58.8 60.8
      vertex 2 56.8 60.8
      vertex 106.8 56.8 60.8
    endloop
  endfacet
  facet normal 0 0 1
    outer loop
      vertex 2 56.8 60.8
      vertex 0 58.8 60.8
      vertex 2 2 60.8
    endloop
  endfacet
  facet normal -0 0 1
    outer loop
      vertex 0 58.8 60.8
      vertex 2 56.8 60.8
      vertex 108.8 58.8 60.8
    endloop
  endfacet
  facet normal -0 0 1
    outer loop
      vertex 106.8 2 60.8
      vertex 108.8 0 60.8
      vertex 106.8 56.8 60.8
    endloop
  endfacet
  facet normal -0 0 1
    outer loop
      vertex 2 2 60.8
      vertex 108.8 0 60.8
      vertex 106.8 2 60.8
    endloop
  endfacet
  facet normal 0 0 1
    outer loop
      vertex 2 2 60.8
      vertex 0 0 60.8
      vertex 108.8 0 60.8
    endloop
  endfacet
  facet normal 0 0 1
    outer loop
      vertex 0 0 60.8
      vertex 2 2 60.8
      vertex 0 58.8 60.8
    endloop
  endfacet
  facet normal 0 0 -1
    outer loop
      vertex 99.5603 8.3064 58.4
      vertex 9.23972 8.3064 58.4
      vertex 99.6066 8.43576 58.4
    endloop
  endfacet
  facet normal 0 0 -1
    outer loop
      vertex 99.6066 50.3642 58.4
      vertex 9.29326 50.7628 58.4
      vertex 9.3 50.9 58.4
    endloop
  endfacet
  facet normal 0 0 -1
    outer loop
      vertex 9.19343 8.43576 58.4
      vertex 99.6066 8.43576 58.4
      vertex 9.23972 8.3064 58.4
    endloop
  endfacet
  facet normal 0 0 -1
    outer loop
      vertex 99.6066 50.3642 58.4
      vertex 9.2731 50.6269 58.4
      vertex 9.29326 50.7628 58.4
    endloop
  endfacet
  facet normal 0 0 -1
    outer loop
      vertex 99.6066 8.43576 58.4
      vertex 9.19343 8.43576 58.4
      vertex 99.6066 50.3642 58.4
    endloop
  endfacet
  facet normal 0 0 -1
    outer loop
      vertex 99.6066 50.3642 58.4
      vertex 9.23972 50.4936 58.4
      vertex 9.2731 50.6269 58.4
    endloop
  endfacet
  facet normal 0 0 -1
    outer loop
      vertex 9.19343 50.3642 58.4
      vertex 99.6066 50.3642 58.4
      vertex 9.19343 8.43576 58.4
    endloop
  endfacet
  facet normal 0 0 -1
    outer loop
      vertex 99.6066 50.3642 58.4
      vertex 9.19343 50.3642 58.4
      vertex 9.23972 50.4936 58.4
    endloop
  endfacet
  facet normal 0 0 -1
    outer loop
      vertex 9.13469 8.55995 58.4
      vertex 9.19343 50.3642 58.4
      vertex 9.19343 8.43576 58.4
    endloop
  endfacet
  facet normal 0 0 -1
    outer loop
      vertex 9.13469 8.55995 58.4
      vertex 9.13469 50.24 58.4
      vertex 9.19343 50.3642 58.4
    endloop
  endfacet
  facet normal 0 0 -1
    outer loop
      vertex 9.06406 8.6778 58.4
      vertex 9.13469 50.24 58.4
      vertex 9.13469 8.55995 58.4
    endloop
  endfacet
  facet normal 0 0 -1
    outer loop
      vertex 9.06406 8.6778 58.4
      vertex 9.06406 50.1222 58.4
      vertex 9.13469 50.24 58.4
    endloop
  endfacet
  facet normal 0 0 -1
    outer loop
      vertex 8.98221 8.78815 58.4
      vertex 9.06406 50.1222 58.4
      vertex 9.06406 8.6778 58.4
    endloop
  endfacet
  facet normal 0 0 -1
    outer loop
      vertex 8.98221 8.78815 58.4
      vertex 8.98221 50.0118 58.4
      vertex 9.06406 50.1222 58.4
    endloop
  endfacet
  facet normal 0 0 -1
    outer loop
      vertex 8.88995 8.88995 58.4
      vertex 8.98221 50.0118 58.4
      vertex 8.98221 8.78815 58.4
    endloop
  endfacet
  facet normal 0 0 -1
    outer loop
      vertex 8.88995 8.88995 58.4
      vertex 8.88995 49.91 58.4
      vertex 8.98221 50.0118 58.4
    endloop
  endfacet
  facet normal 0 0 -1
    outer loop
      vertex 8.78815 8.98221 58.4
      vertex 8.88995 49.91 58.4
      vertex 8.88995 8.88995 58.4
    endloop
  endfacet
  facet normal 0 0 -1
    outer loop
      vertex 8.78815 8.98221 58.4
      vertex 8.78815 49.8178 58.4
      vertex 8.88995 49.91 58.4
    endloop
  endfacet
  facet normal 0 0 -1
    outer loop
      vertex 8.6778 9.06406 58.4
      vertex 8.78815 49.8178 58.4
      vertex 8.78815 8.98221 58.4
    endloop
  endfacet
  facet normal 0 0 -1
    outer loop
      vertex 8.6778 9.06406 58.4
      vertex 8.6778 49.7359 58.4
      vertex 8.78815 49.8178 58.4
    endloop
  endfacet
  facet normal 0 0 -1
    outer loop
      vertex 8.55995 9.13469 58.4
      vertex 8.6778 49.7359 58.4
      vertex 8.6778 9.06406 58.4
    endloop
  endfacet
  facet normal 0 0 -1
    outer loop
      vertex 8.55995 9.13469 58.4
      vertex 8.55995 49.6653 58.4
      vertex 8.6778 49.7359 58.4
    endloop
  endfacet
  facet normal 0 0 -1
    outer loop
      vertex 8.43576 9.19343 58.4
      vertex 8.55995 49.6653 58.4
      vertex 8.55995 9.13469 58.4
    endloop
  endfacet
  facet normal 0 0 -1
    outer loop
      vertex 8.43576 9.19343 58.4
      vertex 8.43576 49.6066 58.4
      vertex 8.55995 49.6653 58.4
    endloop
  endfacet
  facet normal 0 0 -1
    outer loop
      vertex 8.3064 9.23972 58.4
      vertex 8.43576 49.6066 58.4
      vertex 8.43576 9.19343 58.4
    endloop
  endfacet
  facet normal 0 0 -1
    outer loop
      vertex 8.3064 9.23972 58.4
      vertex 8.3064 49.5603 58.4
      vertex 8.43576 49.6066 58.4
    endloop
  endfacet
  facet normal 0 0 -1
    outer loop
      vertex 8.17313 9.2731 58.4
      vertex 8.3064 49.5603 58.4
      vertex 8.3064 9.23972 58.4
    endloop
  endfacet
  facet normal 0 0 -1
    outer loop
      vertex 8.17313 9.2731 58.4
      vertex 8.17313 49.5269 58.4
      vertex 8.3064 49.5603 58.4
    endloop
  endfacet
  facet normal 0 0 -1
    outer loop
      vertex 8.03722 9.29326 58.4
      vertex 8.17313 49.5269 58.4
      vertex 8.17313 9.2731 58.4
    endloop
  endfacet
  facet normal 0 0 -1
    outer loop
      vertex 8.03722 9.29326 58.4
      vertex 8.03722 49.5067 58.4
      vertex 8.17313 49.5269 58.4
    endloop
  endfacet
  facet normal 0 0 -1
    outer loop
      vertex 7.9 9.3 58.4
      vertex 8.03722 49.5067 58.4
      vertex 8.03722 9.29326 58.4
    endloop
  endfacet
  facet normal 0 0 -1
    outer loop
      vertex 7.9 9.3 58.4
      vertex 7.9 49.5 58.4
      vertex 8.03722 49.5067 58.4
    endloop
  endfacet
  facet normal 0 0 -1
    outer loop
      vertex 7.76278 9.29326 58.4
      vertex 7.9 49.5 58.4
      vertex 7.9 9.3 58.4
    endloop
  endfacet
  facet normal 0 0 -1
    outer loop
      vertex 7.76278 9.29326 58.4
      vertex 7.76278 49.5067 58.4
      vertex 7.9 49.5 58.4
    endloop
  endfacet
  facet normal 0 0 -1
    outer loop
      vertex 7.62687 9.2731 58.4
      vertex 7.76278 49.5067 58.4
      vertex 7.76278 9.29326 58.4
    endloop
  endfacet
  facet normal 0 0 -1
    outer loop
      vertex 7.62687 9.2731 58.4
      vertex 7.62687 49.5269 58.4
      vertex 7.76278 49.5067 58.4
    endloop
  endfacet
  facet normal 0 0 -1
    outer loop
      vertex 7.4936 9.23972 58.4
      vertex 7.62687 49.5269 58.4
      vertex 7.62687 9.2731 58.4
    endloop
  endfacet
  facet normal 0 0 -1
    outer loop
      vertex 7.4936 9.23972 58.4
      vertex 7.4936 49.5603 58.4
      vertex 7.62687 49.5269 58.4
    endloop
  endfacet
  facet normal 0 0 -1
    outer loop
      vertex 7.36424 9.19343 58.4
      vertex 7.4936 49.5603 58.4
      vertex 7.4936 9.23972 58.4
    endloop
  endfacet
  facet normal 0 0 -1
    outer loop
      vertex 7.36424 9.19343 58.4
      vertex 7.36424 49.6066 58.4
      vertex 7.4936 49.5603 58.4
    endloop
  endfacet
  facet normal 0 0 -1
    outer loop
      vertex 7.24004 9.13469 58.4
      vertex 7.36424 49.6066 58.4
      vertex 7.36424 9.19343 58.4
    endloop
  endfacet
  facet normal 0 0 -1
    outer loop
      vertex 7.24004 9.13469 58.4
      vertex 7.24004 49.6653 58.4
      vertex 7.36424 49.6066 58.4
    endloop
  endfacet
  facet normal 0 0 -1
    outer loop
      vertex 7.1222 9.06406 58.4
      vertex 7.24004 49.6653 58.4
      vertex 7.24004 9.13469 58.4
    endloop
  endfacet
  facet normal 0 0 -1
    outer loop
      vertex 7.1222 9.06406 58.4
      vertex 7.1222 49.7359 58.4
      vertex 7.24004 49.6653 58.4
    endloop
  endfacet
  facet normal 0 0 -1
    outer loop
      vertex 7.01185 8.98221 58.4
      vertex 7.1222 49.7359 58.4
      vertex 7.1222 9.06406 58.4
    endloop
  endfacet
  facet normal 0 0 -1
    outer loop
      vertex 7.01185 8.98221 58.4
      vertex 7.01185 49.8178 58.4
      vertex 7.1222 49.7359 58.4
    endloop
  endfacet
  facet normal 0 0 -1
    outer loop
      vertex 6.91005 8.88995 58.4
      vertex 7.01185 49.8178 58.4
      vertex 7.01185 8.98221 58.4
    endloop
  endfacet
  facet normal 0 0 -1
    outer loop
      vertex 6.91005 8.88995 58.4
      vertex 6.91005 49.91 58.4
      vertex 7.01185 49.8178 58.4
    endloop
  endfacet
  facet normal 0 0 -1
    outer loop
      vertex 6.81779 8.78815 58.4
      vertex 6.91005 49.91 58.4
      vertex 6.91005 8.88995 58.4
    endloop
  endfacet
  facet normal 0 0 -1
    outer loop
      vertex 6.81779 8.78815 58.4
      vertex 6.81779 50.0118 58.4
      vertex 6.91005 49.91 58.4
    endloop
  endfacet
  facet normal 0 0 -1
    outer loop
      vertex 6.73594 8.6778 58.4
      vertex 6.81779 50.0118 58.4
      vertex 6.81779 8.78815 58.4
    endloop
  endfacet
  facet normal 0 0 -1
    outer loop
      vertex 6.73594 8.6778 58.4
      vertex 6.73594 50.1222 58.4
      vertex 6.81779 50.0118 58.4
    endloop
  endfacet
  facet normal 0 0 -1
    outer loop
      vertex 6.66531 8.55995 58.4
      vertex 6.73594 50.1222 58.4
      vertex 6.73594 8.6778 58.4
    endloop
  endfacet
  facet normal 0 0 -1
    outer loop
      vertex 6.66531 8.55995 58.4
      vertex 6.66531 50.24 58.4
      vertex 6.73594 50.1222 58.4
    endloop
  endfacet
  facet normal 0 0 -1
    outer loop
      vertex 0 0 58.4
      vertex 6.66531 8.55995 58.4
      vertex 6.60657 8.43576 58.4
    endloop
  endfacet
  facet normal -0 0 -1
    outer loop
      vertex 6.66531 8.55995 58.4
      vertex 0 0 58.4
      vertex 6.66531 50.24 58.4
    endloop
  endfacet
  facet normal 0 0 -1
    outer loop
      vertex 0 0 58.4
      vertex 6.60657 8.43576 58.4
      vertex 6.56028 8.3064 58.4
    endloop
  endfacet
  facet normal 0 0 -1
    outer loop
      vertex 0 58.8 58.4
      vertex 6.66531 50.24 58.4
      vertex 0 0 58.4
    endloop
  endfacet
  facet normal 0 0 -1
    outer loop
      vertex 0 0 58.4
      vertex 6.56028 8.3064 58.4
      vertex 6.5269 8.17313 58.4
    endloop
  endfacet
  facet normal 0 0 -1
    outer loop
      vertex 6.66531 50.24 58.4
      vertex 0 58.8 58.4
      vertex 6.60657 50.3642 58.4
    endloop
  endfacet
  facet normal 0 0 -1
    outer loop
      vertex 0 0 58.4
      vertex 6.5269 8.17313 58.4
      vertex 6.50674 8.03722 58.4
    endloop
  endfacet
  facet normal 0 0 -1
    outer loop
      vertex 6.60657 50.3642 58.4
      vertex 0 58.8 58.4
      vertex 6.56028 50.4936 58.4
    endloop
  endfacet
  facet normal 0 0 -1
    outer loop
      vertex 0 0 58.4
      vertex 6.50674 8.03722 58.4
      vertex 6.5 7.9 58.4
    endloop
  endfacet
  facet normal 0 0 -1
    outer loop
      vertex 6.56028 50.4936 58.4
      vertex 0 58.8 58.4
      vertex 6.5269 50.6269 58.4
    endloop
  endfacet
  facet normal 0 0 -1
    outer loop
      vertex 102.24 8.3064 58.4
      vertex 108.8 0 58.4
      vertex 102.273 8.17313 58.4
    endloop
  endfacet
  facet normal 0 0 -1
    outer loop
      vertex 108.8 58.8 58.4
      vertex 102.293 50.7628 58.4
      vertex 102.3 50.9 58.4
    endloop
  endfacet
  facet normal 0 0 -1
    outer loop
      vertex 102.193 8.43576 58.4
      vertex 108.8 0 58.4
      vertex 102.24 8.3064 58.4
    endloop
  endfacet
  facet normal 0 0 -1
    outer loop
      vertex 108.8 58.8 58.4
      vertex 102.273 50.6269 58.4
      vertex 102.293 50.7628 58.4
    endloop
  endfacet
  facet normal 0 0 -1
    outer loop
      vertex 102.135 8.55995 58.4
      vertex 108.8 0 58.4
      vertex 102.193 8.43576 58.4
    endloop
  endfacet
  facet normal 0 0 -1
    outer loop
      vertex 108.8 58.8 58.4
      vertex 102.24 50.4936 58.4
      vertex 102.273 50.6269 58.4
    endloop
  endfacet
  facet normal 0 0 -1
    outer loop
      vertex 108.8 0 58.4
      vertex 102.135 8.55995 58.4
      vertex 108.8 58.8 58.4
    endloop
  endfacet
  facet normal 0 0 -1
    outer loop
      vertex 108.8 58.8 58.4
      vertex 102.193 50.3642 58.4
      vertex 102.24 50.4936 58.4
    endloop
  endfacet
  facet normal 0 0 -1
    outer loop
      vertex 102.135 50.24 58.4
      vertex 108.8 58.8 58.4
      vertex 102.135 8.55995 58.4
    endloop
  endfacet
  facet normal 0 0 -1
    outer loop
      vertex 108.8 58.8 58.4
      vertex 102.135 50.24 58.4
      vertex 102.193 50.3642 58.4
    endloop
  endfacet
  facet normal 0 0 -1
    outer loop
      vertex 102.064 8.6778 58.4
      vertex 102.135 50.24 58.4
      vertex 102.135 8.55995 58.4
    endloop
  endfacet
  facet normal 0 0 -1
    outer loop
      vertex 102.064 8.6778 58.4
      vertex 102.064 50.1222 58.4
      vertex 102.135 50.24 58.4
    endloop
  endfacet
  facet normal 0 0 -1
    outer loop
      vertex 101.982 8.78815 58.4
      vertex 102.064 50.1222 58.4
      vertex 102.064 8.6778 58.4
    endloop
  endfacet
  facet normal 0 0 -1
    outer loop
      vertex 101.982 8.78815 58.4
      vertex 101.982 50.0118 58.4
      vertex 102.064 50.1222 58.4
    endloop
  endfacet
  facet normal 0 0 -1
    outer loop
      vertex 101.89 8.88995 58.4
      vertex 101.982 50.0118 58.4
      vertex 101.982 8.78815 58.4
    endloop
  endfacet
  facet normal 0 0 -1
    outer loop
      vertex 101.89 8.88995 58.4
      vertex 101.89 49.91 58.4
      vertex 101.982 50.0118 58.4
    endloop
  endfacet
  facet normal 0 0 -1
    outer loop
      vertex 101.788 8.98221 58.4
      vertex 101.89 49.91 58.4
      vertex 101.89 8.88995 58.4
    endloop
  endfacet
  facet normal 0 0 -1
    outer loop
      vertex 101.788 8.98221 58.4
      vertex 101.788 49.8178 58.4
      vertex 101.89 49.91 58.4
    endloop
  endfacet
  facet normal 0 0 -1
    outer loop
      vertex 101.678 9.06406 58.4
      vertex 101.788 49.8178 58.4
      vertex 101.788 8.98221 58.4
    endloop
  endfacet
  facet normal 0 0 -1
    outer loop
      vertex 101.678 9.06406 58.4
      vertex 101.678 49.7359 58.4
      vertex 101.788 49.8178 58.4
    endloop
  endfacet
  facet normal 0 0 -1
    outer loop
      vertex 101.56 9.13469 58.4
      vertex 101.678 49.7359 58.4
      vertex 101.678 9.06406 58.4
    endloop
  endfacet
  facet normal 0 0 -1
    outer loop
      vertex 101.56 9.13469 58.4
      vertex 101.56 49.6653 58.4
      vertex 101.678 49.7359 58.4
    endloop
  endfacet
  facet normal 0 0 -1
    outer loop
      vertex 101.436 9.19343 58.4
      vertex 101.56 49.6653 58.4
      vertex 101.56 9.13469 58.4
    endloop
  endfacet
  facet normal 0 0 -1
    outer loop
      vertex 101.436 9.19343 58.4
      vertex 101.436 49.6066 58.4
      vertex 101.56 49.6653 58.4
    endloop
  endfacet
  facet normal 0 0 -1
    outer loop
      vertex 101.306 9.23972 58.4
      vertex 101.436 49.6066 58.4
      vertex 101.436 9.19343 58.4
    endloop
  endfacet
  facet normal 0 0 -1
    outer loop
      vertex 101.306 9.23972 58.4
      vertex 101.306 49.5603 58.4
      vertex 101.436 49.6066 58.4
    endloop
  endfacet
  facet normal 0 0 -1
    outer loop
      vertex 101.173 9.2731 58.4
      vertex 101.306 49.5603 58.4
      vertex 101.306 9.23972 58.4
    endloop
  endfacet
  facet normal 0 0 -1
    outer loop
      vertex 101.173 9.2731 58.4
      vertex 101.173 49.5269 58.4
      vertex 101.306 49.5603 58.4
    endloop
  endfacet
  facet normal 0 0 -1
    outer loop
      vertex 101.037 9.29326 58.4
      vertex 101.173 49.5269 58.4
      vertex 101.173 9.2731 58.4
    endloop
  endfacet
  facet normal 0 0 -1
    outer loop
      vertex 101.037 9.29326 58.4
      vertex 101.037 49.5067 58.4
      vertex 101.173 49.5269 58.4
    endloop
  endfacet
  facet normal 0 0 -1
    outer loop
      vertex 100.9 9.3 58.4
      vertex 101.037 49.5067 58.4
      vertex 101.037 9.29326 58.4
    endloop
  endfacet
  facet normal 0 0 -1
    outer loop
      vertex 100.9 9.3 58.4
      vertex 100.9 49.5 58.4
      vertex 101.037 49.5067 58.4
    endloop
  endfacet
  facet normal 0 0 -1
    outer loop
      vertex 100.763 9.29326 58.4
      vertex 100.9 49.5 58.4
      vertex 100.9 9.3 58.4
    endloop
  endfacet
  facet normal 0 0 -1
    outer loop
      vertex 100.763 9.29326 58.4
      vertex 100.763 49.5067 58.4
      vertex 100.9 49.5 58.4
    endloop
  endfacet
  facet normal 0 0 -1
    outer loop
      vertex 100.627 9.2731 58.4
      vertex 100.763 49.5067 58.4
      vertex 100.763 9.29326 58.4
    endloop
  endfacet
  facet normal 0 0 -1
    outer loop
      vertex 100.627 9.2731 58.4
      vertex 100.627 49.5269 58.4
      vertex 100.763 49.5067 58.4
    endloop
  endfacet
  facet normal 0 0 -1
    outer loop
      vertex 100.494 9.23972 58.4
      vertex 100.627 49.5269 58.4
      vertex 100.627 9.2731 58.4
    endloop
  endfacet
  facet normal 0 0 -1
    outer loop
      vertex 100.494 9.23972 58.4
      vertex 100.494 49.5603 58.4
      vertex 100.627 49.5269 58.4
    endloop
  endfacet
  facet normal 0 0 -1
    outer loop
      vertex 100.364 9.19343 58.4
      vertex 100.494 49.5603 58.4
      vertex 100.494 9.23972 58.4
    endloop
  endfacet
  facet normal 0 0 -1
    outer loop
      vertex 100.364 9.19343 58.4
      vertex 100.364 49.6066 58.4
      vertex 100.494 49.5603 58.4
    endloop
  endfacet
  facet normal 0 0 -1
    outer loop
      vertex 100.24 9.13469 58.4
      vertex 100.364 49.6066 58.4
      vertex 100.364 9.19343 58.4
    endloop
  endfacet
  facet normal 0 0 -1
    outer loop
      vertex 100.24 9.13469 58.4
      vertex 100.24 49.6653 58.4
      vertex 100.364 49.6066 58.4
    endloop
  endfacet
  facet normal 0 0 -1
    outer loop
      vertex 100.122 9.06406 58.4
      vertex 100.24 49.6653 58.4
      vertex 100.24 9.13469 58.4
    endloop
  endfacet
  facet normal 0 0 -1
    outer loop
      vertex 100.122 9.06406 58.4
      vertex 100.122 49.7359 58.4
      vertex 100.24 49.6653 58.4
    endloop
  endfacet
  facet normal 0 0 -1
    outer loop
      vertex 100.012 8.98221 58.4
      vertex 100.122 49.7359 58.4
      vertex 100.122 9.06406 58.4
    endloop
  endfacet
  facet normal 0 0 -1
    outer loop
      vertex 100.012 8.98221 58.4
      vertex 100.012 49.8178 58.4
      vertex 100.122 49.7359 58.4
    endloop
  endfacet
  facet normal 0 0 -1
    outer loop
      vertex 99.91 8.88995 58.4
      vertex 100.012 49.8178 58.4
      vertex 100.012 8.98221 58.4
    endloop
  endfacet
  facet normal 0 0 -1
    outer loop
      vertex 99.91 8.88995 58.4
      vertex 99.91 49.91 58.4
      vertex 100.012 49.8178 58.4
    endloop
  endfacet
  facet normal 0 0 -1
    outer loop
      vertex 99.8178 8.78815 58.4
      vertex 99.91 49.91 58.4
      vertex 99.91 8.88995 58.4
    endloop
  endfacet
  facet normal 0 0 -1
    outer loop
      vertex 99.8178 8.78815 58.4
      vertex 99.8178 50.0118 58.4
      vertex 99.91 49.91 58.4
    endloop
  endfacet
  facet normal 0 0 -1
    outer loop
      vertex 99.7359 8.6778 58.4
      vertex 99.8178 50.0118 58.4
      vertex 99.8178 8.78815 58.4
    endloop
  endfacet
  facet normal 0 0 -1
    outer loop
      vertex 99.7359 8.6778 58.4
      vertex 99.7359 50.1222 58.4
      vertex 99.8178 50.0118 58.4
    endloop
  endfacet
  facet normal 0 0 -1
    outer loop
      vertex 99.6653 8.55995 58.4
      vertex 99.7359 50.1222 58.4
      vertex 99.7359 8.6778 58.4
    endloop
  endfacet
  facet normal 0 0 -1
    outer loop
      vertex 99.6653 8.55995 58.4
      vertex 99.6653 50.24 58.4
      vertex 99.7359 50.1222 58.4
    endloop
  endfacet
  facet normal 0 0 -1
    outer loop
      vertex 99.6066 8.43576 58.4
      vertex 99.6653 50.24 58.4
      vertex 99.6653 8.55995 58.4
    endloop
  endfacet
  facet normal 0 0 -1
    outer loop
      vertex 99.6066 8.43576 58.4
      vertex 99.6066 50.3642 58.4
      vertex 99.6653 50.24 58.4
    endloop
  endfacet
  facet normal 0 0 -1
    outer loop
      vertex 9.2731 8.17313 58.4
      vertex 99.5269 8.17313 58.4
      vertex 9.29326 8.03722 58.4
    endloop
  endfacet
  facet normal 0 0 -1
    outer loop
      vertex 99.5269 8.17313 58.4
      vertex 9.2731 8.17313 58.4
      vertex 99.5603 8.3064 58.4
    endloop
  endfacet
  facet normal 0 0 -1
    outer loop
      vertex 99.5067 8.03722 58.4
      vertex 9.29326 8.03722 58.4
      vertex 99.5269 8.17313 58.4
    endloop
  endfacet
  facet normal 0 0 -1
    outer loop
      vertex 9.23972 8.3064 58.4
      vertex 99.5603 8.3064 58.4
      vertex 9.2731 8.17313 58.4
    endloop
  endfacet
  facet normal 0 0 -1
    outer loop
      vertex 9.29326 8.03722 58.4
      vertex 99.5067 8.03722 58.4
      vertex 9.3 7.9 58.4
    endloop
  endfacet
  facet normal 0 0 -1
    outer loop
      vertex 99.6066 50.3642 58.4
      vertex 9.3 50.9 58.4
      vertex 99.5603 50.4936 58.4
    endloop
  endfacet
  facet normal 0 0 -1
    outer loop
      vertex 9.3 7.9 58.4
      vertex 99.5067 8.03722 58.4
      vertex 99.5 7.9 58.4
    endloop
  endfacet
  facet normal 0 0 -1
    outer loop
      vertex 99.5603 50.4936 58.4
      vertex 9.3 50.9 58.4
      vertex 99.5269 50.6269 58.4
    endloop
  endfacet
  facet normal 0 0 -1
    outer loop
      vertex 102.293 8.03722 58.4
      vertex 108.8 0 58.4
      vertex 102.3 7.9 58.4
    endloop
  endfacet
  facet normal 0 0 -1
    outer loop
      vertex 108.8 0 58.4
      vertex 102.293 7.76278 58.4
      vertex 102.3 7.9 58.4
    endloop
  endfacet
  facet normal 0 0 -1
    outer loop
      vertex 108.8 0 58.4
      vertex 102.273 7.62687 58.4
      vertex 102.293 7.76278 58.4
    endloop
  endfacet
  facet normal 0 0 -1
    outer loop
      vertex 108.8 0 58.4
      vertex 102.24 7.4936 58.4
      vertex 102.273 7.62687 58.4
    endloop
  endfacet
  facet normal 0 0 -1
    outer loop
      vertex 108.8 0 58.4
      vertex 102.193 7.36424 58.4
      vertex 102.24 7.4936 58.4
    endloop
  endfacet
  facet normal 0 0 -1
    outer loop
      vertex 108.8 0 58.4
      vertex 102.135 7.24004 58.4
      vertex 102.193 7.36424 58.4
    endloop
  endfacet
  facet normal 0 0 -1
    outer loop
      vertex 108.8 0 58.4
      vertex 102.064 7.1222 58.4
      vertex 102.135 7.24004 58.4
    endloop
  endfacet
  facet normal 0 0 -1
    outer loop
      vertex 108.8 0 58.4
      vertex 101.982 7.01185 58.4
      vertex 102.064 7.1222 58.4
    endloop
  endfacet
  facet normal 0 0 -1
    outer loop
      vertex 108.8 0 58.4
      vertex 101.89 6.91005 58.4
      vertex 101.982 7.01185 58.4
    endloop
  endfacet
  facet normal 0 0 -1
    outer loop
      vertex 108.8 0 58.4
      vertex 101.788 6.81779 58.4
      vertex 101.89 6.91005 58.4
    endloop
  endfacet
  facet normal 0 0 -1
    outer loop
      vertex 108.8 0 58.4
      vertex 101.678 6.73594 58.4
      vertex 101.788 6.81779 58.4
    endloop
  endfacet
  facet normal 0 0 -1
    outer loop
      vertex 108.8 0 58.4
      vertex 101.56 6.66531 58.4
      vertex 101.678 6.73594 58.4
    endloop
  endfacet
  facet normal 0 0 -1
    outer loop
      vertex 108.8 0 58.4
      vertex 101.436 6.60657 58.4
      vertex 101.56 6.66531 58.4
    endloop
  endfacet
  facet normal 0 0 -1
    outer loop
      vertex 108.8 0 58.4
      vertex 101.306 6.56028 58.4
      vertex 101.436 6.60657 58.4
    endloop
  endfacet
  facet normal 0 0 -1
    outer loop
      vertex 108.8 0 58.4
      vertex 101.173 6.5269 58.4
      vertex 101.306 6.56028 58.4
    endloop
  endfacet
  facet normal 0 0 -1
    outer loop
      vertex 108.8 0 58.4
      vertex 101.037 6.50674 58.4
      vertex 101.173 6.5269 58.4
    endloop
  endfacet
  facet normal 0 0 -1
    outer loop
      vertex 108.8 0 58.4
      vertex 100.9 6.5 58.4
      vertex 101.037 6.50674 58.4
    endloop
  endfacet
  facet normal 0 0 -1
    outer loop
      vertex 108.8 0 58.4
      vertex 100.763 6.50674 58.4
      vertex 100.9 6.5 58.4
    endloop
  endfacet
  facet normal 0 0 -1
    outer loop
      vertex 108.8 0 58.4
      vertex 100.627 6.5269 58.4
      vertex 100.763 6.50674 58.4
    endloop
  endfacet
  facet normal 0 0 -1
    outer loop
      vertex 108.8 0 58.4
      vertex 100.494 6.56028 58.4
      vertex 100.627 6.5269 58.4
    endloop
  endfacet
  facet normal 0 0 -1
    outer loop
      vertex 108.8 0 58.4
      vertex 100.364 6.60657 58.4
      vertex 100.494 6.56028 58.4
    endloop
  endfacet
  facet normal 0 0 -1
    outer loop
      vertex 108.8 0 58.4
      vertex 100.24 6.66531 58.4
      vertex 100.364 6.60657 58.4
    endloop
  endfacet
  facet normal 0 0 -1
    outer loop
      vertex 108.8 0 58.4
      vertex 100.122 6.73594 58.4
      vertex 100.24 6.66531 58.4
    endloop
  endfacet
  facet normal 0 0 -1
    outer loop
      vertex 8.6778 6.73594 58.4
      vertex 100.122 6.73594 58.4
      vertex 108.8 0 58.4
    endloop
  endfacet
  facet normal 0 0 -1
    outer loop
      vertex 99.5269 50.6269 58.4
      vertex 9.3 50.9 58.4
      vertex 99.5067 50.7628 58.4
    endloop
  endfacet
  facet normal 0 0 -1
    outer loop
      vertex 99.5067 7.76278 58.4
      vertex 9.3 7.9 58.4
      vertex 99.5 7.9 58.4
    endloop
  endfacet
  facet normal 0 0 -1
    outer loop
      vertex 9.29326 7.76278 58.4
      vertex 99.5067 7.76278 58.4
      vertex 99.5269 7.62687 58.4
    endloop
  endfacet
  facet normal 0 0 -1
    outer loop
      vertex 9.2731 7.62687 58.4
      vertex 99.5269 7.62687 58.4
      vertex 99.5603 7.4936 58.4
    endloop
  endfacet
  facet normal 0 0 -1
    outer loop
      vertex 9.23972 7.4936 58.4
      vertex 99.5603 7.4936 58.4
      vertex 99.6066 7.36424 58.4
    endloop
  endfacet
  facet normal 0 0 -1
    outer loop
      vertex 9.19343 7.36424 58.4
      vertex 99.6066 7.36424 58.4
      vertex 99.6653 7.24004 58.4
    endloop
  endfacet
  facet normal 0 0 -1
    outer loop
      vertex 9.13469 7.24004 58.4
      vertex 99.6653 7.24004 58.4
      vertex 99.7359 7.1222 58.4
    endloop
  endfacet
  facet normal 0 0 -1
    outer loop
      vertex 9.06406 7.1222 58.4
      vertex 99.7359 7.1222 58.4
      vertex 99.8178 7.01185 58.4
    endloop
  endfacet
  facet normal 0 0 -1
    outer loop
      vertex 8.98221 7.01185 58.4
      vertex 99.8178 7.01185 58.4
      vertex 99.91 6.91005 58.4
    endloop
  endfacet
  facet normal 0 0 -1
    outer loop
      vertex 8.88995 6.91005 58.4
      vertex 99.91 6.91005 58.4
      vertex 100.012 6.81779 58.4
    endloop
  endfacet
  facet normal 0 0 -1
    outer loop
      vertex 100.122 6.73594 58.4
      vertex 8.6778 6.73594 58.4
      vertex 100.012 6.81779 58.4
    endloop
  endfacet
  facet normal 0 0 -1
    outer loop
      vertex 99.5067 7.76278 58.4
      vertex 9.29326 7.76278 58.4
      vertex 9.3 7.9 58.4
    endloop
  endfacet
  facet normal 0 0 -1
    outer loop
      vertex 99.5269 7.62687 58.4
      vertex 9.2731 7.62687 58.4
      vertex 9.29326 7.76278 58.4
    endloop
  endfacet
  facet normal 0 0 -1
    outer loop
      vertex 99.5603 7.4936 58.4
      vertex 9.23972 7.4936 58.4
      vertex 9.2731 7.62687 58.4
    endloop
  endfacet
  facet normal 0 0 -1
    outer loop
      vertex 99.6066 7.36424 58.4
      vertex 9.19343 7.36424 58.4
      vertex 9.23972 7.4936 58.4
    endloop
  endfacet
  facet normal 0 0 -1
    outer loop
      vertex 99.6653 7.24004 58.4
      vertex 9.13469 7.24004 58.4
      vertex 9.19343 7.36424 58.4
    endloop
  endfacet
  facet normal 0 0 -1
    outer loop
      vertex 99.7359 7.1222 58.4
      vertex 9.06406 7.1222 58.4
      vertex 9.13469 7.24004 58.4
    endloop
  endfacet
  facet normal 0 0 -1
    outer loop
      vertex 99.8178 7.01185 58.4
      vertex 8.98221 7.01185 58.4
      vertex 9.06406 7.1222 58.4
    endloop
  endfacet
  facet normal 0 0 -1
    outer loop
      vertex 99.91 6.91005 58.4
      vertex 8.88995 6.91005 58.4
      vertex 8.98221 7.01185 58.4
    endloop
  endfacet
  facet normal 0 0 -1
    outer loop
      vertex 100.012 6.81779 58.4
      vertex 8.78815 6.81779 58.4
      vertex 8.88995 6.91005 58.4
    endloop
  endfacet
  facet normal -0 0 -1
    outer loop
      vertex 100.012 6.81779 58.4
      vertex 8.6778 6.73594 58.4
      vertex 8.78815 6.81779 58.4
    endloop
  endfacet
  facet normal 0 0 -1
    outer loop
      vertex 0 0 58.4
      vertex 8.6778 6.73594 58.4
      vertex 108.8 0 58.4
    endloop
  endfacet
  facet normal 0 0 -1
    outer loop
      vertex 8.6778 6.73594 58.4
      vertex 0 0 58.4
      vertex 8.55995 6.66531 58.4
    endloop
  endfacet
  facet normal 0 0 -1
    outer loop
      vertex 8.55995 6.66531 58.4
      vertex 0 0 58.4
      vertex 8.43576 6.60657 58.4
    endloop
  endfacet
  facet normal 0 0 -1
    outer loop
      vertex 8.43576 6.60657 58.4
      vertex 0 0 58.4
      vertex 8.3064 6.56028 58.4
    endloop
  endfacet
  facet normal 0 0 -1
    outer loop
      vertex 8.3064 6.56028 58.4
      vertex 0 0 58.4
      vertex 8.17313 6.5269 58.4
    endloop
  endfacet
  facet normal 0 0 -1
    outer loop
      vertex 8.17313 6.5269 58.4
      vertex 0 0 58.4
      vertex 8.03722 6.50674 58.4
    endloop
  endfacet
  facet normal 0 0 -1
    outer loop
      vertex 8.03722 6.50674 58.4
      vertex 0 0 58.4
      vertex 7.9 6.5 58.4
    endloop
  endfacet
  facet normal 0 0 -1
    outer loop
      vertex 6.5269 50.6269 58.4
      vertex 0 58.8 58.4
      vertex 6.50674 50.7628 58.4
    endloop
  endfacet
  facet normal -0 0 -1
    outer loop
      vertex 6.50674 7.76278 58.4
      vertex 0 0 58.4
      vertex 6.5 7.9 58.4
    endloop
  endfacet
  facet normal -0 0 -1
    outer loop
      vertex 6.5269 7.62687 58.4
      vertex 0 0 58.4
      vertex 6.50674 7.76278 58.4
    endloop
  endfacet
  facet normal -0 0 -1
    outer loop
      vertex 6.56028 7.4936 58.4
      vertex 0 0 58.4
      vertex 6.5269 7.62687 58.4
    endloop
  endfacet
  facet normal -0 0 -1
    outer loop
      vertex 6.60657 7.36424 58.4
      vertex 0 0 58.4
      vertex 6.56028 7.4936 58.4
    endloop
  endfacet
  facet normal -0 0 -1
    outer loop
      vertex 6.66531 7.24004 58.4
      vertex 0 0 58.4
      vertex 6.60657 7.36424 58.4
    endloop
  endfacet
  facet normal -0 0 -1
    outer loop
      vertex 6.73594 7.1222 58.4
      vertex 0 0 58.4
      vertex 6.66531 7.24004 58.4
    endloop
  endfacet
  facet normal -0 0 -1
    outer loop
      vertex 6.81779 7.01185 58.4
      vertex 0 0 58.4
      vertex 6.73594 7.1222 58.4
    endloop
  endfacet
  facet normal -0 0 -1
    outer loop
      vertex 6.91005 6.91005 58.4
      vertex 0 0 58.4
      vertex 6.81779 7.01185 58.4
    endloop
  endfacet
  facet normal -0 0 -1
    outer loop
      vertex 7.01185 6.81779 58.4
      vertex 0 0 58.4
      vertex 6.91005 6.91005 58.4
    endloop
  endfacet
  facet normal -0 0 -1
    outer loop
      vertex 7.1222 6.73594 58.4
      vertex 0 0 58.4
      vertex 7.01185 6.81779 58.4
    endloop
  endfacet
  facet normal -0 0 -1
    outer loop
      vertex 7.24004 6.66531 58.4
      vertex 0 0 58.4
      vertex 7.1222 6.73594 58.4
    endloop
  endfacet
  facet normal -0 0 -1
    outer loop
      vertex 7.36424 6.60657 58.4
      vertex 0 0 58.4
      vertex 7.24004 6.66531 58.4
    endloop
  endfacet
  facet normal -0 0 -1
    outer loop
      vertex 7.4936 6.56028 58.4
      vertex 0 0 58.4
      vertex 7.36424 6.60657 58.4
    endloop
  endfacet
  facet normal -0 0 -1
    outer loop
      vertex 7.62687 6.5269 58.4
      vertex 0 0 58.4
      vertex 7.4936 6.56028 58.4
    endloop
  endfacet
  facet normal -0 0 -1
    outer loop
      vertex 7.76278 6.50674 58.4
      vertex 0 0 58.4
      vertex 7.62687 6.5269 58.4
    endloop
  endfacet
  facet normal -0 0 -1
    outer loop
      vertex 7.9 6.5 58.4
      vertex 0 0 58.4
      vertex 7.76278 6.50674 58.4
    endloop
  endfacet
  facet normal 0 0 -1
    outer loop
      vertex 102.273 8.17313 58.4
      vertex 108.8 0 58.4
      vertex 102.293 8.03722 58.4
    endloop
  endfacet
  facet normal 0 0 -1
    outer loop
      vertex 102.293 51.0372 58.4
      vertex 108.8 58.8 58.4
      vertex 102.3 50.9 58.4
    endloop
  endfacet
  facet normal 0 0 -1
    outer loop
      vertex 102.273 51.1731 58.4
      vertex 108.8 58.8 58.4
      vertex 102.293 51.0372 58.4
    endloop
  endfacet
  facet normal 0 0 -1
    outer loop
      vertex 102.24 51.3064 58.4
      vertex 108.8 58.8 58.4
      vertex 102.273 51.1731 58.4
    endloop
  endfacet
  facet normal 0 0 -1
    outer loop
      vertex 102.193 51.4358 58.4
      vertex 108.8 58.8 58.4
      vertex 102.24 51.3064 58.4
    endloop
  endfacet
  facet normal 0 0 -1
    outer loop
      vertex 102.135 51.56 58.4
      vertex 108.8 58.8 58.4
      vertex 102.193 51.4358 58.4
    endloop
  endfacet
  facet normal 0 0 -1
    outer loop
      vertex 102.064 51.6778 58.4
      vertex 108.8 58.8 58.4
      vertex 102.135 51.56 58.4
    endloop
  endfacet
  facet normal 0 0 -1
    outer loop
      vertex 101.982 51.7882 58.4
      vertex 108.8 58.8 58.4
      vertex 102.064 51.6778 58.4
    endloop
  endfacet
  facet normal 0 0 -1
    outer loop
      vertex 101.89 51.8899 58.4
      vertex 108.8 58.8 58.4
      vertex 101.982 51.7882 58.4
    endloop
  endfacet
  facet normal 0 0 -1
    outer loop
      vertex 101.788 51.9822 58.4
      vertex 108.8 58.8 58.4
      vertex 101.89 51.8899 58.4
    endloop
  endfacet
  facet normal 0 0 -1
    outer loop
      vertex 101.678 52.0641 58.4
      vertex 108.8 58.8 58.4
      vertex 101.788 51.9822 58.4
    endloop
  endfacet
  facet normal 0 0 -1
    outer loop
      vertex 101.56 52.1347 58.4
      vertex 108.8 58.8 58.4
      vertex 101.678 52.0641 58.4
    endloop
  endfacet
  facet normal 0 0 -1
    outer loop
      vertex 101.436 52.1934 58.4
      vertex 108.8 58.8 58.4
      vertex 101.56 52.1347 58.4
    endloop
  endfacet
  facet normal 0 0 -1
    outer loop
      vertex 101.306 52.2397 58.4
      vertex 108.8 58.8 58.4
      vertex 101.436 52.1934 58.4
    endloop
  endfacet
  facet normal 0 0 -1
    outer loop
      vertex 101.173 52.2731 58.4
      vertex 108.8 58.8 58.4
      vertex 101.306 52.2397 58.4
    endloop
  endfacet
  facet normal 0 0 -1
    outer loop
      vertex 101.037 52.2933 58.4
      vertex 108.8 58.8 58.4
      vertex 101.173 52.2731 58.4
    endloop
  endfacet
  facet normal 0 0 -1
    outer loop
      vertex 100.9 52.3 58.4
      vertex 108.8 58.8 58.4
      vertex 101.037 52.2933 58.4
    endloop
  endfacet
  facet normal 0 0 -1
    outer loop
      vertex 100.763 52.2933 58.4
      vertex 108.8 58.8 58.4
      vertex 100.9 52.3 58.4
    endloop
  endfacet
  facet normal 0 0 -1
    outer loop
      vertex 100.627 52.2731 58.4
      vertex 108.8 58.8 58.4
      vertex 100.763 52.2933 58.4
    endloop
  endfacet
  facet normal 0 0 -1
    outer loop
      vertex 100.494 52.2397 58.4
      vertex 108.8 58.8 58.4
      vertex 100.627 52.2731 58.4
    endloop
  endfacet
  facet normal 0 0 -1
    outer loop
      vertex 100.364 52.1934 58.4
      vertex 108.8 58.8 58.4
      vertex 100.494 52.2397 58.4
    endloop
  endfacet
  facet normal 0 0 -1
    outer loop
      vertex 100.24 52.1347 58.4
      vertex 108.8 58.8 58.4
      vertex 100.364 52.1934 58.4
    endloop
  endfacet
  facet normal 0 0 -1
    outer loop
      vertex 100.122 52.0641 58.4
      vertex 108.8 58.8 58.4
      vertex 100.24 52.1347 58.4
    endloop
  endfacet
  facet normal 0 0 -1
    outer loop
      vertex 8.6778 52.0641 58.4
      vertex 100.122 52.0641 58.4
      vertex 100.012 51.9822 58.4
    endloop
  endfacet
  facet normal 0 0 -1
    outer loop
      vertex 99.5067 50.7628 58.4
      vertex 9.3 50.9 58.4
      vertex 99.5 50.9 58.4
    endloop
  endfacet
  facet normal 0 0 -1
    outer loop
      vertex 99.5 50.9 58.4
      vertex 9.3 50.9 58.4
      vertex 99.5067 51.0372 58.4
    endloop
  endfacet
  facet normal 0 0 -1
    outer loop
      vertex 9.29326 51.0372 58.4
      vertex 99.5067 51.0372 58.4
      vertex 9.3 50.9 58.4
    endloop
  endfacet
  facet normal 0 0 -1
    outer loop
      vertex 99.5067 51.0372 58.4
      vertex 9.29326 51.0372 58.4
      vertex 99.5269 51.1731 58.4
    endloop
  endfacet
  facet normal 0 0 -1
    outer loop
      vertex 9.2731 51.1731 58.4
      vertex 99.5269 51.1731 58.4
      vertex 9.29326 51.0372 58.4
    endloop
  endfacet
  facet normal 0 0 -1
    outer loop
      vertex 99.5269 51.1731 58.4
      vertex 9.2731 51.1731 58.4
      vertex 99.5603 51.3064 58.4
    endloop
  endfacet
  facet normal 0 0 -1
    outer loop
      vertex 9.23972 51.3064 58.4
      vertex 99.5603 51.3064 58.4
      vertex 9.2731 51.1731 58.4
    endloop
  endfacet
  facet normal 0 0 -1
    outer loop
      vertex 99.5603 51.3064 58.4
      vertex 9.23972 51.3064 58.4
      vertex 99.6066 51.4358 58.4
    endloop
  endfacet
  facet normal 0 0 -1
    outer loop
      vertex 9.19343 51.4358 58.4
      vertex 99.6066 51.4358 58.4
      vertex 9.23972 51.3064 58.4
    endloop
  endfacet
  facet normal 0 0 -1
    outer loop
      vertex 99.6066 51.4358 58.4
      vertex 9.19343 51.4358 58.4
      vertex 99.6653 51.56 58.4
    endloop
  endfacet
  facet normal 0 0 -1
    outer loop
      vertex 9.13469 51.56 58.4
      vertex 99.6653 51.56 58.4
      vertex 9.19343 51.4358 58.4
    endloop
  endfacet
  facet normal 0 0 -1
    outer loop
      vertex 99.6653 51.56 58.4
      vertex 9.13469 51.56 58.4
      vertex 99.7359 51.6778 58.4
    endloop
  endfacet
  facet normal 0 0 -1
    outer loop
      vertex 9.06406 51.6778 58.4
      vertex 99.7359 51.6778 58.4
      vertex 9.13469 51.56 58.4
    endloop
  endfacet
  facet normal 0 0 -1
    outer loop
      vertex 99.7359 51.6778 58.4
      vertex 9.06406 51.6778 58.4
      vertex 99.8178 51.7882 58.4
    endloop
  endfacet
  facet normal 0 0 -1
    outer loop
      vertex 8.98221 51.7882 58.4
      vertex 99.8178 51.7882 58.4
      vertex 9.06406 51.6778 58.4
    endloop
  endfacet
  facet normal 0 0 -1
    outer loop
      vertex 99.8178 51.7882 58.4
      vertex 8.98221 51.7882 58.4
      vertex 99.91 51.8899 58.4
    endloop
  endfacet
  facet normal 0 0 -1
    outer loop
      vertex 8.88995 51.8899 58.4
      vertex 99.91 51.8899 58.4
      vertex 8.98221 51.7882 58.4
    endloop
  endfacet
  facet normal 0 0 -1
    outer loop
      vertex 99.91 51.8899 58.4
      vertex 8.88995 51.8899 58.4
      vertex 100.012 51.9822 58.4
    endloop
  endfacet
  facet normal 0 0 -1
    outer loop
      vertex 8.78815 51.9822 58.4
      vertex 100.012 51.9822 58.4
      vertex 8.88995 51.8899 58.4
    endloop
  endfacet
  facet normal 0 0 -1
    outer loop
      vertex 8.6778 52.0641 58.4
      vertex 100.012 51.9822 58.4
      vertex 8.78815 51.9822 58.4
    endloop
  endfacet
  facet normal 0 0 -1
    outer loop
      vertex 100.122 52.0641 58.4
      vertex 8.6778 52.0641 58.4
      vertex 108.8 58.8 58.4
    endloop
  endfacet
  facet normal 0 0 -1
    outer loop
      vertex 0 58.8 58.4
      vertex 8.6778 52.0641 58.4
      vertex 8.55995 52.1347 58.4
    endloop
  endfacet
  facet normal 0 0 -1
    outer loop
      vertex 0 58.8 58.4
      vertex 8.55995 52.1347 58.4
      vertex 8.43576 52.1934 58.4
    endloop
  endfacet
  facet normal 0 0 -1
    outer loop
      vertex 0 58.8 58.4
      vertex 8.43576 52.1934 58.4
      vertex 8.3064 52.2397 58.4
    endloop
  endfacet
  facet normal 0 0 -1
    outer loop
      vertex 0 58.8 58.4
      vertex 8.3064 52.2397 58.4
      vertex 8.17313 52.2731 58.4
    endloop
  endfacet
  facet normal 0 0 -1
    outer loop
      vertex 0 58.8 58.4
      vertex 8.17313 52.2731 58.4
      vertex 8.03722 52.2933 58.4
    endloop
  endfacet
  facet normal 0 0 -1
    outer loop
      vertex 0 58.8 58.4
      vertex 8.03722 52.2933 58.4
      vertex 7.9 52.3 58.4
    endloop
  endfacet
  facet normal 0 0 -1
    outer loop
      vertex 0 58.8 58.4
      vertex 7.9 52.3 58.4
      vertex 7.76278 52.2933 58.4
    endloop
  endfacet
  facet normal 0 0 -1
    outer loop
      vertex 6.50674 50.7628 58.4
      vertex 0 58.8 58.4
      vertex 6.5 50.9 58.4
    endloop
  endfacet
  facet normal 0 0 -1
    outer loop
      vertex 8.6778 52.0641 58.4
      vertex 0 58.8 58.4
      vertex 108.8 58.8 58.4
    endloop
  endfacet
  facet normal 0 0 -1
    outer loop
      vertex 7.62687 52.2731 58.4
      vertex 0 58.8 58.4
      vertex 7.76278 52.2933 58.4
    endloop
  endfacet
  facet normal 0 0 -1
    outer loop
      vertex 7.4936 52.2397 58.4
      vertex 0 58.8 58.4
      vertex 7.62687 52.2731 58.4
    endloop
  endfacet
  facet normal 0 0 -1
    outer loop
      vertex 7.36424 52.1934 58.4
      vertex 0 58.8 58.4
      vertex 7.4936 52.2397 58.4
    endloop
  endfacet
  facet normal 0 0 -1
    outer loop
      vertex 7.24004 52.1347 58.4
      vertex 0 58.8 58.4
      vertex 7.36424 52.1934 58.4
    endloop
  endfacet
  facet normal 0 0 -1
    outer loop
      vertex 7.1222 52.0641 58.4
      vertex 0 58.8 58.4
      vertex 7.24004 52.1347 58.4
    endloop
  endfacet
  facet normal 0 0 -1
    outer loop
      vertex 7.01185 51.9822 58.4
      vertex 0 58.8 58.4
      vertex 7.1222 52.0641 58.4
    endloop
  endfacet
  facet normal 0 0 -1
    outer loop
      vertex 6.91005 51.8899 58.4
      vertex 0 58.8 58.4
      vertex 7.01185 51.9822 58.4
    endloop
  endfacet
  facet normal 0 0 -1
    outer loop
      vertex 6.81779 51.7882 58.4
      vertex 0 58.8 58.4
      vertex 6.91005 51.8899 58.4
    endloop
  endfacet
  facet normal 0 0 -1
    outer loop
      vertex 6.73594 51.6778 58.4
      vertex 0 58.8 58.4
      vertex 6.81779 51.7882 58.4
    endloop
  endfacet
  facet normal 0 0 -1
    outer loop
      vertex 6.66531 51.56 58.4
      vertex 0 58.8 58.4
      vertex 6.73594 51.6778 58.4
    endloop
  endfacet
  facet normal 0 0 -1
    outer loop
      vertex 6.60657 51.4358 58.4
      vertex 0 58.8 58.4
      vertex 6.66531 51.56 58.4
    endloop
  endfacet
  facet normal 0 0 -1
    outer loop
      vertex 6.56028 51.3064 58.4
      vertex 0 58.8 58.4
      vertex 6.60657 51.4358 58.4
    endloop
  endfacet
  facet normal 0 0 -1
    outer loop
      vertex 6.5269 51.1731 58.4
      vertex 0 58.8 58.4
      vertex 6.56028 51.3064 58.4
    endloop
  endfacet
  facet normal 0 0 -1
    outer loop
      vertex 6.50674 51.0372 58.4
      vertex 0 58.8 58.4
      vertex 6.5269 51.1731 58.4
    endloop
  endfacet
  facet normal 0 0 -1
    outer loop
      vertex 6.5 50.9 58.4
      vertex 0 58.8 58.4
      vertex 6.50674 51.0372 58.4
    endloop
  endfacet
  facet normal -1 0 0
    outer loop
      vertex 0 0 58.4
      vertex 0 58.8 60.8
      vertex 0 58.8 58.4
    endloop
  endfacet
  facet normal -1 -0 0
    outer loop
      vertex 0 58.8 60.8
      vertex 0 0 58.4
      vertex 0 0 60.8
    endloop
  endfacet
  facet normal 0 1 -0
    outer loop
      vertex 108.8 58.8 58.4
      vertex 0 58.8 60.8
      vertex 108.8 58.8 60.8
    endloop
  endfacet
  facet normal 0 1 0
    outer loop
      vertex 0 58.8 60.8
      vertex 108.8 58.8 58.4
      vertex 0 58.8 58.4
    endloop
  endfacet
  facet normal 0 -1 0
    outer loop
      vertex 0 0 58.4
      vertex 108.8 0 60.8
      vertex 0 0 60.8
    endloop
  endfacet
  facet normal 0 -1 -0
    outer loop
      vertex 108.8 0 60.8
      vertex 0 0 58.4
      vertex 108.8 0 58.4
    endloop
  endfacet
  facet normal 1 -0 0
    outer loop
      vertex 106.8 2 63.2
      vertex 106.8 56.8 60.8
      vertex 106.8 56.8 63.2
    endloop
  endfacet
  facet normal 1 0 0
    outer loop
      vertex 106.8 56.8 60.8
      vertex 106.8 2 63.2
      vertex 106.8 2 60.8
    endloop
  endfacet
  facet normal -0 0 1
    outer loop
      vertex 8.88995 49.91 63.2
      vertex 14.2045 48.8693 63.2
      vertex 8.98221 50.0118 63.2
    endloop
  endfacet
  facet normal 0 0 1
    outer loop
      vertex 15.3624 11.492 63.2
      vertex 9.29326 8.03722 63.2
      vertex 9.3 7.9 63.2
    endloop
  endfacet
  facet normal -0 0 1
    outer loop
      vertex 8.78815 49.8178 63.2
      vertex 14.2045 48.8693 63.2
      vertex 8.88995 49.91 63.2
    endloop
  endfacet
  facet normal 0 0 1
    outer loop
      vertex 15.3624 11.492 63.2
      vertex 9.2731 8.17313 63.2
      vertex 9.29326 8.03722 63.2
    endloop
  endfacet
  facet normal 0 0 1
    outer loop
      vertex 14.2045 48.8693 63.2
      vertex 8.78815 49.8178 63.2
      vertex 14.3723 48.5144 63.2
    endloop
  endfacet
  facet normal 0 0 1
    outer loop
      vertex 15.3624 11.492 63.2
      vertex 9.23972 8.3064 63.2
      vertex 9.2731 8.17313 63.2
    endloop
  endfacet
  facet normal -0 0 1
    outer loop
      vertex 8.6778 49.7359 63.2
      vertex 14.3723 48.5144 63.2
      vertex 8.78815 49.8178 63.2
    endloop
  endfacet
  facet normal 0 0 1
    outer loop
      vertex 15.3624 11.492 63.2
      vertex 9.19343 8.43576 63.2
      vertex 9.23972 8.3064 63.2
    endloop
  endfacet
  facet normal 0 0 1
    outer loop
      vertex 14.3723 48.5144 63.2
      vertex 8.6778 49.7359 63.2
      vertex 14.5741 48.1777 63.2
    endloop
  endfacet
  facet normal 0 0 1
    outer loop
      vertex 15.3624 11.492 63.2
      vertex 9.13469 8.55995 63.2
      vertex 9.19343 8.43576 63.2
    endloop
  endfacet
  facet normal -0 0 1
    outer loop
      vertex 8.55995 49.6653 63.2
      vertex 14.5741 48.1777 63.2
      vertex 8.6778 49.7359 63.2
    endloop
  endfacet
  facet normal 0 0 1
    outer loop
      vertex 15.3624 11.492 63.2
      vertex 9.06406 8.6778 63.2
      vertex 9.13469 8.55995 63.2
    endloop
  endfacet
  facet normal -0 0 1
    outer loop
      vertex 8.43576 49.6066 63.2
      vertex 14.5741 48.1777 63.2
      vertex 8.55995 49.6653 63.2
    endloop
  endfacet
  facet normal 0 0 1
    outer loop
      vertex 15.3624 11.492 63.2
      vertex 8.98221 8.78815 63.2
      vertex 9.06406 8.6778 63.2
    endloop
  endfacet
  facet normal 0 0 1
    outer loop
      vertex 14.5741 48.1777 63.2
      vertex 8.43576 49.6066 63.2
      vertex 14.808 47.8624 63.2
    endloop
  endfacet
  facet normal 0 0 1
    outer loop
      vertex 15.3624 11.492 63.2
      vertex 8.88995 8.88995 63.2
      vertex 8.98221 8.78815 63.2
    endloop
  endfacet
  facet normal -0 0 1
    outer loop
      vertex 8.3064 49.5603 63.2
      vertex 14.808 47.8624 63.2
      vertex 8.43576 49.6066 63.2
    endloop
  endfacet
  facet normal 0 0 1
    outer loop
      vertex 15.3624 11.492 63.2
      vertex 8.78815 8.98221 63.2
      vertex 8.88995 8.88995 63.2
    endloop
  endfacet
  facet normal 0 0 1
    outer loop
      vertex 14.808 47.8624 63.2
      vertex 8.3064 49.5603 63.2
      vertex 15.0716 47.5716 63.2
    endloop
  endfacet
  facet normal 0 0 1
    outer loop
      vertex 15.3624 11.492 63.2
      vertex 8.6778 9.06406 63.2
      vertex 8.78815 8.98221 63.2
    endloop
  endfacet
  facet normal -0 0 1
    outer loop
      vertex 8.17313 49.5269 63.2
      vertex 15.0716 47.5716 63.2
      vertex 8.3064 49.5603 63.2
    endloop
  endfacet
  facet normal 0 0 1
    outer loop
      vertex 15.3624 11.492 63.2
      vertex 8.55995 9.13469 63.2
      vertex 8.6778 9.06406 63.2
    endloop
  endfacet
  facet normal 0 0 1
    outer loop
      vertex 15.0716 47.5716 63.2
      vertex 8.17313 49.5269 63.2
      vertex 15.3624 47.308 63.2
    endloop
  endfacet
  facet normal 0 0 1
    outer loop
      vertex 15.3624 11.492 63.2
      vertex 8.43576 9.19343 63.2
      vertex 8.55995 9.13469 63.2
    endloop
  endfacet
  facet normal -0 0 1
    outer loop
      vertex 8.03722 49.5067 63.2
      vertex 15.3624 47.308 63.2
      vertex 8.17313 49.5269 63.2
    endloop
  endfacet
  facet normal 0 0 1
    outer loop
      vertex 15.3624 11.492 63.2
      vertex 8.3064 9.23972 63.2
      vertex 8.43576 9.19343 63.2
    endloop
  endfacet
  facet normal -0 0 1
    outer loop
      vertex 7.9 49.5 63.2
      vertex 15.3624 47.308 63.2
      vertex 8.03722 49.5067 63.2
    endloop
  endfacet
  facet normal 0 0 1
    outer loop
      vertex 15.3624 11.492 63.2
      vertex 8.17313 9.2731 63.2
      vertex 8.3064 9.23972 63.2
    endloop
  endfacet
  facet normal 0 0 1
    outer loop
      vertex 7.76278 49.5067 63.2
      vertex 15.3624 47.308 63.2
      vertex 7.9 49.5 63.2
    endloop
  endfacet
  facet normal 0 0 1
    outer loop
      vertex 15.3624 11.492 63.2
      vertex 8.03722 9.29326 63.2
      vertex 8.17313 9.2731 63.2
    endloop
  endfacet
  facet normal 0 0 1
    outer loop
      vertex 15.3624 47.308 63.2
      vertex 7.76278 49.5067 63.2
      vertex 15.3624 11.492 63.2
    endloop
  endfacet
  facet normal 0 0 1
    outer loop
      vertex 15.3624 11.492 63.2
      vertex 7.9 9.3 63.2
      vertex 8.03722 9.29326 63.2
    endloop
  endfacet
  facet normal 0 0 1
    outer loop
      vertex 7.76278 9.29326 63.2
      vertex 15.3624 11.492 63.2
      vertex 7.76278 49.5067 63.2
    endloop
  endfacet
  facet normal 0 0 1
    outer loop
      vertex 15.3624 11.492 63.2
      vertex 7.76278 9.29326 63.2
      vertex 7.9 9.3 63.2
    endloop
  endfacet
  facet normal 0 0 1
    outer loop
      vertex 7.62687 49.5269 63.2
      vertex 7.76278 9.29326 63.2
      vertex 7.76278 49.5067 63.2
    endloop
  endfacet
  facet normal 0 0 1
    outer loop
      vertex 7.62687 49.5269 63.2
      vertex 7.62687 9.2731 63.2
      vertex 7.76278 9.29326 63.2
    endloop
  endfacet
  facet normal 0 0 1
    outer loop
      vertex 7.4936 49.5603 63.2
      vertex 7.62687 9.2731 63.2
      vertex 7.62687 49.5269 63.2
    endloop
  endfacet
  facet normal 0 0 1
    outer loop
      vertex 7.4936 49.5603 63.2
      vertex 7.4936 9.23972 63.2
      vertex 7.62687 9.2731 63.2
    endloop
  endfacet
  facet normal 0 0 1
    outer loop
      vertex 7.36424 49.6066 63.2
      vertex 7.4936 9.23972 63.2
      vertex 7.4936 49.5603 63.2
    endloop
  endfacet
  facet normal 0 0 1
    outer loop
      vertex 7.36424 49.6066 63.2
      vertex 7.36424 9.19343 63.2
      vertex 7.4936 9.23972 63.2
    endloop
  endfacet
  facet normal 0 0 1
    outer loop
      vertex 7.24004 49.6653 63.2
      vertex 7.36424 9.19343 63.2
      vertex 7.36424 49.6066 63.2
    endloop
  endfacet
  facet normal 0 0 1
    outer loop
      vertex 7.24004 49.6653 63.2
      vertex 7.24004 9.13469 63.2
      vertex 7.36424 9.19343 63.2
    endloop
  endfacet
  facet normal 0 0 1
    outer loop
      vertex 7.1222 49.7359 63.2
      vertex 7.24004 9.13469 63.2
      vertex 7.24004 49.6653 63.2
    endloop
  endfacet
  facet normal 0 0 1
    outer loop
      vertex 7.1222 49.7359 63.2
      vertex 7.1222 9.06406 63.2
      vertex 7.24004 9.13469 63.2
    endloop
  endfacet
  facet normal 0 0 1
    outer loop
      vertex 7.01185 49.8178 63.2
      vertex 7.1222 9.06406 63.2
      vertex 7.1222 49.7359 63.2
    endloop
  endfacet
  facet normal 0 0 1
    outer loop
      vertex 7.01185 49.8178 63.2
      vertex 7.01185 8.98221 63.2
      vertex 7.1222 9.06406 63.2
    endloop
  endfacet
  facet normal 0 0 1
    outer loop
      vertex 6.91005 49.91 63.2
      vertex 7.01185 8.98221 63.2
      vertex 7.01185 49.8178 63.2
    endloop
  endfacet
  facet normal 0 0 1
    outer loop
      vertex 6.91005 49.91 63.2
      vertex 6.91005 8.88995 63.2
      vertex 7.01185 8.98221 63.2
    endloop
  endfacet
  facet normal 0 0 1
    outer loop
      vertex 6.81779 50.0118 63.2
      vertex 6.91005 8.88995 63.2
      vertex 6.91005 49.91 63.2
    endloop
  endfacet
  facet normal 0 0 1
    outer loop
      vertex 6.81779 50.0118 63.2
      vertex 6.81779 8.78815 63.2
      vertex 6.91005 8.88995 63.2
    endloop
  endfacet
  facet normal 0 0 1
    outer loop
      vertex 6.73594 50.1222 63.2
      vertex 6.81779 8.78815 63.2
      vertex 6.81779 50.0118 63.2
    endloop
  endfacet
  facet normal 0 0 1
    outer loop
      vertex 6.73594 50.1222 63.2
      vertex 6.73594 8.6778 63.2
      vertex 6.81779 8.78815 63.2
    endloop
  endfacet
  facet normal 0 0 1
    outer loop
      vertex 6.66531 50.24 63.2
      vertex 6.73594 8.6778 63.2
      vertex 6.73594 50.1222 63.2
    endloop
  endfacet
  facet normal 0 0 1
    outer loop
      vertex 6.66531 50.24 63.2
      vertex 6.66531 8.55995 63.2
      vertex 6.73594 8.6778 63.2
    endloop
  endfacet
  facet normal 0 0 1
    outer loop
      vertex 2 56.8 63.2
      vertex 6.66531 50.24 63.2
      vertex 6.60657 50.3642 63.2
    endloop
  endfacet
  facet normal 0 0 1
    outer loop
      vertex 6.66531 50.24 63.2
      vertex 2 56.8 63.2
      vertex 6.66531 8.55995 63.2
    endloop
  endfacet
  facet normal 0 0 1
    outer loop
      vertex 2 56.8 63.2
      vertex 6.60657 50.3642 63.2
      vertex 6.56028 50.4936 63.2
    endloop
  endfacet
  facet normal 0 0 1
    outer loop
      vertex 2 2 63.2
      vertex 6.66531 8.55995 63.2
      vertex 2 56.8 63.2
    endloop
  endfacet
  facet normal 0 0 1
    outer loop
      vertex 2 56.8 63.2
      vertex 6.56028 50.4936 63.2
      vertex 6.5269 50.6269 63.2
    endloop
  endfacet
  facet normal 0 0 1
    outer loop
      vertex 6.66531 8.55995 63.2
      vertex 2 2 63.2
      vertex 6.60657 8.43576 63.2
    endloop
  endfacet
  facet normal 0 0 1
    outer loop
      vertex 2 56.8 63.2
      vertex 6.5269 50.6269 63.2
      vertex 6.50674 50.7628 63.2
    endloop
  endfacet
  facet normal 0 0 1
    outer loop
      vertex 6.60657 8.43576 63.2
      vertex 2 2 63.2
      vertex 6.56028 8.3064 63.2
    endloop
  endfacet
  facet normal 0 0 1
    outer loop
      vertex 2 56.8 63.2
      vertex 6.50674 50.7628 63.2
      vertex 6.5 50.9 63.2
    endloop
  endfacet
  facet normal 0 0 1
    outer loop
      vertex 6.56028 8.3064 63.2
      vertex 2 2 63.2
      vertex 6.5269 8.17313 63.2
    endloop
  endfacet
  facet normal 0 0 1
    outer loop
      vertex 21.4277 48.5144 63.2
      vertex 66.3723 48.5144 63.2
      vertex 21.5955 48.8693 63.2
    endloop
  endfacet
  facet normal 0 0 1
    outer loop
      vertex 66.808 10.9376 63.2
      vertex 21.8807 8.79207 63.2
      vertex 21.9 8.4 63.2
    endloop
  endfacet
  facet normal 0 0 1
    outer loop
      vertex 66.3723 48.5144 63.2
      vertex 21.4277 48.5144 63.2
      vertex 66.5741 48.1777 63.2
    endloop
  endfacet
  facet normal 0 0 1
    outer loop
      vertex 66.808 10.9376 63.2
      vertex 21.8231 9.18036 63.2
      vertex 21.8807 8.79207 63.2
    endloop
  endfacet
  facet normal 0 0 1
    outer loop
      vertex 21.2259 48.1777 63.2
      vertex 66.5741 48.1777 63.2
      vertex 21.4277 48.5144 63.2
    endloop
  endfacet
  facet normal 0 0 1
    outer loop
      vertex 66.808 10.9376 63.2
      vertex 21.7278 9.56114 63.2
      vertex 21.8231 9.18036 63.2
    endloop
  endfacet
  facet normal 0 0 1
    outer loop
      vertex 66.5741 48.1777 63.2
      vertex 21.2259 48.1777 63.2
      vertex 66.808 47.8624 63.2
    endloop
  endfacet
  facet normal 0 0 1
    outer loop
      vertex 66.808 10.9376 63.2
      vertex 21.5955 9.93073 63.2
      vertex 21.7278 9.56114 63.2
    endloop
  endfacet
  facet normal 0 0 1
    outer loop
      vertex 20.992 47.8624 63.2
      vertex 66.808 47.8624 63.2
      vertex 21.2259 48.1777 63.2
    endloop
  endfacet
  facet normal 0 0 1
    outer loop
      vertex 66.808 10.9376 63.2
      vertex 21.4277 10.2856 63.2
      vertex 21.5955 9.93073 63.2
    endloop
  endfacet
  facet normal 0 0 1
    outer loop
      vertex 66.808 47.8624 63.2
      vertex 20.992 47.8624 63.2
      vertex 66.808 10.9376 63.2
    endloop
  endfacet
  facet normal 0 0 1
    outer loop
      vertex 66.808 10.9376 63.2
      vertex 21.2259 10.6223 63.2
      vertex 21.4277 10.2856 63.2
    endloop
  endfacet
  facet normal 0 0 1
    outer loop
      vertex 20.992 10.9376 63.2
      vertex 66.808 10.9376 63.2
      vertex 20.992 47.8624 63.2
    endloop
  endfacet
  facet normal 0 0 1
    outer loop
      vertex 66.808 10.9376 63.2
      vertex 20.992 10.9376 63.2
      vertex 21.2259 10.6223 63.2
    endloop
  endfacet
  facet normal -0 0 1
    outer loop
      vertex 20.7284 47.5716 63.2
      vertex 20.992 10.9376 63.2
      vertex 20.992 47.8624 63.2
    endloop
  endfacet
  facet normal 0 0 1
    outer loop
      vertex 20.7284 47.5716 63.2
      vertex 20.7284 11.2284 63.2
      vertex 20.992 10.9376 63.2
    endloop
  endfacet
  facet normal -0 0 1
    outer loop
      vertex 20.4376 47.308 63.2
      vertex 20.7284 11.2284 63.2
      vertex 20.7284 47.5716 63.2
    endloop
  endfacet
  facet normal 0 0 1
    outer loop
      vertex 20.4376 47.308 63.2
      vertex 20.4376 11.492 63.2
      vertex 20.7284 11.2284 63.2
    endloop
  endfacet
  facet normal -0 0 1
    outer loop
      vertex 20.1223 47.0741 63.2
      vertex 20.4376 11.492 63.2
      vertex 20.4376 47.308 63.2
    endloop
  endfacet
  facet normal 0 0 1
    outer loop
      vertex 20.1223 47.0741 63.2
      vertex 20.1223 11.7259 63.2
      vertex 20.4376 11.492 63.2
    endloop
  endfacet
  facet normal -0 0 1
    outer loop
      vertex 19.7856 46.8723 63.2
      vertex 20.1223 11.7259 63.2
      vertex 20.1223 47.0741 63.2
    endloop
  endfacet
  facet normal 0 0 1
    outer loop
      vertex 19.7856 46.8723 63.2
      vertex 19.7856 11.9277 63.2
      vertex 20.1223 11.7259 63.2
    endloop
  endfacet
  facet normal -0 0 1
    outer loop
      vertex 19.4307 46.7045 63.2
      vertex 19.7856 11.9277 63.2
      vertex 19.7856 46.8723 63.2
    endloop
  endfacet
  facet normal 0 0 1
    outer loop
      vertex 19.4307 46.7045 63.2
      vertex 19.4307 12.0955 63.2
      vertex 19.7856 11.9277 63.2
    endloop
  endfacet
  facet normal -0 0 1
    outer loop
      vertex 19.0611 46.5722 63.2
      vertex 19.4307 12.0955 63.2
      vertex 19.4307 46.7045 63.2
    endloop
  endfacet
  facet normal 0 0 1
    outer loop
      vertex 19.0611 46.5722 63.2
      vertex 19.0611 12.2278 63.2
      vertex 19.4307 12.0955 63.2
    endloop
  endfacet
  facet normal -0 0 1
    outer loop
      vertex 18.6804 46.4769 63.2
      vertex 19.0611 12.2278 63.2
      vertex 19.0611 46.5722 63.2
    endloop
  endfacet
  facet normal 0 0 1
    outer loop
      vertex 18.6804 46.4769 63.2
      vertex 18.6804 12.3231 63.2
      vertex 19.0611 12.2278 63.2
    endloop
  endfacet
  facet normal -0 0 1
    outer loop
      vertex 18.2921 46.4193 63.2
      vertex 18.6804 12.3231 63.2
      vertex 18.6804 46.4769 63.2
    endloop
  endfacet
  facet normal 0 0 1
    outer loop
      vertex 18.2921 46.4193 63.2
      vertex 18.2921 12.3807 63.2
      vertex 18.6804 12.3231 63.2
    endloop
  endfacet
  facet normal -0 0 1
    outer loop
      vertex 17.9 46.4 63.2
      vertex 18.2921 12.3807 63.2
      vertex 18.2921 46.4193 63.2
    endloop
  endfacet
  facet normal 0 0 1
    outer loop
      vertex 17.9 46.4 63.2
      vertex 17.9 12.4 63.2
      vertex 18.2921 12.3807 63.2
    endloop
  endfacet
  facet normal 0 0 1
    outer loop
      vertex 17.5079 46.4193 63.2
      vertex 17.9 12.4 63.2
      vertex 17.9 46.4 63.2
    endloop
  endfacet
  facet normal 0 0 1
    outer loop
      vertex 17.5079 46.4193 63.2
      vertex 17.5079 12.3807 63.2
      vertex 17.9 12.4 63.2
    endloop
  endfacet
  facet normal 0 0 1
    outer loop
      vertex 17.1196 46.4769 63.2
      vertex 17.5079 12.3807 63.2
      vertex 17.5079 46.4193 63.2
    endloop
  endfacet
  facet normal 0 0 1
    outer loop
      vertex 17.1196 46.4769 63.2
      vertex 17.1196 12.3231 63.2
      vertex 17.5079 12.3807 63.2
    endloop
  endfacet
  facet normal 0 0 1
    outer loop
      vertex 16.7389 46.5722 63.2
      vertex 17.1196 12.3231 63.2
      vertex 17.1196 46.4769 63.2
    endloop
  endfacet
  facet normal 0 0 1
    outer loop
      vertex 16.7389 46.5722 63.2
      vertex 16.7389 12.2278 63.2
      vertex 17.1196 12.3231 63.2
    endloop
  endfacet
  facet normal 0 0 1
    outer loop
      vertex 16.3693 46.7045 63.2
      vertex 16.7389 12.2278 63.2
      vertex 16.7389 46.5722 63.2
    endloop
  endfacet
  facet normal 0 0 1
    outer loop
      vertex 16.3693 46.7045 63.2
      vertex 16.3693 12.0955 63.2
      vertex 16.7389 12.2278 63.2
    endloop
  endfacet
  facet normal 0 0 1
    outer loop
      vertex 16.0144 46.8723 63.2
      vertex 16.3693 12.0955 63.2
      vertex 16.3693 46.7045 63.2
    endloop
  endfacet
  facet normal 0 0 1
    outer loop
      vertex 16.0144 46.8723 63.2
      vertex 16.0144 11.9277 63.2
      vertex 16.3693 12.0955 63.2
    endloop
  endfacet
  facet normal 0 0 1
    outer loop
      vertex 15.6777 47.0741 63.2
      vertex 16.0144 11.9277 63.2
      vertex 16.0144 46.8723 63.2
    endloop
  endfacet
  facet normal 0 0 1
    outer loop
      vertex 15.6777 47.0741 63.2
      vertex 15.6777 11.7259 63.2
      vertex 16.0144 11.9277 63.2
    endloop
  endfacet
  facet normal 0 0 1
    outer loop
      vertex 15.3624 47.308 63.2
      vertex 15.6777 11.7259 63.2
      vertex 15.6777 47.0741 63.2
    endloop
  endfacet
  facet normal 0 0 1
    outer loop
      vertex 15.3624 47.308 63.2
      vertex 15.3624 11.492 63.2
      vertex 15.6777 11.7259 63.2
    endloop
  endfacet
  facet normal -0 0 1
    outer loop
      vertex 9.06406 50.1222 63.2
      vertex 14.0722 49.2389 63.2
      vertex 9.13469 50.24 63.2
    endloop
  endfacet
  facet normal -0 0 1
    outer loop
      vertex 8.98221 50.0118 63.2
      vertex 14.0722 49.2389 63.2
      vertex 9.06406 50.1222 63.2
    endloop
  endfacet
  facet normal 0 0 1
    outer loop
      vertex 13.9769 49.6196 63.2
      vertex 9.13469 50.24 63.2
      vertex 14.0722 49.2389 63.2
    endloop
  endfacet
  facet normal 0 0 1
    outer loop
      vertex 14.0722 49.2389 63.2
      vertex 8.98221 50.0118 63.2
      vertex 14.2045 48.8693 63.2
    endloop
  endfacet
  facet normal -0 0 1
    outer loop
      vertex 9.13469 50.24 63.2
      vertex 13.9769 49.6196 63.2
      vertex 9.19343 50.3642 63.2
    endloop
  endfacet
  facet normal 0 0 1
    outer loop
      vertex 15.3624 11.492 63.2
      vertex 9.3 7.9 63.2
      vertex 15.0716 11.2284 63.2
    endloop
  endfacet
  facet normal 0 0 1
    outer loop
      vertex 13.9193 50.0079 63.2
      vertex 9.19343 50.3642 63.2
      vertex 13.9769 49.6196 63.2
    endloop
  endfacet
  facet normal 0 0 1
    outer loop
      vertex 15.0716 11.2284 63.2
      vertex 9.3 7.9 63.2
      vertex 14.808 10.9376 63.2
    endloop
  endfacet
  facet normal -0 0 1
    outer loop
      vertex 9.19343 50.3642 63.2
      vertex 13.9193 50.0079 63.2
      vertex 9.23972 50.4936 63.2
    endloop
  endfacet
  facet normal 0 0 1
    outer loop
      vertex 14.808 10.9376 63.2
      vertex 9.3 7.9 63.2
      vertex 14.5741 10.6223 63.2
    endloop
  endfacet
  facet normal -0 0 1
    outer loop
      vertex 9.23972 50.4936 63.2
      vertex 13.9193 50.0079 63.2
      vertex 9.2731 50.6269 63.2
    endloop
  endfacet
  facet normal 0 0 1
    outer loop
      vertex 14.5741 10.6223 63.2
      vertex 9.3 7.9 63.2
      vertex 14.3723 10.2856 63.2
    endloop
  endfacet
  facet normal 0 0 1
    outer loop
      vertex 13.9 50.4 63.2
      vertex 9.2731 50.6269 63.2
      vertex 13.9193 50.0079 63.2
    endloop
  endfacet
  facet normal 0 0 1
    outer loop
      vertex 14.3723 10.2856 63.2
      vertex 9.3 7.9 63.2
      vertex 14.2045 9.93073 63.2
    endloop
  endfacet
  facet normal -0 0 1
    outer loop
      vertex 9.2731 50.6269 63.2
      vertex 13.9 50.4 63.2
      vertex 9.29326 50.7628 63.2
    endloop
  endfacet
  facet normal 0 0 1
    outer loop
      vertex 14.2045 9.93073 63.2
      vertex 9.3 7.9 63.2
      vertex 14.0722 9.56114 63.2
    endloop
  endfacet
  facet normal -0 0 1
    outer loop
      vertex 9.29326 50.7628 63.2
      vertex 13.9 50.4 63.2
      vertex 9.3 50.9 63.2
    endloop
  endfacet
  facet normal 0 0 1
    outer loop
      vertex 14.0722 9.56114 63.2
      vertex 9.3 7.9 63.2
      vertex 13.9769 9.18036 63.2
    endloop
  endfacet
  facet normal 0 0 1
    outer loop
      vertex 73.2259 48.1777 63.2
      vertex 99.8178 50.0118 63.2
      vertex 73.4277 48.5144 63.2
    endloop
  endfacet
  facet normal 0 0 1
    outer loop
      vertex 100.122 9.06406 63.2
      vertex 73.8807 8.79207 63.2
      vertex 73.9 8.4 63.2
    endloop
  endfacet
  facet normal 0 0 1
    outer loop
      vertex 99.8178 50.0118 63.2
      vertex 73.2259 48.1777 63.2
      vertex 99.91 49.91 63.2
    endloop
  endfacet
  facet normal 0 0 1
    outer loop
      vertex 100.122 9.06406 63.2
      vertex 73.8231 9.18036 63.2
      vertex 73.8807 8.79207 63.2
    endloop
  endfacet
  facet normal 0 0 1
    outer loop
      vertex 72.992 47.8624 63.2
      vertex 99.91 49.91 63.2
      vertex 73.2259 48.1777 63.2
    endloop
  endfacet
  facet normal 0 0 1
    outer loop
      vertex 100.122 9.06406 63.2
      vertex 73.7278 9.56114 63.2
      vertex 73.8231 9.18036 63.2
    endloop
  endfacet
  facet normal 0 0 1
    outer loop
      vertex 99.91 49.91 63.2
      vertex 72.992 47.8624 63.2
      vertex 100.012 49.8178 63.2
    endloop
  endfacet
  facet normal 0 0 1
    outer loop
      vertex 100.122 9.06406 63.2
      vertex 73.5955 9.93073 63.2
      vertex 73.7278 9.56114 63.2
    endloop
  endfacet
  facet normal 0 0 1
    outer loop
      vertex 72.7284 47.5716 63.2
      vertex 100.012 49.8178 63.2
      vertex 72.992 47.8624 63.2
    endloop
  endfacet
  facet normal 0 0 1
    outer loop
      vertex 100.122 9.06406 63.2
      vertex 73.4277 10.2856 63.2
      vertex 73.5955 9.93073 63.2
    endloop
  endfacet
  facet normal 0 0 1
    outer loop
      vertex 100.012 49.8178 63.2
      vertex 72.7284 47.5716 63.2
      vertex 100.122 49.7359 63.2
    endloop
  endfacet
  facet normal 0 0 1
    outer loop
      vertex 100.122 9.06406 63.2
      vertex 73.2259 10.6223 63.2
      vertex 73.4277 10.2856 63.2
    endloop
  endfacet
  facet normal 0 0 1
    outer loop
      vertex 72.4376 47.308 63.2
      vertex 100.122 49.7359 63.2
      vertex 72.7284 47.5716 63.2
    endloop
  endfacet
  facet normal 0 0 1
    outer loop
      vertex 100.122 9.06406 63.2
      vertex 72.992 10.9376 63.2
      vertex 73.2259 10.6223 63.2
    endloop
  endfacet
  facet normal 0 0 1
    outer loop
      vertex 100.122 49.7359 63.2
      vertex 72.4376 47.308 63.2
      vertex 100.122 9.06406 63.2
    endloop
  endfacet
  facet normal 0 0 1
    outer loop
      vertex 100.122 9.06406 63.2
      vertex 72.7284 11.2284 63.2
      vertex 72.992 10.9376 63.2
    endloop
  endfacet
  facet normal -0 0 1
    outer loop
      vertex 72.4376 11.492 63.2
      vertex 100.122 9.06406 63.2
      vertex 72.4376 47.308 63.2
    endloop
  endfacet
  facet normal 0 0 1
    outer loop
      vertex 100.122 9.06406 63.2
      vertex 72.4376 11.492 63.2
      vertex 72.7284 11.2284 63.2
    endloop
  endfacet
  facet normal -0 0 1
    outer loop
      vertex 72.1223 47.0741 63.2
      vertex 72.4376 11.492 63.2
      vertex 72.4376 47.308 63.2
    endloop
  endfacet
  facet normal 0 0 1
    outer loop
      vertex 72.1223 47.0741 63.2
      vertex 72.1223 11.7259 63.2
      vertex 72.4376 11.492 63.2
    endloop
  endfacet
  facet normal -0 0 1
    outer loop
      vertex 71.7856 46.8723 63.2
      vertex 72.1223 11.7259 63.2
      vertex 72.1223 47.0741 63.2
    endloop
  endfacet
  facet normal 0 0 1
    outer loop
      vertex 71.7856 46.8723 63.2
      vertex 71.7856 11.9277 63.2
      vertex 72.1223 11.7259 63.2
    endloop
  endfacet
  facet normal -0 0 1
    outer loop
      vertex 71.4307 46.7045 63.2
      vertex 71.7856 11.9277 63.2
      vertex 71.7856 46.8723 63.2
    endloop
  endfacet
  facet normal 0 0 1
    outer loop
      vertex 71.4307 46.7045 63.2
      vertex 71.4307 12.0955 63.2
      vertex 71.7856 11.9277 63.2
    endloop
  endfacet
  facet normal -0 0 1
    outer loop
      vertex 71.0611 46.5722 63.2
      vertex 71.4307 12.0955 63.2
      vertex 71.4307 46.7045 63.2
    endloop
  endfacet
  facet normal 0 0 1
    outer loop
      vertex 71.0611 46.5722 63.2
      vertex 71.0611 12.2278 63.2
      vertex 71.4307 12.0955 63.2
    endloop
  endfacet
  facet normal -0 0 1
    outer loop
      vertex 70.6804 46.4769 63.2
      vertex 71.0611 12.2278 63.2
      vertex 71.0611 46.5722 63.2
    endloop
  endfacet
  facet normal 0 0 1
    outer loop
      vertex 70.6804 46.4769 63.2
      vertex 70.6804 12.3231 63.2
      vertex 71.0611 12.2278 63.2
    endloop
  endfacet
  facet normal -0 0 1
    outer loop
      vertex 70.2921 46.4193 63.2
      vertex 70.6804 12.3231 63.2
      vertex 70.6804 46.4769 63.2
    endloop
  endfacet
  facet normal 0 0 1
    outer loop
      vertex 70.2921 46.4193 63.2
      vertex 70.2921 12.3807 63.2
      vertex 70.6804 12.3231 63.2
    endloop
  endfacet
  facet normal -0 0 1
    outer loop
      vertex 69.9 46.4 63.2
      vertex 70.2921 12.3807 63.2
      vertex 70.2921 46.4193 63.2
    endloop
  endfacet
  facet normal 0 0 1
    outer loop
      vertex 69.9 46.4 63.2
      vertex 69.9 12.4 63.2
      vertex 70.2921 12.3807 63.2
    endloop
  endfacet
  facet normal 0 0 1
    outer loop
      vertex 69.5079 46.4193 63.2
      vertex 69.9 12.4 63.2
      vertex 69.9 46.4 63.2
    endloop
  endfacet
  facet normal 0 0 1
    outer loop
      vertex 69.5079 46.4193 63.2
      vertex 69.5079 12.3807 63.2
      vertex 69.9 12.4 63.2
    endloop
  endfacet
  facet normal 0 0 1
    outer loop
      vertex 69.1196 46.4769 63.2
      vertex 69.5079 12.3807 63.2
      vertex 69.5079 46.4193 63.2
    endloop
  endfacet
  facet normal 0 0 1
    outer loop
      vertex 69.1196 46.4769 63.2
      vertex 69.1196 12.3231 63.2
      vertex 69.5079 12.3807 63.2
    endloop
  endfacet
  facet normal 0 0 1
    outer loop
      vertex 68.7389 46.5722 63.2
      vertex 69.1196 12.3231 63.2
      vertex 69.1196 46.4769 63.2
    endloop
  endfacet
  facet normal 0 0 1
    outer loop
      vertex 68.7389 46.5722 63.2
      vertex 68.7389 12.2278 63.2
      vertex 69.1196 12.3231 63.2
    endloop
  endfacet
  facet normal 0 0 1
    outer loop
      vertex 68.3693 46.7045 63.2
      vertex 68.7389 12.2278 63.2
      vertex 68.7389 46.5722 63.2
    endloop
  endfacet
  facet normal 0 0 1
    outer loop
      vertex 68.3693 46.7045 63.2
      vertex 68.3693 12.0955 63.2
      vertex 68.7389 12.2278 63.2
    endloop
  endfacet
  facet normal 0 0 1
    outer loop
      vertex 68.0144 46.8723 63.2
      vertex 68.3693 12.0955 63.2
      vertex 68.3693 46.7045 63.2
    endloop
  endfacet
  facet normal 0 0 1
    outer loop
      vertex 68.0144 46.8723 63.2
      vertex 68.0144 11.9277 63.2
      vertex 68.3693 12.0955 63.2
    endloop
  endfacet
  facet normal 0 0 1
    outer loop
      vertex 67.6777 47.0741 63.2
      vertex 68.0144 11.9277 63.2
      vertex 68.0144 46.8723 63.2
    endloop
  endfacet
  facet normal 0 0 1
    outer loop
      vertex 67.6777 47.0741 63.2
      vertex 67.6777 11.7259 63.2
      vertex 68.0144 11.9277 63.2
    endloop
  endfacet
  facet normal 0 0 1
    outer loop
      vertex 67.3624 47.308 63.2
      vertex 67.6777 11.7259 63.2
      vertex 67.6777 47.0741 63.2
    endloop
  endfacet
  facet normal 0 0 1
    outer loop
      vertex 67.3624 47.308 63.2
      vertex 67.3624 11.492 63.2
      vertex 67.6777 11.7259 63.2
    endloop
  endfacet
  facet normal 0 0 1
    outer loop
      vertex 67.0716 47.5716 63.2
      vertex 67.3624 11.492 63.2
      vertex 67.3624 47.308 63.2
    endloop
  endfacet
  facet normal 0 0 1
    outer loop
      vertex 67.0716 47.5716 63.2
      vertex 67.0716 11.2284 63.2
      vertex 67.3624 11.492 63.2
    endloop
  endfacet
  facet normal 0 0 1
    outer loop
      vertex 66.808 47.8624 63.2
      vertex 67.0716 11.2284 63.2
      vertex 67.0716 47.5716 63.2
    endloop
  endfacet
  facet normal 0 0 1
    outer loop
      vertex 66.808 47.8624 63.2
      vertex 66.808 10.9376 63.2
      vertex 67.0716 11.2284 63.2
    endloop
  endfacet
  facet normal 0 0 1
    outer loop
      vertex 66.0722 49.2389 63.2
      vertex 21.7278 49.2389 63.2
      vertex 66.2045 48.8693 63.2
    endloop
  endfacet
  facet normal 0 0 1
    outer loop
      vertex 21.5955 48.8693 63.2
      vertex 66.2045 48.8693 63.2
      vertex 21.7278 49.2389 63.2
    endloop
  endfacet
  facet normal 0 0 1
    outer loop
      vertex 21.7278 49.2389 63.2
      vertex 66.0722 49.2389 63.2
      vertex 21.8231 49.6196 63.2
    endloop
  endfacet
  facet normal 0 0 1
    outer loop
      vertex 66.2045 48.8693 63.2
      vertex 21.5955 48.8693 63.2
      vertex 66.3723 48.5144 63.2
    endloop
  endfacet
  facet normal 0 0 1
    outer loop
      vertex 65.9769 49.6196 63.2
      vertex 21.8231 49.6196 63.2
      vertex 66.0722 49.2389 63.2
    endloop
  endfacet
  facet normal 0 0 1
    outer loop
      vertex 66.808 10.9376 63.2
      vertex 21.9 8.4 63.2
      vertex 66.5741 10.6223 63.2
    endloop
  endfacet
  facet normal 0 0 1
    outer loop
      vertex 21.8231 49.6196 63.2
      vertex 65.9769 49.6196 63.2
      vertex 21.8807 50.0079 63.2
    endloop
  endfacet
  facet normal 0 0 1
    outer loop
      vertex 66.5741 10.6223 63.2
      vertex 21.9 8.4 63.2
      vertex 66.3723 10.2856 63.2
    endloop
  endfacet
  facet normal 0 0 1
    outer loop
      vertex 65.9193 50.0079 63.2
      vertex 21.8807 50.0079 63.2
      vertex 65.9769 49.6196 63.2
    endloop
  endfacet
  facet normal 0 0 1
    outer loop
      vertex 66.3723 10.2856 63.2
      vertex 21.9 8.4 63.2
      vertex 66.2045 9.93073 63.2
    endloop
  endfacet
  facet normal 0 0 1
    outer loop
      vertex 21.8807 50.0079 63.2
      vertex 65.9193 50.0079 63.2
      vertex 21.9 50.4 63.2
    endloop
  endfacet
  facet normal 0 0 1
    outer loop
      vertex 66.2045 9.93073 63.2
      vertex 21.9 8.4 63.2
      vertex 66.0722 9.56114 63.2
    endloop
  endfacet
  facet normal -0 0 1
    outer loop
      vertex 21.9 50.4 63.2
      vertex 65.9193 50.0079 63.2
      vertex 65.9 50.4 63.2
    endloop
  endfacet
  facet normal 0 0 1
    outer loop
      vertex 66.0722 9.56114 63.2
      vertex 21.9 8.4 63.2
      vertex 65.9769 9.18036 63.2
    endloop
  endfacet
  facet normal 0 0 1
    outer loop
      vertex 102.24 50.4936 63.2
      vertex 106.8 56.8 63.2
      vertex 102.273 50.6269 63.2
    endloop
  endfacet
  facet normal 0 0 1
    outer loop
      vertex 106.8 2 63.2
      vertex 102.293 8.03722 63.2
      vertex 102.3 7.9 63.2
    endloop
  endfacet
  facet normal 0 0 1
    outer loop
      vertex 102.193 50.3642 63.2
      vertex 106.8 56.8 63.2
      vertex 102.24 50.4936 63.2
    endloop
  endfacet
  facet normal 0 0 1
    outer loop
      vertex 106.8 2 63.2
      vertex 102.273 8.17313 63.2
      vertex 102.293 8.03722 63.2
    endloop
  endfacet
  facet normal 0 0 1
    outer loop
      vertex 102.135 50.24 63.2
      vertex 106.8 56.8 63.2
      vertex 102.193 50.3642 63.2
    endloop
  endfacet
  facet normal 0 0 1
    outer loop
      vertex 106.8 2 63.2
      vertex 102.24 8.3064 63.2
      vertex 102.273 8.17313 63.2
    endloop
  endfacet
  facet normal 0 0 1
    outer loop
      vertex 106.8 56.8 63.2
      vertex 102.135 50.24 63.2
      vertex 106.8 2 63.2
    endloop
  endfacet
  facet normal 0 0 1
    outer loop
      vertex 106.8 2 63.2
      vertex 102.193 8.43576 63.2
      vertex 102.24 8.3064 63.2
    endloop
  endfacet
  facet normal -0 0 1
    outer loop
      vertex 102.135 8.55995 63.2
      vertex 106.8 2 63.2
      vertex 102.135 50.24 63.2
    endloop
  endfacet
  facet normal 0 0 1
    outer loop
      vertex 106.8 2 63.2
      vertex 102.135 8.55995 63.2
      vertex 102.193 8.43576 63.2
    endloop
  endfacet
  facet normal -0 0 1
    outer loop
      vertex 102.064 50.1222 63.2
      vertex 102.135 8.55995 63.2
      vertex 102.135 50.24 63.2
    endloop
  endfacet
  facet normal 0 0 1
    outer loop
      vertex 102.064 50.1222 63.2
      vertex 102.064 8.6778 63.2
      vertex 102.135 8.55995 63.2
    endloop
  endfacet
  facet normal -0 0 1
    outer loop
      vertex 101.982 50.0118 63.2
      vertex 102.064 8.6778 63.2
      vertex 102.064 50.1222 63.2
    endloop
  endfacet
  facet normal 0 0 1
    outer loop
      vertex 101.982 50.0118 63.2
      vertex 101.982 8.78815 63.2
      vertex 102.064 8.6778 63.2
    endloop
  endfacet
  facet normal -0 0 1
    outer loop
      vertex 101.89 49.91 63.2
      vertex 101.982 8.78815 63.2
      vertex 101.982 50.0118 63.2
    endloop
  endfacet
  facet normal 0 0 1
    outer loop
      vertex 101.89 49.91 63.2
      vertex 101.89 8.88995 63.2
      vertex 101.982 8.78815 63.2
    endloop
  endfacet
  facet normal -0 0 1
    outer loop
      vertex 101.788 49.8178 63.2
      vertex 101.89 8.88995 63.2
      vertex 101.89 49.91 63.2
    endloop
  endfacet
  facet normal 0 0 1
    outer loop
      vertex 101.788 49.8178 63.2
      vertex 101.788 8.98221 63.2
      vertex 101.89 8.88995 63.2
    endloop
  endfacet
  facet normal -0 0 1
    outer loop
      vertex 101.678 49.7359 63.2
      vertex 101.788 8.98221 63.2
      vertex 101.788 49.8178 63.2
    endloop
  endfacet
  facet normal 0 0 1
    outer loop
      vertex 101.678 49.7359 63.2
      vertex 101.678 9.06406 63.2
      vertex 101.788 8.98221 63.2
    endloop
  endfacet
  facet normal -0 0 1
    outer loop
      vertex 101.56 49.6653 63.2
      vertex 101.678 9.06406 63.2
      vertex 101.678 49.7359 63.2
    endloop
  endfacet
  facet normal 0 0 1
    outer loop
      vertex 101.56 49.6653 63.2
      vertex 101.56 9.13469 63.2
      vertex 101.678 9.06406 63.2
    endloop
  endfacet
  facet normal -0 0 1
    outer loop
      vertex 101.436 49.6066 63.2
      vertex 101.56 9.13469 63.2
      vertex 101.56 49.6653 63.2
    endloop
  endfacet
  facet normal 0 0 1
    outer loop
      vertex 101.436 49.6066 63.2
      vertex 101.436 9.19343 63.2
      vertex 101.56 9.13469 63.2
    endloop
  endfacet
  facet normal -0 0 1
    outer loop
      vertex 101.306 49.5603 63.2
      vertex 101.436 9.19343 63.2
      vertex 101.436 49.6066 63.2
    endloop
  endfacet
  facet normal 0 0 1
    outer loop
      vertex 101.306 49.5603 63.2
      vertex 101.306 9.23972 63.2
      vertex 101.436 9.19343 63.2
    endloop
  endfacet
  facet normal -0 0 1
    outer loop
      vertex 101.173 49.5269 63.2
      vertex 101.306 9.23972 63.2
      vertex 101.306 49.5603 63.2
    endloop
  endfacet
  facet normal 0 0 1
    outer loop
      vertex 101.173 49.5269 63.2
      vertex 101.173 9.2731 63.2
      vertex 101.306 9.23972 63.2
    endloop
  endfacet
  facet normal -0 0 1
    outer loop
      vertex 101.037 49.5067 63.2
      vertex 101.173 9.2731 63.2
      vertex 101.173 49.5269 63.2
    endloop
  endfacet
  facet normal 0 0 1
    outer loop
      vertex 101.037 49.5067 63.2
      vertex 101.037 9.29326 63.2
      vertex 101.173 9.2731 63.2
    endloop
  endfacet
  facet normal -0 0 1
    outer loop
      vertex 100.9 49.5 63.2
      vertex 101.037 9.29326 63.2
      vertex 101.037 49.5067 63.2
    endloop
  endfacet
  facet normal 0 0 1
    outer loop
      vertex 100.9 49.5 63.2
      vertex 100.9 9.3 63.2
      vertex 101.037 9.29326 63.2
    endloop
  endfacet
  facet normal 0 0 1
    outer loop
      vertex 100.763 49.5067 63.2
      vertex 100.9 9.3 63.2
      vertex 100.9 49.5 63.2
    endloop
  endfacet
  facet normal 0 0 1
    outer loop
      vertex 100.763 49.5067 63.2
      vertex 100.763 9.29326 63.2
      vertex 100.9 9.3 63.2
    endloop
  endfacet
  facet normal 0 0 1
    outer loop
      vertex 100.627 49.5269 63.2
      vertex 100.763 9.29326 63.2
      vertex 100.763 49.5067 63.2
    endloop
  endfacet
  facet normal 0 0 1
    outer loop
      vertex 100.627 49.5269 63.2
      vertex 100.627 9.2731 63.2
      vertex 100.763 9.29326 63.2
    endloop
  endfacet
  facet normal 0 0 1
    outer loop
      vertex 100.494 49.5603 63.2
      vertex 100.627 9.2731 63.2
      vertex 100.627 49.5269 63.2
    endloop
  endfacet
  facet normal 0 0 1
    outer loop
      vertex 100.494 49.5603 63.2
      vertex 100.494 9.23972 63.2
      vertex 100.627 9.2731 63.2
    endloop
  endfacet
  facet normal 0 0 1
    outer loop
      vertex 100.364 49.6066 63.2
      vertex 100.494 9.23972 63.2
      vertex 100.494 49.5603 63.2
    endloop
  endfacet
  facet normal 0 0 1
    outer loop
      vertex 100.364 49.6066 63.2
      vertex 100.364 9.19343 63.2
      vertex 100.494 9.23972 63.2
    endloop
  endfacet
  facet normal 0 0 1
    outer loop
      vertex 100.24 49.6653 63.2
      vertex 100.364 9.19343 63.2
      vertex 100.364 49.6066 63.2
    endloop
  endfacet
  facet normal 0 0 1
    outer loop
      vertex 100.24 49.6653 63.2
      vertex 100.24 9.13469 63.2
      vertex 100.364 9.19343 63.2
    endloop
  endfacet
  facet normal 0 0 1
    outer loop
      vertex 100.122 49.7359 63.2
      vertex 100.24 9.13469 63.2
      vertex 100.24 49.6653 63.2
    endloop
  endfacet
  facet normal 0 0 1
    outer loop
      vertex 100.122 49.7359 63.2
      vertex 100.122 9.06406 63.2
      vertex 100.24 9.13469 63.2
    endloop
  endfacet
  facet normal 0 0 1
    outer loop
      vertex 99.6653 50.24 63.2
      vertex 73.5955 48.8693 63.2
      vertex 99.7359 50.1222 63.2
    endloop
  endfacet
  facet normal 0 0 1
    outer loop
      vertex 73.4277 48.5144 63.2
      vertex 99.7359 50.1222 63.2
      vertex 73.5955 48.8693 63.2
    endloop
  endfacet
  facet normal 0 0 1
    outer loop
      vertex 73.5955 48.8693 63.2
      vertex 99.6653 50.24 63.2
      vertex 73.7278 49.2389 63.2
    endloop
  endfacet
  facet normal 0 0 1
    outer loop
      vertex 99.7359 50.1222 63.2
      vertex 73.4277 48.5144 63.2
      vertex 99.8178 50.0118 63.2
    endloop
  endfacet
  facet normal 0 0 1
    outer loop
      vertex 99.6066 50.3642 63.2
      vertex 73.7278 49.2389 63.2
      vertex 99.6653 50.24 63.2
    endloop
  endfacet
  facet normal 0 0 1
    outer loop
      vertex 100.122 9.06406 63.2
      vertex 73.9 8.4 63.2
      vertex 100.012 8.98221 63.2
    endloop
  endfacet
  facet normal 0 0 1
    outer loop
      vertex 99.5603 50.4936 63.2
      vertex 73.7278 49.2389 63.2
      vertex 99.6066 50.3642 63.2
    endloop
  endfacet
  facet normal 0 0 1
    outer loop
      vertex 100.012 8.98221 63.2
      vertex 73.9 8.4 63.2
      vertex 99.91 8.88995 63.2
    endloop
  endfacet
  facet normal 0 0 1
    outer loop
      vertex 73.7278 49.2389 63.2
      vertex 99.5603 50.4936 63.2
      vertex 73.8231 49.6196 63.2
    endloop
  endfacet
  facet normal 0 0 1
    outer loop
      vertex 99.91 8.88995 63.2
      vertex 73.9 8.4 63.2
      vertex 99.8178 8.78815 63.2
    endloop
  endfacet
  facet normal 0 0 1
    outer loop
      vertex 99.5269 50.6269 63.2
      vertex 73.8231 49.6196 63.2
      vertex 99.5603 50.4936 63.2
    endloop
  endfacet
  facet normal 0 0 1
    outer loop
      vertex 99.8178 8.78815 63.2
      vertex 73.9 8.4 63.2
      vertex 99.7359 8.6778 63.2
    endloop
  endfacet
  facet normal 0 0 1
    outer loop
      vertex 73.8231 49.6196 63.2
      vertex 99.5269 50.6269 63.2
      vertex 73.8807 50.0079 63.2
    endloop
  endfacet
  facet normal 0 0 1
    outer loop
      vertex 99.7359 8.6778 63.2
      vertex 73.9 8.4 63.2
      vertex 99.6653 8.55995 63.2
    endloop
  endfacet
  facet normal 0 0 1
    outer loop
      vertex 99.5067 50.7628 63.2
      vertex 73.8807 50.0079 63.2
      vertex 99.5269 50.6269 63.2
    endloop
  endfacet
  facet normal 0 0 1
    outer loop
      vertex 99.6653 8.55995 63.2
      vertex 73.9 8.4 63.2
      vertex 99.6066 8.43576 63.2
    endloop
  endfacet
  facet normal 0 0 1
    outer loop
      vertex 73.8807 50.0079 63.2
      vertex 99.5067 50.7628 63.2
      vertex 73.9 50.4 63.2
    endloop
  endfacet
  facet normal 0 0 1
    outer loop
      vertex 99.6066 8.43576 63.2
      vertex 73.9 8.4 63.2
      vertex 99.5603 8.3064 63.2
    endloop
  endfacet
  facet normal 0 0 1
    outer loop
      vertex 73.9 50.4 63.2
      vertex 99.5067 50.7628 63.2
      vertex 99.5 50.9 63.2
    endloop
  endfacet
  facet normal 0 0 1
    outer loop
      vertex 99.5603 8.3064 63.2
      vertex 73.9 8.4 63.2
      vertex 99.5269 8.17313 63.2
    endloop
  endfacet
  facet normal 0 0 1
    outer loop
      vertex 102.293 50.7628 63.2
      vertex 106.8 56.8 63.2
      vertex 102.3 50.9 63.2
    endloop
  endfacet
  facet normal 0 0 1
    outer loop
      vertex 106.8 56.8 63.2
      vertex 102.293 51.0372 63.2
      vertex 102.3 50.9 63.2
    endloop
  endfacet
  facet normal 0 0 1
    outer loop
      vertex 106.8 56.8 63.2
      vertex 102.273 51.1731 63.2
      vertex 102.293 51.0372 63.2
    endloop
  endfacet
  facet normal 0 0 1
    outer loop
      vertex 106.8 56.8 63.2
      vertex 102.24 51.3064 63.2
      vertex 102.273 51.1731 63.2
    endloop
  endfacet
  facet normal 0 0 1
    outer loop
      vertex 106.8 56.8 63.2
      vertex 102.193 51.4358 63.2
      vertex 102.24 51.3064 63.2
    endloop
  endfacet
  facet normal 0 0 1
    outer loop
      vertex 106.8 56.8 63.2
      vertex 102.135 51.56 63.2
      vertex 102.193 51.4358 63.2
    endloop
  endfacet
  facet normal 0 0 1
    outer loop
      vertex 106.8 56.8 63.2
      vertex 102.064 51.6778 63.2
      vertex 102.135 51.56 63.2
    endloop
  endfacet
  facet normal 0 0 1
    outer loop
      vertex 106.8 56.8 63.2
      vertex 101.982 51.7882 63.2
      vertex 102.064 51.6778 63.2
    endloop
  endfacet
  facet normal 0 0 1
    outer loop
      vertex 106.8 56.8 63.2
      vertex 101.89 51.8899 63.2
      vertex 101.982 51.7882 63.2
    endloop
  endfacet
  facet normal 0 0 1
    outer loop
      vertex 106.8 56.8 63.2
      vertex 101.788 51.9822 63.2
      vertex 101.89 51.8899 63.2
    endloop
  endfacet
  facet normal 0 0 1
    outer loop
      vertex 106.8 56.8 63.2
      vertex 101.678 52.0641 63.2
      vertex 101.788 51.9822 63.2
    endloop
  endfacet
  facet normal 0 0 1
    outer loop
      vertex 106.8 56.8 63.2
      vertex 101.56 52.1347 63.2
      vertex 101.678 52.0641 63.2
    endloop
  endfacet
  facet normal 0 0 1
    outer loop
      vertex 106.8 56.8 63.2
      vertex 101.436 52.1934 63.2
      vertex 101.56 52.1347 63.2
    endloop
  endfacet
  facet normal 0 0 1
    outer loop
      vertex 106.8 56.8 63.2
      vertex 101.306 52.2397 63.2
      vertex 101.436 52.1934 63.2
    endloop
  endfacet
  facet normal 0 0 1
    outer loop
      vertex 106.8 56.8 63.2
      vertex 101.173 52.2731 63.2
      vertex 101.306 52.2397 63.2
    endloop
  endfacet
  facet normal 0 0 1
    outer loop
      vertex 106.8 56.8 63.2
      vertex 101.037 52.2933 63.2
      vertex 101.173 52.2731 63.2
    endloop
  endfacet
  facet normal 0 0 1
    outer loop
      vertex 106.8 56.8 63.2
      vertex 100.9 52.3 63.2
      vertex 101.037 52.2933 63.2
    endloop
  endfacet
  facet normal 0 0 1
    outer loop
      vertex 106.8 56.8 63.2
      vertex 100.763 52.2933 63.2
      vertex 100.9 52.3 63.2
    endloop
  endfacet
  facet normal 0 0 1
    outer loop
      vertex 106.8 56.8 63.2
      vertex 100.627 52.2731 63.2
      vertex 100.763 52.2933 63.2
    endloop
  endfacet
  facet normal 0 0 1
    outer loop
      vertex 106.8 56.8 63.2
      vertex 100.494 52.2397 63.2
      vertex 100.627 52.2731 63.2
    endloop
  endfacet
  facet normal 0 0 1
    outer loop
      vertex 106.8 56.8 63.2
      vertex 100.364 52.1934 63.2
      vertex 100.494 52.2397 63.2
    endloop
  endfacet
  facet normal 0 0 1
    outer loop
      vertex 106.8 56.8 63.2
      vertex 100.24 52.1347 63.2
      vertex 100.364 52.1934 63.2
    endloop
  endfacet
  facet normal -0 0 1
    outer loop
      vertex 72.1223 53.7259 63.2
      vertex 100.24 52.1347 63.2
      vertex 106.8 56.8 63.2
    endloop
  endfacet
  facet normal 0 0 1
    outer loop
      vertex 99.5269 8.17313 63.2
      vertex 73.9 8.4 63.2
      vertex 99.5067 8.03722 63.2
    endloop
  endfacet
  facet normal 0 0 1
    outer loop
      vertex 73.8807 50.7921 63.2
      vertex 99.5 50.9 63.2
      vertex 99.5067 51.0372 63.2
    endloop
  endfacet
  facet normal 0 0 1
    outer loop
      vertex 73.8807 50.7921 63.2
      vertex 99.5067 51.0372 63.2
      vertex 99.5269 51.1731 63.2
    endloop
  endfacet
  facet normal -0 0 1
    outer loop
      vertex 73.8231 51.1804 63.2
      vertex 99.5269 51.1731 63.2
      vertex 99.5603 51.3064 63.2
    endloop
  endfacet
  facet normal 0 0 1
    outer loop
      vertex 73.7278 51.5611 63.2
      vertex 99.5603 51.3064 63.2
      vertex 99.6066 51.4358 63.2
    endloop
  endfacet
  facet normal 0 0 1
    outer loop
      vertex 73.5955 51.9307 63.2
      vertex 99.6066 51.4358 63.2
      vertex 99.6653 51.56 63.2
    endloop
  endfacet
  facet normal 0 0 1
    outer loop
      vertex 73.4277 52.2856 63.2
      vertex 99.6653 51.56 63.2
      vertex 99.7359 51.6778 63.2
    endloop
  endfacet
  facet normal 0 0 1
    outer loop
      vertex 73.2259 52.6223 63.2
      vertex 99.7359 51.6778 63.2
      vertex 99.8178 51.7882 63.2
    endloop
  endfacet
  facet normal 0 0 1
    outer loop
      vertex 72.992 52.9376 63.2
      vertex 99.8178 51.7882 63.2
      vertex 99.91 51.8899 63.2
    endloop
  endfacet
  facet normal 0 0 1
    outer loop
      vertex 72.7284 53.2284 63.2
      vertex 99.91 51.8899 63.2
      vertex 100.012 51.9822 63.2
    endloop
  endfacet
  facet normal 0 0 1
    outer loop
      vertex 72.7284 53.2284 63.2
      vertex 100.012 51.9822 63.2
      vertex 100.122 52.0641 63.2
    endloop
  endfacet
  facet normal 0 0 1
    outer loop
      vertex 100.24 52.1347 63.2
      vertex 72.1223 53.7259 63.2
      vertex 100.122 52.0641 63.2
    endloop
  endfacet
  facet normal 0 0 1
    outer loop
      vertex 99.5 50.9 63.2
      vertex 73.8807 50.7921 63.2
      vertex 73.9 50.4 63.2
    endloop
  endfacet
  facet normal 0 0 1
    outer loop
      vertex 99.5269 51.1731 63.2
      vertex 73.8231 51.1804 63.2
      vertex 73.8807 50.7921 63.2
    endloop
  endfacet
  facet normal 0 0 1
    outer loop
      vertex 99.5603 51.3064 63.2
      vertex 73.7278 51.5611 63.2
      vertex 73.8231 51.1804 63.2
    endloop
  endfacet
  facet normal 0 0 1
    outer loop
      vertex 99.6066 51.4358 63.2
      vertex 73.5955 51.9307 63.2
      vertex 73.7278 51.5611 63.2
    endloop
  endfacet
  facet normal 0 0 1
    outer loop
      vertex 99.6653 51.56 63.2
      vertex 73.4277 52.2856 63.2
      vertex 73.5955 51.9307 63.2
    endloop
  endfacet
  facet normal 0 0 1
    outer loop
      vertex 99.7359 51.6778 63.2
      vertex 73.2259 52.6223 63.2
      vertex 73.4277 52.2856 63.2
    endloop
  endfacet
  facet normal 0 0 1
    outer loop
      vertex 99.8178 51.7882 63.2
      vertex 72.992 52.9376 63.2
      vertex 73.2259 52.6223 63.2
    endloop
  endfacet
  facet normal 0 0 1
    outer loop
      vertex 99.91 51.8899 63.2
      vertex 72.7284 53.2284 63.2
      vertex 72.992 52.9376 63.2
    endloop
  endfacet
  facet normal 0 0 1
    outer loop
      vertex 100.122 52.0641 63.2
      vertex 72.4376 53.492 63.2
      vertex 72.7284 53.2284 63.2
    endloop
  endfacet
  facet normal 0 0 1
    outer loop
      vertex 100.122 52.0641 63.2
      vertex 72.1223 53.7259 63.2
      vertex 72.4376 53.492 63.2
    endloop
  endfacet
  facet normal 0 0 1
    outer loop
      vertex 106.8 56.8 63.2
      vertex 71.7856 53.9277 63.2
      vertex 72.1223 53.7259 63.2
    endloop
  endfacet
  facet normal 0 0 1
    outer loop
      vertex 106.8 56.8 63.2
      vertex 71.4307 54.0955 63.2
      vertex 71.7856 53.9277 63.2
    endloop
  endfacet
  facet normal 0 0 1
    outer loop
      vertex 106.8 56.8 63.2
      vertex 71.0611 54.2278 63.2
      vertex 71.4307 54.0955 63.2
    endloop
  endfacet
  facet normal 0 0 1
    outer loop
      vertex 106.8 56.8 63.2
      vertex 70.6804 54.3231 63.2
      vertex 71.0611 54.2278 63.2
    endloop
  endfacet
  facet normal 0 0 1
    outer loop
      vertex 106.8 56.8 63.2
      vertex 70.2921 54.3807 63.2
      vertex 70.6804 54.3231 63.2
    endloop
  endfacet
  facet normal 0 0 1
    outer loop
      vertex 106.8 56.8 63.2
      vertex 69.9 54.4 63.2
      vertex 70.2921 54.3807 63.2
    endloop
  endfacet
  facet normal -0 0 1
    outer loop
      vertex 2 56.8 63.2
      vertex 69.9 54.4 63.2
      vertex 106.8 56.8 63.2
    endloop
  endfacet
  facet normal 0 0 1
    outer loop
      vertex 65.9769 9.18036 63.2
      vertex 21.9 8.4 63.2
      vertex 65.9193 8.79207 63.2
    endloop
  endfacet
  facet normal 0 0 1
    outer loop
      vertex 65.9193 50.7921 63.2
      vertex 21.9 50.4 63.2
      vertex 65.9 50.4 63.2
    endloop
  endfacet
  facet normal 0 0 1
    outer loop
      vertex 21.8807 50.7921 63.2
      vertex 65.9193 50.7921 63.2
      vertex 65.9769 51.1804 63.2
    endloop
  endfacet
  facet normal 0 0 1
    outer loop
      vertex 21.8231 51.1804 63.2
      vertex 65.9769 51.1804 63.2
      vertex 66.0722 51.5611 63.2
    endloop
  endfacet
  facet normal 0 0 1
    outer loop
      vertex 21.7278 51.5611 63.2
      vertex 66.0722 51.5611 63.2
      vertex 66.2045 51.9307 63.2
    endloop
  endfacet
  facet normal 0 0 1
    outer loop
      vertex 21.5955 51.9307 63.2
      vertex 66.2045 51.9307 63.2
      vertex 66.3723 52.2856 63.2
    endloop
  endfacet
  facet normal 0 0 1
    outer loop
      vertex 21.4277 52.2856 63.2
      vertex 66.3723 52.2856 63.2
      vertex 66.5741 52.6223 63.2
    endloop
  endfacet
  facet normal 0 0 1
    outer loop
      vertex 21.2259 52.6223 63.2
      vertex 66.5741 52.6223 63.2
      vertex 66.808 52.9376 63.2
    endloop
  endfacet
  facet normal 0 0 1
    outer loop
      vertex 20.992 52.9376 63.2
      vertex 66.808 52.9376 63.2
      vertex 67.0716 53.2284 63.2
    endloop
  endfacet
  facet normal 0 0 1
    outer loop
      vertex 20.7284 53.2284 63.2
      vertex 67.0716 53.2284 63.2
      vertex 67.3624 53.492 63.2
    endloop
  endfacet
  facet normal 0 0 1
    outer loop
      vertex 20.4376 53.492 63.2
      vertex 67.3624 53.492 63.2
      vertex 67.6777 53.7259 63.2
    endloop
  endfacet
  facet normal 0 0 1
    outer loop
      vertex 20.1223 53.7259 63.2
      vertex 67.6777 53.7259 63.2
      vertex 68.0144 53.9277 63.2
    endloop
  endfacet
  facet normal 0 0 1
    outer loop
      vertex 19.7856 53.9277 63.2
      vertex 68.0144 53.9277 63.2
      vertex 68.3693 54.0955 63.2
    endloop
  endfacet
  facet normal 0 0 1
    outer loop
      vertex 19.4307 54.0955 63.2
      vertex 68.3693 54.0955 63.2
      vertex 68.7389 54.2278 63.2
    endloop
  endfacet
  facet normal 0 0 1
    outer loop
      vertex 19.0611 54.2278 63.2
      vertex 68.7389 54.2278 63.2
      vertex 69.1196 54.3231 63.2
    endloop
  endfacet
  facet normal 0 0 1
    outer loop
      vertex 18.6804 54.3231 63.2
      vertex 69.1196 54.3231 63.2
      vertex 69.5079 54.3807 63.2
    endloop
  endfacet
  facet normal 0 0 1
    outer loop
      vertex 65.9193 50.7921 63.2
      vertex 21.8807 50.7921 63.2
      vertex 21.9 50.4 63.2
    endloop
  endfacet
  facet normal 0 0 1
    outer loop
      vertex 65.9769 51.1804 63.2
      vertex 21.8231 51.1804 63.2
      vertex 21.8807 50.7921 63.2
    endloop
  endfacet
  facet normal 0 0 1
    outer loop
      vertex 66.0722 51.5611 63.2
      vertex 21.7278 51.5611 63.2
      vertex 21.8231 51.1804 63.2
    endloop
  endfacet
  facet normal 0 0 1
    outer loop
      vertex 69.9 54.4 63.2
      vertex 2 56.8 63.2
      vertex 69.5079 54.3807 63.2
    endloop
  endfacet
  facet normal 0 0 1
    outer loop
      vertex 66.2045 51.9307 63.2
      vertex 21.5955 51.9307 63.2
      vertex 21.7278 51.5611 63.2
    endloop
  endfacet
  facet normal 0 0 1
    outer loop
      vertex 66.3723 52.2856 63.2
      vertex 21.4277 52.2856 63.2
      vertex 21.5955 51.9307 63.2
    endloop
  endfacet
  facet normal 0 0 1
    outer loop
      vertex 66.5741 52.6223 63.2
      vertex 21.2259 52.6223 63.2
      vertex 21.4277 52.2856 63.2
    endloop
  endfacet
  facet normal 0 0 1
    outer loop
      vertex 66.808 52.9376 63.2
      vertex 20.992 52.9376 63.2
      vertex 21.2259 52.6223 63.2
    endloop
  endfacet
  facet normal 0 0 1
    outer loop
      vertex 67.0716 53.2284 63.2
      vertex 20.7284 53.2284 63.2
      vertex 20.992 52.9376 63.2
    endloop
  endfacet
  facet normal 0 0 1
    outer loop
      vertex 67.3624 53.492 63.2
      vertex 20.4376 53.492 63.2
      vertex 20.7284 53.2284 63.2
    endloop
  endfacet
  facet normal 0 0 1
    outer loop
      vertex 67.6777 53.7259 63.2
      vertex 20.1223 53.7259 63.2
      vertex 20.4376 53.492 63.2
    endloop
  endfacet
  facet normal 0 0 1
    outer loop
      vertex 68.0144 53.9277 63.2
      vertex 19.7856 53.9277 63.2
      vertex 20.1223 53.7259 63.2
    endloop
  endfacet
  facet normal 0 0 1
    outer loop
      vertex 68.3693 54.0955 63.2
      vertex 19.4307 54.0955 63.2
      vertex 19.7856 53.9277 63.2
    endloop
  endfacet
  facet normal 0 0 1
    outer loop
      vertex 68.7389 54.2278 63.2
      vertex 19.0611 54.2278 63.2
      vertex 19.4307 54.0955 63.2
    endloop
  endfacet
  facet normal 0 0 1
    outer loop
      vertex 69.1196 54.3231 63.2
      vertex 18.6804 54.3231 63.2
      vertex 19.0611 54.2278 63.2
    endloop
  endfacet
  facet normal 0 0 1
    outer loop
      vertex 69.5079 54.3807 63.2
      vertex 18.2921 54.3807 63.2
      vertex 18.6804 54.3231 63.2
    endloop
  endfacet
  facet normal 0 0 1
    outer loop
      vertex 69.5079 54.3807 63.2
      vertex 2 56.8 63.2
      vertex 18.2921 54.3807 63.2
    endloop
  endfacet
  facet normal 0 0 1
    outer loop
      vertex 13.9769 9.18036 63.2
      vertex 9.3 7.9 63.2
      vertex 13.9193 8.79207 63.2
    endloop
  endfacet
  facet normal 0 0 1
    outer loop
      vertex 13.9193 50.7921 63.2
      vertex 9.3 50.9 63.2
      vertex 13.9 50.4 63.2
    endloop
  endfacet
  facet normal -0 0 1
    outer loop
      vertex 9.29326 51.0372 63.2
      vertex 13.9193 50.7921 63.2
      vertex 13.9769 51.1804 63.2
    endloop
  endfacet
  facet normal -0 0 1
    outer loop
      vertex 9.23972 51.3064 63.2
      vertex 13.9769 51.1804 63.2
      vertex 14.0722 51.5611 63.2
    endloop
  endfacet
  facet normal 0 0 1
    outer loop
      vertex 9.19343 51.4358 63.2
      vertex 14.0722 51.5611 63.2
      vertex 14.2045 51.9307 63.2
    endloop
  endfacet
  facet normal 0 0 1
    outer loop
      vertex 9.06406 51.6778 63.2
      vertex 14.2045 51.9307 63.2
      vertex 14.3723 52.2856 63.2
    endloop
  endfacet
  facet normal 0 0 1
    outer loop
      vertex 8.88995 51.8899 63.2
      vertex 14.3723 52.2856 63.2
      vertex 14.5741 52.6223 63.2
    endloop
  endfacet
  facet normal 0 0 1
    outer loop
      vertex 8.78815 51.9822 63.2
      vertex 14.5741 52.6223 63.2
      vertex 14.808 52.9376 63.2
    endloop
  endfacet
  facet normal 0 0 1
    outer loop
      vertex 8.55995 52.1347 63.2
      vertex 14.808 52.9376 63.2
      vertex 15.0716 53.2284 63.2
    endloop
  endfacet
  facet normal 0 0 1
    outer loop
      vertex 8.43576 52.1934 63.2
      vertex 15.0716 53.2284 63.2
      vertex 15.3624 53.492 63.2
    endloop
  endfacet
  facet normal 0 0 1
    outer loop
      vertex 8.3064 52.2397 63.2
      vertex 15.3624 53.492 63.2
      vertex 15.6777 53.7259 63.2
    endloop
  endfacet
  facet normal 0 0 1
    outer loop
      vertex 2 56.8 63.2
      vertex 15.6777 53.7259 63.2
      vertex 16.0144 53.9277 63.2
    endloop
  endfacet
  facet normal 0 0 1
    outer loop
      vertex 2 56.8 63.2
      vertex 16.0144 53.9277 63.2
      vertex 16.3693 54.0955 63.2
    endloop
  endfacet
  facet normal 0 0 1
    outer loop
      vertex 13.9193 50.7921 63.2
      vertex 9.29326 51.0372 63.2
      vertex 9.3 50.9 63.2
    endloop
  endfacet
  facet normal 0 0 1
    outer loop
      vertex 13.9769 51.1804 63.2
      vertex 9.2731 51.1731 63.2
      vertex 9.29326 51.0372 63.2
    endloop
  endfacet
  facet normal 0 0 1
    outer loop
      vertex 13.9769 51.1804 63.2
      vertex 9.23972 51.3064 63.2
      vertex 9.2731 51.1731 63.2
    endloop
  endfacet
  facet normal 0 0 1
    outer loop
      vertex 14.0722 51.5611 63.2
      vertex 9.19343 51.4358 63.2
      vertex 9.23972 51.3064 63.2
    endloop
  endfacet
  facet normal 0 0 1
    outer loop
      vertex 14.2045 51.9307 63.2
      vertex 9.13469 51.56 63.2
      vertex 9.19343 51.4358 63.2
    endloop
  endfacet
  facet normal 0 0 1
    outer loop
      vertex 2 56.8 63.2
      vertex 16.3693 54.0955 63.2
      vertex 16.7389 54.2278 63.2
    endloop
  endfacet
  facet normal 0 0 1
    outer loop
      vertex 14.2045 51.9307 63.2
      vertex 9.06406 51.6778 63.2
      vertex 9.13469 51.56 63.2
    endloop
  endfacet
  facet normal 0 0 1
    outer loop
      vertex 14.3723 52.2856 63.2
      vertex 8.98221 51.7882 63.2
      vertex 9.06406 51.6778 63.2
    endloop
  endfacet
  facet normal 0 0 1
    outer loop
      vertex 14.3723 52.2856 63.2
      vertex 8.88995 51.8899 63.2
      vertex 8.98221 51.7882 63.2
    endloop
  endfacet
  facet normal 0 0 1
    outer loop
      vertex 14.5741 52.6223 63.2
      vertex 8.78815 51.9822 63.2
      vertex 8.88995 51.8899 63.2
    endloop
  endfacet
  facet normal 0 0 1
    outer loop
      vertex 14.808 52.9376 63.2
      vertex 8.6778 52.0641 63.2
      vertex 8.78815 51.9822 63.2
    endloop
  endfacet
  facet normal 0 0 1
    outer loop
      vertex 14.808 52.9376 63.2
      vertex 8.55995 52.1347 63.2
      vertex 8.6778 52.0641 63.2
    endloop
  endfacet
  facet normal 0 0 1
    outer loop
      vertex 15.0716 53.2284 63.2
      vertex 8.43576 52.1934 63.2
      vertex 8.55995 52.1347 63.2
    endloop
  endfacet
  facet normal 0 0 1
    outer loop
      vertex 2 56.8 63.2
      vertex 16.7389 54.2278 63.2
      vertex 17.1196 54.3231 63.2
    endloop
  endfacet
  facet normal 0 0 1
    outer loop
      vertex 15.3624 53.492 63.2
      vertex 8.3064 52.2397 63.2
      vertex 8.43576 52.1934 63.2
    endloop
  endfacet
  facet normal 0 0 1
    outer loop
      vertex 15.6777 53.7259 63.2
      vertex 8.17313 52.2731 63.2
      vertex 8.3064 52.2397 63.2
    endloop
  endfacet
  facet normal 0 0 1
    outer loop
      vertex 15.6777 53.7259 63.2
      vertex 2 56.8 63.2
      vertex 8.17313 52.2731 63.2
    endloop
  endfacet
  facet normal 0 0 1
    outer loop
      vertex 8.17313 52.2731 63.2
      vertex 2 56.8 63.2
      vertex 8.03722 52.2933 63.2
    endloop
  endfacet
  facet normal 0 0 1
    outer loop
      vertex 8.03722 52.2933 63.2
      vertex 2 56.8 63.2
      vertex 7.9 52.3 63.2
    endloop
  endfacet
  facet normal 0 0 1
    outer loop
      vertex 7.9 52.3 63.2
      vertex 2 56.8 63.2
      vertex 7.76278 52.2933 63.2
    endloop
  endfacet
  facet normal 0 0 1
    outer loop
      vertex 6.5269 8.17313 63.2
      vertex 2 2 63.2
      vertex 6.50674 8.03722 63.2
    endloop
  endfacet
  facet normal 0 0 1
    outer loop
      vertex 6.50674 51.0372 63.2
      vertex 2 56.8 63.2
      vertex 6.5 50.9 63.2
    endloop
  endfacet
  facet normal 0 0 1
    outer loop
      vertex 6.5269 51.1731 63.2
      vertex 2 56.8 63.2
      vertex 6.50674 51.0372 63.2
    endloop
  endfacet
  facet normal 0 0 1
    outer loop
      vertex 6.56028 51.3064 63.2
      vertex 2 56.8 63.2
      vertex 6.5269 51.1731 63.2
    endloop
  endfacet
  facet normal 0 0 1
    outer loop
      vertex 6.60657 51.4358 63.2
      vertex 2 56.8 63.2
      vertex 6.56028 51.3064 63.2
    endloop
  endfacet
  facet normal 0 0 1
    outer loop
      vertex 6.66531 51.56 63.2
      vertex 2 56.8 63.2
      vertex 6.60657 51.4358 63.2
    endloop
  endfacet
  facet normal 0 0 1
    outer loop
      vertex 6.73594 51.6778 63.2
      vertex 2 56.8 63.2
      vertex 6.66531 51.56 63.2
    endloop
  endfacet
  facet normal 0 0 1
    outer loop
      vertex 6.81779 51.7882 63.2
      vertex 2 56.8 63.2
      vertex 6.73594 51.6778 63.2
    endloop
  endfacet
  facet normal 0 0 1
    outer loop
      vertex 6.91005 51.8899 63.2
      vertex 2 56.8 63.2
      vertex 6.81779 51.7882 63.2
    endloop
  endfacet
  facet normal 0 0 1
    outer loop
      vertex 7.01185 51.9822 63.2
      vertex 2 56.8 63.2
      vertex 6.91005 51.8899 63.2
    endloop
  endfacet
  facet normal 0 0 1
    outer loop
      vertex 7.1222 52.0641 63.2
      vertex 2 56.8 63.2
      vertex 7.01185 51.9822 63.2
    endloop
  endfacet
  facet normal 0 0 1
    outer loop
      vertex 7.24004 52.1347 63.2
      vertex 2 56.8 63.2
      vertex 7.1222 52.0641 63.2
    endloop
  endfacet
  facet normal 0 0 1
    outer loop
      vertex 7.36424 52.1934 63.2
      vertex 2 56.8 63.2
      vertex 7.24004 52.1347 63.2
    endloop
  endfacet
  facet normal 0 0 1
    outer loop
      vertex 7.4936 52.2397 63.2
      vertex 2 56.8 63.2
      vertex 7.36424 52.1934 63.2
    endloop
  endfacet
  facet normal 0 0 1
    outer loop
      vertex 7.62687 52.2731 63.2
      vertex 2 56.8 63.2
      vertex 7.4936 52.2397 63.2
    endloop
  endfacet
  facet normal 0 0 1
    outer loop
      vertex 7.76278 52.2933 63.2
      vertex 2 56.8 63.2
      vertex 7.62687 52.2731 63.2
    endloop
  endfacet
  facet normal 0 0 1
    outer loop
      vertex 17.5079 54.3807 63.2
      vertex 2 56.8 63.2
      vertex 17.1196 54.3231 63.2
    endloop
  endfacet
  facet normal 0 0 1
    outer loop
      vertex 17.9 54.4 63.2
      vertex 2 56.8 63.2
      vertex 17.5079 54.3807 63.2
    endloop
  endfacet
  facet normal 0 0 1
    outer loop
      vertex 18.2921 54.3807 63.2
      vertex 2 56.8 63.2
      vertex 17.9 54.4 63.2
    endloop
  endfacet
  facet normal 0 0 1
    outer loop
      vertex 102.273 50.6269 63.2
      vertex 106.8 56.8 63.2
      vertex 102.293 50.7628 63.2
    endloop
  endfacet
  facet normal -0 0 1
    outer loop
      vertex 102.293 7.76278 63.2
      vertex 106.8 2 63.2
      vertex 102.3 7.9 63.2
    endloop
  endfacet
  facet normal -0 0 1
    outer loop
      vertex 102.273 7.62687 63.2
      vertex 106.8 2 63.2
      vertex 102.293 7.76278 63.2
    endloop
  endfacet
  facet normal -0 0 1
    outer loop
      vertex 102.24 7.4936 63.2
      vertex 106.8 2 63.2
      vertex 102.273 7.62687 63.2
    endloop
  endfacet
  facet normal -0 0 1
    outer loop
      vertex 102.193 7.36424 63.2
      vertex 106.8 2 63.2
      vertex 102.24 7.4936 63.2
    endloop
  endfacet
  facet normal -0 0 1
    outer loop
      vertex 102.135 7.24004 63.2
      vertex 106.8 2 63.2
      vertex 102.193 7.36424 63.2
    endloop
  endfacet
  facet normal -0 0 1
    outer loop
      vertex 102.064 7.1222 63.2
      vertex 106.8 2 63.2
      vertex 102.135 7.24004 63.2
    endloop
  endfacet
  facet normal -0 0 1
    outer loop
      vertex 101.982 7.01185 63.2
      vertex 106.8 2 63.2
      vertex 102.064 7.1222 63.2
    endloop
  endfacet
  facet normal -0 0 1
    outer loop
      vertex 101.89 6.91005 63.2
      vertex 106.8 2 63.2
      vertex 101.982 7.01185 63.2
    endloop
  endfacet
  facet normal -0 0 1
    outer loop
      vertex 101.788 6.81779 63.2
      vertex 106.8 2 63.2
      vertex 101.89 6.91005 63.2
    endloop
  endfacet
  facet normal -0 0 1
    outer loop
      vertex 101.678 6.73594 63.2
      vertex 106.8 2 63.2
      vertex 101.788 6.81779 63.2
    endloop
  endfacet
  facet normal -0 0 1
    outer loop
      vertex 101.56 6.66531 63.2
      vertex 106.8 2 63.2
      vertex 101.678 6.73594 63.2
    endloop
  endfacet
  facet normal -0 0 1
    outer loop
      vertex 101.436 6.60657 63.2
      vertex 106.8 2 63.2
      vertex 101.56 6.66531 63.2
    endloop
  endfacet
  facet normal -0 0 1
    outer loop
      vertex 101.306 6.56028 63.2
      vertex 106.8 2 63.2
      vertex 101.436 6.60657 63.2
    endloop
  endfacet
  facet normal -0 0 1
    outer loop
      vertex 101.173 6.5269 63.2
      vertex 106.8 2 63.2
      vertex 101.306 6.56028 63.2
    endloop
  endfacet
  facet normal -0 0 1
    outer loop
      vertex 101.037 6.50674 63.2
      vertex 106.8 2 63.2
      vertex 101.173 6.5269 63.2
    endloop
  endfacet
  facet normal -0 0 1
    outer loop
      vertex 100.9 6.5 63.2
      vertex 106.8 2 63.2
      vertex 101.037 6.50674 63.2
    endloop
  endfacet
  facet normal 0 0 1
    outer loop
      vertex 100.763 6.50674 63.2
      vertex 106.8 2 63.2
      vertex 100.9 6.5 63.2
    endloop
  endfacet
  facet normal 0 0 1
    outer loop
      vertex 100.627 6.5269 63.2
      vertex 106.8 2 63.2
      vertex 100.763 6.50674 63.2
    endloop
  endfacet
  facet normal 0 0 1
    outer loop
      vertex 100.494 6.56028 63.2
      vertex 106.8 2 63.2
      vertex 100.627 6.5269 63.2
    endloop
  endfacet
  facet normal 0 0 1
    outer loop
      vertex 100.364 6.60657 63.2
      vertex 106.8 2 63.2
      vertex 100.494 6.56028 63.2
    endloop
  endfacet
  facet normal 0 0 1
    outer loop
      vertex 100.24 6.66531 63.2
      vertex 106.8 2 63.2
      vertex 100.364 6.60657 63.2
    endloop
  endfacet
  facet normal 0 0 1
    outer loop
      vertex 72.1223 5.07412 63.2
      vertex 100.24 6.66531 63.2
      vertex 100.122 6.73594 63.2
    endloop
  endfacet
  facet normal 0 0 1
    outer loop
      vertex 99.5067 8.03722 63.2
      vertex 73.9 8.4 63.2
      vertex 99.5 7.9 63.2
    endloop
  endfacet
  facet normal -0 0 1
    outer loop
      vertex 73.8807 8.00793 63.2
      vertex 99.5 7.9 63.2
      vertex 73.9 8.4 63.2
    endloop
  endfacet
  facet normal 0 0 1
    outer loop
      vertex 99.5 7.9 63.2
      vertex 73.8807 8.00793 63.2
      vertex 99.5067 7.76278 63.2
    endloop
  endfacet
  facet normal 0 0 1
    outer loop
      vertex 99.5067 7.76278 63.2
      vertex 73.8807 8.00793 63.2
      vertex 99.5269 7.62687 63.2
    endloop
  endfacet
  facet normal 0 0 1
    outer loop
      vertex 73.8231 7.61964 63.2
      vertex 99.5269 7.62687 63.2
      vertex 73.8807 8.00793 63.2
    endloop
  endfacet
  facet normal 0 0 1
    outer loop
      vertex 99.5269 7.62687 63.2
      vertex 73.8231 7.61964 63.2
      vertex 99.5603 7.4936 63.2
    endloop
  endfacet
  facet normal 0 0 1
    outer loop
      vertex 73.7278 7.23886 63.2
      vertex 99.5603 7.4936 63.2
      vertex 73.8231 7.61964 63.2
    endloop
  endfacet
  facet normal 0 0 1
    outer loop
      vertex 99.5603 7.4936 63.2
      vertex 73.7278 7.23886 63.2
      vertex 99.6066 7.36424 63.2
    endloop
  endfacet
  facet normal 0 0 1
    outer loop
      vertex 73.5955 6.86927 63.2
      vertex 99.6066 7.36424 63.2
      vertex 73.7278 7.23886 63.2
    endloop
  endfacet
  facet normal 0 0 1
    outer loop
      vertex 99.6066 7.36424 63.2
      vertex 73.5955 6.86927 63.2
      vertex 99.6653 7.24004 63.2
    endloop
  endfacet
  facet normal 0 0 1
    outer loop
      vertex 73.4277 6.51441 63.2
      vertex 99.6653 7.24004 63.2
      vertex 73.5955 6.86927 63.2
    endloop
  endfacet
  facet normal 0 0 1
    outer loop
      vertex 99.6653 7.24004 63.2
      vertex 73.4277 6.51441 63.2
      vertex 99.7359 7.1222 63.2
    endloop
  endfacet
  facet normal 0 0 1
    outer loop
      vertex 73.2259 6.17772 63.2
      vertex 99.7359 7.1222 63.2
      vertex 73.4277 6.51441 63.2
    endloop
  endfacet
  facet normal 0 0 1
    outer loop
      vertex 99.7359 7.1222 63.2
      vertex 73.2259 6.17772 63.2
      vertex 99.8178 7.01185 63.2
    endloop
  endfacet
  facet normal 0 0 1
    outer loop
      vertex 72.992 5.86243 63.2
      vertex 99.8178 7.01185 63.2
      vertex 73.2259 6.17772 63.2
    endloop
  endfacet
  facet normal 0 0 1
    outer loop
      vertex 99.8178 7.01185 63.2
      vertex 72.992 5.86243 63.2
      vertex 99.91 6.91005 63.2
    endloop
  endfacet
  facet normal 0 0 1
    outer loop
      vertex 72.7284 5.57157 63.2
      vertex 99.91 6.91005 63.2
      vertex 72.992 5.86243 63.2
    endloop
  endfacet
  facet normal 0 0 1
    outer loop
      vertex 99.91 6.91005 63.2
      vertex 72.7284 5.57157 63.2
      vertex 100.012 6.81779 63.2
    endloop
  endfacet
  facet normal 0 0 1
    outer loop
      vertex 100.012 6.81779 63.2
      vertex 72.7284 5.57157 63.2
      vertex 100.122 6.73594 63.2
    endloop
  endfacet
  facet normal 0 0 1
    outer loop
      vertex 72.4376 5.30796 63.2
      vertex 100.122 6.73594 63.2
      vertex 72.7284 5.57157 63.2
    endloop
  endfacet
  facet normal 0 0 1
    outer loop
      vertex 72.1223 5.07412 63.2
      vertex 100.122 6.73594 63.2
      vertex 72.4376 5.30796 63.2
    endloop
  endfacet
  facet normal 0 0 1
    outer loop
      vertex 100.24 6.66531 63.2
      vertex 72.1223 5.07412 63.2
      vertex 106.8 2 63.2
    endloop
  endfacet
  facet normal -0 0 1
    outer loop
      vertex 71.7856 4.87232 63.2
      vertex 106.8 2 63.2
      vertex 72.1223 5.07412 63.2
    endloop
  endfacet
  facet normal -0 0 1
    outer loop
      vertex 71.4307 4.70448 63.2
      vertex 106.8 2 63.2
      vertex 71.7856 4.87232 63.2
    endloop
  endfacet
  facet normal -0 0 1
    outer loop
      vertex 71.0611 4.57224 63.2
      vertex 106.8 2 63.2
      vertex 71.4307 4.70448 63.2
    endloop
  endfacet
  facet normal -0 0 1
    outer loop
      vertex 70.6804 4.47686 63.2
      vertex 106.8 2 63.2
      vertex 71.0611 4.57224 63.2
    endloop
  endfacet
  facet normal -0 0 1
    outer loop
      vertex 70.2921 4.41926 63.2
      vertex 106.8 2 63.2
      vertex 70.6804 4.47686 63.2
    endloop
  endfacet
  facet normal -0 0 1
    outer loop
      vertex 69.9 4.4 63.2
      vertex 106.8 2 63.2
      vertex 70.2921 4.41926 63.2
    endloop
  endfacet
  facet normal 0 0 1
    outer loop
      vertex 2 2 63.2
      vertex 69.9 4.4 63.2
      vertex 69.5079 4.41926 63.2
    endloop
  endfacet
  facet normal 0 0 1
    outer loop
      vertex 65.9193 8.79207 63.2
      vertex 21.9 8.4 63.2
      vertex 65.9 8.4 63.2
    endloop
  endfacet
  facet normal 0 0 1
    outer loop
      vertex 65.9 8.4 63.2
      vertex 21.9 8.4 63.2
      vertex 65.9193 8.00793 63.2
    endloop
  endfacet
  facet normal 0 0 1
    outer loop
      vertex 21.8807 8.00793 63.2
      vertex 65.9193 8.00793 63.2
      vertex 21.9 8.4 63.2
    endloop
  endfacet
  facet normal 0 0 1
    outer loop
      vertex 65.9193 8.00793 63.2
      vertex 21.8807 8.00793 63.2
      vertex 65.9769 7.61964 63.2
    endloop
  endfacet
  facet normal 0 0 1
    outer loop
      vertex 21.8231 7.61964 63.2
      vertex 65.9769 7.61964 63.2
      vertex 21.8807 8.00793 63.2
    endloop
  endfacet
  facet normal 0 0 1
    outer loop
      vertex 65.9769 7.61964 63.2
      vertex 21.8231 7.61964 63.2
      vertex 66.0722 7.23886 63.2
    endloop
  endfacet
  facet normal 0 0 1
    outer loop
      vertex 21.7278 7.23886 63.2
      vertex 66.0722 7.23886 63.2
      vertex 21.8231 7.61964 63.2
    endloop
  endfacet
  facet normal 0 0 1
    outer loop
      vertex 66.0722 7.23886 63.2
      vertex 21.7278 7.23886 63.2
      vertex 66.2045 6.86927 63.2
    endloop
  endfacet
  facet normal 0 0 1
    outer loop
      vertex 21.5955 6.86927 63.2
      vertex 66.2045 6.86927 63.2
      vertex 21.7278 7.23886 63.2
    endloop
  endfacet
  facet normal 0 0 1
    outer loop
      vertex 66.2045 6.86927 63.2
      vertex 21.5955 6.86927 63.2
      vertex 66.3723 6.51441 63.2
    endloop
  endfacet
  facet normal 0 0 1
    outer loop
      vertex 21.4277 6.51441 63.2
      vertex 66.3723 6.51441 63.2
      vertex 21.5955 6.86927 63.2
    endloop
  endfacet
  facet normal 0 0 1
    outer loop
      vertex 66.3723 6.51441 63.2
      vertex 21.4277 6.51441 63.2
      vertex 66.5741 6.17772 63.2
    endloop
  endfacet
  facet normal 0 0 1
    outer loop
      vertex 21.2259 6.17772 63.2
      vertex 66.5741 6.17772 63.2
      vertex 21.4277 6.51441 63.2
    endloop
  endfacet
  facet normal 0 0 1
    outer loop
      vertex 66.5741 6.17772 63.2
      vertex 21.2259 6.17772 63.2
      vertex 66.808 5.86243 63.2
    endloop
  endfacet
  facet normal 0 0 1
    outer loop
      vertex 20.992 5.86243 63.2
      vertex 66.808 5.86243 63.2
      vertex 21.2259 6.17772 63.2
    endloop
  endfacet
  facet normal 0 0 1
    outer loop
      vertex 66.808 5.86243 63.2
      vertex 20.992 5.86243 63.2
      vertex 67.0716 5.57157 63.2
    endloop
  endfacet
  facet normal 0 0 1
    outer loop
      vertex 20.7284 5.57157 63.2
      vertex 67.0716 5.57157 63.2
      vertex 20.992 5.86243 63.2
    endloop
  endfacet
  facet normal 0 0 1
    outer loop
      vertex 67.0716 5.57157 63.2
      vertex 20.7284 5.57157 63.2
      vertex 67.3624 5.30796 63.2
    endloop
  endfacet
  facet normal 0 0 1
    outer loop
      vertex 20.4376 5.30796 63.2
      vertex 67.3624 5.30796 63.2
      vertex 20.7284 5.57157 63.2
    endloop
  endfacet
  facet normal 0 0 1
    outer loop
      vertex 67.3624 5.30796 63.2
      vertex 20.4376 5.30796 63.2
      vertex 67.6777 5.07412 63.2
    endloop
  endfacet
  facet normal 0 0 1
    outer loop
      vertex 20.1223 5.07412 63.2
      vertex 67.6777 5.07412 63.2
      vertex 20.4376 5.30796 63.2
    endloop
  endfacet
  facet normal 0 0 1
    outer loop
      vertex 67.6777 5.07412 63.2
      vertex 20.1223 5.07412 63.2
      vertex 68.0144 4.87232 63.2
    endloop
  endfacet
  facet normal 0 0 1
    outer loop
      vertex 19.7856 4.87232 63.2
      vertex 68.0144 4.87232 63.2
      vertex 20.1223 5.07412 63.2
    endloop
  endfacet
  facet normal 0 0 1
    outer loop
      vertex 68.0144 4.87232 63.2
      vertex 19.7856 4.87232 63.2
      vertex 68.3693 4.70448 63.2
    endloop
  endfacet
  facet normal 0 0 1
    outer loop
      vertex 19.4307 4.70448 63.2
      vertex 68.3693 4.70448 63.2
      vertex 19.7856 4.87232 63.2
    endloop
  endfacet
  facet normal 0 0 1
    outer loop
      vertex 68.3693 4.70448 63.2
      vertex 19.4307 4.70448 63.2
      vertex 68.7389 4.57224 63.2
    endloop
  endfacet
  facet normal 0 0 1
    outer loop
      vertex 19.0611 4.57224 63.2
      vertex 68.7389 4.57224 63.2
      vertex 19.4307 4.70448 63.2
    endloop
  endfacet
  facet normal 0 0 1
    outer loop
      vertex 68.7389 4.57224 63.2
      vertex 19.0611 4.57224 63.2
      vertex 69.1196 4.47686 63.2
    endloop
  endfacet
  facet normal 0 0 1
    outer loop
      vertex 18.6804 4.47686 63.2
      vertex 69.1196 4.47686 63.2
      vertex 19.0611 4.57224 63.2
    endloop
  endfacet
  facet normal 0 0 1
    outer loop
      vertex 69.1196 4.47686 63.2
      vertex 18.6804 4.47686 63.2
      vertex 69.5079 4.41926 63.2
    endloop
  endfacet
  facet normal 0 0 1
    outer loop
      vertex 18.2921 4.41926 63.2
      vertex 69.5079 4.41926 63.2
      vertex 18.6804 4.47686 63.2
    endloop
  endfacet
  facet normal 0 0 1
    outer loop
      vertex 2 2 63.2
      vertex 69.5079 4.41926 63.2
      vertex 18.2921 4.41926 63.2
    endloop
  endfacet
  facet normal 0 0 1
    outer loop
      vertex 2 2 63.2
      vertex 18.2921 4.41926 63.2
      vertex 17.9 4.4 63.2
    endloop
  endfacet
  facet normal 0 0 1
    outer loop
      vertex 13.9193 8.79207 63.2
      vertex 9.3 7.9 63.2
      vertex 13.9 8.4 63.2
    endloop
  endfacet
  facet normal 0 0 1
    outer loop
      vertex 13.9 8.4 63.2
      vertex 9.3 7.9 63.2
      vertex 13.9193 8.00793 63.2
    endloop
  endfacet
  facet normal 0 0 1
    outer loop
      vertex 9.29326 7.76278 63.2
      vertex 13.9193 8.00793 63.2
      vertex 9.3 7.9 63.2
    endloop
  endfacet
  facet normal 0 0 1
    outer loop
      vertex 13.9193 8.00793 63.2
      vertex 9.29326 7.76278 63.2
      vertex 13.9769 7.61964 63.2
    endloop
  endfacet
  facet normal -0 0 1
    outer loop
      vertex 9.2731 7.62687 63.2
      vertex 13.9769 7.61964 63.2
      vertex 9.29326 7.76278 63.2
    endloop
  endfacet
  facet normal 0 0 1
    outer loop
      vertex 9.23972 7.4936 63.2
      vertex 13.9769 7.61964 63.2
      vertex 9.2731 7.62687 63.2
    endloop
  endfacet
  facet normal 0 0 1
    outer loop
      vertex 13.9769 7.61964 63.2
      vertex 9.23972 7.4936 63.2
      vertex 14.0722 7.23886 63.2
    endloop
  endfacet
  facet normal -0 0 1
    outer loop
      vertex 9.19343 7.36424 63.2
      vertex 14.0722 7.23886 63.2
      vertex 9.23972 7.4936 63.2
    endloop
  endfacet
  facet normal 0 0 1
    outer loop
      vertex 14.0722 7.23886 63.2
      vertex 9.19343 7.36424 63.2
      vertex 14.2045 6.86927 63.2
    endloop
  endfacet
  facet normal -0 0 1
    outer loop
      vertex 9.13469 7.24004 63.2
      vertex 14.2045 6.86927 63.2
      vertex 9.19343 7.36424 63.2
    endloop
  endfacet
  facet normal -0 0 1
    outer loop
      vertex 9.06406 7.1222 63.2
      vertex 14.2045 6.86927 63.2
      vertex 9.13469 7.24004 63.2
    endloop
  endfacet
  facet normal 0 0 1
    outer loop
      vertex 14.2045 6.86927 63.2
      vertex 9.06406 7.1222 63.2
      vertex 14.3723 6.51441 63.2
    endloop
  endfacet
  facet normal -0 0 1
    outer loop
      vertex 8.98221 7.01185 63.2
      vertex 14.3723 6.51441 63.2
      vertex 9.06406 7.1222 63.2
    endloop
  endfacet
  facet normal -0 0 1
    outer loop
      vertex 8.88995 6.91005 63.2
      vertex 14.3723 6.51441 63.2
      vertex 8.98221 7.01185 63.2
    endloop
  endfacet
  facet normal 0 0 1
    outer loop
      vertex 14.3723 6.51441 63.2
      vertex 8.88995 6.91005 63.2
      vertex 14.5741 6.17772 63.2
    endloop
  endfacet
  facet normal -0 0 1
    outer loop
      vertex 8.78815 6.81779 63.2
      vertex 14.5741 6.17772 63.2
      vertex 8.88995 6.91005 63.2
    endloop
  endfacet
  facet normal 0 0 1
    outer loop
      vertex 14.5741 6.17772 63.2
      vertex 8.78815 6.81779 63.2
      vertex 14.808 5.86243 63.2
    endloop
  endfacet
  facet normal -0 0 1
    outer loop
      vertex 8.6778 6.73594 63.2
      vertex 14.808 5.86243 63.2
      vertex 8.78815 6.81779 63.2
    endloop
  endfacet
  facet normal -0 0 1
    outer loop
      vertex 8.55995 6.66531 63.2
      vertex 14.808 5.86243 63.2
      vertex 8.6778 6.73594 63.2
    endloop
  endfacet
  facet normal 0 0 1
    outer loop
      vertex 14.808 5.86243 63.2
      vertex 8.55995 6.66531 63.2
      vertex 15.0716 5.57157 63.2
    endloop
  endfacet
  facet normal -0 0 1
    outer loop
      vertex 8.43576 6.60657 63.2
      vertex 15.0716 5.57157 63.2
      vertex 8.55995 6.66531 63.2
    endloop
  endfacet
  facet normal 0 0 1
    outer loop
      vertex 15.0716 5.57157 63.2
      vertex 8.43576 6.60657 63.2
      vertex 15.3624 5.30796 63.2
    endloop
  endfacet
  facet normal -0 0 1
    outer loop
      vertex 8.3064 6.56028 63.2
      vertex 15.3624 5.30796 63.2
      vertex 8.43576 6.60657 63.2
    endloop
  endfacet
  facet normal 0 0 1
    outer loop
      vertex 15.3624 5.30796 63.2
      vertex 8.3064 6.56028 63.2
      vertex 15.6777 5.07412 63.2
    endloop
  endfacet
  facet normal -0 0 1
    outer loop
      vertex 8.17313 6.5269 63.2
      vertex 15.6777 5.07412 63.2
      vertex 8.3064 6.56028 63.2
    endloop
  endfacet
  facet normal 0 0 1
    outer loop
      vertex 2 2 63.2
      vertex 15.6777 5.07412 63.2
      vertex 8.17313 6.5269 63.2
    endloop
  endfacet
  facet normal 0 0 1
    outer loop
      vertex 15.6777 5.07412 63.2
      vertex 2 2 63.2
      vertex 16.0144 4.87232 63.2
    endloop
  endfacet
  facet normal 0 0 1
    outer loop
      vertex 16.0144 4.87232 63.2
      vertex 2 2 63.2
      vertex 16.3693 4.70448 63.2
    endloop
  endfacet
  facet normal 0 0 1
    outer loop
      vertex 16.3693 4.70448 63.2
      vertex 2 2 63.2
      vertex 16.7389 4.57224 63.2
    endloop
  endfacet
  facet normal 0 0 1
    outer loop
      vertex 2 2 63.2
      vertex 8.17313 6.5269 63.2
      vertex 8.03722 6.50674 63.2
    endloop
  endfacet
  facet normal 0 0 1
    outer loop
      vertex 2 2 63.2
      vertex 8.03722 6.50674 63.2
      vertex 7.9 6.5 63.2
    endloop
  endfacet
  facet normal 0 0 1
    outer loop
      vertex 2 2 63.2
      vertex 7.9 6.5 63.2
      vertex 7.76278 6.50674 63.2
    endloop
  endfacet
  facet normal 0 0 1
    outer loop
      vertex 2 2 63.2
      vertex 7.76278 6.50674 63.2
      vertex 7.62687 6.5269 63.2
    endloop
  endfacet
  facet normal 0 0 1
    outer loop
      vertex 6.50674 8.03722 63.2
      vertex 2 2 63.2
      vertex 6.5 7.9 63.2
    endloop
  endfacet
  facet normal 0 0 1
    outer loop
      vertex 69.9 4.4 63.2
      vertex 2 2 63.2
      vertex 106.8 2 63.2
    endloop
  endfacet
  facet normal 0 0 1
    outer loop
      vertex 17.5079 4.41926 63.2
      vertex 2 2 63.2
      vertex 17.9 4.4 63.2
    endloop
  endfacet
  facet normal 0 0 1
    outer loop
      vertex 17.1196 4.47686 63.2
      vertex 2 2 63.2
      vertex 17.5079 4.41926 63.2
    endloop
  endfacet
  facet normal 0 0 1
    outer loop
      vertex 16.7389 4.57224 63.2
      vertex 2 2 63.2
      vertex 17.1196 4.47686 63.2
    endloop
  endfacet
  facet normal 0 0 1
    outer loop
      vertex 7.4936 6.56028 63.2
      vertex 2 2 63.2
      vertex 7.62687 6.5269 63.2
    endloop
  endfacet
  facet normal 0 0 1
    outer loop
      vertex 7.36424 6.60657 63.2
      vertex 2 2 63.2
      vertex 7.4936 6.56028 63.2
    endloop
  endfacet
  facet normal 0 0 1
    outer loop
      vertex 7.24004 6.66531 63.2
      vertex 2 2 63.2
      vertex 7.36424 6.60657 63.2
    endloop
  endfacet
  facet normal 0 0 1
    outer loop
      vertex 7.1222 6.73594 63.2
      vertex 2 2 63.2
      vertex 7.24004 6.66531 63.2
    endloop
  endfacet
  facet normal 0 0 1
    outer loop
      vertex 7.01185 6.81779 63.2
      vertex 2 2 63.2
      vertex 7.1222 6.73594 63.2
    endloop
  endfacet
  facet normal 0 0 1
    outer loop
      vertex 6.91005 6.91005 63.2
      vertex 2 2 63.2
      vertex 7.01185 6.81779 63.2
    endloop
  endfacet
  facet normal 0 0 1
    outer loop
      vertex 6.81779 7.01185 63.2
      vertex 2 2 63.2
      vertex 6.91005 6.91005 63.2
    endloop
  endfacet
  facet normal 0 0 1
    outer loop
      vertex 6.73594 7.1222 63.2
      vertex 2 2 63.2
      vertex 6.81779 7.01185 63.2
    endloop
  endfacet
  facet normal 0 0 1
    outer loop
      vertex 6.66531 7.24004 63.2
      vertex 2 2 63.2
      vertex 6.73594 7.1222 63.2
    endloop
  endfacet
  facet normal 0 0 1
    outer loop
      vertex 6.60657 7.36424 63.2
      vertex 2 2 63.2
      vertex 6.66531 7.24004 63.2
    endloop
  endfacet
  facet normal 0 0 1
    outer loop
      vertex 6.56028 7.4936 63.2
      vertex 2 2 63.2
      vertex 6.60657 7.36424 63.2
    endloop
  endfacet
  facet normal 0 0 1
    outer loop
      vertex 6.5269 7.62687 63.2
      vertex 2 2 63.2
      vertex 6.56028 7.4936 63.2
    endloop
  endfacet
  facet normal 0 0 1
    outer loop
      vertex 6.50674 7.76278 63.2
      vertex 2 2 63.2
      vertex 6.5269 7.62687 63.2
    endloop
  endfacet
  facet normal 0 0 1
    outer loop
      vertex 6.5 7.9 63.2
      vertex 2 2 63.2
      vertex 6.50674 7.76278 63.2
    endloop
  endfacet
  facet normal 0 0 1
    outer loop
      vertex 19.2933 8.53722 63.2
      vertex 19.2933 8.26278 63.2
      vertex 19.3 8.4 63.2
    endloop
  endfacet
  facet normal 0 0 1
    outer loop
      vertex 19.2731 8.67313 63.2
      vertex 19.2933 8.26278 63.2
      vertex 19.2933 8.53722 63.2
    endloop
  endfacet
  facet normal 0 0 1
    outer loop
      vertex 19.2731 8.67313 63.2
      vertex 19.2731 8.12687 63.2
      vertex 19.2933 8.26278 63.2
    endloop
  endfacet
  facet normal 0 0 1
    outer loop
      vertex 19.2397 8.8064 63.2
      vertex 19.2731 8.12687 63.2
      vertex 19.2731 8.67313 63.2
    endloop
  endfacet
  facet normal 0 0 1
    outer loop
      vertex 19.2397 8.8064 63.2
      vertex 19.2397 7.9936 63.2
      vertex 19.2731 8.12687 63.2
    endloop
  endfacet
  facet normal 0 0 1
    outer loop
      vertex 19.1934 8.93576 63.2
      vertex 19.2397 7.9936 63.2
      vertex 19.2397 8.8064 63.2
    endloop
  endfacet
  facet normal 0 0 1
    outer loop
      vertex 19.1934 8.93576 63.2
      vertex 19.1934 7.86424 63.2
      vertex 19.2397 7.9936 63.2
    endloop
  endfacet
  facet normal 0 0 1
    outer loop
      vertex 19.1347 9.05995 63.2
      vertex 19.1934 7.86424 63.2
      vertex 19.1934 8.93576 63.2
    endloop
  endfacet
  facet normal 0 0 1
    outer loop
      vertex 19.1347 9.05995 63.2
      vertex 19.1347 7.74005 63.2
      vertex 19.1934 7.86424 63.2
    endloop
  endfacet
  facet normal 0 0 1
    outer loop
      vertex 19.0641 9.1778 63.2
      vertex 19.1347 7.74005 63.2
      vertex 19.1347 9.05995 63.2
    endloop
  endfacet
  facet normal 0 0 1
    outer loop
      vertex 19.0641 9.1778 63.2
      vertex 19.0641 7.6222 63.2
      vertex 19.1347 7.74005 63.2
    endloop
  endfacet
  facet normal 0 0 1
    outer loop
      vertex 18.9822 9.28815 63.2
      vertex 19.0641 7.6222 63.2
      vertex 19.0641 9.1778 63.2
    endloop
  endfacet
  facet normal 0 0 1
    outer loop
      vertex 18.9822 9.28815 63.2
      vertex 18.9822 7.51185 63.2
      vertex 19.0641 7.6222 63.2
    endloop
  endfacet
  facet normal 0 0 1
    outer loop
      vertex 18.8899 9.38995 63.2
      vertex 18.9822 7.51185 63.2
      vertex 18.9822 9.28815 63.2
    endloop
  endfacet
  facet normal 0 0 1
    outer loop
      vertex 18.8899 9.38995 63.2
      vertex 18.8899 7.41005 63.2
      vertex 18.9822 7.51185 63.2
    endloop
  endfacet
  facet normal 0 0 1
    outer loop
      vertex 18.7882 9.48221 63.2
      vertex 18.8899 7.41005 63.2
      vertex 18.8899 9.38995 63.2
    endloop
  endfacet
  facet normal 0 0 1
    outer loop
      vertex 18.7882 9.48221 63.2
      vertex 18.7882 7.31779 63.2
      vertex 18.8899 7.41005 63.2
    endloop
  endfacet
  facet normal 0 0 1
    outer loop
      vertex 18.6778 9.56406 63.2
      vertex 18.7882 7.31779 63.2
      vertex 18.7882 9.48221 63.2
    endloop
  endfacet
  facet normal 0 0 1
    outer loop
      vertex 18.6778 9.56406 63.2
      vertex 18.6778 7.23594 63.2
      vertex 18.7882 7.31779 63.2
    endloop
  endfacet
  facet normal 0 0 1
    outer loop
      vertex 18.56 9.63469 63.2
      vertex 18.6778 7.23594 63.2
      vertex 18.6778 9.56406 63.2
    endloop
  endfacet
  facet normal 0 0 1
    outer loop
      vertex 18.56 9.63469 63.2
      vertex 18.56 7.16531 63.2
      vertex 18.6778 7.23594 63.2
    endloop
  endfacet
  facet normal 0 0 1
    outer loop
      vertex 18.4358 9.69343 63.2
      vertex 18.56 7.16531 63.2
      vertex 18.56 9.63469 63.2
    endloop
  endfacet
  facet normal 0 0 1
    outer loop
      vertex 18.4358 9.69343 63.2
      vertex 18.4358 7.10657 63.2
      vertex 18.56 7.16531 63.2
    endloop
  endfacet
  facet normal 0 0 1
    outer loop
      vertex 18.3064 9.73972 63.2
      vertex 18.4358 7.10657 63.2
      vertex 18.4358 9.69343 63.2
    endloop
  endfacet
  facet normal 0 0 1
    outer loop
      vertex 18.3064 9.73972 63.2
      vertex 18.3064 7.06028 63.2
      vertex 18.4358 7.10657 63.2
    endloop
  endfacet
  facet normal 0 0 1
    outer loop
      vertex 18.1731 9.7731 63.2
      vertex 18.3064 7.06028 63.2
      vertex 18.3064 9.73972 63.2
    endloop
  endfacet
  facet normal 0 0 1
    outer loop
      vertex 18.1731 9.7731 63.2
      vertex 18.1731 7.0269 63.2
      vertex 18.3064 7.06028 63.2
    endloop
  endfacet
  facet normal 0 0 1
    outer loop
      vertex 18.0372 9.79326 63.2
      vertex 18.1731 7.0269 63.2
      vertex 18.1731 9.7731 63.2
    endloop
  endfacet
  facet normal 0 0 1
    outer loop
      vertex 18.0372 9.79326 63.2
      vertex 18.0372 7.00674 63.2
      vertex 18.1731 7.0269 63.2
    endloop
  endfacet
  facet normal 0 0 1
    outer loop
      vertex 17.9 9.8 63.2
      vertex 18.0372 7.00674 63.2
      vertex 18.0372 9.79326 63.2
    endloop
  endfacet
  facet normal 0 0 1
    outer loop
      vertex 17.9 9.8 63.2
      vertex 17.9 7 63.2
      vertex 18.0372 7.00674 63.2
    endloop
  endfacet
  facet normal -0 0 1
    outer loop
      vertex 17.7628 9.79326 63.2
      vertex 17.9 7 63.2
      vertex 17.9 9.8 63.2
    endloop
  endfacet
  facet normal 0 0 1
    outer loop
      vertex 17.7628 9.79326 63.2
      vertex 17.7628 7.00674 63.2
      vertex 17.9 7 63.2
    endloop
  endfacet
  facet normal -0 0 1
    outer loop
      vertex 17.6269 9.7731 63.2
      vertex 17.7628 7.00674 63.2
      vertex 17.7628 9.79326 63.2
    endloop
  endfacet
  facet normal 0 0 1
    outer loop
      vertex 17.6269 9.7731 63.2
      vertex 17.6269 7.0269 63.2
      vertex 17.7628 7.00674 63.2
    endloop
  endfacet
  facet normal -0 0 1
    outer loop
      vertex 17.4936 9.73972 63.2
      vertex 17.6269 7.0269 63.2
      vertex 17.6269 9.7731 63.2
    endloop
  endfacet
  facet normal 0 0 1
    outer loop
      vertex 17.4936 9.73972 63.2
      vertex 17.4936 7.06028 63.2
      vertex 17.6269 7.0269 63.2
    endloop
  endfacet
  facet normal -0 0 1
    outer loop
      vertex 17.3642 9.69343 63.2
      vertex 17.4936 7.06028 63.2
      vertex 17.4936 9.73972 63.2
    endloop
  endfacet
  facet normal 0 0 1
    outer loop
      vertex 17.3642 9.69343 63.2
      vertex 17.3642 7.10657 63.2
      vertex 17.4936 7.06028 63.2
    endloop
  endfacet
  facet normal -0 0 1
    outer loop
      vertex 17.24 9.63469 63.2
      vertex 17.3642 7.10657 63.2
      vertex 17.3642 9.69343 63.2
    endloop
  endfacet
  facet normal 0 0 1
    outer loop
      vertex 17.24 9.63469 63.2
      vertex 17.24 7.16531 63.2
      vertex 17.3642 7.10657 63.2
    endloop
  endfacet
  facet normal -0 0 1
    outer loop
      vertex 17.1222 9.56406 63.2
      vertex 17.24 7.16531 63.2
      vertex 17.24 9.63469 63.2
    endloop
  endfacet
  facet normal 0 0 1
    outer loop
      vertex 17.1222 9.56406 63.2
      vertex 17.1222 7.23594 63.2
      vertex 17.24 7.16531 63.2
    endloop
  endfacet
  facet normal -0 0 1
    outer loop
      vertex 17.0119 9.48221 63.2
      vertex 17.1222 7.23594 63.2
      vertex 17.1222 9.56406 63.2
    endloop
  endfacet
  facet normal 0 0 1
    outer loop
      vertex 17.0119 9.48221 63.2
      vertex 17.0119 7.31779 63.2
      vertex 17.1222 7.23594 63.2
    endloop
  endfacet
  facet normal -0 0 1
    outer loop
      vertex 16.9101 9.38995 63.2
      vertex 17.0119 7.31779 63.2
      vertex 17.0119 9.48221 63.2
    endloop
  endfacet
  facet normal 0 0 1
    outer loop
      vertex 16.9101 9.38995 63.2
      vertex 16.9101 7.41005 63.2
      vertex 17.0119 7.31779 63.2
    endloop
  endfacet
  facet normal -0 0 1
    outer loop
      vertex 16.8178 9.28815 63.2
      vertex 16.9101 7.41005 63.2
      vertex 16.9101 9.38995 63.2
    endloop
  endfacet
  facet normal 0 0 1
    outer loop
      vertex 16.8178 9.28815 63.2
      vertex 16.8178 7.51185 63.2
      vertex 16.9101 7.41005 63.2
    endloop
  endfacet
  facet normal -0 0 1
    outer loop
      vertex 16.7359 9.1778 63.2
      vertex 16.8178 7.51185 63.2
      vertex 16.8178 9.28815 63.2
    endloop
  endfacet
  facet normal 0 0 1
    outer loop
      vertex 16.7359 9.1778 63.2
      vertex 16.7359 7.6222 63.2
      vertex 16.8178 7.51185 63.2
    endloop
  endfacet
  facet normal -0 0 1
    outer loop
      vertex 16.6653 9.05995 63.2
      vertex 16.7359 7.6222 63.2
      vertex 16.7359 9.1778 63.2
    endloop
  endfacet
  facet normal 0 0 1
    outer loop
      vertex 16.6653 9.05995 63.2
      vertex 16.6653 7.74005 63.2
      vertex 16.7359 7.6222 63.2
    endloop
  endfacet
  facet normal -0 0 1
    outer loop
      vertex 16.6066 8.93576 63.2
      vertex 16.6653 7.74005 63.2
      vertex 16.6653 9.05995 63.2
    endloop
  endfacet
  facet normal 0 0 1
    outer loop
      vertex 16.6066 8.93576 63.2
      vertex 16.6066 7.86424 63.2
      vertex 16.6653 7.74005 63.2
    endloop
  endfacet
  facet normal -0 0 1
    outer loop
      vertex 16.5603 8.8064 63.2
      vertex 16.6066 7.86424 63.2
      vertex 16.6066 8.93576 63.2
    endloop
  endfacet
  facet normal 0 0 1
    outer loop
      vertex 16.5603 8.8064 63.2
      vertex 16.5603 7.9936 63.2
      vertex 16.6066 7.86424 63.2
    endloop
  endfacet
  facet normal -0 0 1
    outer loop
      vertex 16.5269 8.67313 63.2
      vertex 16.5603 7.9936 63.2
      vertex 16.5603 8.8064 63.2
    endloop
  endfacet
  facet normal 0 0 1
    outer loop
      vertex 16.5269 8.67313 63.2
      vertex 16.5269 8.12687 63.2
      vertex 16.5603 7.9936 63.2
    endloop
  endfacet
  facet normal -0 0 1
    outer loop
      vertex 16.5067 8.53722 63.2
      vertex 16.5269 8.12687 63.2
      vertex 16.5269 8.67313 63.2
    endloop
  endfacet
  facet normal 0 0 1
    outer loop
      vertex 16.5067 8.53722 63.2
      vertex 16.5067 8.26278 63.2
      vertex 16.5269 8.12687 63.2
    endloop
  endfacet
  facet normal 0 -0 1
    outer loop
      vertex 16.5067 8.26278 63.2
      vertex 16.5067 8.53722 63.2
      vertex 16.5 8.4 63.2
    endloop
  endfacet
  facet normal 0 0 1
    outer loop
      vertex 19.2933 50.5372 63.2
      vertex 19.2933 50.2628 63.2
      vertex 19.3 50.4 63.2
    endloop
  endfacet
  facet normal 0 0 1
    outer loop
      vertex 19.2731 50.6731 63.2
      vertex 19.2933 50.2628 63.2
      vertex 19.2933 50.5372 63.2
    endloop
  endfacet
  facet normal 0 0 1
    outer loop
      vertex 19.2731 50.6731 63.2
      vertex 19.2731 50.1269 63.2
      vertex 19.2933 50.2628 63.2
    endloop
  endfacet
  facet normal 0 0 1
    outer loop
      vertex 19.2397 50.8064 63.2
      vertex 19.2731 50.1269 63.2
      vertex 19.2731 50.6731 63.2
    endloop
  endfacet
  facet normal 0 0 1
    outer loop
      vertex 19.2397 50.8064 63.2
      vertex 19.2397 49.9936 63.2
      vertex 19.2731 50.1269 63.2
    endloop
  endfacet
  facet normal 0 0 1
    outer loop
      vertex 19.1934 50.9358 63.2
      vertex 19.2397 49.9936 63.2
      vertex 19.2397 50.8064 63.2
    endloop
  endfacet
  facet normal 0 0 1
    outer loop
      vertex 19.1934 50.9358 63.2
      vertex 19.1934 49.8642 63.2
      vertex 19.2397 49.9936 63.2
    endloop
  endfacet
  facet normal 0 0 1
    outer loop
      vertex 19.1347 51.06 63.2
      vertex 19.1934 49.8642 63.2
      vertex 19.1934 50.9358 63.2
    endloop
  endfacet
  facet normal 0 0 1
    outer loop
      vertex 19.1347 51.06 63.2
      vertex 19.1347 49.74 63.2
      vertex 19.1934 49.8642 63.2
    endloop
  endfacet
  facet normal 0 0 1
    outer loop
      vertex 19.0641 51.1778 63.2
      vertex 19.1347 49.74 63.2
      vertex 19.1347 51.06 63.2
    endloop
  endfacet
  facet normal 0 0 1
    outer loop
      vertex 19.0641 51.1778 63.2
      vertex 19.0641 49.6222 63.2
      vertex 19.1347 49.74 63.2
    endloop
  endfacet
  facet normal 0 0 1
    outer loop
      vertex 18.9822 51.2882 63.2
      vertex 19.0641 49.6222 63.2
      vertex 19.0641 51.1778 63.2
    endloop
  endfacet
  facet normal 0 0 1
    outer loop
      vertex 18.9822 51.2882 63.2
      vertex 18.9822 49.5118 63.2
      vertex 19.0641 49.6222 63.2
    endloop
  endfacet
  facet normal 0 0 1
    outer loop
      vertex 18.8899 51.3899 63.2
      vertex 18.9822 49.5118 63.2
      vertex 18.9822 51.2882 63.2
    endloop
  endfacet
  facet normal 0 0 1
    outer loop
      vertex 18.8899 51.3899 63.2
      vertex 18.8899 49.41 63.2
      vertex 18.9822 49.5118 63.2
    endloop
  endfacet
  facet normal 0 0 1
    outer loop
      vertex 18.7882 51.4822 63.2
      vertex 18.8899 49.41 63.2
      vertex 18.8899 51.3899 63.2
    endloop
  endfacet
  facet normal 0 0 1
    outer loop
      vertex 18.7882 51.4822 63.2
      vertex 18.7882 49.3178 63.2
      vertex 18.8899 49.41 63.2
    endloop
  endfacet
  facet normal 0 0 1
    outer loop
      vertex 18.6778 51.5641 63.2
      vertex 18.7882 49.3178 63.2
      vertex 18.7882 51.4822 63.2
    endloop
  endfacet
  facet normal 0 0 1
    outer loop
      vertex 18.6778 51.5641 63.2
      vertex 18.6778 49.2359 63.2
      vertex 18.7882 49.3178 63.2
    endloop
  endfacet
  facet normal 0 0 1
    outer loop
      vertex 18.56 51.6347 63.2
      vertex 18.6778 49.2359 63.2
      vertex 18.6778 51.5641 63.2
    endloop
  endfacet
  facet normal 0 0 1
    outer loop
      vertex 18.56 51.6347 63.2
      vertex 18.56 49.1653 63.2
      vertex 18.6778 49.2359 63.2
    endloop
  endfacet
  facet normal 0 0 1
    outer loop
      vertex 18.4358 51.6934 63.2
      vertex 18.56 49.1653 63.2
      vertex 18.56 51.6347 63.2
    endloop
  endfacet
  facet normal 0 0 1
    outer loop
      vertex 18.4358 51.6934 63.2
      vertex 18.4358 49.1066 63.2
      vertex 18.56 49.1653 63.2
    endloop
  endfacet
  facet normal 0 0 1
    outer loop
      vertex 18.3064 51.7397 63.2
      vertex 18.4358 49.1066 63.2
      vertex 18.4358 51.6934 63.2
    endloop
  endfacet
  facet normal 0 0 1
    outer loop
      vertex 18.3064 51.7397 63.2
      vertex 18.3064 49.0603 63.2
      vertex 18.4358 49.1066 63.2
    endloop
  endfacet
  facet normal 0 0 1
    outer loop
      vertex 18.1731 51.7731 63.2
      vertex 18.3064 49.0603 63.2
      vertex 18.3064 51.7397 63.2
    endloop
  endfacet
  facet normal 0 0 1
    outer loop
      vertex 18.1731 51.7731 63.2
      vertex 18.1731 49.0269 63.2
      vertex 18.3064 49.0603 63.2
    endloop
  endfacet
  facet normal 0 0 1
    outer loop
      vertex 18.0372 51.7933 63.2
      vertex 18.1731 49.0269 63.2
      vertex 18.1731 51.7731 63.2
    endloop
  endfacet
  facet normal 0 0 1
    outer loop
      vertex 18.0372 51.7933 63.2
      vertex 18.0372 49.0067 63.2
      vertex 18.1731 49.0269 63.2
    endloop
  endfacet
  facet normal 0 0 1
    outer loop
      vertex 17.9 51.8 63.2
      vertex 18.0372 49.0067 63.2
      vertex 18.0372 51.7933 63.2
    endloop
  endfacet
  facet normal 0 0 1
    outer loop
      vertex 17.9 51.8 63.2
      vertex 17.9 49 63.2
      vertex 18.0372 49.0067 63.2
    endloop
  endfacet
  facet normal -0 0 1
    outer loop
      vertex 17.7628 51.7933 63.2
      vertex 17.9 49 63.2
      vertex 17.9 51.8 63.2
    endloop
  endfacet
  facet normal 0 0 1
    outer loop
      vertex 17.7628 51.7933 63.2
      vertex 17.7628 49.0067 63.2
      vertex 17.9 49 63.2
    endloop
  endfacet
  facet normal -0 0 1
    outer loop
      vertex 17.6269 51.7731 63.2
      vertex 17.7628 49.0067 63.2
      vertex 17.7628 51.7933 63.2
    endloop
  endfacet
  facet normal 0 0 1
    outer loop
      vertex 17.6269 51.7731 63.2
      vertex 17.6269 49.0269 63.2
      vertex 17.7628 49.0067 63.2
    endloop
  endfacet
  facet normal -0 0 1
    outer loop
      vertex 17.4936 51.7397 63.2
      vertex 17.6269 49.0269 63.2
      vertex 17.6269 51.7731 63.2
    endloop
  endfacet
  facet normal 0 0 1
    outer loop
      vertex 17.4936 51.7397 63.2
      vertex 17.4936 49.0603 63.2
      vertex 17.6269 49.0269 63.2
    endloop
  endfacet
  facet normal -0 0 1
    outer loop
      vertex 17.3642 51.6934 63.2
      vertex 17.4936 49.0603 63.2
      vertex 17.4936 51.7397 63.2
    endloop
  endfacet
  facet normal 0 0 1
    outer loop
      vertex 17.3642 51.6934 63.2
      vertex 17.3642 49.1066 63.2
      vertex 17.4936 49.0603 63.2
    endloop
  endfacet
  facet normal -0 0 1
    outer loop
      vertex 17.24 51.6347 63.2
      vertex 17.3642 49.1066 63.2
      vertex 17.3642 51.6934 63.2
    endloop
  endfacet
  facet normal 0 0 1
    outer loop
      vertex 17.24 51.6347 63.2
      vertex 17.24 49.1653 63.2
      vertex 17.3642 49.1066 63.2
    endloop
  endfacet
  facet normal -0 0 1
    outer loop
      vertex 17.1222 51.5641 63.2
      vertex 17.24 49.1653 63.2
      vertex 17.24 51.6347 63.2
    endloop
  endfacet
  facet normal 0 0 1
    outer loop
      vertex 17.1222 51.5641 63.2
      vertex 17.1222 49.2359 63.2
      vertex 17.24 49.1653 63.2
    endloop
  endfacet
  facet normal -0 0 1
    outer loop
      vertex 17.0119 51.4822 63.2
      vertex 17.1222 49.2359 63.2
      vertex 17.1222 51.5641 63.2
    endloop
  endfacet
  facet normal 0 0 1
    outer loop
      vertex 17.0119 51.4822 63.2
      vertex 17.0119 49.3178 63.2
      vertex 17.1222 49.2359 63.2
    endloop
  endfacet
  facet normal -0 0 1
    outer loop
      vertex 16.9101 51.3899 63.2
      vertex 17.0119 49.3178 63.2
      vertex 17.0119 51.4822 63.2
    endloop
  endfacet
  facet normal 0 0 1
    outer loop
      vertex 16.9101 51.3899 63.2
      vertex 16.9101 49.41 63.2
      vertex 17.0119 49.3178 63.2
    endloop
  endfacet
  facet normal -0 0 1
    outer loop
      vertex 16.8178 51.2882 63.2
      vertex 16.9101 49.41 63.2
      vertex 16.9101 51.3899 63.2
    endloop
  endfacet
  facet normal 0 0 1
    outer loop
      vertex 16.8178 51.2882 63.2
      vertex 16.8178 49.5118 63.2
      vertex 16.9101 49.41 63.2
    endloop
  endfacet
  facet normal -0 0 1
    outer loop
      vertex 16.7359 51.1778 63.2
      vertex 16.8178 49.5118 63.2
      vertex 16.8178 51.2882 63.2
    endloop
  endfacet
  facet normal 0 0 1
    outer loop
      vertex 16.7359 51.1778 63.2
      vertex 16.7359 49.6222 63.2
      vertex 16.8178 49.5118 63.2
    endloop
  endfacet
  facet normal -0 0 1
    outer loop
      vertex 16.6653 51.06 63.2
      vertex 16.7359 49.6222 63.2
      vertex 16.7359 51.1778 63.2
    endloop
  endfacet
  facet normal 0 0 1
    outer loop
      vertex 16.6653 51.06 63.2
      vertex 16.6653 49.74 63.2
      vertex 16.7359 49.6222 63.2
    endloop
  endfacet
  facet normal -0 0 1
    outer loop
      vertex 16.6066 50.9358 63.2
      vertex 16.6653 49.74 63.2
      vertex 16.6653 51.06 63.2
    endloop
  endfacet
  facet normal 0 0 1
    outer loop
      vertex 16.6066 50.9358 63.2
      vertex 16.6066 49.8642 63.2
      vertex 16.6653 49.74 63.2
    endloop
  endfacet
  facet normal -0 0 1
    outer loop
      vertex 16.5603 50.8064 63.2
      vertex 16.6066 49.8642 63.2
      vertex 16.6066 50.9358 63.2
    endloop
  endfacet
  facet normal 0 0 1
    outer loop
      vertex 16.5603 50.8064 63.2
      vertex 16.5603 49.9936 63.2
      vertex 16.6066 49.8642 63.2
    endloop
  endfacet
  facet normal -0 0 1
    outer loop
      vertex 16.5269 50.6731 63.2
      vertex 16.5603 49.9936 63.2
      vertex 16.5603 50.8064 63.2
    endloop
  endfacet
  facet normal 0 0 1
    outer loop
      vertex 16.5269 50.6731 63.2
      vertex 16.5269 50.1269 63.2
      vertex 16.5603 49.9936 63.2
    endloop
  endfacet
  facet normal -0 0 1
    outer loop
      vertex 16.5067 50.5372 63.2
      vertex 16.5269 50.1269 63.2
      vertex 16.5269 50.6731 63.2
    endloop
  endfacet
  facet normal 0 0 1
    outer loop
      vertex 16.5067 50.5372 63.2
      vertex 16.5067 50.2628 63.2
      vertex 16.5269 50.1269 63.2
    endloop
  endfacet
  facet normal 0 -0 1
    outer loop
      vertex 16.5067 50.2628 63.2
      vertex 16.5067 50.5372 63.2
      vertex 16.5 50.4 63.2
    endloop
  endfacet
  facet normal 0 0 1
    outer loop
      vertex 71.2933 8.53722 63.2
      vertex 71.2933 8.26278 63.2
      vertex 71.3 8.4 63.2
    endloop
  endfacet
  facet normal 0 0 1
    outer loop
      vertex 71.2731 8.67313 63.2
      vertex 71.2933 8.26278 63.2
      vertex 71.2933 8.53722 63.2
    endloop
  endfacet
  facet normal 0 0 1
    outer loop
      vertex 71.2731 8.67313 63.2
      vertex 71.2731 8.12687 63.2
      vertex 71.2933 8.26278 63.2
    endloop
  endfacet
  facet normal 0 0 1
    outer loop
      vertex 71.2397 8.8064 63.2
      vertex 71.2731 8.12687 63.2
      vertex 71.2731 8.67313 63.2
    endloop
  endfacet
  facet normal 0 0 1
    outer loop
      vertex 71.2397 8.8064 63.2
      vertex 71.2397 7.9936 63.2
      vertex 71.2731 8.12687 63.2
    endloop
  endfacet
  facet normal 0 0 1
    outer loop
      vertex 71.1934 8.93576 63.2
      vertex 71.2397 7.9936 63.2
      vertex 71.2397 8.8064 63.2
    endloop
  endfacet
  facet normal 0 0 1
    outer loop
      vertex 71.1934 8.93576 63.2
      vertex 71.1934 7.86424 63.2
      vertex 71.2397 7.9936 63.2
    endloop
  endfacet
  facet normal 0 0 1
    outer loop
      vertex 71.1347 9.05995 63.2
      vertex 71.1934 7.86424 63.2
      vertex 71.1934 8.93576 63.2
    endloop
  endfacet
  facet normal 0 0 1
    outer loop
      vertex 71.1347 9.05995 63.2
      vertex 71.1347 7.74005 63.2
      vertex 71.1934 7.86424 63.2
    endloop
  endfacet
  facet normal 0 0 1
    outer loop
      vertex 71.0641 9.1778 63.2
      vertex 71.1347 7.74005 63.2
      vertex 71.1347 9.05995 63.2
    endloop
  endfacet
  facet normal 0 0 1
    outer loop
      vertex 71.0641 9.1778 63.2
      vertex 71.0641 7.6222 63.2
      vertex 71.1347 7.74005 63.2
    endloop
  endfacet
  facet normal 0 0 1
    outer loop
      vertex 70.9822 9.28815 63.2
      vertex 71.0641 7.6222 63.2
      vertex 71.0641 9.1778 63.2
    endloop
  endfacet
  facet normal 0 0 1
    outer loop
      vertex 70.9822 9.28815 63.2
      vertex 70.9822 7.51185 63.2
      vertex 71.0641 7.6222 63.2
    endloop
  endfacet
  facet normal 0 0 1
    outer loop
      vertex 70.8899 9.38995 63.2
      vertex 70.9822 7.51185 63.2
      vertex 70.9822 9.28815 63.2
    endloop
  endfacet
  facet normal 0 0 1
    outer loop
      vertex 70.8899 9.38995 63.2
      vertex 70.8899 7.41005 63.2
      vertex 70.9822 7.51185 63.2
    endloop
  endfacet
  facet normal 0 0 1
    outer loop
      vertex 70.7881 9.48221 63.2
      vertex 70.8899 7.41005 63.2
      vertex 70.8899 9.38995 63.2
    endloop
  endfacet
  facet normal 0 0 1
    outer loop
      vertex 70.7881 9.48221 63.2
      vertex 70.7881 7.31779 63.2
      vertex 70.8899 7.41005 63.2
    endloop
  endfacet
  facet normal 0 0 1
    outer loop
      vertex 70.6778 9.56406 63.2
      vertex 70.7881 7.31779 63.2
      vertex 70.7881 9.48221 63.2
    endloop
  endfacet
  facet normal 0 0 1
    outer loop
      vertex 70.6778 9.56406 63.2
      vertex 70.6778 7.23594 63.2
      vertex 70.7881 7.31779 63.2
    endloop
  endfacet
  facet normal 0 0 1
    outer loop
      vertex 70.56 9.63469 63.2
      vertex 70.6778 7.23594 63.2
      vertex 70.6778 9.56406 63.2
    endloop
  endfacet
  facet normal 0 0 1
    outer loop
      vertex 70.56 9.63469 63.2
      vertex 70.56 7.16531 63.2
      vertex 70.6778 7.23594 63.2
    endloop
  endfacet
  facet normal 0 0 1
    outer loop
      vertex 70.4358 9.69343 63.2
      vertex 70.56 7.16531 63.2
      vertex 70.56 9.63469 63.2
    endloop
  endfacet
  facet normal 0 0 1
    outer loop
      vertex 70.4358 9.69343 63.2
      vertex 70.4358 7.10657 63.2
      vertex 70.56 7.16531 63.2
    endloop
  endfacet
  facet normal 0 0 1
    outer loop
      vertex 70.3064 9.73972 63.2
      vertex 70.4358 7.10657 63.2
      vertex 70.4358 9.69343 63.2
    endloop
  endfacet
  facet normal 0 0 1
    outer loop
      vertex 70.3064 9.73972 63.2
      vertex 70.3064 7.06028 63.2
      vertex 70.4358 7.10657 63.2
    endloop
  endfacet
  facet normal 0 0 1
    outer loop
      vertex 70.1731 9.7731 63.2
      vertex 70.3064 7.06028 63.2
      vertex 70.3064 9.73972 63.2
    endloop
  endfacet
  facet normal 0 0 1
    outer loop
      vertex 70.1731 9.7731 63.2
      vertex 70.1731 7.0269 63.2
      vertex 70.3064 7.06028 63.2
    endloop
  endfacet
  facet normal 0 0 1
    outer loop
      vertex 70.0372 9.79326 63.2
      vertex 70.1731 7.0269 63.2
      vertex 70.1731 9.7731 63.2
    endloop
  endfacet
  facet normal 0 0 1
    outer loop
      vertex 70.0372 9.79326 63.2
      vertex 70.0372 7.00674 63.2
      vertex 70.1731 7.0269 63.2
    endloop
  endfacet
  facet normal 0 0 1
    outer loop
      vertex 69.9 9.8 63.2
      vertex 70.0372 7.00674 63.2
      vertex 70.0372 9.79326 63.2
    endloop
  endfacet
  facet normal 0 0 1
    outer loop
      vertex 69.9 9.8 63.2
      vertex 69.9 7 63.2
      vertex 70.0372 7.00674 63.2
    endloop
  endfacet
  facet normal -0 0 1
    outer loop
      vertex 69.7628 9.79326 63.2
      vertex 69.9 7 63.2
      vertex 69.9 9.8 63.2
    endloop
  endfacet
  facet normal 0 0 1
    outer loop
      vertex 69.7628 9.79326 63.2
      vertex 69.7628 7.00674 63.2
      vertex 69.9 7 63.2
    endloop
  endfacet
  facet normal -0 0 1
    outer loop
      vertex 69.6269 9.7731 63.2
      vertex 69.7628 7.00674 63.2
      vertex 69.7628 9.79326 63.2
    endloop
  endfacet
  facet normal 0 0 1
    outer loop
      vertex 69.6269 9.7731 63.2
      vertex 69.6269 7.0269 63.2
      vertex 69.7628 7.00674 63.2
    endloop
  endfacet
  facet normal -0 0 1
    outer loop
      vertex 69.4936 9.73972 63.2
      vertex 69.6269 7.0269 63.2
      vertex 69.6269 9.7731 63.2
    endloop
  endfacet
  facet normal 0 0 1
    outer loop
      vertex 69.4936 9.73972 63.2
      vertex 69.4936 7.06028 63.2
      vertex 69.6269 7.0269 63.2
    endloop
  endfacet
  facet normal -0 0 1
    outer loop
      vertex 69.3642 9.69343 63.2
      vertex 69.4936 7.06028 63.2
      vertex 69.4936 9.73972 63.2
    endloop
  endfacet
  facet normal 0 0 1
    outer loop
      vertex 69.3642 9.69343 63.2
      vertex 69.3642 7.10657 63.2
      vertex 69.4936 7.06028 63.2
    endloop
  endfacet
  facet normal -0 0 1
    outer loop
      vertex 69.24 9.63469 63.2
      vertex 69.3642 7.10657 63.2
      vertex 69.3642 9.69343 63.2
    endloop
  endfacet
  facet normal 0 0 1
    outer loop
      vertex 69.24 9.63469 63.2
      vertex 69.24 7.16531 63.2
      vertex 69.3642 7.10657 63.2
    endloop
  endfacet
  facet normal -0 0 1
    outer loop
      vertex 69.1222 9.56406 63.2
      vertex 69.24 7.16531 63.2
      vertex 69.24 9.63469 63.2
    endloop
  endfacet
  facet normal 0 0 1
    outer loop
      vertex 69.1222 9.56406 63.2
      vertex 69.1222 7.23594 63.2
      vertex 69.24 7.16531 63.2
    endloop
  endfacet
  facet normal -0 0 1
    outer loop
      vertex 69.0118 9.48221 63.2
      vertex 69.1222 7.23594 63.2
      vertex 69.1222 9.56406 63.2
    endloop
  endfacet
  facet normal 0 0 1
    outer loop
      vertex 69.0118 9.48221 63.2
      vertex 69.0118 7.31779 63.2
      vertex 69.1222 7.23594 63.2
    endloop
  endfacet
  facet normal -0 0 1
    outer loop
      vertex 68.91 9.38995 63.2
      vertex 69.0118 7.31779 63.2
      vertex 69.0118 9.48221 63.2
    endloop
  endfacet
  facet normal 0 0 1
    outer loop
      vertex 68.91 9.38995 63.2
      vertex 68.91 7.41005 63.2
      vertex 69.0118 7.31779 63.2
    endloop
  endfacet
  facet normal -0 0 1
    outer loop
      vertex 68.8178 9.28815 63.2
      vertex 68.91 7.41005 63.2
      vertex 68.91 9.38995 63.2
    endloop
  endfacet
  facet normal 0 0 1
    outer loop
      vertex 68.8178 9.28815 63.2
      vertex 68.8178 7.51185 63.2
      vertex 68.91 7.41005 63.2
    endloop
  endfacet
  facet normal -0 0 1
    outer loop
      vertex 68.7359 9.1778 63.2
      vertex 68.8178 7.51185 63.2
      vertex 68.8178 9.28815 63.2
    endloop
  endfacet
  facet normal 0 0 1
    outer loop
      vertex 68.7359 9.1778 63.2
      vertex 68.7359 7.6222 63.2
      vertex 68.8178 7.51185 63.2
    endloop
  endfacet
  facet normal -0 0 1
    outer loop
      vertex 68.6653 9.05995 63.2
      vertex 68.7359 7.6222 63.2
      vertex 68.7359 9.1778 63.2
    endloop
  endfacet
  facet normal 0 0 1
    outer loop
      vertex 68.6653 9.05995 63.2
      vertex 68.6653 7.74005 63.2
      vertex 68.7359 7.6222 63.2
    endloop
  endfacet
  facet normal -0 0 1
    outer loop
      vertex 68.6066 8.93576 63.2
      vertex 68.6653 7.74005 63.2
      vertex 68.6653 9.05995 63.2
    endloop
  endfacet
  facet normal 0 0 1
    outer loop
      vertex 68.6066 8.93576 63.2
      vertex 68.6066 7.86424 63.2
      vertex 68.6653 7.74005 63.2
    endloop
  endfacet
  facet normal -0 0 1
    outer loop
      vertex 68.5603 8.8064 63.2
      vertex 68.6066 7.86424 63.2
      vertex 68.6066 8.93576 63.2
    endloop
  endfacet
  facet normal 0 0 1
    outer loop
      vertex 68.5603 8.8064 63.2
      vertex 68.5603 7.9936 63.2
      vertex 68.6066 7.86424 63.2
    endloop
  endfacet
  facet normal -0 0 1
    outer loop
      vertex 68.5269 8.67313 63.2
      vertex 68.5603 7.9936 63.2
      vertex 68.5603 8.8064 63.2
    endloop
  endfacet
  facet normal 0 0 1
    outer loop
      vertex 68.5269 8.67313 63.2
      vertex 68.5269 8.12687 63.2
      vertex 68.5603 7.9936 63.2
    endloop
  endfacet
  facet normal -0 0 1
    outer loop
      vertex 68.5067 8.53722 63.2
      vertex 68.5269 8.12687 63.2
      vertex 68.5269 8.67313 63.2
    endloop
  endfacet
  facet normal 0 0 1
    outer loop
      vertex 68.5067 8.53722 63.2
      vertex 68.5067 8.26278 63.2
      vertex 68.5269 8.12687 63.2
    endloop
  endfacet
  facet normal 0 -0 1
    outer loop
      vertex 68.5067 8.26278 63.2
      vertex 68.5067 8.53722 63.2
      vertex 68.5 8.4 63.2
    endloop
  endfacet
  facet normal 0 0 1
    outer loop
      vertex 71.2933 50.5372 63.2
      vertex 71.2933 50.2628 63.2
      vertex 71.3 50.4 63.2
    endloop
  endfacet
  facet normal 0 0 1
    outer loop
      vertex 71.2731 50.6731 63.2
      vertex 71.2933 50.2628 63.2
      vertex 71.2933 50.5372 63.2
    endloop
  endfacet
  facet normal 0 0 1
    outer loop
      vertex 71.2731 50.6731 63.2
      vertex 71.2731 50.1269 63.2
      vertex 71.2933 50.2628 63.2
    endloop
  endfacet
  facet normal 0 0 1
    outer loop
      vertex 71.2397 50.8064 63.2
      vertex 71.2731 50.1269 63.2
      vertex 71.2731 50.6731 63.2
    endloop
  endfacet
  facet normal 0 0 1
    outer loop
      vertex 71.2397 50.8064 63.2
      vertex 71.2397 49.9936 63.2
      vertex 71.2731 50.1269 63.2
    endloop
  endfacet
  facet normal 0 0 1
    outer loop
      vertex 71.1934 50.9358 63.2
      vertex 71.2397 49.9936 63.2
      vertex 71.2397 50.8064 63.2
    endloop
  endfacet
  facet normal 0 0 1
    outer loop
      vertex 71.1934 50.9358 63.2
      vertex 71.1934 49.8642 63.2
      vertex 71.2397 49.9936 63.2
    endloop
  endfacet
  facet normal 0 0 1
    outer loop
      vertex 71.1347 51.06 63.2
      vertex 71.1934 49.8642 63.2
      vertex 71.1934 50.9358 63.2
    endloop
  endfacet
  facet normal 0 0 1
    outer loop
      vertex 71.1347 51.06 63.2
      vertex 71.1347 49.74 63.2
      vertex 71.1934 49.8642 63.2
    endloop
  endfacet
  facet normal 0 0 1
    outer loop
      vertex 71.0641 51.1778 63.2
      vertex 71.1347 49.74 63.2
      vertex 71.1347 51.06 63.2
    endloop
  endfacet
  facet normal 0 0 1
    outer loop
      vertex 71.0641 51.1778 63.2
      vertex 71.0641 49.6222 63.2
      vertex 71.1347 49.74 63.2
    endloop
  endfacet
  facet normal 0 0 1
    outer loop
      vertex 70.9822 51.2882 63.2
      vertex 71.0641 49.6222 63.2
      vertex 71.0641 51.1778 63.2
    endloop
  endfacet
  facet normal 0 0 1
    outer loop
      vertex 70.9822 51.2882 63.2
      vertex 70.9822 49.5118 63.2
      vertex 71.0641 49.6222 63.2
    endloop
  endfacet
  facet normal 0 0 1
    outer loop
      vertex 70.8899 51.3899 63.2
      vertex 70.9822 49.5118 63.2
      vertex 70.9822 51.2882 63.2
    endloop
  endfacet
  facet normal 0 0 1
    outer loop
      vertex 70.8899 51.3899 63.2
      vertex 70.8899 49.41 63.2
      vertex 70.9822 49.5118 63.2
    endloop
  endfacet
  facet normal 0 0 1
    outer loop
      vertex 70.7881 51.4822 63.2
      vertex 70.8899 49.41 63.2
      vertex 70.8899 51.3899 63.2
    endloop
  endfacet
  facet normal 0 0 1
    outer loop
      vertex 70.7881 51.4822 63.2
      vertex 70.7881 49.3178 63.2
      vertex 70.8899 49.41 63.2
    endloop
  endfacet
  facet normal 0 0 1
    outer loop
      vertex 70.6778 51.5641 63.2
      vertex 70.7881 49.3178 63.2
      vertex 70.7881 51.4822 63.2
    endloop
  endfacet
  facet normal 0 0 1
    outer loop
      vertex 70.6778 51.5641 63.2
      vertex 70.6778 49.2359 63.2
      vertex 70.7881 49.3178 63.2
    endloop
  endfacet
  facet normal 0 0 1
    outer loop
      vertex 70.56 51.6347 63.2
      vertex 70.6778 49.2359 63.2
      vertex 70.6778 51.5641 63.2
    endloop
  endfacet
  facet normal 0 0 1
    outer loop
      vertex 70.56 51.6347 63.2
      vertex 70.56 49.1653 63.2
      vertex 70.6778 49.2359 63.2
    endloop
  endfacet
  facet normal 0 0 1
    outer loop
      vertex 70.4358 51.6934 63.2
      vertex 70.56 49.1653 63.2
      vertex 70.56 51.6347 63.2
    endloop
  endfacet
  facet normal 0 0 1
    outer loop
      vertex 70.4358 51.6934 63.2
      vertex 70.4358 49.1066 63.2
      vertex 70.56 49.1653 63.2
    endloop
  endfacet
  facet normal 0 0 1
    outer loop
      vertex 70.3064 51.7397 63.2
      vertex 70.4358 49.1066 63.2
      vertex 70.4358 51.6934 63.2
    endloop
  endfacet
  facet normal 0 0 1
    outer loop
      vertex 70.3064 51.7397 63.2
      vertex 70.3064 49.0603 63.2
      vertex 70.4358 49.1066 63.2
    endloop
  endfacet
  facet normal 0 0 1
    outer loop
      vertex 70.1731 51.7731 63.2
      vertex 70.3064 49.0603 63.2
      vertex 70.3064 51.7397 63.2
    endloop
  endfacet
  facet normal 0 0 1
    outer loop
      vertex 70.1731 51.7731 63.2
      vertex 70.1731 49.0269 63.2
      vertex 70.3064 49.0603 63.2
    endloop
  endfacet
  facet normal 0 0 1
    outer loop
      vertex 70.0372 51.7933 63.2
      vertex 70.1731 49.0269 63.2
      vertex 70.1731 51.7731 63.2
    endloop
  endfacet
  facet normal 0 0 1
    outer loop
      vertex 70.0372 51.7933 63.2
      vertex 70.0372 49.0067 63.2
      vertex 70.1731 49.0269 63.2
    endloop
  endfacet
  facet normal 0 0 1
    outer loop
      vertex 69.9 51.8 63.2
      vertex 70.0372 49.0067 63.2
      vertex 70.0372 51.7933 63.2
    endloop
  endfacet
  facet normal 0 0 1
    outer loop
      vertex 69.9 51.8 63.2
      vertex 69.9 49 63.2
      vertex 70.0372 49.0067 63.2
    endloop
  endfacet
  facet normal -0 0 1
    outer loop
      vertex 69.7628 51.7933 63.2
      vertex 69.9 49 63.2
      vertex 69.9 51.8 63.2
    endloop
  endfacet
  facet normal 0 0 1
    outer loop
      vertex 69.7628 51.7933 63.2
      vertex 69.7628 49.0067 63.2
      vertex 69.9 49 63.2
    endloop
  endfacet
  facet normal -0 0 1
    outer loop
      vertex 69.6269 51.7731 63.2
      vertex 69.7628 49.0067 63.2
      vertex 69.7628 51.7933 63.2
    endloop
  endfacet
  facet normal 0 0 1
    outer loop
      vertex 69.6269 51.7731 63.2
      vertex 69.6269 49.0269 63.2
      vertex 69.7628 49.0067 63.2
    endloop
  endfacet
  facet normal -0 0 1
    outer loop
      vertex 69.4936 51.7397 63.2
      vertex 69.6269 49.0269 63.2
      vertex 69.6269 51.7731 63.2
    endloop
  endfacet
  facet normal 0 0 1
    outer loop
      vertex 69.4936 51.7397 63.2
      vertex 69.4936 49.0603 63.2
      vertex 69.6269 49.0269 63.2
    endloop
  endfacet
  facet normal -0 0 1
    outer loop
      vertex 69.3642 51.6934 63.2
      vertex 69.4936 49.0603 63.2
      vertex 69.4936 51.7397 63.2
    endloop
  endfacet
  facet normal 0 0 1
    outer loop
      vertex 69.3642 51.6934 63.2
      vertex 69.3642 49.1066 63.2
      vertex 69.4936 49.0603 63.2
    endloop
  endfacet
  facet normal -0 0 1
    outer loop
      vertex 69.24 51.6347 63.2
      vertex 69.3642 49.1066 63.2
      vertex 69.3642 51.6934 63.2
    endloop
  endfacet
  facet normal 0 0 1
    outer loop
      vertex 69.24 51.6347 63.2
      vertex 69.24 49.1653 63.2
      vertex 69.3642 49.1066 63.2
    endloop
  endfacet
  facet normal -0 0 1
    outer loop
      vertex 69.1222 51.5641 63.2
      vertex 69.24 49.1653 63.2
      vertex 69.24 51.6347 63.2
    endloop
  endfacet
  facet normal 0 0 1
    outer loop
      vertex 69.1222 51.5641 63.2
      vertex 69.1222 49.2359 63.2
      vertex 69.24 49.1653 63.2
    endloop
  endfacet
  facet normal -0 0 1
    outer loop
      vertex 69.0118 51.4822 63.2
      vertex 69.1222 49.2359 63.2
      vertex 69.1222 51.5641 63.2
    endloop
  endfacet
  facet normal 0 0 1
    outer loop
      vertex 69.0118 51.4822 63.2
      vertex 69.0118 49.3178 63.2
      vertex 69.1222 49.2359 63.2
    endloop
  endfacet
  facet normal -0 0 1
    outer loop
      vertex 68.91 51.3899 63.2
      vertex 69.0118 49.3178 63.2
      vertex 69.0118 51.4822 63.2
    endloop
  endfacet
  facet normal 0 0 1
    outer loop
      vertex 68.91 51.3899 63.2
      vertex 68.91 49.41 63.2
      vertex 69.0118 49.3178 63.2
    endloop
  endfacet
  facet normal -0 0 1
    outer loop
      vertex 68.8178 51.2882 63.2
      vertex 68.91 49.41 63.2
      vertex 68.91 51.3899 63.2
    endloop
  endfacet
  facet normal 0 0 1
    outer loop
      vertex 68.8178 51.2882 63.2
      vertex 68.8178 49.5118 63.2
      vertex 68.91 49.41 63.2
    endloop
  endfacet
  facet normal -0 0 1
    outer loop
      vertex 68.7359 51.1778 63.2
      vertex 68.8178 49.5118 63.2
      vertex 68.8178 51.2882 63.2
    endloop
  endfacet
  facet normal 0 0 1
    outer loop
      vertex 68.7359 51.1778 63.2
      vertex 68.7359 49.6222 63.2
      vertex 68.8178 49.5118 63.2
    endloop
  endfacet
  facet normal -0 0 1
    outer loop
      vertex 68.6653 51.06 63.2
      vertex 68.7359 49.6222 63.2
      vertex 68.7359 51.1778 63.2
    endloop
  endfacet
  facet normal 0 0 1
    outer loop
      vertex 68.6653 51.06 63.2
      vertex 68.6653 49.74 63.2
      vertex 68.7359 49.6222 63.2
    endloop
  endfacet
  facet normal -0 0 1
    outer loop
      vertex 68.6066 50.9358 63.2
      vertex 68.6653 49.74 63.2
      vertex 68.6653 51.06 63.2
    endloop
  endfacet
  facet normal 0 0 1
    outer loop
      vertex 68.6066 50.9358 63.2
      vertex 68.6066 49.8642 63.2
      vertex 68.6653 49.74 63.2
    endloop
  endfacet
  facet normal -0 0 1
    outer loop
      vertex 68.5603 50.8064 63.2
      vertex 68.6066 49.8642 63.2
      vertex 68.6066 50.9358 63.2
    endloop
  endfacet
  facet normal 0 0 1
    outer loop
      vertex 68.5603 50.8064 63.2
      vertex 68.5603 49.9936 63.2
      vertex 68.6066 49.8642 63.2
    endloop
  endfacet
  facet normal -0 0 1
    outer loop
      vertex 68.5269 50.6731 63.2
      vertex 68.5603 49.9936 63.2
      vertex 68.5603 50.8064 63.2
    endloop
  endfacet
  facet normal 0 0 1
    outer loop
      vertex 68.5269 50.6731 63.2
      vertex 68.5269 50.1269 63.2
      vertex 68.5603 49.9936 63.2
    endloop
  endfacet
  facet normal -0 0 1
    outer loop
      vertex 68.5067 50.5372 63.2
      vertex 68.5269 50.1269 63.2
      vertex 68.5269 50.6731 63.2
    endloop
  endfacet
  facet normal 0 0 1
    outer loop
      vertex 68.5067 50.5372 63.2
      vertex 68.5067 50.2628 63.2
      vertex 68.5269 50.1269 63.2
    endloop
  endfacet
  facet normal 0 -0 1
    outer loop
      vertex 68.5067 50.2628 63.2
      vertex 68.5067 50.5372 63.2
      vertex 68.5 50.4 63.2
    endloop
  endfacet
  facet normal -1 0 0
    outer loop
      vertex 2 2 60.8
      vertex 2 56.8 63.2
      vertex 2 56.8 60.8
    endloop
  endfacet
  facet normal -1 -0 0
    outer loop
      vertex 2 56.8 63.2
      vertex 2 2 60.8
      vertex 2 2 63.2
    endloop
  endfacet
  facet normal 0 1 -0
    outer loop
      vertex 106.8 56.8 60.8
      vertex 2 56.8 63.2
      vertex 106.8 56.8 63.2
    endloop
  endfacet
  facet normal 0 1 0
    outer loop
      vertex 2 56.8 63.2
      vertex 106.8 56.8 60.8
      vertex 2 56.8 60.8
    endloop
  endfacet
  facet normal 0 -1 0
    outer loop
      vertex 2 2 60.8
      vertex 106.8 2 63.2
      vertex 2 2 63.2
    endloop
  endfacet
  facet normal 0 -1 -0
    outer loop
      vertex 106.8 2 63.2
      vertex 2 2 60.8
      vertex 106.8 2 60.8
    endloop
  endfacet
  facet normal -0.989177 -0.146728 0
    outer loop
      vertex 9.29326 8.03722 58.4
      vertex 9.2731 8.17313 63.2
      vertex 9.2731 8.17313 58.4
    endloop
  endfacet
  facet normal -0.989177 -0.146728 0
    outer loop
      vertex 9.2731 8.17313 63.2
      vertex 9.29326 8.03722 58.4
      vertex 9.29326 8.03722 63.2
    endloop
  endfacet
  facet normal -0.998796 -0.0490591 0
    outer loop
      vertex 9.3 7.9 58.4
      vertex 9.29326 8.03722 63.2
      vertex 9.29326 8.03722 58.4
    endloop
  endfacet
  facet normal -0.998796 -0.0490591 0
    outer loop
      vertex 9.29326 8.03722 63.2
      vertex 9.3 7.9 58.4
      vertex 9.3 7.9 63.2
    endloop
  endfacet
  facet normal -0.970035 -0.242964 0
    outer loop
      vertex 9.2731 8.17313 58.4
      vertex 9.23972 8.3064 63.2
      vertex 9.23972 8.3064 58.4
    endloop
  endfacet
  facet normal -0.970035 -0.242964 0
    outer loop
      vertex 9.23972 8.3064 63.2
      vertex 9.2731 8.17313 58.4
      vertex 9.2731 8.17313 63.2
    endloop
  endfacet
  facet normal 0.242964 -0.970035 0
    outer loop
      vertex 7.4936 9.23972 58.4
      vertex 7.62687 9.2731 63.2
      vertex 7.4936 9.23972 63.2
    endloop
  endfacet
  facet normal 0.242964 -0.970035 0
    outer loop
      vertex 7.62687 9.2731 63.2
      vertex 7.4936 9.23972 58.4
      vertex 7.62687 9.2731 58.4
    endloop
  endfacet
  facet normal 0.903996 0.427542 0
    outer loop
      vertex 6.66531 7.24004 63.2
      vertex 6.60657 7.36424 58.4
      vertex 6.60657 7.36424 63.2
    endloop
  endfacet
  facet normal 0.903996 0.427542 0
    outer loop
      vertex 6.60657 7.36424 58.4
      vertex 6.66531 7.24004 63.2
      vertex 6.66531 7.24004 58.4
    endloop
  endfacet
  facet normal -0.514068 -0.85775 0
    outer loop
      vertex 8.55995 9.13469 58.4
      vertex 8.6778 9.06406 63.2
      vertex 8.55995 9.13469 63.2
    endloop
  endfacet
  facet normal -0.514068 -0.85775 -0
    outer loop
      vertex 8.6778 9.06406 63.2
      vertex 8.55995 9.13469 58.4
      vertex 8.6778 9.06406 58.4
    endloop
  endfacet
  facet normal -0.514068 0.85775 0
    outer loop
      vertex 8.6778 6.73594 58.4
      vertex 8.55995 6.66531 63.2
      vertex 8.6778 6.73594 63.2
    endloop
  endfacet
  facet normal -0.514068 0.85775 0
    outer loop
      vertex 8.55995 6.66531 63.2
      vertex 8.6778 6.73594 58.4
      vertex 8.55995 6.66531 58.4
    endloop
  endfacet
  facet normal -0.336917 0.941534 0
    outer loop
      vertex 8.43576 6.60657 58.4
      vertex 8.3064 6.56028 63.2
      vertex 8.43576 6.60657 63.2
    endloop
  endfacet
  facet normal -0.336917 0.941534 0
    outer loop
      vertex 8.3064 6.56028 63.2
      vertex 8.43576 6.60657 58.4
      vertex 8.3064 6.56028 58.4
    endloop
  endfacet
  facet normal 0.970035 -0.242964 0
    outer loop
      vertex 6.5269 8.17313 63.2
      vertex 6.56028 8.3064 58.4
      vertex 6.56028 8.3064 63.2
    endloop
  endfacet
  facet normal 0.970035 -0.242964 0
    outer loop
      vertex 6.56028 8.3064 58.4
      vertex 6.5269 8.17313 63.2
      vertex 6.5269 8.17313 58.4
    endloop
  endfacet
  facet normal 0.671534 -0.740973 0
    outer loop
      vertex 6.91005 8.88995 58.4
      vertex 7.01185 8.98221 63.2
      vertex 6.91005 8.88995 63.2
    endloop
  endfacet
  facet normal 0.671534 -0.740973 0
    outer loop
      vertex 7.01185 8.98221 63.2
      vertex 6.91005 8.88995 58.4
      vertex 7.01185 8.98221 58.4
    endloop
  endfacet
  facet normal 0.5141 -0.85773 0
    outer loop
      vertex 7.1222 9.06406 58.4
      vertex 7.24004 9.13469 63.2
      vertex 7.1222 9.06406 63.2
    endloop
  endfacet
  facet normal 0.5141 -0.85773 0
    outer loop
      vertex 7.24004 9.13469 63.2
      vertex 7.1222 9.06406 58.4
      vertex 7.24004 9.13469 58.4
    endloop
  endfacet
  facet normal -0.146728 0.989177 0
    outer loop
      vertex 8.17313 6.5269 58.4
      vertex 8.03722 6.50674 63.2
      vertex 8.17313 6.5269 63.2
    endloop
  endfacet
  facet normal -0.146728 0.989177 0
    outer loop
      vertex 8.03722 6.50674 63.2
      vertex 8.17313 6.5269 58.4
      vertex 8.03722 6.50674 58.4
    endloop
  endfacet
  facet normal 0.803177 -0.595741 0
    outer loop
      vertex 6.73594 8.6778 63.2
      vertex 6.81779 8.78815 58.4
      vertex 6.81779 8.78815 63.2
    endloop
  endfacet
  facet normal 0.803177 -0.595741 0
    outer loop
      vertex 6.81779 8.78815 58.4
      vertex 6.73594 8.6778 63.2
      vertex 6.73594 8.6778 58.4
    endloop
  endfacet
  facet normal -0.903982 -0.42757 0
    outer loop
      vertex 9.19343 8.43576 58.4
      vertex 9.13469 8.55995 63.2
      vertex 9.13469 8.55995 58.4
    endloop
  endfacet
  facet normal -0.903982 -0.42757 0
    outer loop
      vertex 9.13469 8.55995 63.2
      vertex 9.19343 8.43576 58.4
      vertex 9.19343 8.43576 63.2
    endloop
  endfacet
  facet normal 0.941534 -0.336917 0
    outer loop
      vertex 6.56028 8.3064 63.2
      vertex 6.60657 8.43576 58.4
      vertex 6.60657 8.43576 63.2
    endloop
  endfacet
  facet normal 0.941534 -0.336917 0
    outer loop
      vertex 6.60657 8.43576 58.4
      vertex 6.56028 8.3064 63.2
      vertex 6.56028 8.3064 58.4
    endloop
  endfacet
  facet normal 0.336917 0.941534 -0
    outer loop
      vertex 7.4936 6.56028 58.4
      vertex 7.36424 6.60657 63.2
      vertex 7.4936 6.56028 63.2
    endloop
  endfacet
  facet normal 0.336917 0.941534 0
    outer loop
      vertex 7.36424 6.60657 63.2
      vertex 7.4936 6.56028 58.4
      vertex 7.36424 6.60657 58.4
    endloop
  endfacet
  facet normal -0.595741 -0.803177 0
    outer loop
      vertex 8.6778 9.06406 58.4
      vertex 8.78815 8.98221 63.2
      vertex 8.6778 9.06406 63.2
    endloop
  endfacet
  facet normal -0.595741 -0.803177 -0
    outer loop
      vertex 8.78815 8.98221 63.2
      vertex 8.6778 9.06406 58.4
      vertex 8.78815 8.98221 58.4
    endloop
  endfacet
  facet normal 0.903982 -0.42757 0
    outer loop
      vertex 6.60657 8.43576 63.2
      vertex 6.66531 8.55995 58.4
      vertex 6.66531 8.55995 63.2
    endloop
  endfacet
  facet normal 0.903982 -0.42757 0
    outer loop
      vertex 6.66531 8.55995 58.4
      vertex 6.60657 8.43576 63.2
      vertex 6.60657 8.43576 58.4
    endloop
  endfacet
  facet normal -0.803177 0.595741 0
    outer loop
      vertex 8.98221 7.01185 58.4
      vertex 9.06406 7.1222 63.2
      vertex 9.06406 7.1222 58.4
    endloop
  endfacet
  facet normal -0.803177 0.595741 0
    outer loop
      vertex 9.06406 7.1222 63.2
      vertex 8.98221 7.01185 58.4
      vertex 8.98221 7.01185 63.2
    endloop
  endfacet
  facet normal -0.146728 -0.989177 0
    outer loop
      vertex 8.03722 9.29326 58.4
      vertex 8.17313 9.2731 63.2
      vertex 8.03722 9.29326 63.2
    endloop
  endfacet
  facet normal -0.146728 -0.989177 -0
    outer loop
      vertex 8.17313 9.2731 63.2
      vertex 8.03722 9.29326 58.4
      vertex 8.17313 9.2731 58.4
    endloop
  endfacet
  facet normal 0.989177 -0.146728 0
    outer loop
      vertex 6.50674 8.03722 63.2
      vertex 6.5269 8.17313 58.4
      vertex 6.5269 8.17313 63.2
    endloop
  endfacet
  facet normal 0.989177 -0.146728 0
    outer loop
      vertex 6.5269 8.17313 58.4
      vertex 6.50674 8.03722 63.2
      vertex 6.50674 8.03722 58.4
    endloop
  endfacet
  facet normal -0.803177 -0.595741 0
    outer loop
      vertex 9.06406 8.6778 58.4
      vertex 8.98221 8.78815 63.2
      vertex 8.98221 8.78815 58.4
    endloop
  endfacet
  facet normal -0.803177 -0.595741 0
    outer loop
      vertex 8.98221 8.78815 63.2
      vertex 9.06406 8.6778 58.4
      vertex 9.06406 8.6778 63.2
    endloop
  endfacet
  facet normal -0.0490591 -0.998796 0
    outer loop
      vertex 7.9 9.3 58.4
      vertex 8.03722 9.29326 63.2
      vertex 7.9 9.3 63.2
    endloop
  endfacet
  facet normal -0.0490591 -0.998796 -0
    outer loop
      vertex 8.03722 9.29326 63.2
      vertex 7.9 9.3 58.4
      vertex 8.03722 9.29326 58.4
    endloop
  endfacet
  facet normal 0.85773 0.5141 0
    outer loop
      vertex 6.73594 7.1222 63.2
      vertex 6.66531 7.24004 58.4
      vertex 6.66531 7.24004 63.2
    endloop
  endfacet
  facet normal 0.85773 0.5141 0
    outer loop
      vertex 6.66531 7.24004 58.4
      vertex 6.73594 7.1222 63.2
      vertex 6.73594 7.1222 58.4
    endloop
  endfacet
  facet normal 0.941534 0.336917 0
    outer loop
      vertex 6.60657 7.36424 63.2
      vertex 6.56028 7.4936 58.4
      vertex 6.56028 7.4936 63.2
    endloop
  endfacet
  facet normal 0.941534 0.336917 0
    outer loop
      vertex 6.56028 7.4936 58.4
      vertex 6.60657 7.36424 63.2
      vertex 6.60657 7.36424 58.4
    endloop
  endfacet
  facet normal 0.427542 -0.903996 0
    outer loop
      vertex 7.24004 9.13469 58.4
      vertex 7.36424 9.19343 63.2
      vertex 7.24004 9.13469 63.2
    endloop
  endfacet
  facet normal 0.427542 -0.903996 0
    outer loop
      vertex 7.36424 9.19343 63.2
      vertex 7.24004 9.13469 58.4
      vertex 7.36424 9.19343 58.4
    endloop
  endfacet
  facet normal -0.903996 0.427542 0
    outer loop
      vertex 9.13469 7.24004 58.4
      vertex 9.19343 7.36424 63.2
      vertex 9.19343 7.36424 58.4
    endloop
  endfacet
  facet normal -0.903996 0.427542 0
    outer loop
      vertex 9.19343 7.36424 63.2
      vertex 9.13469 7.24004 58.4
      vertex 9.13469 7.24004 63.2
    endloop
  endfacet
  facet normal 0.595741 0.803177 -0
    outer loop
      vertex 7.1222 6.73594 58.4
      vertex 7.01185 6.81779 63.2
      vertex 7.1222 6.73594 63.2
    endloop
  endfacet
  facet normal 0.595741 0.803177 0
    outer loop
      vertex 7.01185 6.81779 63.2
      vertex 7.1222 6.73594 58.4
      vertex 7.01185 6.81779 58.4
    endloop
  endfacet
  facet normal 0.85775 -0.514068 0
    outer loop
      vertex 6.66531 8.55995 63.2
      vertex 6.73594 8.6778 58.4
      vertex 6.73594 8.6778 63.2
    endloop
  endfacet
  facet normal 0.85775 -0.514068 0
    outer loop
      vertex 6.73594 8.6778 58.4
      vertex 6.66531 8.55995 63.2
      vertex 6.66531 8.55995 58.4
    endloop
  endfacet
  facet normal -0.998796 0.0490591 0
    outer loop
      vertex 9.29326 7.76278 58.4
      vertex 9.3 7.9 63.2
      vertex 9.3 7.9 58.4
    endloop
  endfacet
  facet normal -0.998796 0.0490591 0
    outer loop
      vertex 9.3 7.9 63.2
      vertex 9.29326 7.76278 58.4
      vertex 9.29326 7.76278 63.2
    endloop
  endfacet
  facet normal -0.941534 0.336917 0
    outer loop
      vertex 9.19343 7.36424 58.4
      vertex 9.23972 7.4936 63.2
      vertex 9.23972 7.4936 58.4
    endloop
  endfacet
  facet normal -0.941534 0.336917 0
    outer loop
      vertex 9.23972 7.4936 63.2
      vertex 9.19343 7.36424 58.4
      vertex 9.19343 7.36424 63.2
    endloop
  endfacet
  facet normal -0.242964 0.970035 0
    outer loop
      vertex 8.3064 6.56028 58.4
      vertex 8.17313 6.5269 63.2
      vertex 8.3064 6.56028 63.2
    endloop
  endfacet
  facet normal -0.242964 0.970035 0
    outer loop
      vertex 8.17313 6.5269 63.2
      vertex 8.3064 6.56028 58.4
      vertex 8.17313 6.5269 58.4
    endloop
  endfacet
  facet normal -0.85775 -0.514068 0
    outer loop
      vertex 9.13469 8.55995 58.4
      vertex 9.06406 8.6778 63.2
      vertex 9.06406 8.6778 58.4
    endloop
  endfacet
  facet normal -0.85775 -0.514068 0
    outer loop
      vertex 9.06406 8.6778 63.2
      vertex 9.13469 8.55995 58.4
      vertex 9.13469 8.55995 63.2
    endloop
  endfacet
  facet normal -0.941534 -0.336917 0
    outer loop
      vertex 9.23972 8.3064 58.4
      vertex 9.19343 8.43576 63.2
      vertex 9.19343 8.43576 58.4
    endloop
  endfacet
  facet normal -0.941534 -0.336917 0
    outer loop
      vertex 9.19343 8.43576 63.2
      vertex 9.23972 8.3064 58.4
      vertex 9.23972 8.3064 63.2
    endloop
  endfacet
  facet normal 0.998796 0.0490591 0
    outer loop
      vertex 6.50674 7.76278 63.2
      vertex 6.5 7.9 58.4
      vertex 6.5 7.9 63.2
    endloop
  endfacet
  facet normal 0.998796 0.0490591 0
    outer loop
      vertex 6.5 7.9 58.4
      vertex 6.50674 7.76278 63.2
      vertex 6.50674 7.76278 58.4
    endloop
  endfacet
  facet normal -0.989177 0.146728 0
    outer loop
      vertex 9.2731 7.62687 58.4
      vertex 9.29326 7.76278 63.2
      vertex 9.29326 7.76278 58.4
    endloop
  endfacet
  facet normal -0.989177 0.146728 0
    outer loop
      vertex 9.29326 7.76278 63.2
      vertex 9.2731 7.62687 58.4
      vertex 9.2731 7.62687 63.2
    endloop
  endfacet
  facet normal 0.671534 0.740973 -0
    outer loop
      vertex 7.01185 6.81779 58.4
      vertex 6.91005 6.91005 63.2
      vertex 7.01185 6.81779 63.2
    endloop
  endfacet
  facet normal 0.671534 0.740973 0
    outer loop
      vertex 6.91005 6.91005 63.2
      vertex 7.01185 6.81779 58.4
      vertex 6.91005 6.91005 58.4
    endloop
  endfacet
  facet normal -0.970035 0.242964 0
    outer loop
      vertex 9.23972 7.4936 58.4
      vertex 9.2731 7.62687 63.2
      vertex 9.2731 7.62687 58.4
    endloop
  endfacet
  facet normal -0.970035 0.242964 0
    outer loop
      vertex 9.2731 7.62687 63.2
      vertex 9.23972 7.4936 58.4
      vertex 9.23972 7.4936 63.2
    endloop
  endfacet
  facet normal -0.671534 -0.740973 0
    outer loop
      vertex 8.78815 8.98221 58.4
      vertex 8.88995 8.88995 63.2
      vertex 8.78815 8.98221 63.2
    endloop
  endfacet
  facet normal -0.671534 -0.740973 -0
    outer loop
      vertex 8.88995 8.88995 63.2
      vertex 8.78815 8.98221 58.4
      vertex 8.88995 8.88995 58.4
    endloop
  endfacet
  facet normal -0.336917 -0.941534 0
    outer loop
      vertex 8.3064 9.23972 58.4
      vertex 8.43576 9.19343 63.2
      vertex 8.3064 9.23972 63.2
    endloop
  endfacet
  facet normal -0.336917 -0.941534 -0
    outer loop
      vertex 8.43576 9.19343 63.2
      vertex 8.3064 9.23972 58.4
      vertex 8.43576 9.19343 58.4
    endloop
  endfacet
  facet normal 0.336917 -0.941534 0
    outer loop
      vertex 7.36424 9.19343 58.4
      vertex 7.4936 9.23972 63.2
      vertex 7.36424 9.19343 63.2
    endloop
  endfacet
  facet normal 0.336917 -0.941534 0
    outer loop
      vertex 7.4936 9.23972 63.2
      vertex 7.36424 9.19343 58.4
      vertex 7.4936 9.23972 58.4
    endloop
  endfacet
  facet normal 0.5141 0.85773 -0
    outer loop
      vertex 7.24004 6.66531 58.4
      vertex 7.1222 6.73594 63.2
      vertex 7.24004 6.66531 63.2
    endloop
  endfacet
  facet normal 0.5141 0.85773 0
    outer loop
      vertex 7.1222 6.73594 63.2
      vertex 7.24004 6.66531 58.4
      vertex 7.1222 6.73594 58.4
    endloop
  endfacet
  facet normal -0.85773 0.5141 0
    outer loop
      vertex 9.06406 7.1222 58.4
      vertex 9.13469 7.24004 63.2
      vertex 9.13469 7.24004 58.4
    endloop
  endfacet
  facet normal -0.85773 0.5141 0
    outer loop
      vertex 9.13469 7.24004 63.2
      vertex 9.06406 7.1222 58.4
      vertex 9.06406 7.1222 63.2
    endloop
  endfacet
  facet normal -0.42757 -0.903982 0
    outer loop
      vertex 8.43576 9.19343 58.4
      vertex 8.55995 9.13469 63.2
      vertex 8.43576 9.19343 63.2
    endloop
  endfacet
  facet normal -0.42757 -0.903982 -0
    outer loop
      vertex 8.55995 9.13469 63.2
      vertex 8.43576 9.19343 58.4
      vertex 8.55995 9.13469 58.4
    endloop
  endfacet
  facet normal 0.146728 0.989177 -0
    outer loop
      vertex 7.76278 6.50674 58.4
      vertex 7.62687 6.5269 63.2
      vertex 7.76278 6.50674 63.2
    endloop
  endfacet
  facet normal 0.146728 0.989177 0
    outer loop
      vertex 7.62687 6.5269 63.2
      vertex 7.76278 6.50674 58.4
      vertex 7.62687 6.5269 58.4
    endloop
  endfacet
  facet normal 0.595741 -0.803177 0
    outer loop
      vertex 7.01185 8.98221 58.4
      vertex 7.1222 9.06406 63.2
      vertex 7.01185 8.98221 63.2
    endloop
  endfacet
  facet normal 0.595741 -0.803177 0
    outer loop
      vertex 7.1222 9.06406 63.2
      vertex 7.01185 8.98221 58.4
      vertex 7.1222 9.06406 58.4
    endloop
  endfacet
  facet normal 0.0490591 0.998796 -0
    outer loop
      vertex 7.9 6.5 58.4
      vertex 7.76278 6.50674 63.2
      vertex 7.9 6.5 63.2
    endloop
  endfacet
  facet normal 0.0490591 0.998796 0
    outer loop
      vertex 7.76278 6.50674 63.2
      vertex 7.9 6.5 58.4
      vertex 7.76278 6.50674 58.4
    endloop
  endfacet
  facet normal 0.740973 -0.671534 0
    outer loop
      vertex 6.81779 8.78815 63.2
      vertex 6.91005 8.88995 58.4
      vertex 6.91005 8.88995 63.2
    endloop
  endfacet
  facet normal 0.740973 -0.671534 0
    outer loop
      vertex 6.91005 8.88995 58.4
      vertex 6.81779 8.78815 63.2
      vertex 6.81779 8.78815 58.4
    endloop
  endfacet
  facet normal -0.0490591 0.998796 0
    outer loop
      vertex 8.03722 6.50674 58.4
      vertex 7.9 6.5 63.2
      vertex 8.03722 6.50674 63.2
    endloop
  endfacet
  facet normal -0.0490591 0.998796 0
    outer loop
      vertex 7.9 6.5 63.2
      vertex 8.03722 6.50674 58.4
      vertex 7.9 6.5 58.4
    endloop
  endfacet
  facet normal 0.146728 -0.989177 0
    outer loop
      vertex 7.62687 9.2731 58.4
      vertex 7.76278 9.29326 63.2
      vertex 7.62687 9.2731 63.2
    endloop
  endfacet
  facet normal 0.146728 -0.989177 0
    outer loop
      vertex 7.76278 9.29326 63.2
      vertex 7.62687 9.2731 58.4
      vertex 7.76278 9.29326 58.4
    endloop
  endfacet
  facet normal 0.242964 0.970035 -0
    outer loop
      vertex 7.62687 6.5269 58.4
      vertex 7.4936 6.56028 63.2
      vertex 7.62687 6.5269 63.2
    endloop
  endfacet
  facet normal 0.242964 0.970035 0
    outer loop
      vertex 7.4936 6.56028 63.2
      vertex 7.62687 6.5269 58.4
      vertex 7.4936 6.56028 58.4
    endloop
  endfacet
  facet normal -0.671534 0.740973 0
    outer loop
      vertex 8.88995 6.91005 58.4
      vertex 8.78815 6.81779 63.2
      vertex 8.88995 6.91005 63.2
    endloop
  endfacet
  facet normal -0.671534 0.740973 0
    outer loop
      vertex 8.78815 6.81779 63.2
      vertex 8.88995 6.91005 58.4
      vertex 8.78815 6.81779 58.4
    endloop
  endfacet
  facet normal -0.242964 -0.970035 0
    outer loop
      vertex 8.17313 9.2731 58.4
      vertex 8.3064 9.23972 63.2
      vertex 8.17313 9.2731 63.2
    endloop
  endfacet
  facet normal -0.242964 -0.970035 -0
    outer loop
      vertex 8.3064 9.23972 63.2
      vertex 8.17313 9.2731 58.4
      vertex 8.3064 9.23972 58.4
    endloop
  endfacet
  facet normal 0.970035 0.242964 0
    outer loop
      vertex 6.56028 7.4936 63.2
      vertex 6.5269 7.62687 58.4
      vertex 6.5269 7.62687 63.2
    endloop
  endfacet
  facet normal 0.970035 0.242964 0
    outer loop
      vertex 6.5269 7.62687 58.4
      vertex 6.56028 7.4936 63.2
      vertex 6.56028 7.4936 58.4
    endloop
  endfacet
  facet normal 0.427542 0.903996 -0
    outer loop
      vertex 7.36424 6.60657 58.4
      vertex 7.24004 6.66531 63.2
      vertex 7.36424 6.60657 63.2
    endloop
  endfacet
  facet normal 0.427542 0.903996 0
    outer loop
      vertex 7.24004 6.66531 63.2
      vertex 7.36424 6.60657 58.4
      vertex 7.24004 6.66531 58.4
    endloop
  endfacet
  facet normal 0.740973 0.671534 0
    outer loop
      vertex 6.91005 6.91005 63.2
      vertex 6.81779 7.01185 58.4
      vertex 6.81779 7.01185 63.2
    endloop
  endfacet
  facet normal 0.740973 0.671534 0
    outer loop
      vertex 6.81779 7.01185 58.4
      vertex 6.91005 6.91005 63.2
      vertex 6.91005 6.91005 58.4
    endloop
  endfacet
  facet normal -0.42757 0.903982 0
    outer loop
      vertex 8.55995 6.66531 58.4
      vertex 8.43576 6.60657 63.2
      vertex 8.55995 6.66531 63.2
    endloop
  endfacet
  facet normal -0.42757 0.903982 0
    outer loop
      vertex 8.43576 6.60657 63.2
      vertex 8.55995 6.66531 58.4
      vertex 8.43576 6.60657 58.4
    endloop
  endfacet
  facet normal 0.0490591 -0.998796 0
    outer loop
      vertex 7.76278 9.29326 58.4
      vertex 7.9 9.3 63.2
      vertex 7.76278 9.29326 63.2
    endloop
  endfacet
  facet normal 0.0490591 -0.998796 0
    outer loop
      vertex 7.9 9.3 63.2
      vertex 7.76278 9.29326 58.4
      vertex 7.9 9.3 58.4
    endloop
  endfacet
  facet normal 0.989177 0.146728 0
    outer loop
      vertex 6.5269 7.62687 63.2
      vertex 6.50674 7.76278 58.4
      vertex 6.50674 7.76278 63.2
    endloop
  endfacet
  facet normal 0.989177 0.146728 0
    outer loop
      vertex 6.50674 7.76278 58.4
      vertex 6.5269 7.62687 63.2
      vertex 6.5269 7.62687 58.4
    endloop
  endfacet
  facet normal -0.740973 -0.671534 0
    outer loop
      vertex 8.98221 8.78815 58.4
      vertex 8.88995 8.88995 63.2
      vertex 8.88995 8.88995 58.4
    endloop
  endfacet
  facet normal -0.740973 -0.671534 0
    outer loop
      vertex 8.88995 8.88995 63.2
      vertex 8.98221 8.78815 58.4
      vertex 8.98221 8.78815 63.2
    endloop
  endfacet
  facet normal -0.595741 0.803177 0
    outer loop
      vertex 8.78815 6.81779 58.4
      vertex 8.6778 6.73594 63.2
      vertex 8.78815 6.81779 63.2
    endloop
  endfacet
  facet normal -0.595741 0.803177 0
    outer loop
      vertex 8.6778 6.73594 63.2
      vertex 8.78815 6.81779 58.4
      vertex 8.6778 6.73594 58.4
    endloop
  endfacet
  facet normal 0.803177 0.595741 0
    outer loop
      vertex 6.81779 7.01185 63.2
      vertex 6.73594 7.1222 58.4
      vertex 6.73594 7.1222 63.2
    endloop
  endfacet
  facet normal 0.803177 0.595741 0
    outer loop
      vertex 6.73594 7.1222 58.4
      vertex 6.81779 7.01185 63.2
      vertex 6.81779 7.01185 58.4
    endloop
  endfacet
  facet normal 0.998796 -0.0490591 0
    outer loop
      vertex 6.5 7.9 63.2
      vertex 6.50674 8.03722 58.4
      vertex 6.50674 8.03722 63.2
    endloop
  endfacet
  facet normal 0.998796 -0.0490591 0
    outer loop
      vertex 6.50674 8.03722 58.4
      vertex 6.5 7.9 63.2
      vertex 6.5 7.9 58.4
    endloop
  endfacet
  facet normal -0.740973 0.671534 0
    outer loop
      vertex 8.88995 6.91005 58.4
      vertex 8.98221 7.01185 63.2
      vertex 8.98221 7.01185 58.4
    endloop
  endfacet
  facet normal -0.740973 0.671534 0
    outer loop
      vertex 8.98221 7.01185 63.2
      vertex 8.88995 6.91005 58.4
      vertex 8.88995 6.91005 63.2
    endloop
  endfacet
  facet normal -0.989175 -0.146739 0
    outer loop
      vertex 9.29326 51.0372 58.4
      vertex 9.2731 51.1731 63.2
      vertex 9.2731 51.1731 58.4
    endloop
  endfacet
  facet normal -0.989175 -0.146739 0
    outer loop
      vertex 9.2731 51.1731 63.2
      vertex 9.29326 51.0372 58.4
      vertex 9.29326 51.0372 63.2
    endloop
  endfacet
  facet normal -0.998796 -0.0490662 0
    outer loop
      vertex 9.3 50.9 58.4
      vertex 9.29326 51.0372 63.2
      vertex 9.29326 51.0372 58.4
    endloop
  endfacet
  facet normal -0.998796 -0.0490662 0
    outer loop
      vertex 9.29326 51.0372 63.2
      vertex 9.3 50.9 58.4
      vertex 9.3 50.9 63.2
    endloop
  endfacet
  facet normal -0.970048 -0.242912 0
    outer loop
      vertex 9.2731 51.1731 58.4
      vertex 9.23972 51.3064 63.2
      vertex 9.23972 51.3064 58.4
    endloop
  endfacet
  facet normal -0.970048 -0.242912 0
    outer loop
      vertex 9.23972 51.3064 63.2
      vertex 9.2731 51.1731 58.4
      vertex 9.2731 51.1731 63.2
    endloop
  endfacet
  facet normal 0.243101 -0.970001 0
    outer loop
      vertex 7.4936 52.2397 58.4
      vertex 7.62687 52.2731 63.2
      vertex 7.4936 52.2397 63.2
    endloop
  endfacet
  facet normal 0.243101 -0.970001 0
    outer loop
      vertex 7.62687 52.2731 63.2
      vertex 7.4936 52.2397 58.4
      vertex 7.62687 52.2731 58.4
    endloop
  endfacet
  facet normal 0.903996 0.427542 0
    outer loop
      vertex 6.66531 50.24 63.2
      vertex 6.60657 50.3642 58.4
      vertex 6.60657 50.3642 63.2
    endloop
  endfacet
  facet normal 0.903996 0.427542 0
    outer loop
      vertex 6.60657 50.3642 58.4
      vertex 6.66531 50.24 63.2
      vertex 6.66531 50.24 58.4
    endloop
  endfacet
  facet normal -0.427332 0.904095 0
    outer loop
      vertex 8.55995 49.6653 58.4
      vertex 8.43576 49.6066 63.2
      vertex 8.55995 49.6653 63.2
    endloop
  endfacet
  facet normal -0.427332 0.904095 0
    outer loop
      vertex 8.43576 49.6066 63.2
      vertex 8.55995 49.6653 58.4
      vertex 8.43576 49.6066 58.4
    endloop
  endfacet
  facet normal -0.513907 -0.857846 0
    outer loop
      vertex 8.55995 52.1347 58.4
      vertex 8.6778 52.0641 63.2
      vertex 8.55995 52.1347 63.2
    endloop
  endfacet
  facet normal -0.513907 -0.857846 -0
    outer loop
      vertex 8.6778 52.0641 63.2
      vertex 8.55995 52.1347 58.4
      vertex 8.6778 52.0641 58.4
    endloop
  endfacet
  facet normal -0.513907 0.857846 0
    outer loop
      vertex 8.6778 49.7359 58.4
      vertex 8.55995 49.6653 63.2
      vertex 8.6778 49.7359 63.2
    endloop
  endfacet
  facet normal -0.513907 0.857846 0
    outer loop
      vertex 8.55995 49.6653 63.2
      vertex 8.6778 49.7359 58.4
      vertex 8.55995 49.6653 58.4
    endloop
  endfacet
  facet normal -0.336982 0.941511 0
    outer loop
      vertex 8.43576 49.6066 58.4
      vertex 8.3064 49.5603 63.2
      vertex 8.43576 49.6066 63.2
    endloop
  endfacet
  facet normal -0.336982 0.941511 0
    outer loop
      vertex 8.3064 49.5603 63.2
      vertex 8.43576 49.6066 58.4
      vertex 8.3064 49.5603 58.4
    endloop
  endfacet
  facet normal 0.970048 -0.242912 0
    outer loop
      vertex 6.5269 51.1731 63.2
      vertex 6.56028 51.3064 58.4
      vertex 6.56028 51.3064 63.2
    endloop
  endfacet
  facet normal 0.970048 -0.242912 0
    outer loop
      vertex 6.56028 51.3064 58.4
      vertex 6.5269 51.1731 63.2
      vertex 6.5269 51.1731 58.4
    endloop
  endfacet
  facet normal 0.671694 -0.740829 0
    outer loop
      vertex 6.91005 51.8899 58.4
      vertex 7.01185 51.9822 63.2
      vertex 6.91005 51.8899 63.2
    endloop
  endfacet
  facet normal 0.671694 -0.740829 0
    outer loop
      vertex 7.01185 51.9822 63.2
      vertex 6.91005 51.8899 58.4
      vertex 7.01185 51.9822 58.4
    endloop
  endfacet
  facet normal 0.513939 -0.857827 0
    outer loop
      vertex 7.1222 52.0641 58.4
      vertex 7.24004 52.1347 63.2
      vertex 7.1222 52.0641 63.2
    endloop
  endfacet
  facet normal 0.513939 -0.857827 0
    outer loop
      vertex 7.24004 52.1347 63.2
      vertex 7.1222 52.0641 58.4
      vertex 7.24004 52.1347 58.4
    endloop
  endfacet
  facet normal -0.147013 0.989135 0
    outer loop
      vertex 8.17313 49.5269 58.4
      vertex 8.03722 49.5067 63.2
      vertex 8.17313 49.5269 63.2
    endloop
  endfacet
  facet normal -0.147013 0.989135 0
    outer loop
      vertex 8.03722 49.5067 63.2
      vertex 8.17313 49.5269 58.4
      vertex 8.03722 49.5067 58.4
    endloop
  endfacet
  facet normal 0.803306 -0.595567 0
    outer loop
      vertex 6.73594 51.6778 63.2
      vertex 6.81779 51.7882 58.4
      vertex 6.81779 51.7882 63.2
    endloop
  endfacet
  facet normal 0.803306 -0.595567 0
    outer loop
      vertex 6.81779 51.7882 58.4
      vertex 6.73594 51.6778 63.2
      vertex 6.73594 51.6778 58.4
    endloop
  endfacet
  facet normal -0.903996 -0.427542 0
    outer loop
      vertex 9.19343 51.4358 58.4
      vertex 9.13469 51.56 63.2
      vertex 9.13469 51.56 58.4
    endloop
  endfacet
  facet normal -0.903996 -0.427542 0
    outer loop
      vertex 9.13469 51.56 63.2
      vertex 9.19343 51.4358 58.4
      vertex 9.19343 51.4358 63.2
    endloop
  endfacet
  facet normal 0.941567 -0.336825 0
    outer loop
      vertex 6.56028 51.3064 63.2
      vertex 6.60657 51.4358 58.4
      vertex 6.60657 51.4358 63.2
    endloop
  endfacet
  facet normal 0.941567 -0.336825 0
    outer loop
      vertex 6.60657 51.4358 58.4
      vertex 6.56028 51.3064 63.2
      vertex 6.56028 51.3064 58.4
    endloop
  endfacet
  facet normal 0.336982 0.941511 -0
    outer loop
      vertex 7.4936 49.5603 58.4
      vertex 7.36424 49.6066 63.2
      vertex 7.4936 49.5603 63.2
    endloop
  endfacet
  facet normal 0.336982 0.941511 0
    outer loop
      vertex 7.36424 49.6066 63.2
      vertex 7.4936 49.5603 58.4
      vertex 7.36424 49.6066 58.4
    endloop
  endfacet
  facet normal -0.595976 -0.803003 0
    outer loop
      vertex 8.6778 52.0641 58.4
      vertex 8.78815 51.9822 63.2
      vertex 8.6778 52.0641 63.2
    endloop
  endfacet
  facet normal -0.595976 -0.803003 -0
    outer loop
      vertex 8.78815 51.9822 63.2
      vertex 8.6778 52.0641 58.4
      vertex 8.78815 51.9822 58.4
    endloop
  endfacet
  facet normal 0.903996 -0.427542 0
    outer loop
      vertex 6.60657 51.4358 63.2
      vertex 6.66531 51.56 58.4
      vertex 6.66531 51.56 63.2
    endloop
  endfacet
  facet normal 0.903996 -0.427542 0
    outer loop
      vertex 6.66531 51.56 58.4
      vertex 6.60657 51.4358 63.2
      vertex 6.60657 51.4358 58.4
    endloop
  endfacet
  facet normal -0.803306 0.595567 0
    outer loop
      vertex 8.98221 50.0118 58.4
      vertex 9.06406 50.1222 63.2
      vertex 9.06406 50.1222 58.4
    endloop
  endfacet
  facet normal -0.803306 0.595567 0
    outer loop
      vertex 9.06406 50.1222 63.2
      vertex 8.98221 50.0118 58.4
      vertex 8.98221 50.0118 63.2
    endloop
  endfacet
  facet normal -0.147013 -0.989135 0
    outer loop
      vertex 8.03722 52.2933 58.4
      vertex 8.17313 52.2731 63.2
      vertex 8.03722 52.2933 63.2
    endloop
  endfacet
  facet normal -0.147013 -0.989135 -0
    outer loop
      vertex 8.17313 52.2731 63.2
      vertex 8.03722 52.2933 58.4
      vertex 8.17313 52.2731 58.4
    endloop
  endfacet
  facet normal 0.989175 -0.146739 0
    outer loop
      vertex 6.50674 51.0372 63.2
      vertex 6.5269 51.1731 58.4
      vertex 6.5269 51.1731 63.2
    endloop
  endfacet
  facet normal 0.989175 -0.146739 0
    outer loop
      vertex 6.5269 51.1731 58.4
      vertex 6.50674 51.0372 63.2
      vertex 6.50674 51.0372 58.4
    endloop
  endfacet
  facet normal -0.803306 -0.595567 0
    outer loop
      vertex 9.06406 51.6778 58.4
      vertex 8.98221 51.7882 63.2
      vertex 8.98221 51.7882 58.4
    endloop
  endfacet
  facet normal -0.803306 -0.595567 0
    outer loop
      vertex 8.98221 51.7882 63.2
      vertex 9.06406 51.6778 58.4
      vertex 9.06406 51.6778 63.2
    endloop
  endfacet
  facet normal -0.0487686 -0.99881 0
    outer loop
      vertex 7.9 52.3 58.4
      vertex 8.03722 52.2933 63.2
      vertex 7.9 52.3 63.2
    endloop
  endfacet
  facet normal -0.0487686 -0.99881 -0
    outer loop
      vertex 8.03722 52.2933 63.2
      vertex 7.9 52.3 58.4
      vertex 8.03722 52.2933 58.4
    endloop
  endfacet
  facet normal 0.147013 -0.989135 0
    outer loop
      vertex 7.62687 52.2731 58.4
      vertex 7.76278 52.2933 63.2
      vertex 7.62687 52.2731 63.2
    endloop
  endfacet
  facet normal 0.147013 -0.989135 0
    outer loop
      vertex 7.76278 52.2933 63.2
      vertex 7.62687 52.2731 58.4
      vertex 7.76278 52.2933 58.4
    endloop
  endfacet
  facet normal 0.857653 0.514228 0
    outer loop
      vertex 6.73594 50.1222 63.2
      vertex 6.66531 50.24 58.4
      vertex 6.66531 50.24 63.2
    endloop
  endfacet
  facet normal 0.857653 0.514228 0
    outer loop
      vertex 6.66531 50.24 58.4
      vertex 6.73594 50.1222 63.2
      vertex 6.73594 50.1222 58.4
    endloop
  endfacet
  facet normal 0.941567 0.336825 0
    outer loop
      vertex 6.60657 50.3642 63.2
      vertex 6.56028 50.4936 58.4
      vertex 6.56028 50.4936 63.2
    endloop
  endfacet
  facet normal 0.941567 0.336825 0
    outer loop
      vertex 6.56028 50.4936 58.4
      vertex 6.60657 50.3642 63.2
      vertex 6.60657 50.3642 58.4
    endloop
  endfacet
  facet normal 0.427304 -0.904108 0
    outer loop
      vertex 7.24004 52.1347 58.4
      vertex 7.36424 52.1934 63.2
      vertex 7.24004 52.1347 63.2
    endloop
  endfacet
  facet normal 0.427304 -0.904108 0
    outer loop
      vertex 7.36424 52.1934 63.2
      vertex 7.24004 52.1347 58.4
      vertex 7.36424 52.1934 58.4
    endloop
  endfacet
  facet normal -0.903996 0.427542 0
    outer loop
      vertex 9.13469 50.24 58.4
      vertex 9.19343 50.3642 63.2
      vertex 9.19343 50.3642 58.4
    endloop
  endfacet
  facet normal -0.903996 0.427542 0
    outer loop
      vertex 9.19343 50.3642 63.2
      vertex 9.13469 50.24 58.4
      vertex 9.13469 50.24 63.2
    endloop
  endfacet
  facet normal 0.595976 0.803003 -0
    outer loop
      vertex 7.1222 49.7359 58.4
      vertex 7.01185 49.8178 63.2
      vertex 7.1222 49.7359 63.2
    endloop
  endfacet
  facet normal 0.595976 0.803003 0
    outer loop
      vertex 7.01185 49.8178 63.2
      vertex 7.1222 49.7359 58.4
      vertex 7.01185 49.8178 58.4
    endloop
  endfacet
  facet normal 0.857653 -0.514228 0
    outer loop
      vertex 6.66531 51.56 63.2
      vertex 6.73594 51.6778 58.4
      vertex 6.73594 51.6778 63.2
    endloop
  endfacet
  facet normal 0.857653 -0.514228 0
    outer loop
      vertex 6.73594 51.6778 58.4
      vertex 6.66531 51.56 63.2
      vertex 6.66531 51.56 58.4
    endloop
  endfacet
  facet normal -0.998796 0.0490662 0
    outer loop
      vertex 9.29326 50.7628 58.4
      vertex 9.3 50.9 63.2
      vertex 9.3 50.9 58.4
    endloop
  endfacet
  facet normal -0.998796 0.0490662 0
    outer loop
      vertex 9.3 50.9 63.2
      vertex 9.29326 50.7628 58.4
      vertex 9.29326 50.7628 63.2
    endloop
  endfacet
  facet normal -0.941567 0.336825 0
    outer loop
      vertex 9.19343 50.3642 58.4
      vertex 9.23972 50.4936 63.2
      vertex 9.23972 50.4936 58.4
    endloop
  endfacet
  facet normal -0.941567 0.336825 0
    outer loop
      vertex 9.23972 50.4936 63.2
      vertex 9.19343 50.3642 58.4
      vertex 9.19343 50.3642 63.2
    endloop
  endfacet
  facet normal -0.243101 0.970001 0
    outer loop
      vertex 8.3064 49.5603 58.4
      vertex 8.17313 49.5269 63.2
      vertex 8.3064 49.5603 63.2
    endloop
  endfacet
  facet normal -0.243101 0.970001 0
    outer loop
      vertex 8.17313 49.5269 63.2
      vertex 8.3064 49.5603 58.4
      vertex 8.17313 49.5269 58.4
    endloop
  endfacet
  facet normal -0.941567 -0.336825 0
    outer loop
      vertex 9.23972 51.3064 58.4
      vertex 9.19343 51.4358 63.2
      vertex 9.19343 51.4358 58.4
    endloop
  endfacet
  facet normal -0.941567 -0.336825 0
    outer loop
      vertex 9.19343 51.4358 63.2
      vertex 9.23972 51.3064 58.4
      vertex 9.23972 51.3064 63.2
    endloop
  endfacet
  facet normal 0.998796 0.0490662 0
    outer loop
      vertex 6.50674 50.7628 63.2
      vertex 6.5 50.9 58.4
      vertex 6.5 50.9 63.2
    endloop
  endfacet
  facet normal 0.998796 0.0490662 0
    outer loop
      vertex 6.5 50.9 58.4
      vertex 6.50674 50.7628 63.2
      vertex 6.50674 50.7628 58.4
    endloop
  endfacet
  facet normal -0.989175 0.146739 0
    outer loop
      vertex 9.2731 50.6269 58.4
      vertex 9.29326 50.7628 63.2
      vertex 9.29326 50.7628 58.4
    endloop
  endfacet
  facet normal -0.989175 0.146739 0
    outer loop
      vertex 9.29326 50.7628 63.2
      vertex 9.2731 50.6269 58.4
      vertex 9.2731 50.6269 63.2
    endloop
  endfacet
  facet normal 0.671295 0.741191 -0
    outer loop
      vertex 7.01185 49.8178 58.4
      vertex 6.91005 49.91 63.2
      vertex 7.01185 49.8178 63.2
    endloop
  endfacet
  facet normal 0.671295 0.741191 0
    outer loop
      vertex 6.91005 49.91 63.2
      vertex 7.01185 49.8178 58.4
      vertex 6.91005 49.91 58.4
    endloop
  endfacet
  facet normal -0.970048 0.242912 0
    outer loop
      vertex 9.23972 50.4936 58.4
      vertex 9.2731 50.6269 63.2
      vertex 9.2731 50.6269 58.4
    endloop
  endfacet
  facet normal -0.970048 0.242912 0
    outer loop
      vertex 9.2731 50.6269 63.2
      vertex 9.23972 50.4936 58.4
      vertex 9.23972 50.4936 63.2
    endloop
  endfacet
  facet normal -0.671694 -0.740829 0
    outer loop
      vertex 8.78815 51.9822 58.4
      vertex 8.88995 51.8899 63.2
      vertex 8.78815 51.9822 63.2
    endloop
  endfacet
  facet normal -0.671694 -0.740829 -0
    outer loop
      vertex 8.88995 51.8899 63.2
      vertex 8.78815 51.9822 58.4
      vertex 8.88995 51.8899 58.4
    endloop
  endfacet
  facet normal -0.336982 -0.941511 0
    outer loop
      vertex 8.3064 52.2397 58.4
      vertex 8.43576 52.1934 63.2
      vertex 8.3064 52.2397 63.2
    endloop
  endfacet
  facet normal -0.336982 -0.941511 -0
    outer loop
      vertex 8.43576 52.1934 63.2
      vertex 8.3064 52.2397 58.4
      vertex 8.43576 52.1934 58.4
    endloop
  endfacet
  facet normal 0.336982 -0.941511 0
    outer loop
      vertex 7.36424 52.1934 58.4
      vertex 7.4936 52.2397 63.2
      vertex 7.36424 52.1934 63.2
    endloop
  endfacet
  facet normal 0.336982 -0.941511 0
    outer loop
      vertex 7.4936 52.2397 63.2
      vertex 7.36424 52.1934 58.4
      vertex 7.4936 52.2397 58.4
    endloop
  endfacet
  facet normal 0.513939 0.857827 -0
    outer loop
      vertex 7.24004 49.6653 58.4
      vertex 7.1222 49.7359 63.2
      vertex 7.24004 49.6653 63.2
    endloop
  endfacet
  facet normal 0.513939 0.857827 0
    outer loop
      vertex 7.1222 49.7359 63.2
      vertex 7.24004 49.6653 58.4
      vertex 7.1222 49.7359 58.4
    endloop
  endfacet
  facet normal -0.857653 0.514228 0
    outer loop
      vertex 9.06406 50.1222 58.4
      vertex 9.13469 50.24 63.2
      vertex 9.13469 50.24 58.4
    endloop
  endfacet
  facet normal -0.857653 0.514228 0
    outer loop
      vertex 9.13469 50.24 63.2
      vertex 9.06406 50.1222 58.4
      vertex 9.06406 50.1222 63.2
    endloop
  endfacet
  facet normal -0.427332 -0.904095 0
    outer loop
      vertex 8.43576 52.1934 58.4
      vertex 8.55995 52.1347 63.2
      vertex 8.43576 52.1934 63.2
    endloop
  endfacet
  facet normal -0.427332 -0.904095 -0
    outer loop
      vertex 8.55995 52.1347 63.2
      vertex 8.43576 52.1934 58.4
      vertex 8.55995 52.1347 58.4
    endloop
  endfacet
  facet normal 0.147013 0.989135 -0
    outer loop
      vertex 7.76278 49.5067 58.4
      vertex 7.62687 49.5269 63.2
      vertex 7.76278 49.5067 63.2
    endloop
  endfacet
  facet normal 0.147013 0.989135 0
    outer loop
      vertex 7.62687 49.5269 63.2
      vertex 7.76278 49.5067 58.4
      vertex 7.62687 49.5269 58.4
    endloop
  endfacet
  facet normal 0.595976 -0.803003 0
    outer loop
      vertex 7.01185 51.9822 58.4
      vertex 7.1222 52.0641 63.2
      vertex 7.01185 51.9822 63.2
    endloop
  endfacet
  facet normal 0.595976 -0.803003 0
    outer loop
      vertex 7.1222 52.0641 63.2
      vertex 7.01185 51.9822 58.4
      vertex 7.1222 52.0641 58.4
    endloop
  endfacet
  facet normal -0.857653 -0.514228 0
    outer loop
      vertex 9.13469 51.56 58.4
      vertex 9.06406 51.6778 63.2
      vertex 9.06406 51.6778 58.4
    endloop
  endfacet
  facet normal -0.857653 -0.514228 0
    outer loop
      vertex 9.06406 51.6778 63.2
      vertex 9.13469 51.56 58.4
      vertex 9.13469 51.56 63.2
    endloop
  endfacet
  facet normal 0.0487686 -0.99881 0
    outer loop
      vertex 7.76278 52.2933 58.4
      vertex 7.9 52.3 63.2
      vertex 7.76278 52.2933 63.2
    endloop
  endfacet
  facet normal 0.0487686 -0.99881 0
    outer loop
      vertex 7.9 52.3 63.2
      vertex 7.76278 52.2933 58.4
      vertex 7.9 52.3 58.4
    endloop
  endfacet
  facet normal 0.0487686 0.99881 -0
    outer loop
      vertex 7.9 49.5 58.4
      vertex 7.76278 49.5067 63.2
      vertex 7.9 49.5 63.2
    endloop
  endfacet
  facet normal 0.0487686 0.99881 0
    outer loop
      vertex 7.76278 49.5067 63.2
      vertex 7.9 49.5 58.4
      vertex 7.76278 49.5067 58.4
    endloop
  endfacet
  facet normal 0.740645 -0.671897 0
    outer loop
      vertex 6.81779 51.7882 63.2
      vertex 6.91005 51.8899 58.4
      vertex 6.91005 51.8899 63.2
    endloop
  endfacet
  facet normal 0.740645 -0.671897 0
    outer loop
      vertex 6.91005 51.8899 58.4
      vertex 6.81779 51.7882 63.2
      vertex 6.81779 51.7882 58.4
    endloop
  endfacet
  facet normal -0.0487686 0.99881 0
    outer loop
      vertex 8.03722 49.5067 58.4
      vertex 7.9 49.5 63.2
      vertex 8.03722 49.5067 63.2
    endloop
  endfacet
  facet normal -0.0487686 0.99881 0
    outer loop
      vertex 7.9 49.5 63.2
      vertex 8.03722 49.5067 58.4
      vertex 7.9 49.5 58.4
    endloop
  endfacet
  facet normal 0.243101 0.970001 -0
    outer loop
      vertex 7.62687 49.5269 58.4
      vertex 7.4936 49.5603 63.2
      vertex 7.62687 49.5269 63.2
    endloop
  endfacet
  facet normal 0.243101 0.970001 0
    outer loop
      vertex 7.4936 49.5603 63.2
      vertex 7.62687 49.5269 58.4
      vertex 7.4936 49.5603 58.4
    endloop
  endfacet
  facet normal -0.671295 0.741191 0
    outer loop
      vertex 8.88995 49.91 58.4
      vertex 8.78815 49.8178 63.2
      vertex 8.88995 49.91 63.2
    endloop
  endfacet
  facet normal -0.671295 0.741191 0
    outer loop
      vertex 8.78815 49.8178 63.2
      vertex 8.88995 49.91 58.4
      vertex 8.78815 49.8178 58.4
    endloop
  endfacet
  facet normal -0.243101 -0.970001 0
    outer loop
      vertex 8.17313 52.2731 58.4
      vertex 8.3064 52.2397 63.2
      vertex 8.17313 52.2731 63.2
    endloop
  endfacet
  facet normal -0.243101 -0.970001 -0
    outer loop
      vertex 8.3064 52.2397 63.2
      vertex 8.17313 52.2731 58.4
      vertex 8.3064 52.2397 58.4
    endloop
  endfacet
  facet normal 0.970048 0.242912 0
    outer loop
      vertex 6.56028 50.4936 63.2
      vertex 6.5269 50.6269 58.4
      vertex 6.5269 50.6269 63.2
    endloop
  endfacet
  facet normal 0.970048 0.242912 0
    outer loop
      vertex 6.5269 50.6269 58.4
      vertex 6.56028 50.4936 63.2
      vertex 6.56028 50.4936 58.4
    endloop
  endfacet
  facet normal 0.427304 0.904108 -0
    outer loop
      vertex 7.36424 49.6066 58.4
      vertex 7.24004 49.6653 63.2
      vertex 7.36424 49.6066 63.2
    endloop
  endfacet
  facet normal 0.427304 0.904108 0
    outer loop
      vertex 7.24004 49.6653 63.2
      vertex 7.36424 49.6066 58.4
      vertex 7.24004 49.6653 58.4
    endloop
  endfacet
  facet normal 0.740973 0.671534 0
    outer loop
      vertex 6.91005 49.91 63.2
      vertex 6.81779 50.0118 58.4
      vertex 6.81779 50.0118 63.2
    endloop
  endfacet
  facet normal 0.740973 0.671534 0
    outer loop
      vertex 6.81779 50.0118 58.4
      vertex 6.91005 49.91 63.2
      vertex 6.91005 49.91 58.4
    endloop
  endfacet
  facet normal 0.989175 0.146739 0
    outer loop
      vertex 6.5269 50.6269 63.2
      vertex 6.50674 50.7628 58.4
      vertex 6.50674 50.7628 63.2
    endloop
  endfacet
  facet normal 0.989175 0.146739 0
    outer loop
      vertex 6.50674 50.7628 58.4
      vertex 6.5269 50.6269 63.2
      vertex 6.5269 50.6269 58.4
    endloop
  endfacet
  facet normal -0.740645 -0.671897 0
    outer loop
      vertex 8.98221 51.7882 58.4
      vertex 8.88995 51.8899 63.2
      vertex 8.88995 51.8899 58.4
    endloop
  endfacet
  facet normal -0.740645 -0.671897 0
    outer loop
      vertex 8.88995 51.8899 63.2
      vertex 8.98221 51.7882 58.4
      vertex 8.98221 51.7882 63.2
    endloop
  endfacet
  facet normal -0.595976 0.803003 0
    outer loop
      vertex 8.78815 49.8178 58.4
      vertex 8.6778 49.7359 63.2
      vertex 8.78815 49.8178 63.2
    endloop
  endfacet
  facet normal -0.595976 0.803003 0
    outer loop
      vertex 8.6778 49.7359 63.2
      vertex 8.78815 49.8178 58.4
      vertex 8.6778 49.7359 58.4
    endloop
  endfacet
  facet normal 0.803306 0.595567 0
    outer loop
      vertex 6.81779 50.0118 63.2
      vertex 6.73594 50.1222 58.4
      vertex 6.73594 50.1222 63.2
    endloop
  endfacet
  facet normal 0.803306 0.595567 0
    outer loop
      vertex 6.73594 50.1222 58.4
      vertex 6.81779 50.0118 63.2
      vertex 6.81779 50.0118 58.4
    endloop
  endfacet
  facet normal 0.998796 -0.0490662 0
    outer loop
      vertex 6.5 50.9 63.2
      vertex 6.50674 51.0372 58.4
      vertex 6.50674 51.0372 63.2
    endloop
  endfacet
  facet normal 0.998796 -0.0490662 0
    outer loop
      vertex 6.50674 51.0372 58.4
      vertex 6.5 50.9 63.2
      vertex 6.5 50.9 58.4
    endloop
  endfacet
  facet normal -0.740973 0.671534 0
    outer loop
      vertex 8.88995 49.91 58.4
      vertex 8.98221 50.0118 63.2
      vertex 8.98221 50.0118 58.4
    endloop
  endfacet
  facet normal -0.740973 0.671534 0
    outer loop
      vertex 8.98221 50.0118 63.2
      vertex 8.88995 49.91 58.4
      vertex 8.88995 49.91 63.2
    endloop
  endfacet
  facet normal -0.906071 0.423125 0
    outer loop
      vertex 102.135 7.24004 58.4
      vertex 102.193 7.36424 63.2
      vertex 102.193 7.36424 58.4
    endloop
  endfacet
  facet normal -0.906071 0.423125 0
    outer loop
      vertex 102.193 7.36424 63.2
      vertex 102.135 7.24004 58.4
      vertex 102.135 7.24004 63.2
    endloop
  endfacet
  facet normal -0.989345 -0.145588 0
    outer loop
      vertex 102.293 8.03722 58.4
      vertex 102.273 8.17313 63.2
      vertex 102.273 8.17313 58.4
    endloop
  endfacet
  facet normal -0.989345 -0.145588 0
    outer loop
      vertex 102.273 8.17313 63.2
      vertex 102.293 8.03722 58.4
      vertex 102.293 8.03722 63.2
    endloop
  endfacet
  facet normal -0.998701 -0.0509467 0
    outer loop
      vertex 102.3 7.9 58.4
      vertex 102.293 8.03722 63.2
      vertex 102.293 8.03722 58.4
    endloop
  endfacet
  facet normal -0.998701 -0.0509467 0
    outer loop
      vertex 102.293 8.03722 63.2
      vertex 102.3 7.9 58.4
      vertex 102.3 7.9 63.2
    endloop
  endfacet
  facet normal 0.670811 0.741629 -0
    outer loop
      vertex 100.012 6.81779 58.4
      vertex 99.91 6.91005 63.2
      vertex 100.012 6.81779 63.2
    endloop
  endfacet
  facet normal 0.670811 0.741629 0
    outer loop
      vertex 99.91 6.91005 63.2
      vertex 100.012 6.81779 58.4
      vertex 99.91 6.91005 58.4
    endloop
  endfacet
  facet normal 0.904108 0.427304 0
    outer loop
      vertex 99.6653 7.24004 63.2
      vertex 99.6066 7.36424 58.4
      vertex 99.6066 7.36424 63.2
    endloop
  endfacet
  facet normal 0.904108 0.427304 0
    outer loop
      vertex 99.6066 7.36424 58.4
      vertex 99.6653 7.24004 63.2
      vertex 99.6653 7.24004 58.4
    endloop
  endfacet
  facet normal -0.335446 0.94206 0
    outer loop
      vertex 101.436 6.60657 58.4
      vertex 101.306 6.56028 63.2
      vertex 101.436 6.60657 63.2
    endloop
  endfacet
  facet normal -0.335446 0.94206 0
    outer loop
      vertex 101.306 6.56028 63.2
      vertex 101.436 6.60657 58.4
      vertex 101.306 6.56028 58.4
    endloop
  endfacet
  facet normal 0.596962 0.80227 -0
    outer loop
      vertex 100.122 6.73594 58.4
      vertex 100.012 6.81779 63.2
      vertex 100.122 6.73594 63.2
    endloop
  endfacet
  facet normal 0.596962 0.80227 0
    outer loop
      vertex 100.012 6.81779 63.2
      vertex 100.122 6.73594 58.4
      vertex 100.012 6.81779 58.4
    endloop
  endfacet
  facet normal -0.146633 -0.989191 0
    outer loop
      vertex 101.037 9.29326 58.4
      vertex 101.173 9.2731 63.2
      vertex 101.037 9.29326 63.2
    endloop
  endfacet
  facet normal -0.146633 -0.989191 -0
    outer loop
      vertex 101.173 9.2731 63.2
      vertex 101.037 9.29326 58.4
      vertex 101.173 9.2731 58.4
    endloop
  endfacet
  facet normal 0.99881 0.0487686 0
    outer loop
      vertex 99.5067 7.76278 63.2
      vertex 99.5 7.9 58.4
      vertex 99.5 7.9 63.2
    endloop
  endfacet
  facet normal 0.99881 0.0487686 0
    outer loop
      vertex 99.5 7.9 58.4
      vertex 99.5067 7.76278 63.2
      vertex 99.5067 7.76278 58.4
    endloop
  endfacet
  facet normal -0.146633 0.989191 0
    outer loop
      vertex 101.173 6.5269 58.4
      vertex 101.037 6.50674 63.2
      vertex 101.173 6.5269 63.2
    endloop
  endfacet
  facet normal -0.146633 0.989191 0
    outer loop
      vertex 101.037 6.50674 63.2
      vertex 101.173 6.5269 58.4
      vertex 101.037 6.50674 58.4
    endloop
  endfacet
  facet normal 0.857846 -0.513907 0
    outer loop
      vertex 99.6653 8.55995 63.2
      vertex 99.7359 8.6778 58.4
      vertex 99.7359 8.6778 63.2
    endloop
  endfacet
  facet normal 0.857846 -0.513907 0
    outer loop
      vertex 99.7359 8.6778 58.4
      vertex 99.6653 8.55995 63.2
      vertex 99.6653 8.55995 58.4
    endloop
  endfacet
  facet normal 0.513587 0.858038 -0
    outer loop
      vertex 100.24 6.66531 58.4
      vertex 100.122 6.73594 63.2
      vertex 100.24 6.66531 63.2
    endloop
  endfacet
  facet normal 0.513587 0.858038 0
    outer loop
      vertex 100.122 6.73594 63.2
      vertex 100.24 6.66531 58.4
      vertex 100.122 6.73594 58.4
    endloop
  endfacet
  facet normal 0.428105 -0.903729 0
    outer loop
      vertex 100.24 9.13469 58.4
      vertex 100.364 9.19343 63.2
      vertex 100.24 9.13469 63.2
    endloop
  endfacet
  facet normal 0.428105 -0.903729 0
    outer loop
      vertex 100.364 9.19343 63.2
      vertex 100.24 9.13469 58.4
      vertex 100.364 9.19343 58.4
    endloop
  endfacet
  facet normal -0.596962 0.80227 0
    outer loop
      vertex 101.788 6.81779 58.4
      vertex 101.678 6.73594 63.2
      vertex 101.788 6.81779 63.2
    endloop
  endfacet
  facet normal -0.596962 0.80227 0
    outer loop
      vertex 101.678 6.73594 63.2
      vertex 101.788 6.81779 58.4
      vertex 101.678 6.73594 58.4
    endloop
  endfacet
  facet normal 0.335446 -0.94206 0
    outer loop
      vertex 100.364 9.19343 58.4
      vertex 100.494 9.23972 63.2
      vertex 100.364 9.19343 63.2
    endloop
  endfacet
  facet normal 0.335446 -0.94206 0
    outer loop
      vertex 100.494 9.23972 63.2
      vertex 100.364 9.19343 58.4
      vertex 100.494 9.23972 58.4
    endloop
  endfacet
  facet normal -0.939887 -0.341486 0
    outer loop
      vertex 102.24 8.3064 58.4
      vertex 102.193 8.43576 63.2
      vertex 102.193 8.43576 58.4
    endloop
  endfacet
  facet normal -0.939887 -0.341486 0
    outer loop
      vertex 102.193 8.43576 63.2
      vertex 102.24 8.3064 58.4
      vertex 102.24 8.3064 63.2
    endloop
  endfacet
  facet normal -0.243428 -0.969919 0
    outer loop
      vertex 101.173 9.2731 58.4
      vertex 101.306 9.23972 63.2
      vertex 101.173 9.2731 63.2
    endloop
  endfacet
  facet normal -0.243428 -0.969919 -0
    outer loop
      vertex 101.306 9.23972 63.2
      vertex 101.173 9.2731 58.4
      vertex 101.306 9.23972 58.4
    endloop
  endfacet
  facet normal 0.941511 -0.336982 0
    outer loop
      vertex 99.5603 8.3064 63.2
      vertex 99.6066 8.43576 58.4
      vertex 99.6066 8.43576 63.2
    endloop
  endfacet
  facet normal 0.941511 -0.336982 0
    outer loop
      vertex 99.6066 8.43576 58.4
      vertex 99.5603 8.3064 63.2
      vertex 99.5603 8.3064 58.4
    endloop
  endfacet
  facet normal -0.906058 -0.423153 0
    outer loop
      vertex 102.193 8.43576 58.4
      vertex 102.135 8.55995 63.2
      vertex 102.135 8.55995 58.4
    endloop
  endfacet
  facet normal -0.906058 -0.423153 0
    outer loop
      vertex 102.135 8.55995 63.2
      vertex 102.193 8.43576 58.4
      vertex 102.193 8.43576 63.2
    endloop
  endfacet
  facet normal 0.513587 -0.858038 0
    outer loop
      vertex 100.122 9.06406 58.4
      vertex 100.24 9.13469 63.2
      vertex 100.122 9.06406 63.2
    endloop
  endfacet
  facet normal 0.513587 -0.858038 0
    outer loop
      vertex 100.24 9.13469 63.2
      vertex 100.122 9.06406 58.4
      vertex 100.24 9.13469 58.4
    endloop
  endfacet
  facet normal 0.741191 0.671295 0
    outer loop
      vertex 99.91 6.91005 63.2
      vertex 99.8178 7.01185 58.4
      vertex 99.8178 7.01185 63.2
    endloop
  endfacet
  facet normal 0.741191 0.671295 0
    outer loop
      vertex 99.8178 7.01185 58.4
      vertex 99.91 6.91005 63.2
      vertex 99.91 6.91005 58.4
    endloop
  endfacet
  facet normal -0.0491377 0.998792 0
    outer loop
      vertex 101.037 6.50674 58.4
      vertex 100.9 6.5 63.2
      vertex 101.037 6.50674 63.2
    endloop
  endfacet
  facet normal -0.0491377 0.998792 0
    outer loop
      vertex 100.9 6.5 63.2
      vertex 101.037 6.50674 58.4
      vertex 100.9 6.5 58.4
    endloop
  endfacet
  facet normal 0.596962 -0.80227 0
    outer loop
      vertex 100.012 8.98221 58.4
      vertex 100.122 9.06406 63.2
      vertex 100.012 8.98221 63.2
    endloop
  endfacet
  facet normal 0.596962 -0.80227 0
    outer loop
      vertex 100.122 9.06406 63.2
      vertex 100.012 8.98221 58.4
      vertex 100.122 9.06406 58.4
    endloop
  endfacet
  facet normal 0.803003 0.595976 0
    outer loop
      vertex 99.8178 7.01185 63.2
      vertex 99.7359 7.1222 58.4
      vertex 99.7359 7.1222 63.2
    endloop
  endfacet
  facet normal 0.803003 0.595976 0
    outer loop
      vertex 99.7359 7.1222 58.4
      vertex 99.8178 7.01185 63.2
      vertex 99.8178 7.01185 58.4
    endloop
  endfacet
  facet normal -0.428105 0.903729 0
    outer loop
      vertex 101.56 6.66531 58.4
      vertex 101.436 6.60657 63.2
      vertex 101.56 6.66531 63.2
    endloop
  endfacet
  facet normal -0.428105 0.903729 0
    outer loop
      vertex 101.436 6.60657 63.2
      vertex 101.56 6.66531 58.4
      vertex 101.436 6.60657 58.4
    endloop
  endfacet
  facet normal 0.428105 0.903729 -0
    outer loop
      vertex 100.364 6.60657 58.4
      vertex 100.24 6.66531 63.2
      vertex 100.364 6.60657 63.2
    endloop
  endfacet
  facet normal 0.428105 0.903729 0
    outer loop
      vertex 100.24 6.66531 63.2
      vertex 100.364 6.60657 58.4
      vertex 100.24 6.66531 58.4
    endloop
  endfacet
  facet normal -0.513587 -0.858038 0
    outer loop
      vertex 101.56 9.13469 58.4
      vertex 101.678 9.06406 63.2
      vertex 101.56 9.13469 63.2
    endloop
  endfacet
  facet normal -0.513587 -0.858038 -0
    outer loop
      vertex 101.678 9.06406 63.2
      vertex 101.56 9.13469 58.4
      vertex 101.678 9.06406 58.4
    endloop
  endfacet
  facet normal -0.670811 -0.741629 0
    outer loop
      vertex 101.788 8.98221 58.4
      vertex 101.89 8.88995 63.2
      vertex 101.788 8.98221 63.2
    endloop
  endfacet
  facet normal -0.670811 -0.741629 -0
    outer loop
      vertex 101.89 8.88995 63.2
      vertex 101.788 8.98221 58.4
      vertex 101.89 8.88995 58.4
    endloop
  endfacet
  facet normal -0.802654 -0.596445 0
    outer loop
      vertex 102.064 8.6778 58.4
      vertex 101.982 8.78815 63.2
      vertex 101.982 8.78815 58.4
    endloop
  endfacet
  facet normal -0.802654 -0.596445 0
    outer loop
      vertex 101.982 8.78815 63.2
      vertex 102.064 8.6778 58.4
      vertex 102.064 8.6778 63.2
    endloop
  endfacet
  facet normal 0.670811 -0.741629 0
    outer loop
      vertex 99.91 8.88995 58.4
      vertex 100.012 8.98221 63.2
      vertex 99.91 8.88995 63.2
    endloop
  endfacet
  facet normal 0.670811 -0.741629 0
    outer loop
      vertex 100.012 8.98221 63.2
      vertex 99.91 8.88995 58.4
      vertex 100.012 8.98221 58.4
    endloop
  endfacet
  facet normal -0.428105 -0.903729 0
    outer loop
      vertex 101.436 9.19343 58.4
      vertex 101.56 9.13469 63.2
      vertex 101.436 9.19343 63.2
    endloop
  endfacet
  facet normal -0.428105 -0.903729 -0
    outer loop
      vertex 101.56 9.13469 63.2
      vertex 101.436 9.19343 58.4
      vertex 101.56 9.13469 58.4
    endloop
  endfacet
  facet normal 0.989135 0.147013 0
    outer loop
      vertex 99.5269 7.62687 63.2
      vertex 99.5067 7.76278 58.4
      vertex 99.5067 7.76278 63.2
    endloop
  endfacet
  facet normal 0.989135 0.147013 0
    outer loop
      vertex 99.5067 7.76278 58.4
      vertex 99.5269 7.62687 63.2
      vertex 99.5269 7.62687 58.4
    endloop
  endfacet
  facet normal 0.335446 0.94206 -0
    outer loop
      vertex 100.494 6.56028 58.4
      vertex 100.364 6.60657 63.2
      vertex 100.494 6.56028 63.2
    endloop
  endfacet
  facet normal 0.335446 0.94206 0
    outer loop
      vertex 100.364 6.60657 63.2
      vertex 100.494 6.56028 58.4
      vertex 100.364 6.60657 58.4
    endloop
  endfacet
  facet normal 0.970001 -0.243101 0
    outer loop
      vertex 99.5269 8.17313 63.2
      vertex 99.5603 8.3064 58.4
      vertex 99.5603 8.3064 63.2
    endloop
  endfacet
  facet normal 0.970001 -0.243101 0
    outer loop
      vertex 99.5603 8.3064 58.4
      vertex 99.5269 8.17313 63.2
      vertex 99.5269 8.17313 58.4
    endloop
  endfacet
  facet normal -0.989345 0.145588 0
    outer loop
      vertex 102.273 7.62687 58.4
      vertex 102.293 7.76278 63.2
      vertex 102.293 7.76278 58.4
    endloop
  endfacet
  facet normal -0.989345 0.145588 0
    outer loop
      vertex 102.293 7.76278 63.2
      vertex 102.273 7.62687 58.4
      vertex 102.273 7.62687 63.2
    endloop
  endfacet
  facet normal -0.998701 0.0509467 0
    outer loop
      vertex 102.293 7.76278 58.4
      vertex 102.3 7.9 63.2
      vertex 102.3 7.9 58.4
    endloop
  endfacet
  facet normal -0.998701 0.0509467 0
    outer loop
      vertex 102.3 7.9 63.2
      vertex 102.293 7.76278 58.4
      vertex 102.293 7.76278 63.2
    endloop
  endfacet
  facet normal -0.0491377 -0.998792 0
    outer loop
      vertex 100.9 9.3 58.4
      vertex 101.037 9.29326 63.2
      vertex 100.9 9.3 63.2
    endloop
  endfacet
  facet normal -0.0491377 -0.998792 -0
    outer loop
      vertex 101.037 9.29326 63.2
      vertex 100.9 9.3 58.4
      vertex 101.037 9.29326 58.4
    endloop
  endfacet
  facet normal -0.802654 0.596445 0
    outer loop
      vertex 101.982 7.01185 58.4
      vertex 102.064 7.1222 63.2
      vertex 102.064 7.1222 58.4
    endloop
  endfacet
  facet normal -0.802654 0.596445 0
    outer loop
      vertex 102.064 7.1222 63.2
      vertex 101.982 7.01185 58.4
      vertex 101.982 7.01185 63.2
    endloop
  endfacet
  facet normal -0.856562 -0.516045 0
    outer loop
      vertex 102.135 8.55995 58.4
      vertex 102.064 8.6778 63.2
      vertex 102.064 8.6778 58.4
    endloop
  endfacet
  facet normal -0.856562 -0.516045 0
    outer loop
      vertex 102.064 8.6778 63.2
      vertex 102.135 8.55995 58.4
      vertex 102.135 8.55995 63.2
    endloop
  endfacet
  facet normal -0.596962 -0.80227 0
    outer loop
      vertex 101.678 9.06406 58.4
      vertex 101.788 8.98221 63.2
      vertex 101.678 9.06406 63.2
    endloop
  endfacet
  facet normal -0.596962 -0.80227 -0
    outer loop
      vertex 101.788 8.98221 63.2
      vertex 101.678 9.06406 58.4
      vertex 101.788 8.98221 58.4
    endloop
  endfacet
  facet normal -0.970684 0.240359 0
    outer loop
      vertex 102.24 7.4936 58.4
      vertex 102.273 7.62687 63.2
      vertex 102.273 7.62687 58.4
    endloop
  endfacet
  facet normal -0.970684 0.240359 0
    outer loop
      vertex 102.273 7.62687 63.2
      vertex 102.24 7.4936 58.4
      vertex 102.24 7.4936 63.2
    endloop
  endfacet
  facet normal 0.857827 0.513939 0
    outer loop
      vertex 99.7359 7.1222 63.2
      vertex 99.6653 7.24004 58.4
      vertex 99.6653 7.24004 63.2
    endloop
  endfacet
  facet normal 0.857827 0.513939 0
    outer loop
      vertex 99.6653 7.24004 58.4
      vertex 99.7359 7.1222 63.2
      vertex 99.7359 7.1222 58.4
    endloop
  endfacet
  facet normal -0.939887 0.341486 0
    outer loop
      vertex 102.193 7.36424 58.4
      vertex 102.24 7.4936 63.2
      vertex 102.24 7.4936 58.4
    endloop
  endfacet
  facet normal -0.939887 0.341486 0
    outer loop
      vertex 102.24 7.4936 63.2
      vertex 102.193 7.36424 58.4
      vertex 102.193 7.36424 63.2
    endloop
  endfacet
  facet normal 0.243428 0.969919 -0
    outer loop
      vertex 100.627 6.5269 58.4
      vertex 100.494 6.56028 63.2
      vertex 100.627 6.5269 63.2
    endloop
  endfacet
  facet normal 0.243428 0.969919 0
    outer loop
      vertex 100.494 6.56028 63.2
      vertex 100.627 6.5269 58.4
      vertex 100.494 6.56028 58.4
    endloop
  endfacet
  facet normal 0.989135 -0.147013 0
    outer loop
      vertex 99.5067 8.03722 63.2
      vertex 99.5269 8.17313 58.4
      vertex 99.5269 8.17313 63.2
    endloop
  endfacet
  facet normal 0.989135 -0.147013 0
    outer loop
      vertex 99.5269 8.17313 58.4
      vertex 99.5067 8.03722 63.2
      vertex 99.5067 8.03722 58.4
    endloop
  endfacet
  facet normal -0.970684 -0.240359 0
    outer loop
      vertex 102.273 8.17313 58.4
      vertex 102.24 8.3064 63.2
      vertex 102.24 8.3064 58.4
    endloop
  endfacet
  facet normal -0.970684 -0.240359 0
    outer loop
      vertex 102.24 8.3064 63.2
      vertex 102.273 8.17313 58.4
      vertex 102.273 8.17313 63.2
    endloop
  endfacet
  facet normal 0.146633 -0.989191 0
    outer loop
      vertex 100.627 9.2731 58.4
      vertex 100.763 9.29326 63.2
      vertex 100.627 9.2731 63.2
    endloop
  endfacet
  facet normal 0.146633 -0.989191 0
    outer loop
      vertex 100.763 9.29326 63.2
      vertex 100.627 9.2731 58.4
      vertex 100.763 9.29326 58.4
    endloop
  endfacet
  facet normal -0.670811 0.741629 0
    outer loop
      vertex 101.89 6.91005 58.4
      vertex 101.788 6.81779 63.2
      vertex 101.89 6.91005 63.2
    endloop
  endfacet
  facet normal -0.670811 0.741629 0
    outer loop
      vertex 101.788 6.81779 63.2
      vertex 101.89 6.91005 58.4
      vertex 101.788 6.81779 58.4
    endloop
  endfacet
  facet normal 0.0491377 -0.998792 0
    outer loop
      vertex 100.763 9.29326 58.4
      vertex 100.9 9.3 63.2
      vertex 100.763 9.29326 63.2
    endloop
  endfacet
  facet normal 0.0491377 -0.998792 0
    outer loop
      vertex 100.9 9.3 63.2
      vertex 100.763 9.29326 58.4
      vertex 100.9 9.3 58.4
    endloop
  endfacet
  facet normal -0.856542 0.516077 0
    outer loop
      vertex 102.064 7.1222 58.4
      vertex 102.135 7.24004 63.2
      vertex 102.135 7.24004 58.4
    endloop
  endfacet
  facet normal -0.856542 0.516077 0
    outer loop
      vertex 102.135 7.24004 63.2
      vertex 102.064 7.1222 58.4
      vertex 102.064 7.1222 63.2
    endloop
  endfacet
  facet normal 0.243428 -0.969919 0
    outer loop
      vertex 100.494 9.23972 58.4
      vertex 100.627 9.2731 63.2
      vertex 100.494 9.23972 63.2
    endloop
  endfacet
  facet normal 0.243428 -0.969919 0
    outer loop
      vertex 100.627 9.2731 63.2
      vertex 100.494 9.23972 58.4
      vertex 100.627 9.2731 58.4
    endloop
  endfacet
  facet normal 0.146633 0.989191 -0
    outer loop
      vertex 100.763 6.50674 58.4
      vertex 100.627 6.5269 63.2
      vertex 100.763 6.50674 63.2
    endloop
  endfacet
  facet normal 0.146633 0.989191 0
    outer loop
      vertex 100.627 6.5269 63.2
      vertex 100.763 6.50674 58.4
      vertex 100.627 6.5269 58.4
    endloop
  endfacet
  facet normal -0.513587 0.858038 0
    outer loop
      vertex 101.678 6.73594 58.4
      vertex 101.56 6.66531 63.2
      vertex 101.678 6.73594 63.2
    endloop
  endfacet
  facet normal -0.513587 0.858038 0
    outer loop
      vertex 101.56 6.66531 63.2
      vertex 101.678 6.73594 58.4
      vertex 101.56 6.66531 58.4
    endloop
  endfacet
  facet normal 0.904095 -0.427332 0
    outer loop
      vertex 99.6066 8.43576 63.2
      vertex 99.6653 8.55995 58.4
      vertex 99.6653 8.55995 63.2
    endloop
  endfacet
  facet normal 0.904095 -0.427332 0
    outer loop
      vertex 99.6653 8.55995 58.4
      vertex 99.6066 8.43576 63.2
      vertex 99.6066 8.43576 58.4
    endloop
  endfacet
  facet normal -0.741916 -0.670493 0
    outer loop
      vertex 101.982 8.78815 58.4
      vertex 101.89 8.88995 63.2
      vertex 101.89 8.88995 58.4
    endloop
  endfacet
  facet normal -0.741916 -0.670493 0
    outer loop
      vertex 101.89 8.88995 63.2
      vertex 101.982 8.78815 58.4
      vertex 101.982 8.78815 63.2
    endloop
  endfacet
  facet normal 0.970001 0.243101 0
    outer loop
      vertex 99.5603 7.4936 63.2
      vertex 99.5269 7.62687 58.4
      vertex 99.5269 7.62687 63.2
    endloop
  endfacet
  facet normal 0.970001 0.243101 0
    outer loop
      vertex 99.5269 7.62687 58.4
      vertex 99.5603 7.4936 63.2
      vertex 99.5603 7.4936 58.4
    endloop
  endfacet
  facet normal -0.243428 0.969919 0
    outer loop
      vertex 101.306 6.56028 58.4
      vertex 101.173 6.5269 63.2
      vertex 101.306 6.56028 63.2
    endloop
  endfacet
  facet normal -0.243428 0.969919 0
    outer loop
      vertex 101.173 6.5269 63.2
      vertex 101.306 6.56028 58.4
      vertex 101.173 6.5269 58.4
    endloop
  endfacet
  facet normal -0.741916 0.670493 0
    outer loop
      vertex 101.89 6.91005 58.4
      vertex 101.982 7.01185 63.2
      vertex 101.982 7.01185 58.4
    endloop
  endfacet
  facet normal -0.741916 0.670493 0
    outer loop
      vertex 101.982 7.01185 63.2
      vertex 101.89 6.91005 58.4
      vertex 101.89 6.91005 63.2
    endloop
  endfacet
  facet normal -0.335446 -0.94206 0
    outer loop
      vertex 101.306 9.23972 58.4
      vertex 101.436 9.19343 63.2
      vertex 101.306 9.23972 63.2
    endloop
  endfacet
  facet normal -0.335446 -0.94206 -0
    outer loop
      vertex 101.436 9.19343 63.2
      vertex 101.306 9.23972 58.4
      vertex 101.436 9.19343 58.4
    endloop
  endfacet
  facet normal 0.803003 -0.595976 0
    outer loop
      vertex 99.7359 8.6778 63.2
      vertex 99.8178 8.78815 58.4
      vertex 99.8178 8.78815 63.2
    endloop
  endfacet
  facet normal 0.803003 -0.595976 0
    outer loop
      vertex 99.8178 8.78815 58.4
      vertex 99.7359 8.6778 63.2
      vertex 99.7359 8.6778 58.4
    endloop
  endfacet
  facet normal 0.741191 -0.671295 0
    outer loop
      vertex 99.8178 8.78815 63.2
      vertex 99.91 8.88995 58.4
      vertex 99.91 8.88995 63.2
    endloop
  endfacet
  facet normal 0.741191 -0.671295 0
    outer loop
      vertex 99.91 8.88995 58.4
      vertex 99.8178 8.78815 63.2
      vertex 99.8178 8.78815 58.4
    endloop
  endfacet
  facet normal 0.0491377 0.998792 -0
    outer loop
      vertex 100.9 6.5 58.4
      vertex 100.763 6.50674 63.2
      vertex 100.9 6.5 63.2
    endloop
  endfacet
  facet normal 0.0491377 0.998792 0
    outer loop
      vertex 100.763 6.50674 63.2
      vertex 100.9 6.5 58.4
      vertex 100.763 6.50674 58.4
    endloop
  endfacet
  facet normal 0.941511 0.336982 0
    outer loop
      vertex 99.6066 7.36424 63.2
      vertex 99.5603 7.4936 58.4
      vertex 99.5603 7.4936 63.2
    endloop
  endfacet
  facet normal 0.941511 0.336982 0
    outer loop
      vertex 99.5603 7.4936 58.4
      vertex 99.6066 7.36424 63.2
      vertex 99.6066 7.36424 58.4
    endloop
  endfacet
  facet normal 0.99881 -0.0487686 0
    outer loop
      vertex 99.5 7.9 63.2
      vertex 99.5067 8.03722 58.4
      vertex 99.5067 8.03722 63.2
    endloop
  endfacet
  facet normal 0.99881 -0.0487686 0
    outer loop
      vertex 99.5067 8.03722 58.4
      vertex 99.5 7.9 63.2
      vertex 99.5 7.9 58.4
    endloop
  endfacet
  facet normal -0.906071 0.423125 0
    outer loop
      vertex 102.135 50.24 58.4
      vertex 102.193 50.3642 63.2
      vertex 102.193 50.3642 58.4
    endloop
  endfacet
  facet normal -0.906071 0.423125 0
    outer loop
      vertex 102.193 50.3642 63.2
      vertex 102.135 50.24 58.4
      vertex 102.135 50.24 63.2
    endloop
  endfacet
  facet normal -0.989344 -0.145599 0
    outer loop
      vertex 102.293 51.0372 58.4
      vertex 102.273 51.1731 63.2
      vertex 102.273 51.1731 58.4
    endloop
  endfacet
  facet normal -0.989344 -0.145599 0
    outer loop
      vertex 102.273 51.1731 63.2
      vertex 102.293 51.0372 58.4
      vertex 102.293 51.0372 63.2
    endloop
  endfacet
  facet normal -0.998701 -0.0509541 0
    outer loop
      vertex 102.3 50.9 58.4
      vertex 102.293 51.0372 63.2
      vertex 102.293 51.0372 58.4
    endloop
  endfacet
  facet normal -0.998701 -0.0509541 0
    outer loop
      vertex 102.293 51.0372 63.2
      vertex 102.3 50.9 58.4
      vertex 102.3 50.9 63.2
    endloop
  endfacet
  facet normal 0.67057 0.741846 -0
    outer loop
      vertex 100.012 49.8178 58.4
      vertex 99.91 49.91 63.2
      vertex 100.012 49.8178 63.2
    endloop
  endfacet
  facet normal 0.67057 0.741846 0
    outer loop
      vertex 99.91 49.91 63.2
      vertex 100.012 49.8178 58.4
      vertex 99.91 49.91 58.4
    endloop
  endfacet
  facet normal 0.904108 0.427304 0
    outer loop
      vertex 99.6653 50.24 63.2
      vertex 99.6066 50.3642 58.4
      vertex 99.6066 50.3642 63.2
    endloop
  endfacet
  facet normal 0.904108 0.427304 0
    outer loop
      vertex 99.6066 50.3642 58.4
      vertex 99.6653 50.24 63.2
      vertex 99.6653 50.24 58.4
    endloop
  endfacet
  facet normal -0.33551 0.942037 0
    outer loop
      vertex 101.436 49.6066 58.4
      vertex 101.306 49.5603 63.2
      vertex 101.436 49.6066 63.2
    endloop
  endfacet
  facet normal -0.33551 0.942037 0
    outer loop
      vertex 101.306 49.5603 63.2
      vertex 101.436 49.6066 58.4
      vertex 101.306 49.5603 58.4
    endloop
  endfacet
  facet normal 0.597196 0.802095 -0
    outer loop
      vertex 100.122 49.7359 58.4
      vertex 100.012 49.8178 63.2
      vertex 100.122 49.7359 63.2
    endloop
  endfacet
  facet normal 0.597196 0.802095 0
    outer loop
      vertex 100.012 49.8178 63.2
      vertex 100.122 49.7359 58.4
      vertex 100.012 49.8178 58.4
    endloop
  endfacet
  facet normal -0.146918 -0.989149 0
    outer loop
      vertex 101.037 52.2933 58.4
      vertex 101.173 52.2731 63.2
      vertex 101.037 52.2933 63.2
    endloop
  endfacet
  facet normal -0.146918 -0.989149 -0
    outer loop
      vertex 101.173 52.2731 63.2
      vertex 101.037 52.2933 58.4
      vertex 101.173 52.2731 58.4
    endloop
  endfacet
  facet normal 0.99881 0.0487757 0
    outer loop
      vertex 99.5067 50.7628 63.2
      vertex 99.5 50.9 58.4
      vertex 99.5 50.9 63.2
    endloop
  endfacet
  facet normal 0.99881 0.0487757 0
    outer loop
      vertex 99.5 50.9 58.4
      vertex 99.5067 50.7628 63.2
      vertex 99.5067 50.7628 58.4
    endloop
  endfacet
  facet normal -0.146918 0.989149 0
    outer loop
      vertex 101.173 49.5269 58.4
      vertex 101.037 49.5067 63.2
      vertex 101.173 49.5269 63.2
    endloop
  endfacet
  facet normal -0.146918 0.989149 0
    outer loop
      vertex 101.037 49.5067 63.2
      vertex 101.173 49.5269 58.4
      vertex 101.037 49.5067 58.4
    endloop
  endfacet
  facet normal 0.85775 -0.514067 0
    outer loop
      vertex 99.6653 51.56 63.2
      vertex 99.7359 51.6778 58.4
      vertex 99.7359 51.6778 63.2
    endloop
  endfacet
  facet normal 0.85775 -0.514067 0
    outer loop
      vertex 99.7359 51.6778 58.4
      vertex 99.6653 51.56 63.2
      vertex 99.6653 51.56 58.4
    endloop
  endfacet
  facet normal 0.513426 0.858134 -0
    outer loop
      vertex 100.24 49.6653 58.4
      vertex 100.122 49.7359 63.2
      vertex 100.24 49.6653 63.2
    endloop
  endfacet
  facet normal 0.513426 0.858134 0
    outer loop
      vertex 100.122 49.7359 63.2
      vertex 100.24 49.6653 58.4
      vertex 100.122 49.7359 58.4
    endloop
  endfacet
  facet normal 0.427867 -0.903842 0
    outer loop
      vertex 100.24 52.1347 58.4
      vertex 100.364 52.1934 63.2
      vertex 100.24 52.1347 63.2
    endloop
  endfacet
  facet normal 0.427867 -0.903842 0
    outer loop
      vertex 100.364 52.1934 63.2
      vertex 100.24 52.1347 58.4
      vertex 100.364 52.1934 58.4
    endloop
  endfacet
  facet normal -0.597196 0.802095 0
    outer loop
      vertex 101.788 49.8178 58.4
      vertex 101.678 49.7359 63.2
      vertex 101.788 49.8178 63.2
    endloop
  endfacet
  facet normal -0.597196 0.802095 0
    outer loop
      vertex 101.678 49.7359 63.2
      vertex 101.788 49.8178 58.4
      vertex 101.678 49.7359 58.4
    endloop
  endfacet
  facet normal 0.33551 -0.942037 0
    outer loop
      vertex 100.364 52.1934 58.4
      vertex 100.494 52.2397 63.2
      vertex 100.364 52.1934 63.2
    endloop
  endfacet
  facet normal 0.33551 -0.942037 0
    outer loop
      vertex 100.494 52.2397 63.2
      vertex 100.364 52.1934 58.4
      vertex 100.494 52.2397 58.4
    endloop
  endfacet
  facet normal -0.939921 -0.341393 0
    outer loop
      vertex 102.24 51.3064 58.4
      vertex 102.193 51.4358 63.2
      vertex 102.193 51.4358 58.4
    endloop
  endfacet
  facet normal -0.939921 -0.341393 0
    outer loop
      vertex 102.193 51.4358 63.2
      vertex 102.24 51.3064 58.4
      vertex 102.24 51.3064 63.2
    endloop
  endfacet
  facet normal -0.243565 -0.969885 0
    outer loop
      vertex 101.173 52.2731 58.4
      vertex 101.306 52.2397 63.2
      vertex 101.173 52.2731 63.2
    endloop
  endfacet
  facet normal -0.243565 -0.969885 -0
    outer loop
      vertex 101.306 52.2397 63.2
      vertex 101.173 52.2731 58.4
      vertex 101.306 52.2397 58.4
    endloop
  endfacet
  facet normal 0.941544 -0.336889 0
    outer loop
      vertex 99.5603 51.3064 63.2
      vertex 99.6066 51.4358 58.4
      vertex 99.6066 51.4358 63.2
    endloop
  endfacet
  facet normal 0.941544 -0.336889 0
    outer loop
      vertex 99.6066 51.4358 58.4
      vertex 99.5603 51.3064 63.2
      vertex 99.5603 51.3064 58.4
    endloop
  endfacet
  facet normal -0.906071 -0.423125 0
    outer loop
      vertex 102.193 51.4358 58.4
      vertex 102.135 51.56 63.2
      vertex 102.135 51.56 58.4
    endloop
  endfacet
  facet normal -0.906071 -0.423125 0
    outer loop
      vertex 102.135 51.56 63.2
      vertex 102.193 51.4358 58.4
      vertex 102.193 51.4358 63.2
    endloop
  endfacet
  facet normal 0.513426 -0.858134 0
    outer loop
      vertex 100.122 52.0641 58.4
      vertex 100.24 52.1347 63.2
      vertex 100.122 52.0641 63.2
    endloop
  endfacet
  facet normal 0.513426 -0.858134 0
    outer loop
      vertex 100.24 52.1347 63.2
      vertex 100.122 52.0641 58.4
      vertex 100.24 52.1347 58.4
    endloop
  endfacet
  facet normal 0.741191 0.671295 0
    outer loop
      vertex 99.91 49.91 63.2
      vertex 99.8178 50.0118 58.4
      vertex 99.8178 50.0118 63.2
    endloop
  endfacet
  facet normal 0.741191 0.671295 0
    outer loop
      vertex 99.8178 50.0118 58.4
      vertex 99.91 49.91 63.2
      vertex 99.91 49.91 58.4
    endloop
  endfacet
  facet normal -0.0488467 0.998806 0
    outer loop
      vertex 101.037 49.5067 58.4
      vertex 100.9 49.5 63.2
      vertex 101.037 49.5067 63.2
    endloop
  endfacet
  facet normal -0.0488467 0.998806 0
    outer loop
      vertex 100.9 49.5 63.2
      vertex 101.037 49.5067 58.4
      vertex 100.9 49.5 58.4
    endloop
  endfacet
  facet normal 0.597196 -0.802095 0
    outer loop
      vertex 100.012 51.9822 58.4
      vertex 100.122 52.0641 63.2
      vertex 100.012 51.9822 63.2
    endloop
  endfacet
  facet normal 0.597196 -0.802095 0
    outer loop
      vertex 100.122 52.0641 63.2
      vertex 100.012 51.9822 58.4
      vertex 100.122 52.0641 58.4
    endloop
  endfacet
  facet normal 0.803132 0.595802 0
    outer loop
      vertex 99.8178 50.0118 63.2
      vertex 99.7359 50.1222 58.4
      vertex 99.7359 50.1222 63.2
    endloop
  endfacet
  facet normal 0.803132 0.595802 0
    outer loop
      vertex 99.7359 50.1222 58.4
      vertex 99.8178 50.0118 63.2
      vertex 99.8178 50.0118 58.4
    endloop
  endfacet
  facet normal -0.427867 0.903842 0
    outer loop
      vertex 101.56 49.6653 58.4
      vertex 101.436 49.6066 63.2
      vertex 101.56 49.6653 63.2
    endloop
  endfacet
  facet normal -0.427867 0.903842 0
    outer loop
      vertex 101.436 49.6066 63.2
      vertex 101.56 49.6653 58.4
      vertex 101.436 49.6066 58.4
    endloop
  endfacet
  facet normal 0.427867 0.903842 -0
    outer loop
      vertex 100.364 49.6066 58.4
      vertex 100.24 49.6653 63.2
      vertex 100.364 49.6066 63.2
    endloop
  endfacet
  facet normal 0.427867 0.903842 0
    outer loop
      vertex 100.24 49.6653 63.2
      vertex 100.364 49.6066 58.4
      vertex 100.24 49.6653 58.4
    endloop
  endfacet
  facet normal -0.513426 -0.858134 0
    outer loop
      vertex 101.56 52.1347 58.4
      vertex 101.678 52.0641 63.2
      vertex 101.56 52.1347 63.2
    endloop
  endfacet
  facet normal -0.513426 -0.858134 -0
    outer loop
      vertex 101.678 52.0641 63.2
      vertex 101.56 52.1347 58.4
      vertex 101.678 52.0641 58.4
    endloop
  endfacet
  facet normal -0.67097 -0.741484 0
    outer loop
      vertex 101.788 51.9822 58.4
      vertex 101.89 51.8899 63.2
      vertex 101.788 51.9822 63.2
    endloop
  endfacet
  facet normal -0.67097 -0.741484 -0
    outer loop
      vertex 101.89 51.8899 63.2
      vertex 101.788 51.9822 58.4
      vertex 101.89 51.8899 58.4
    endloop
  endfacet
  facet normal -0.802784 -0.59627 0
    outer loop
      vertex 102.064 51.6778 58.4
      vertex 101.982 51.7882 63.2
      vertex 101.982 51.7882 58.4
    endloop
  endfacet
  facet normal -0.802784 -0.59627 0
    outer loop
      vertex 101.982 51.7882 63.2
      vertex 102.064 51.6778 58.4
      vertex 102.064 51.6778 63.2
    endloop
  endfacet
  facet normal 0.67097 -0.741484 0
    outer loop
      vertex 99.91 51.8899 58.4
      vertex 100.012 51.9822 63.2
      vertex 99.91 51.8899 63.2
    endloop
  endfacet
  facet normal 0.67097 -0.741484 0
    outer loop
      vertex 100.012 51.9822 63.2
      vertex 99.91 51.8899 58.4
      vertex 100.012 51.9822 58.4
    endloop
  endfacet
  facet normal -0.427867 -0.903842 0
    outer loop
      vertex 101.436 52.1934 58.4
      vertex 101.56 52.1347 63.2
      vertex 101.436 52.1934 63.2
    endloop
  endfacet
  facet normal -0.427867 -0.903842 -0
    outer loop
      vertex 101.56 52.1347 63.2
      vertex 101.436 52.1934 58.4
      vertex 101.56 52.1347 58.4
    endloop
  endfacet
  facet normal 0.989133 0.147023 0
    outer loop
      vertex 99.5269 50.6269 63.2
      vertex 99.5067 50.7628 58.4
      vertex 99.5067 50.7628 63.2
    endloop
  endfacet
  facet normal 0.989133 0.147023 0
    outer loop
      vertex 99.5067 50.7628 58.4
      vertex 99.5269 50.6269 63.2
      vertex 99.5269 50.6269 58.4
    endloop
  endfacet
  facet normal 0.33551 0.942037 -0
    outer loop
      vertex 100.494 49.5603 58.4
      vertex 100.364 49.6066 63.2
      vertex 100.494 49.5603 63.2
    endloop
  endfacet
  facet normal 0.33551 0.942037 0
    outer loop
      vertex 100.364 49.6066 63.2
      vertex 100.494 49.5603 58.4
      vertex 100.364 49.6066 58.4
    endloop
  endfacet
  facet normal 0.970014 -0.243049 0
    outer loop
      vertex 99.5269 51.1731 63.2
      vertex 99.5603 51.3064 58.4
      vertex 99.5603 51.3064 63.2
    endloop
  endfacet
  facet normal 0.970014 -0.243049 0
    outer loop
      vertex 99.5603 51.3064 58.4
      vertex 99.5269 51.1731 63.2
      vertex 99.5269 51.1731 58.4
    endloop
  endfacet
  facet normal -0.989344 0.145599 0
    outer loop
      vertex 102.273 50.6269 58.4
      vertex 102.293 50.7628 63.2
      vertex 102.293 50.7628 58.4
    endloop
  endfacet
  facet normal -0.989344 0.145599 0
    outer loop
      vertex 102.293 50.7628 63.2
      vertex 102.273 50.6269 58.4
      vertex 102.273 50.6269 63.2
    endloop
  endfacet
  facet normal -0.998701 0.0509541 0
    outer loop
      vertex 102.293 50.7628 58.4
      vertex 102.3 50.9 63.2
      vertex 102.3 50.9 58.4
    endloop
  endfacet
  facet normal -0.998701 0.0509541 0
    outer loop
      vertex 102.3 50.9 63.2
      vertex 102.293 50.7628 58.4
      vertex 102.293 50.7628 63.2
    endloop
  endfacet
  facet normal -0.0488467 -0.998806 0
    outer loop
      vertex 100.9 52.3 58.4
      vertex 101.037 52.2933 63.2
      vertex 100.9 52.3 63.2
    endloop
  endfacet
  facet normal -0.0488467 -0.998806 -0
    outer loop
      vertex 101.037 52.2933 63.2
      vertex 100.9 52.3 58.4
      vertex 101.037 52.2933 58.4
    endloop
  endfacet
  facet normal -0.802784 0.59627 0
    outer loop
      vertex 101.982 50.0118 58.4
      vertex 102.064 50.1222 63.2
      vertex 102.064 50.1222 58.4
    endloop
  endfacet
  facet normal -0.802784 0.59627 0
    outer loop
      vertex 102.064 50.1222 63.2
      vertex 101.982 50.0118 58.4
      vertex 101.982 50.0118 63.2
    endloop
  endfacet
  facet normal -0.856465 -0.516205 0
    outer loop
      vertex 102.135 51.56 58.4
      vertex 102.064 51.6778 63.2
      vertex 102.064 51.6778 58.4
    endloop
  endfacet
  facet normal -0.856465 -0.516205 0
    outer loop
      vertex 102.064 51.6778 63.2
      vertex 102.135 51.56 58.4
      vertex 102.135 51.56 63.2
    endloop
  endfacet
  facet normal -0.597196 -0.802095 0
    outer loop
      vertex 101.678 52.0641 58.4
      vertex 101.788 51.9822 63.2
      vertex 101.678 52.0641 63.2
    endloop
  endfacet
  facet normal -0.597196 -0.802095 -0
    outer loop
      vertex 101.788 51.9822 63.2
      vertex 101.678 52.0641 58.4
      vertex 101.788 51.9822 58.4
    endloop
  endfacet
  facet normal -0.970697 0.240308 0
    outer loop
      vertex 102.24 50.4936 58.4
      vertex 102.273 50.6269 63.2
      vertex 102.273 50.6269 58.4
    endloop
  endfacet
  facet normal -0.970697 0.240308 0
    outer loop
      vertex 102.273 50.6269 63.2
      vertex 102.24 50.4936 58.4
      vertex 102.24 50.4936 63.2
    endloop
  endfacet
  facet normal 0.85775 0.514067 0
    outer loop
      vertex 99.7359 50.1222 63.2
      vertex 99.6653 50.24 58.4
      vertex 99.6653 50.24 63.2
    endloop
  endfacet
  facet normal 0.85775 0.514067 0
    outer loop
      vertex 99.6653 50.24 58.4
      vertex 99.7359 50.1222 63.2
      vertex 99.7359 50.1222 58.4
    endloop
  endfacet
  facet normal -0.939921 0.341393 0
    outer loop
      vertex 102.193 50.3642 58.4
      vertex 102.24 50.4936 63.2
      vertex 102.24 50.4936 58.4
    endloop
  endfacet
  facet normal -0.939921 0.341393 0
    outer loop
      vertex 102.24 50.4936 63.2
      vertex 102.193 50.3642 58.4
      vertex 102.193 50.3642 63.2
    endloop
  endfacet
  facet normal 0.243565 0.969885 -0
    outer loop
      vertex 100.627 49.5269 58.4
      vertex 100.494 49.5603 63.2
      vertex 100.627 49.5269 63.2
    endloop
  endfacet
  facet normal 0.243565 0.969885 0
    outer loop
      vertex 100.494 49.5603 63.2
      vertex 100.627 49.5269 58.4
      vertex 100.494 49.5603 58.4
    endloop
  endfacet
  facet normal 0.989133 -0.147023 0
    outer loop
      vertex 99.5067 51.0372 63.2
      vertex 99.5269 51.1731 58.4
      vertex 99.5269 51.1731 63.2
    endloop
  endfacet
  facet normal 0.989133 -0.147023 0
    outer loop
      vertex 99.5269 51.1731 58.4
      vertex 99.5067 51.0372 63.2
      vertex 99.5067 51.0372 58.4
    endloop
  endfacet
  facet normal -0.970697 -0.240308 0
    outer loop
      vertex 102.273 51.1731 58.4
      vertex 102.24 51.3064 63.2
      vertex 102.24 51.3064 58.4
    endloop
  endfacet
  facet normal -0.970697 -0.240308 0
    outer loop
      vertex 102.24 51.3064 63.2
      vertex 102.273 51.1731 58.4
      vertex 102.273 51.1731 63.2
    endloop
  endfacet
  facet normal 0.146918 -0.989149 0
    outer loop
      vertex 100.627 52.2731 58.4
      vertex 100.763 52.2933 63.2
      vertex 100.627 52.2731 63.2
    endloop
  endfacet
  facet normal 0.146918 -0.989149 0
    outer loop
      vertex 100.763 52.2933 63.2
      vertex 100.627 52.2731 58.4
      vertex 100.763 52.2933 58.4
    endloop
  endfacet
  facet normal -0.67057 0.741846 0
    outer loop
      vertex 101.89 49.91 58.4
      vertex 101.788 49.8178 63.2
      vertex 101.89 49.91 63.2
    endloop
  endfacet
  facet normal -0.67057 0.741846 0
    outer loop
      vertex 101.788 49.8178 63.2
      vertex 101.89 49.91 58.4
      vertex 101.788 49.8178 58.4
    endloop
  endfacet
  facet normal 0.0488467 -0.998806 0
    outer loop
      vertex 100.763 52.2933 58.4
      vertex 100.9 52.3 63.2
      vertex 100.763 52.2933 63.2
    endloop
  endfacet
  facet normal 0.0488467 -0.998806 0
    outer loop
      vertex 100.9 52.3 63.2
      vertex 100.763 52.2933 58.4
      vertex 100.9 52.3 58.4
    endloop
  endfacet
  facet normal -0.856465 0.516205 0
    outer loop
      vertex 102.064 50.1222 58.4
      vertex 102.135 50.24 63.2
      vertex 102.135 50.24 58.4
    endloop
  endfacet
  facet normal -0.856465 0.516205 0
    outer loop
      vertex 102.135 50.24 63.2
      vertex 102.064 50.1222 58.4
      vertex 102.064 50.1222 63.2
    endloop
  endfacet
  facet normal 0.243565 -0.969885 0
    outer loop
      vertex 100.494 52.2397 58.4
      vertex 100.627 52.2731 63.2
      vertex 100.494 52.2397 63.2
    endloop
  endfacet
  facet normal 0.243565 -0.969885 0
    outer loop
      vertex 100.627 52.2731 63.2
      vertex 100.494 52.2397 58.4
      vertex 100.627 52.2731 58.4
    endloop
  endfacet
  facet normal 0.146918 0.989149 -0
    outer loop
      vertex 100.763 49.5067 58.4
      vertex 100.627 49.5269 63.2
      vertex 100.763 49.5067 63.2
    endloop
  endfacet
  facet normal 0.146918 0.989149 0
    outer loop
      vertex 100.627 49.5269 63.2
      vertex 100.763 49.5067 58.4
      vertex 100.627 49.5269 58.4
    endloop
  endfacet
  facet normal 0.904108 -0.427304 0
    outer loop
      vertex 99.6066 51.4358 63.2
      vertex 99.6653 51.56 58.4
      vertex 99.6653 51.56 63.2
    endloop
  endfacet
  facet normal 0.904108 -0.427304 0
    outer loop
      vertex 99.6653 51.56 58.4
      vertex 99.6066 51.4358 63.2
      vertex 99.6066 51.4358 58.4
    endloop
  endfacet
  facet normal -0.513426 0.858134 0
    outer loop
      vertex 101.678 49.7359 58.4
      vertex 101.56 49.6653 63.2
      vertex 101.678 49.7359 63.2
    endloop
  endfacet
  facet normal -0.513426 0.858134 0
    outer loop
      vertex 101.56 49.6653 63.2
      vertex 101.678 49.7359 58.4
      vertex 101.56 49.6653 58.4
    endloop
  endfacet
  facet normal -0.741588 -0.670856 0
    outer loop
      vertex 101.982 51.7882 58.4
      vertex 101.89 51.8899 63.2
      vertex 101.89 51.8899 58.4
    endloop
  endfacet
  facet normal -0.741588 -0.670856 0
    outer loop
      vertex 101.89 51.8899 63.2
      vertex 101.982 51.7882 58.4
      vertex 101.982 51.7882 63.2
    endloop
  endfacet
  facet normal 0.970014 0.243049 0
    outer loop
      vertex 99.5603 50.4936 63.2
      vertex 99.5269 50.6269 58.4
      vertex 99.5269 50.6269 63.2
    endloop
  endfacet
  facet normal 0.970014 0.243049 0
    outer loop
      vertex 99.5269 50.6269 58.4
      vertex 99.5603 50.4936 63.2
      vertex 99.5603 50.4936 58.4
    endloop
  endfacet
  facet normal -0.243565 0.969885 0
    outer loop
      vertex 101.306 49.5603 58.4
      vertex 101.173 49.5269 63.2
      vertex 101.306 49.5603 63.2
    endloop
  endfacet
  facet normal -0.243565 0.969885 0
    outer loop
      vertex 101.173 49.5269 63.2
      vertex 101.306 49.5603 58.4
      vertex 101.173 49.5269 58.4
    endloop
  endfacet
  facet normal -0.741916 0.670493 0
    outer loop
      vertex 101.89 49.91 58.4
      vertex 101.982 50.0118 63.2
      vertex 101.982 50.0118 58.4
    endloop
  endfacet
  facet normal -0.741916 0.670493 0
    outer loop
      vertex 101.982 50.0118 63.2
      vertex 101.89 49.91 58.4
      vertex 101.89 49.91 63.2
    endloop
  endfacet
  facet normal -0.33551 -0.942037 0
    outer loop
      vertex 101.306 52.2397 58.4
      vertex 101.436 52.1934 63.2
      vertex 101.306 52.2397 63.2
    endloop
  endfacet
  facet normal -0.33551 -0.942037 -0
    outer loop
      vertex 101.436 52.1934 63.2
      vertex 101.306 52.2397 58.4
      vertex 101.436 52.1934 58.4
    endloop
  endfacet
  facet normal 0.803132 -0.595802 0
    outer loop
      vertex 99.7359 51.6778 63.2
      vertex 99.8178 51.7882 58.4
      vertex 99.8178 51.7882 63.2
    endloop
  endfacet
  facet normal 0.803132 -0.595802 0
    outer loop
      vertex 99.8178 51.7882 58.4
      vertex 99.7359 51.6778 63.2
      vertex 99.7359 51.6778 58.4
    endloop
  endfacet
  facet normal 0.740862 -0.671657 0
    outer loop
      vertex 99.8178 51.7882 63.2
      vertex 99.91 51.8899 58.4
      vertex 99.91 51.8899 63.2
    endloop
  endfacet
  facet normal 0.740862 -0.671657 0
    outer loop
      vertex 99.91 51.8899 58.4
      vertex 99.8178 51.7882 63.2
      vertex 99.8178 51.7882 58.4
    endloop
  endfacet
  facet normal 0.0488467 0.998806 -0
    outer loop
      vertex 100.9 49.5 58.4
      vertex 100.763 49.5067 63.2
      vertex 100.9 49.5 63.2
    endloop
  endfacet
  facet normal 0.0488467 0.998806 0
    outer loop
      vertex 100.763 49.5067 63.2
      vertex 100.9 49.5 58.4
      vertex 100.763 49.5067 58.4
    endloop
  endfacet
  facet normal 0.941544 0.336889 0
    outer loop
      vertex 99.6066 50.3642 63.2
      vertex 99.5603 50.4936 58.4
      vertex 99.5603 50.4936 63.2
    endloop
  endfacet
  facet normal 0.941544 0.336889 0
    outer loop
      vertex 99.5603 50.4936 58.4
      vertex 99.6066 50.3642 63.2
      vertex 99.6066 50.3642 58.4
    endloop
  endfacet
  facet normal 0.99881 -0.0487757 0
    outer loop
      vertex 99.5 50.9 63.2
      vertex 99.5067 51.0372 58.4
      vertex 99.5067 51.0372 63.2
    endloop
  endfacet
  facet normal 0.99881 -0.0487757 0
    outer loop
      vertex 99.5067 51.0372 58.4
      vertex 99.5 50.9 63.2
      vertex 99.5 50.9 58.4
    endloop
  endfacet
  facet normal -0.427523 -0.904004 0
    outer loop
      vertex 16.0144 4.87232 63.2
      vertex 16.3693 4.70448 74.8
      vertex 16.0144 4.87232 74.8
    endloop
  endfacet
  facet normal -0.427523 -0.904004 -0
    outer loop
      vertex 16.3693 4.70448 74.8
      vertex 16.0144 4.87232 63.2
      vertex 16.3693 4.70448 63.2
    endloop
  endfacet
  facet normal 0.989176 0.146737 0
    outer loop
      vertex 21.8807 8.79207 74.8
      vertex 21.8231 9.18036 63.2
      vertex 21.8231 9.18036 74.8
    endloop
  endfacet
  facet normal 0.989176 0.146737 0
    outer loop
      vertex 21.8231 9.18036 63.2
      vertex 21.8807 8.79207 74.8
      vertex 21.8807 8.79207 63.2
    endloop
  endfacet
  facet normal 0.998791 0.0491664 0
    outer loop
      vertex 21.9 8.4 74.8
      vertex 21.8807 8.79207 63.2
      vertex 21.8807 8.79207 74.8
    endloop
  endfacet
  facet normal 0.998791 0.0491664 0
    outer loop
      vertex 21.8807 8.79207 63.2
      vertex 21.9 8.4 74.8
      vertex 21.9 8.4 63.2
    endloop
  endfacet
  facet normal 0.97008 0.242787 0
    outer loop
      vertex 21.8231 9.18036 74.8
      vertex 21.7278 9.56114 63.2
      vertex 21.7278 9.56114 74.8
    endloop
  endfacet
  facet normal 0.97008 0.242787 0
    outer loop
      vertex 21.7278 9.56114 63.2
      vertex 21.8231 9.18036 74.8
      vertex 21.8231 9.18036 63.2
    endloop
  endfacet
  facet normal 0.427523 -0.904004 0
    outer loop
      vertex 19.4307 4.70448 63.2
      vertex 19.7856 4.87232 74.8
      vertex 19.4307 4.70448 74.8
    endloop
  endfacet
  facet normal 0.427523 -0.904004 0
    outer loop
      vertex 19.7856 4.87232 74.8
      vertex 19.4307 4.70448 63.2
      vertex 19.7856 4.87232 63.2
    endloop
  endfacet
  facet normal -0.671607 0.740908 0
    outer loop
      vertex 15.3624 11.492 63.2
      vertex 15.0716 11.2284 74.8
      vertex 15.3624 11.492 74.8
    endloop
  endfacet
  facet normal -0.671607 0.740908 0
    outer loop
      vertex 15.0716 11.2284 74.8
      vertex 15.3624 11.492 63.2
      vertex 15.0716 11.2284 63.2
    endloop
  endfacet
  facet normal -0.97008 -0.242787 0
    outer loop
      vertex 14.0722 7.23886 63.2
      vertex 13.9769 7.61964 74.8
      vertex 13.9769 7.61964 63.2
    endloop
  endfacet
  facet normal -0.97008 -0.242787 0
    outer loop
      vertex 13.9769 7.61964 74.8
      vertex 14.0722 7.23886 63.2
      vertex 14.0722 7.23886 74.8
    endloop
  endfacet
  facet normal 0.42744 0.904044 -0
    outer loop
      vertex 19.7856 11.9277 63.2
      vertex 19.4307 12.0955 74.8
      vertex 19.7856 11.9277 74.8
    endloop
  endfacet
  facet normal 0.42744 0.904044 0
    outer loop
      vertex 19.4307 12.0955 74.8
      vertex 19.7856 11.9277 63.2
      vertex 19.4307 12.0955 63.2
    endloop
  endfacet
  facet normal -0.989176 0.146737 0
    outer loop
      vertex 13.9193 8.79207 63.2
      vertex 13.9769 9.18036 74.8
      vertex 13.9769 9.18036 63.2
    endloop
  endfacet
  facet normal -0.989176 0.146737 0
    outer loop
      vertex 13.9769 9.18036 74.8
      vertex 13.9193 8.79207 63.2
      vertex 13.9193 8.79207 74.8
    endloop
  endfacet
  facet normal -0.146733 -0.989176 0
    outer loop
      vertex 17.1196 4.47686 63.2
      vertex 17.5079 4.41926 74.8
      vertex 17.1196 4.47686 74.8
    endloop
  endfacet
  facet normal -0.146733 -0.989176 -0
    outer loop
      vertex 17.5079 4.41926 74.8
      vertex 17.1196 4.47686 63.2
      vertex 17.5079 4.41926 63.2
    endloop
  endfacet
  facet normal 0.242835 0.970068 -0
    outer loop
      vertex 19.0611 12.2278 63.2
      vertex 18.6804 12.3231 74.8
      vertex 19.0611 12.2278 74.8
    endloop
  endfacet
  facet normal 0.242835 0.970068 0
    outer loop
      vertex 18.6804 12.3231 74.8
      vertex 19.0611 12.2278 63.2
      vertex 18.6804 12.3231 63.2
    endloop
  endfacet
  facet normal -0.740908 0.671607 0
    outer loop
      vertex 14.808 10.9376 63.2
      vertex 15.0716 11.2284 74.8
      vertex 15.0716 11.2284 63.2
    endloop
  endfacet
  facet normal -0.740908 0.671607 0
    outer loop
      vertex 15.0716 11.2284 74.8
      vertex 14.808 10.9376 63.2
      vertex 14.808 10.9376 74.8
    endloop
  endfacet
  facet normal 0.514084 -0.85774 0
    outer loop
      vertex 19.7856 4.87232 63.2
      vertex 20.1223 5.07412 74.8
      vertex 19.7856 4.87232 74.8
    endloop
  endfacet
  facet normal 0.514084 -0.85774 0
    outer loop
      vertex 20.1223 5.07412 74.8
      vertex 19.7856 4.87232 63.2
      vertex 20.1223 5.07412 63.2
    endloop
  endfacet
  facet normal -0.243027 -0.970019 0
    outer loop
      vertex 16.7389 4.57224 63.2
      vertex 17.1196 4.47686 74.8
      vertex 16.7389 4.57224 74.8
    endloop
  endfacet
  facet normal -0.243027 -0.970019 -0
    outer loop
      vertex 17.1196 4.47686 74.8
      vertex 16.7389 4.57224 63.2
      vertex 17.1196 4.47686 63.2
    endloop
  endfacet
  facet normal -0.337014 0.9415 0
    outer loop
      vertex 16.7389 12.2278 63.2
      vertex 16.3693 12.0955 74.8
      vertex 16.7389 12.2278 74.8
    endloop
  endfacet
  facet normal -0.337014 0.9415 0
    outer loop
      vertex 16.3693 12.0955 74.8
      vertex 16.7389 12.2278 63.2
      vertex 16.3693 12.0955 63.2
    endloop
  endfacet
  facet normal 0.049061 -0.998796 0
    outer loop
      vertex 17.9 4.4 63.2
      vertex 18.2921 4.41926 74.8
      vertex 17.9 4.4 74.8
    endloop
  endfacet
  facet normal 0.049061 -0.998796 0
    outer loop
      vertex 18.2921 4.41926 74.8
      vertex 17.9 4.4 63.2
      vertex 18.2921 4.41926 63.2
    endloop
  endfacet
  facet normal 0.146733 -0.989176 0
    outer loop
      vertex 18.2921 4.41926 63.2
      vertex 18.6804 4.47686 74.8
      vertex 18.2921 4.41926 74.8
    endloop
  endfacet
  facet normal 0.146733 -0.989176 0
    outer loop
      vertex 18.6804 4.47686 74.8
      vertex 18.2921 4.41926 63.2
      vertex 18.6804 4.47686 63.2
    endloop
  endfacet
  facet normal -0.0491626 0.998791 0
    outer loop
      vertex 17.9 12.4 63.2
      vertex 17.5079 12.3807 74.8
      vertex 17.9 12.4 74.8
    endloop
  endfacet
  facet normal -0.0491626 0.998791 0
    outer loop
      vertex 17.5079 12.3807 74.8
      vertex 17.9 12.4 63.2
      vertex 17.5079 12.3807 63.2
    endloop
  endfacet
  facet normal -0.595695 -0.80321 0
    outer loop
      vertex 15.3624 5.30796 63.2
      vertex 15.6777 5.07412 74.8
      vertex 15.3624 5.30796 74.8
    endloop
  endfacet
  facet normal -0.595695 -0.80321 -0
    outer loop
      vertex 15.6777 5.07412 74.8
      vertex 15.3624 5.30796 63.2
      vertex 15.6777 5.07412 63.2
    endloop
  endfacet
  facet normal -0.904025 -0.42748 0
    outer loop
      vertex 14.3723 6.51441 63.2
      vertex 14.2045 6.86927 74.8
      vertex 14.2045 6.86927 63.2
    endloop
  endfacet
  facet normal -0.904025 -0.42748 0
    outer loop
      vertex 14.2045 6.86927 74.8
      vertex 14.3723 6.51441 63.2
      vertex 14.3723 6.51441 74.8
    endloop
  endfacet
  facet normal -0.146733 0.989176 0
    outer loop
      vertex 17.5079 12.3807 63.2
      vertex 17.1196 12.3231 74.8
      vertex 17.5079 12.3807 74.8
    endloop
  endfacet
  facet normal -0.146733 0.989176 0
    outer loop
      vertex 17.1196 12.3231 74.8
      vertex 17.5079 12.3807 63.2
      vertex 17.1196 12.3231 63.2
    endloop
  endfacet
  facet normal 0.595695 -0.80321 0
    outer loop
      vertex 20.1223 5.07412 63.2
      vertex 20.4376 5.30796 74.8
      vertex 20.1223 5.07412 74.8
    endloop
  endfacet
  facet normal 0.595695 -0.80321 0
    outer loop
      vertex 20.4376 5.30796 74.8
      vertex 20.1223 5.07412 63.2
      vertex 20.4376 5.30796 63.2
    endloop
  endfacet
  facet normal 0.0491626 0.998791 -0
    outer loop
      vertex 18.2921 12.3807 63.2
      vertex 17.9 12.4 74.8
      vertex 18.2921 12.3807 74.8
    endloop
  endfacet
  facet normal 0.0491626 0.998791 0
    outer loop
      vertex 17.9 12.4 74.8
      vertex 18.2921 12.3807 63.2
      vertex 17.9 12.4 63.2
    endloop
  endfacet
  facet normal 0.514084 0.85774 -0
    outer loop
      vertex 20.1223 11.7259 63.2
      vertex 19.7856 11.9277 74.8
      vertex 20.1223 11.7259 74.8
    endloop
  endfacet
  facet normal 0.514084 0.85774 0
    outer loop
      vertex 19.7856 11.9277 74.8
      vertex 20.1223 11.7259 63.2
      vertex 19.7856 11.9277 63.2
    endloop
  endfacet
  facet normal -0.998791 -0.0491664 0
    outer loop
      vertex 13.9193 8.00793 63.2
      vertex 13.9 8.4 74.8
      vertex 13.9 8.4 63.2
    endloop
  endfacet
  facet normal -0.998791 -0.0491664 0
    outer loop
      vertex 13.9 8.4 74.8
      vertex 13.9193 8.00793 63.2
      vertex 13.9193 8.00793 74.8
    endloop
  endfacet
  facet normal -0.90403 0.42747 0
    outer loop
      vertex 14.2045 9.93073 63.2
      vertex 14.3723 10.2856 74.8
      vertex 14.3723 10.2856 63.2
    endloop
  endfacet
  facet normal -0.90403 0.42747 0
    outer loop
      vertex 14.3723 10.2856 74.8
      vertex 14.2045 9.93073 63.2
      vertex 14.2045 9.93073 74.8
    endloop
  endfacet
  facet normal 0.97008 -0.242787 0
    outer loop
      vertex 21.7278 7.23886 74.8
      vertex 21.8231 7.61964 63.2
      vertex 21.8231 7.61964 74.8
    endloop
  endfacet
  facet normal 0.97008 -0.242787 0
    outer loop
      vertex 21.8231 7.61964 63.2
      vertex 21.7278 7.23886 74.8
      vertex 21.7278 7.23886 63.2
    endloop
  endfacet
  facet normal 0.740908 0.671607 0
    outer loop
      vertex 20.992 10.9376 74.8
      vertex 20.7284 11.2284 63.2
      vertex 20.7284 11.2284 74.8
    endloop
  endfacet
  facet normal 0.740908 0.671607 0
    outer loop
      vertex 20.7284 11.2284 63.2
      vertex 20.992 10.9376 74.8
      vertex 20.992 10.9376 63.2
    endloop
  endfacet
  facet normal 0.595794 0.803137 -0
    outer loop
      vertex 20.4376 11.492 63.2
      vertex 20.1223 11.7259 74.8
      vertex 20.4376 11.492 74.8
    endloop
  endfacet
  facet normal 0.595794 0.803137 0
    outer loop
      vertex 20.1223 11.7259 74.8
      vertex 20.4376 11.492 63.2
      vertex 20.1223 11.7259 63.2
    endloop
  endfacet
  facet normal -0.595794 0.803137 0
    outer loop
      vertex 15.6777 11.7259 63.2
      vertex 15.3624 11.492 74.8
      vertex 15.6777 11.7259 74.8
    endloop
  endfacet
  facet normal -0.595794 0.803137 0
    outer loop
      vertex 15.3624 11.492 74.8
      vertex 15.6777 11.7259 63.2
      vertex 15.3624 11.492 63.2
    endloop
  endfacet
  facet normal 0.803137 0.595794 0
    outer loop
      vertex 21.2259 10.6223 74.8
      vertex 20.992 10.9376 63.2
      vertex 20.992 10.9376 74.8
    endloop
  endfacet
  facet normal 0.803137 0.595794 0
    outer loop
      vertex 20.992 10.9376 63.2
      vertex 21.2259 10.6223 74.8
      vertex 21.2259 10.6223 63.2
    endloop
  endfacet
  facet normal 0.989176 -0.146737 0
    outer loop
      vertex 21.8231 7.61964 74.8
      vertex 21.8807 8.00793 63.2
      vertex 21.8807 8.00793 74.8
    endloop
  endfacet
  facet normal 0.989176 -0.146737 0
    outer loop
      vertex 21.8807 8.00793 63.2
      vertex 21.8231 7.61964 74.8
      vertex 21.8231 7.61964 63.2
    endloop
  endfacet
  facet normal -0.941497 0.337022 0
    outer loop
      vertex 14.0722 9.56114 63.2
      vertex 14.2045 9.93073 74.8
      vertex 14.2045 9.93073 63.2
    endloop
  endfacet
  facet normal -0.941497 0.337022 0
    outer loop
      vertex 14.2045 9.93073 74.8
      vertex 14.0722 9.56114 63.2
      vertex 14.0722 9.56114 74.8
    endloop
  endfacet
  facet normal 0.904025 -0.42748 0
    outer loop
      vertex 21.4277 6.51441 74.8
      vertex 21.5955 6.86927 63.2
      vertex 21.5955 6.86927 74.8
    endloop
  endfacet
  facet normal 0.904025 -0.42748 0
    outer loop
      vertex 21.5955 6.86927 63.2
      vertex 21.4277 6.51441 74.8
      vertex 21.4277 6.51441 63.2
    endloop
  endfacet
  facet normal 0.337014 0.9415 -0
    outer loop
      vertex 19.4307 12.0955 63.2
      vertex 19.0611 12.2278 74.8
      vertex 19.4307 12.0955 74.8
    endloop
  endfacet
  facet normal 0.337014 0.9415 0
    outer loop
      vertex 19.0611 12.2278 74.8
      vertex 19.4307 12.0955 63.2
      vertex 19.0611 12.2278 63.2
    endloop
  endfacet
  facet normal 0.998791 -0.0491664 0
    outer loop
      vertex 21.8807 8.00793 74.8
      vertex 21.9 8.4 63.2
      vertex 21.9 8.4 74.8
    endloop
  endfacet
  facet normal 0.998791 -0.0491664 0
    outer loop
      vertex 21.9 8.4 63.2
      vertex 21.8807 8.00793 74.8
      vertex 21.8807 8.00793 63.2
    endloop
  endfacet
  facet normal 0.336879 -0.941548 0
    outer loop
      vertex 19.0611 4.57224 63.2
      vertex 19.4307 4.70448 74.8
      vertex 19.0611 4.57224 74.8
    endloop
  endfacet
  facet normal 0.336879 -0.941548 0
    outer loop
      vertex 19.4307 4.70448 74.8
      vertex 19.0611 4.57224 63.2
      vertex 19.4307 4.70448 63.2
    endloop
  endfacet
  facet normal 0.941497 0.337022 0
    outer loop
      vertex 21.7278 9.56114 74.8
      vertex 21.5955 9.93073 63.2
      vertex 21.5955 9.93073 74.8
    endloop
  endfacet
  facet normal 0.941497 0.337022 0
    outer loop
      vertex 21.5955 9.93073 63.2
      vertex 21.7278 9.56114 74.8
      vertex 21.7278 9.56114 63.2
    endloop
  endfacet
  facet normal 0.803128 -0.595806 0
    outer loop
      vertex 20.992 5.86243 74.8
      vertex 21.2259 6.17772 63.2
      vertex 21.2259 6.17772 74.8
    endloop
  endfacet
  facet normal 0.803128 -0.595806 0
    outer loop
      vertex 21.2259 6.17772 63.2
      vertex 20.992 5.86243 74.8
      vertex 20.992 5.86243 63.2
    endloop
  endfacet
  facet normal 0.857733 -0.514095 0
    outer loop
      vertex 21.2259 6.17772 74.8
      vertex 21.4277 6.51441 63.2
      vertex 21.4277 6.51441 74.8
    endloop
  endfacet
  facet normal 0.857733 -0.514095 0
    outer loop
      vertex 21.4277 6.51441 63.2
      vertex 21.2259 6.17772 74.8
      vertex 21.2259 6.17772 63.2
    endloop
  endfacet
  facet normal 0.941497 -0.337022 0
    outer loop
      vertex 21.5955 6.86927 74.8
      vertex 21.7278 7.23886 63.2
      vertex 21.7278 7.23886 74.8
    endloop
  endfacet
  facet normal 0.941497 -0.337022 0
    outer loop
      vertex 21.7278 7.23886 63.2
      vertex 21.5955 6.86927 74.8
      vertex 21.5955 6.86927 63.2
    endloop
  endfacet
  facet normal -0.242835 0.970068 0
    outer loop
      vertex 17.1196 12.3231 63.2
      vertex 16.7389 12.2278 74.8
      vertex 17.1196 12.3231 74.8
    endloop
  endfacet
  facet normal -0.242835 0.970068 0
    outer loop
      vertex 16.7389 12.2278 74.8
      vertex 17.1196 12.3231 63.2
      vertex 16.7389 12.2278 63.2
    endloop
  endfacet
  facet normal 0.90403 0.42747 0
    outer loop
      vertex 21.5955 9.93073 74.8
      vertex 21.4277 10.2856 63.2
      vertex 21.4277 10.2856 74.8
    endloop
  endfacet
  facet normal 0.90403 0.42747 0
    outer loop
      vertex 21.4277 10.2856 63.2
      vertex 21.5955 9.93073 74.8
      vertex 21.5955 9.93073 63.2
    endloop
  endfacet
  facet normal 0.146733 0.989176 -0
    outer loop
      vertex 18.6804 12.3231 63.2
      vertex 18.2921 12.3807 74.8
      vertex 18.6804 12.3231 74.8
    endloop
  endfacet
  facet normal 0.146733 0.989176 0
    outer loop
      vertex 18.2921 12.3807 74.8
      vertex 18.6804 12.3231 63.2
      vertex 18.2921 12.3807 63.2
    endloop
  endfacet
  facet normal -0.857733 -0.514095 0
    outer loop
      vertex 14.5741 6.17772 63.2
      vertex 14.3723 6.51441 74.8
      vertex 14.3723 6.51441 63.2
    endloop
  endfacet
  facet normal -0.857733 -0.514095 0
    outer loop
      vertex 14.3723 6.51441 74.8
      vertex 14.5741 6.17772 63.2
      vertex 14.5741 6.17772 74.8
    endloop
  endfacet
  facet normal 0.85774 0.514084 0
    outer loop
      vertex 21.4277 10.2856 74.8
      vertex 21.2259 10.6223 63.2
      vertex 21.2259 10.6223 74.8
    endloop
  endfacet
  facet normal 0.85774 0.514084 0
    outer loop
      vertex 21.2259 10.6223 63.2
      vertex 21.4277 10.2856 74.8
      vertex 21.4277 10.2856 63.2
    endloop
  endfacet
  facet normal -0.740977 -0.671531 0
    outer loop
      vertex 15.0716 5.57157 63.2
      vertex 14.808 5.86243 74.8
      vertex 14.808 5.86243 63.2
    endloop
  endfacet
  facet normal -0.740977 -0.671531 0
    outer loop
      vertex 14.808 5.86243 74.8
      vertex 15.0716 5.57157 63.2
      vertex 15.0716 5.57157 74.8
    endloop
  endfacet
  facet normal 0.243027 -0.970019 0
    outer loop
      vertex 18.6804 4.47686 63.2
      vertex 19.0611 4.57224 74.8
      vertex 18.6804 4.47686 74.8
    endloop
  endfacet
  facet normal 0.243027 -0.970019 0
    outer loop
      vertex 19.0611 4.57224 74.8
      vertex 18.6804 4.47686 63.2
      vertex 19.0611 4.57224 63.2
    endloop
  endfacet
  facet normal -0.514084 0.85774 0
    outer loop
      vertex 16.0144 11.9277 63.2
      vertex 15.6777 11.7259 74.8
      vertex 16.0144 11.9277 74.8
    endloop
  endfacet
  facet normal -0.514084 0.85774 0
    outer loop
      vertex 15.6777 11.7259 74.8
      vertex 16.0144 11.9277 63.2
      vertex 15.6777 11.7259 63.2
    endloop
  endfacet
  facet normal -0.42744 0.904044 0
    outer loop
      vertex 16.3693 12.0955 63.2
      vertex 16.0144 11.9277 74.8
      vertex 16.3693 12.0955 74.8
    endloop
  endfacet
  facet normal -0.42744 0.904044 0
    outer loop
      vertex 16.0144 11.9277 74.8
      vertex 16.3693 12.0955 63.2
      vertex 16.0144 11.9277 63.2
    endloop
  endfacet
  facet normal -0.941497 -0.337022 0
    outer loop
      vertex 14.2045 6.86927 63.2
      vertex 14.0722 7.23886 74.8
      vertex 14.0722 7.23886 63.2
    endloop
  endfacet
  facet normal -0.941497 -0.337022 0
    outer loop
      vertex 14.0722 7.23886 74.8
      vertex 14.2045 6.86927 63.2
      vertex 14.2045 6.86927 74.8
    endloop
  endfacet
  facet normal -0.514084 -0.85774 0
    outer loop
      vertex 15.6777 5.07412 63.2
      vertex 16.0144 4.87232 74.8
      vertex 15.6777 5.07412 74.8
    endloop
  endfacet
  facet normal -0.514084 -0.85774 -0
    outer loop
      vertex 16.0144 4.87232 74.8
      vertex 15.6777 5.07412 63.2
      vertex 16.0144 4.87232 63.2
    endloop
  endfacet
  facet normal 0.671607 0.740908 -0
    outer loop
      vertex 20.7284 11.2284 63.2
      vertex 20.4376 11.492 74.8
      vertex 20.7284 11.2284 74.8
    endloop
  endfacet
  facet normal 0.671607 0.740908 0
    outer loop
      vertex 20.4376 11.492 74.8
      vertex 20.7284 11.2284 63.2
      vertex 20.4376 11.492 63.2
    endloop
  endfacet
  facet normal -0.97008 0.242787 0
    outer loop
      vertex 13.9769 9.18036 63.2
      vertex 14.0722 9.56114 74.8
      vertex 14.0722 9.56114 63.2
    endloop
  endfacet
  facet normal -0.97008 0.242787 0
    outer loop
      vertex 14.0722 9.56114 74.8
      vertex 13.9769 9.18036 63.2
      vertex 13.9769 9.18036 74.8
    endloop
  endfacet
  facet normal -0.803128 -0.595806 0
    outer loop
      vertex 14.808 5.86243 63.2
      vertex 14.5741 6.17772 74.8
      vertex 14.5741 6.17772 63.2
    endloop
  endfacet
  facet normal -0.803128 -0.595806 0
    outer loop
      vertex 14.5741 6.17772 74.8
      vertex 14.808 5.86243 63.2
      vertex 14.808 5.86243 74.8
    endloop
  endfacet
  facet normal -0.989176 -0.146737 0
    outer loop
      vertex 13.9769 7.61964 63.2
      vertex 13.9193 8.00793 74.8
      vertex 13.9193 8.00793 63.2
    endloop
  endfacet
  facet normal -0.989176 -0.146737 0
    outer loop
      vertex 13.9193 8.00793 74.8
      vertex 13.9769 7.61964 63.2
      vertex 13.9769 7.61964 74.8
    endloop
  endfacet
  facet normal -0.671621 -0.740895 0
    outer loop
      vertex 15.0716 5.57157 63.2
      vertex 15.3624 5.30796 74.8
      vertex 15.0716 5.57157 74.8
    endloop
  endfacet
  facet normal -0.671621 -0.740895 -0
    outer loop
      vertex 15.3624 5.30796 74.8
      vertex 15.0716 5.57157 63.2
      vertex 15.3624 5.30796 63.2
    endloop
  endfacet
  facet normal -0.803137 0.595794 0
    outer loop
      vertex 14.5741 10.6223 63.2
      vertex 14.808 10.9376 74.8
      vertex 14.808 10.9376 63.2
    endloop
  endfacet
  facet normal -0.803137 0.595794 0
    outer loop
      vertex 14.808 10.9376 74.8
      vertex 14.5741 10.6223 63.2
      vertex 14.5741 10.6223 74.8
    endloop
  endfacet
  facet normal -0.85774 0.514084 0
    outer loop
      vertex 14.3723 10.2856 63.2
      vertex 14.5741 10.6223 74.8
      vertex 14.5741 10.6223 63.2
    endloop
  endfacet
  facet normal -0.85774 0.514084 0
    outer loop
      vertex 14.5741 10.6223 74.8
      vertex 14.3723 10.2856 63.2
      vertex 14.3723 10.2856 74.8
    endloop
  endfacet
  facet normal 0 0 1
    outer loop
      vertex 19.3 8.4 74.8
      vertex 21.9 8.4 74.8
      vertex 21.8807 8.79207 74.8
    endloop
  endfacet
  facet normal 0 0 1
    outer loop
      vertex 19.2933 8.53722 74.8
      vertex 21.8807 8.79207 74.8
      vertex 21.8231 9.18036 74.8
    endloop
  endfacet
  facet normal 0 0 1
    outer loop
      vertex 21.9 8.4 74.8
      vertex 19.3 8.4 74.8
      vertex 21.8807 8.00793 74.8
    endloop
  endfacet
  facet normal 0 0 1
    outer loop
      vertex 19.2731 8.67313 74.8
      vertex 21.8231 9.18036 74.8
      vertex 21.7278 9.56114 74.8
    endloop
  endfacet
  facet normal -0 0 1
    outer loop
      vertex 19.2933 8.26278 74.8
      vertex 21.8807 8.00793 74.8
      vertex 19.3 8.4 74.8
    endloop
  endfacet
  facet normal 0 0 1
    outer loop
      vertex 19.2397 8.8064 74.8
      vertex 21.7278 9.56114 74.8
      vertex 21.5955 9.93073 74.8
    endloop
  endfacet
  facet normal 0 0 1
    outer loop
      vertex 21.8807 8.00793 74.8
      vertex 19.2933 8.26278 74.8
      vertex 21.8231 7.61964 74.8
    endloop
  endfacet
  facet normal 0 0 1
    outer loop
      vertex 19.1934 8.93576 74.8
      vertex 21.5955 9.93073 74.8
      vertex 21.4277 10.2856 74.8
    endloop
  endfacet
  facet normal -0 0 1
    outer loop
      vertex 19.2731 8.12687 74.8
      vertex 21.8231 7.61964 74.8
      vertex 19.2933 8.26278 74.8
    endloop
  endfacet
  facet normal 0 0 1
    outer loop
      vertex 19.1347 9.05995 74.8
      vertex 21.4277 10.2856 74.8
      vertex 21.2259 10.6223 74.8
    endloop
  endfacet
  facet normal 0 0 1
    outer loop
      vertex 21.8231 7.61964 74.8
      vertex 19.2731 8.12687 74.8
      vertex 21.7278 7.23886 74.8
    endloop
  endfacet
  facet normal 0 0 1
    outer loop
      vertex 19.0641 9.1778 74.8
      vertex 21.2259 10.6223 74.8
      vertex 20.992 10.9376 74.8
    endloop
  endfacet
  facet normal -0 0 1
    outer loop
      vertex 19.2397 7.9936 74.8
      vertex 21.7278 7.23886 74.8
      vertex 19.2731 8.12687 74.8
    endloop
  endfacet
  facet normal 0 0 1
    outer loop
      vertex 18.9822 9.28815 74.8
      vertex 20.992 10.9376 74.8
      vertex 20.7284 11.2284 74.8
    endloop
  endfacet
  facet normal 0 0 1
    outer loop
      vertex 21.7278 7.23886 74.8
      vertex 19.2397 7.9936 74.8
      vertex 21.5955 6.86927 74.8
    endloop
  endfacet
  facet normal 0 0 1
    outer loop
      vertex 18.8899 9.38995 74.8
      vertex 20.7284 11.2284 74.8
      vertex 20.4376 11.492 74.8
    endloop
  endfacet
  facet normal -0 0 1
    outer loop
      vertex 19.1934 7.86424 74.8
      vertex 21.5955 6.86927 74.8
      vertex 19.2397 7.9936 74.8
    endloop
  endfacet
  facet normal 0 0 1
    outer loop
      vertex 18.7882 9.48221 74.8
      vertex 20.4376 11.492 74.8
      vertex 20.1223 11.7259 74.8
    endloop
  endfacet
  facet normal 0 0 1
    outer loop
      vertex 21.5955 6.86927 74.8
      vertex 19.1934 7.86424 74.8
      vertex 21.4277 6.51441 74.8
    endloop
  endfacet
  facet normal 0 0 1
    outer loop
      vertex 18.6778 9.56406 74.8
      vertex 20.1223 11.7259 74.8
      vertex 19.7856 11.9277 74.8
    endloop
  endfacet
  facet normal -0 0 1
    outer loop
      vertex 19.1347 7.74005 74.8
      vertex 21.4277 6.51441 74.8
      vertex 19.1934 7.86424 74.8
    endloop
  endfacet
  facet normal 0 0 1
    outer loop
      vertex 18.56 9.63469 74.8
      vertex 19.7856 11.9277 74.8
      vertex 19.4307 12.0955 74.8
    endloop
  endfacet
  facet normal 0 0 1
    outer loop
      vertex 21.4277 6.51441 74.8
      vertex 19.1347 7.74005 74.8
      vertex 21.2259 6.17772 74.8
    endloop
  endfacet
  facet normal -0 0 1
    outer loop
      vertex 19.0641 7.6222 74.8
      vertex 21.2259 6.17772 74.8
      vertex 19.1347 7.74005 74.8
    endloop
  endfacet
  facet normal 0 0 1
    outer loop
      vertex 21.8807 8.79207 74.8
      vertex 19.2933 8.53722 74.8
      vertex 19.3 8.4 74.8
    endloop
  endfacet
  facet normal 0 0 1
    outer loop
      vertex 21.8231 9.18036 74.8
      vertex 19.2731 8.67313 74.8
      vertex 19.2933 8.53722 74.8
    endloop
  endfacet
  facet normal 0 0 1
    outer loop
      vertex 21.7278 9.56114 74.8
      vertex 19.2397 8.8064 74.8
      vertex 19.2731 8.67313 74.8
    endloop
  endfacet
  facet normal 0 0 1
    outer loop
      vertex 21.5955 9.93073 74.8
      vertex 19.1934 8.93576 74.8
      vertex 19.2397 8.8064 74.8
    endloop
  endfacet
  facet normal 0 0 1
    outer loop
      vertex 21.4277 10.2856 74.8
      vertex 19.1347 9.05995 74.8
      vertex 19.1934 8.93576 74.8
    endloop
  endfacet
  facet normal 0 0 1
    outer loop
      vertex 21.2259 10.6223 74.8
      vertex 19.0641 9.1778 74.8
      vertex 19.1347 9.05995 74.8
    endloop
  endfacet
  facet normal 0 0 1
    outer loop
      vertex 18.4358 9.69343 74.8
      vertex 19.4307 12.0955 74.8
      vertex 19.0611 12.2278 74.8
    endloop
  endfacet
  facet normal 0 0 1
    outer loop
      vertex 20.992 10.9376 74.8
      vertex 18.9822 9.28815 74.8
      vertex 19.0641 9.1778 74.8
    endloop
  endfacet
  facet normal 0 0 1
    outer loop
      vertex 20.7284 11.2284 74.8
      vertex 18.8899 9.38995 74.8
      vertex 18.9822 9.28815 74.8
    endloop
  endfacet
  facet normal 0 0 1
    outer loop
      vertex 20.4376 11.492 74.8
      vertex 18.7882 9.48221 74.8
      vertex 18.8899 9.38995 74.8
    endloop
  endfacet
  facet normal 0 0 1
    outer loop
      vertex 18.3064 9.73972 74.8
      vertex 19.0611 12.2278 74.8
      vertex 18.6804 12.3231 74.8
    endloop
  endfacet
  facet normal 0 0 1
    outer loop
      vertex 20.1223 11.7259 74.8
      vertex 18.6778 9.56406 74.8
      vertex 18.7882 9.48221 74.8
    endloop
  endfacet
  facet normal 0 0 1
    outer loop
      vertex 19.7856 11.9277 74.8
      vertex 18.56 9.63469 74.8
      vertex 18.6778 9.56406 74.8
    endloop
  endfacet
  facet normal 0 0 1
    outer loop
      vertex 19.4307 12.0955 74.8
      vertex 18.4358 9.69343 74.8
      vertex 18.56 9.63469 74.8
    endloop
  endfacet
  facet normal 0 0 1
    outer loop
      vertex 19.0611 12.2278 74.8
      vertex 18.3064 9.73972 74.8
      vertex 18.4358 9.69343 74.8
    endloop
  endfacet
  facet normal 0 0 1
    outer loop
      vertex 18.1731 9.7731 74.8
      vertex 18.6804 12.3231 74.8
      vertex 18.2921 12.3807 74.8
    endloop
  endfacet
  facet normal 0 0 1
    outer loop
      vertex 18.6804 12.3231 74.8
      vertex 18.1731 9.7731 74.8
      vertex 18.3064 9.73972 74.8
    endloop
  endfacet
  facet normal 0 0 1
    outer loop
      vertex 18.2921 12.3807 74.8
      vertex 18.0372 9.79326 74.8
      vertex 18.1731 9.7731 74.8
    endloop
  endfacet
  facet normal 0 0 1
    outer loop
      vertex 17.9 12.4 74.8
      vertex 18.0372 9.79326 74.8
      vertex 18.2921 12.3807 74.8
    endloop
  endfacet
  facet normal 0 0 1
    outer loop
      vertex 17.9 12.4 74.8
      vertex 17.9 9.8 74.8
      vertex 18.0372 9.79326 74.8
    endloop
  endfacet
  facet normal 0 0 1
    outer loop
      vertex 17.9 12.4 74.8
      vertex 17.7628 9.79326 74.8
      vertex 17.9 9.8 74.8
    endloop
  endfacet
  facet normal -0 0 1
    outer loop
      vertex 17.5079 12.3807 74.8
      vertex 17.7628 9.79326 74.8
      vertex 17.9 12.4 74.8
    endloop
  endfacet
  facet normal 0 0 1
    outer loop
      vertex 17.7628 9.79326 74.8
      vertex 17.5079 12.3807 74.8
      vertex 17.6269 9.7731 74.8
    endloop
  endfacet
  facet normal -0 0 1
    outer loop
      vertex 17.1196 12.3231 74.8
      vertex 17.6269 9.7731 74.8
      vertex 17.5079 12.3807 74.8
    endloop
  endfacet
  facet normal 0 0 1
    outer loop
      vertex 17.6269 9.7731 74.8
      vertex 17.1196 12.3231 74.8
      vertex 17.4936 9.73972 74.8
    endloop
  endfacet
  facet normal -0 0 1
    outer loop
      vertex 16.7389 12.2278 74.8
      vertex 17.4936 9.73972 74.8
      vertex 17.1196 12.3231 74.8
    endloop
  endfacet
  facet normal 0 0 1
    outer loop
      vertex 17.4936 9.73972 74.8
      vertex 16.7389 12.2278 74.8
      vertex 17.3642 9.69343 74.8
    endloop
  endfacet
  facet normal -0 0 1
    outer loop
      vertex 16.3693 12.0955 74.8
      vertex 17.3642 9.69343 74.8
      vertex 16.7389 12.2278 74.8
    endloop
  endfacet
  facet normal 0 0 1
    outer loop
      vertex 17.3642 9.69343 74.8
      vertex 16.3693 12.0955 74.8
      vertex 17.24 9.63469 74.8
    endloop
  endfacet
  facet normal -0 0 1
    outer loop
      vertex 16.0144 11.9277 74.8
      vertex 17.24 9.63469 74.8
      vertex 16.3693 12.0955 74.8
    endloop
  endfacet
  facet normal 0 0 1
    outer loop
      vertex 17.24 9.63469 74.8
      vertex 16.0144 11.9277 74.8
      vertex 17.1222 9.56406 74.8
    endloop
  endfacet
  facet normal -0 0 1
    outer loop
      vertex 15.6777 11.7259 74.8
      vertex 17.1222 9.56406 74.8
      vertex 16.0144 11.9277 74.8
    endloop
  endfacet
  facet normal 0 0 1
    outer loop
      vertex 17.1222 9.56406 74.8
      vertex 15.6777 11.7259 74.8
      vertex 17.0119 9.48221 74.8
    endloop
  endfacet
  facet normal -0 0 1
    outer loop
      vertex 15.3624 11.492 74.8
      vertex 17.0119 9.48221 74.8
      vertex 15.6777 11.7259 74.8
    endloop
  endfacet
  facet normal 0 0 1
    outer loop
      vertex 17.0119 9.48221 74.8
      vertex 15.3624 11.492 74.8
      vertex 16.9101 9.38995 74.8
    endloop
  endfacet
  facet normal -0 0 1
    outer loop
      vertex 15.0716 11.2284 74.8
      vertex 16.9101 9.38995 74.8
      vertex 15.3624 11.492 74.8
    endloop
  endfacet
  facet normal 0 0 1
    outer loop
      vertex 16.9101 9.38995 74.8
      vertex 15.0716 11.2284 74.8
      vertex 16.8178 9.28815 74.8
    endloop
  endfacet
  facet normal -0 0 1
    outer loop
      vertex 14.808 10.9376 74.8
      vertex 16.8178 9.28815 74.8
      vertex 15.0716 11.2284 74.8
    endloop
  endfacet
  facet normal -0 0 1
    outer loop
      vertex 14.5741 10.6223 74.8
      vertex 16.7359 9.1778 74.8
      vertex 14.808 10.9376 74.8
    endloop
  endfacet
  facet normal 0 0 1
    outer loop
      vertex 16.8178 9.28815 74.8
      vertex 14.808 10.9376 74.8
      vertex 16.7359 9.1778 74.8
    endloop
  endfacet
  facet normal 0 0 1
    outer loop
      vertex 21.2259 6.17772 74.8
      vertex 19.0641 7.6222 74.8
      vertex 20.992 5.86243 74.8
    endloop
  endfacet
  facet normal -0 0 1
    outer loop
      vertex 18.9822 7.51185 74.8
      vertex 20.992 5.86243 74.8
      vertex 19.0641 7.6222 74.8
    endloop
  endfacet
  facet normal 0 0 1
    outer loop
      vertex 20.992 5.86243 74.8
      vertex 18.9822 7.51185 74.8
      vertex 20.7284 5.57157 74.8
    endloop
  endfacet
  facet normal -0 0 1
    outer loop
      vertex 18.8899 7.41005 74.8
      vertex 20.7284 5.57157 74.8
      vertex 18.9822 7.51185 74.8
    endloop
  endfacet
  facet normal 0 0 1
    outer loop
      vertex 20.7284 5.57157 74.8
      vertex 18.8899 7.41005 74.8
      vertex 20.4376 5.30796 74.8
    endloop
  endfacet
  facet normal -0 0 1
    outer loop
      vertex 18.7882 7.31779 74.8
      vertex 20.4376 5.30796 74.8
      vertex 18.8899 7.41005 74.8
    endloop
  endfacet
  facet normal 0 0 1
    outer loop
      vertex 20.4376 5.30796 74.8
      vertex 18.7882 7.31779 74.8
      vertex 20.1223 5.07412 74.8
    endloop
  endfacet
  facet normal -0 0 1
    outer loop
      vertex 18.6778 7.23594 74.8
      vertex 20.1223 5.07412 74.8
      vertex 18.7882 7.31779 74.8
    endloop
  endfacet
  facet normal 0 0 1
    outer loop
      vertex 20.1223 5.07412 74.8
      vertex 18.6778 7.23594 74.8
      vertex 19.7856 4.87232 74.8
    endloop
  endfacet
  facet normal -0 0 1
    outer loop
      vertex 18.56 7.16531 74.8
      vertex 19.7856 4.87232 74.8
      vertex 18.6778 7.23594 74.8
    endloop
  endfacet
  facet normal 0 0 1
    outer loop
      vertex 19.7856 4.87232 74.8
      vertex 18.56 7.16531 74.8
      vertex 19.4307 4.70448 74.8
    endloop
  endfacet
  facet normal -0 0 1
    outer loop
      vertex 18.4358 7.10657 74.8
      vertex 19.4307 4.70448 74.8
      vertex 18.56 7.16531 74.8
    endloop
  endfacet
  facet normal 0 0 1
    outer loop
      vertex 19.4307 4.70448 74.8
      vertex 18.4358 7.10657 74.8
      vertex 19.0611 4.57224 74.8
    endloop
  endfacet
  facet normal -0 0 1
    outer loop
      vertex 18.3064 7.06028 74.8
      vertex 19.0611 4.57224 74.8
      vertex 18.4358 7.10657 74.8
    endloop
  endfacet
  facet normal 0 0 1
    outer loop
      vertex 19.0611 4.57224 74.8
      vertex 18.3064 7.06028 74.8
      vertex 18.6804 4.47686 74.8
    endloop
  endfacet
  facet normal -0 0 1
    outer loop
      vertex 18.1731 7.0269 74.8
      vertex 18.6804 4.47686 74.8
      vertex 18.3064 7.06028 74.8
    endloop
  endfacet
  facet normal 0 0 1
    outer loop
      vertex 18.6804 4.47686 74.8
      vertex 18.1731 7.0269 74.8
      vertex 18.2921 4.41926 74.8
    endloop
  endfacet
  facet normal -0 0 1
    outer loop
      vertex 18.0372 7.00674 74.8
      vertex 18.2921 4.41926 74.8
      vertex 18.1731 7.0269 74.8
    endloop
  endfacet
  facet normal -0 0 1
    outer loop
      vertex 17.9 7 74.8
      vertex 18.2921 4.41926 74.8
      vertex 18.0372 7.00674 74.8
    endloop
  endfacet
  facet normal 0 0 1
    outer loop
      vertex 17.9 7 74.8
      vertex 17.9 4.4 74.8
      vertex 18.2921 4.41926 74.8
    endloop
  endfacet
  facet normal 0 0 1
    outer loop
      vertex 17.7628 7.00674 74.8
      vertex 17.9 4.4 74.8
      vertex 17.9 7 74.8
    endloop
  endfacet
  facet normal 0 0 1
    outer loop
      vertex 17.5079 4.41926 74.8
      vertex 17.7628 7.00674 74.8
      vertex 17.6269 7.0269 74.8
    endloop
  endfacet
  facet normal 0 0 1
    outer loop
      vertex 17.7628 7.00674 74.8
      vertex 17.5079 4.41926 74.8
      vertex 17.9 4.4 74.8
    endloop
  endfacet
  facet normal 0 0 1
    outer loop
      vertex 17.1196 4.47686 74.8
      vertex 17.6269 7.0269 74.8
      vertex 17.4936 7.06028 74.8
    endloop
  endfacet
  facet normal 0 0 1
    outer loop
      vertex 16.7389 4.57224 74.8
      vertex 17.4936 7.06028 74.8
      vertex 17.3642 7.10657 74.8
    endloop
  endfacet
  facet normal 0 0 1
    outer loop
      vertex 16.3693 4.70448 74.8
      vertex 17.3642 7.10657 74.8
      vertex 17.24 7.16531 74.8
    endloop
  endfacet
  facet normal 0 0 1
    outer loop
      vertex 16.0144 4.87232 74.8
      vertex 17.24 7.16531 74.8
      vertex 17.1222 7.23594 74.8
    endloop
  endfacet
  facet normal 0 0 1
    outer loop
      vertex 17.6269 7.0269 74.8
      vertex 17.1196 4.47686 74.8
      vertex 17.5079 4.41926 74.8
    endloop
  endfacet
  facet normal 0 0 1
    outer loop
      vertex 15.6777 5.07412 74.8
      vertex 17.1222 7.23594 74.8
      vertex 17.0119 7.31779 74.8
    endloop
  endfacet
  facet normal 0 0 1
    outer loop
      vertex 15.3624 5.30796 74.8
      vertex 17.0119 7.31779 74.8
      vertex 16.9101 7.41005 74.8
    endloop
  endfacet
  facet normal 0 0 1
    outer loop
      vertex 15.0716 5.57157 74.8
      vertex 16.9101 7.41005 74.8
      vertex 16.8178 7.51185 74.8
    endloop
  endfacet
  facet normal 0 0 1
    outer loop
      vertex 17.4936 7.06028 74.8
      vertex 16.7389 4.57224 74.8
      vertex 17.1196 4.47686 74.8
    endloop
  endfacet
  facet normal 0 0 1
    outer loop
      vertex 14.808 5.86243 74.8
      vertex 16.8178 7.51185 74.8
      vertex 16.7359 7.6222 74.8
    endloop
  endfacet
  facet normal 0 0 1
    outer loop
      vertex 14.5741 6.17772 74.8
      vertex 16.7359 7.6222 74.8
      vertex 16.6653 7.74005 74.8
    endloop
  endfacet
  facet normal 0 0 1
    outer loop
      vertex 14.3723 6.51441 74.8
      vertex 16.6653 7.74005 74.8
      vertex 16.6066 7.86424 74.8
    endloop
  endfacet
  facet normal 0 0 1
    outer loop
      vertex 14.2045 6.86927 74.8
      vertex 16.6066 7.86424 74.8
      vertex 16.5603 7.9936 74.8
    endloop
  endfacet
  facet normal 0 0 1
    outer loop
      vertex 14.0722 7.23886 74.8
      vertex 16.5603 7.9936 74.8
      vertex 16.5269 8.12687 74.8
    endloop
  endfacet
  facet normal 0 0 1
    outer loop
      vertex 13.9769 7.61964 74.8
      vertex 16.5269 8.12687 74.8
      vertex 16.5067 8.26278 74.8
    endloop
  endfacet
  facet normal 0 0 1
    outer loop
      vertex 17.3642 7.10657 74.8
      vertex 16.3693 4.70448 74.8
      vertex 16.7389 4.57224 74.8
    endloop
  endfacet
  facet normal 0 0 1
    outer loop
      vertex 13.9193 8.00793 74.8
      vertex 16.5067 8.26278 74.8
      vertex 16.5 8.4 74.8
    endloop
  endfacet
  facet normal 0 0 1
    outer loop
      vertex 16.7359 9.1778 74.8
      vertex 14.5741 10.6223 74.8
      vertex 16.6653 9.05995 74.8
    endloop
  endfacet
  facet normal -0 0 1
    outer loop
      vertex 14.3723 10.2856 74.8
      vertex 16.6653 9.05995 74.8
      vertex 14.5741 10.6223 74.8
    endloop
  endfacet
  facet normal 0 0 1
    outer loop
      vertex 17.24 7.16531 74.8
      vertex 16.0144 4.87232 74.8
      vertex 16.3693 4.70448 74.8
    endloop
  endfacet
  facet normal 0 0 1
    outer loop
      vertex 16.6653 9.05995 74.8
      vertex 14.3723 10.2856 74.8
      vertex 16.6066 8.93576 74.8
    endloop
  endfacet
  facet normal 0 0 1
    outer loop
      vertex 17.1222 7.23594 74.8
      vertex 15.6777 5.07412 74.8
      vertex 16.0144 4.87232 74.8
    endloop
  endfacet
  facet normal -0 0 1
    outer loop
      vertex 14.2045 9.93073 74.8
      vertex 16.6066 8.93576 74.8
      vertex 14.3723 10.2856 74.8
    endloop
  endfacet
  facet normal 0 0 1
    outer loop
      vertex 17.0119 7.31779 74.8
      vertex 15.3624 5.30796 74.8
      vertex 15.6777 5.07412 74.8
    endloop
  endfacet
  facet normal 0 0 1
    outer loop
      vertex 16.6066 8.93576 74.8
      vertex 14.2045 9.93073 74.8
      vertex 16.5603 8.8064 74.8
    endloop
  endfacet
  facet normal 0 0 1
    outer loop
      vertex 16.9101 7.41005 74.8
      vertex 15.0716 5.57157 74.8
      vertex 15.3624 5.30796 74.8
    endloop
  endfacet
  facet normal -0 0 1
    outer loop
      vertex 14.0722 9.56114 74.8
      vertex 16.5603 8.8064 74.8
      vertex 14.2045 9.93073 74.8
    endloop
  endfacet
  facet normal 0 0 1
    outer loop
      vertex 16.8178 7.51185 74.8
      vertex 14.808 5.86243 74.8
      vertex 15.0716 5.57157 74.8
    endloop
  endfacet
  facet normal 0 0 1
    outer loop
      vertex 16.5603 8.8064 74.8
      vertex 14.0722 9.56114 74.8
      vertex 16.5269 8.67313 74.8
    endloop
  endfacet
  facet normal 0 0 1
    outer loop
      vertex 16.7359 7.6222 74.8
      vertex 14.5741 6.17772 74.8
      vertex 14.808 5.86243 74.8
    endloop
  endfacet
  facet normal -0 0 1
    outer loop
      vertex 13.9769 9.18036 74.8
      vertex 16.5269 8.67313 74.8
      vertex 14.0722 9.56114 74.8
    endloop
  endfacet
  facet normal 0 0 1
    outer loop
      vertex 16.6653 7.74005 74.8
      vertex 14.3723 6.51441 74.8
      vertex 14.5741 6.17772 74.8
    endloop
  endfacet
  facet normal 0 0 1
    outer loop
      vertex 16.5269 8.67313 74.8
      vertex 13.9769 9.18036 74.8
      vertex 16.5067 8.53722 74.8
    endloop
  endfacet
  facet normal 0 0 1
    outer loop
      vertex 16.6066 7.86424 74.8
      vertex 14.2045 6.86927 74.8
      vertex 14.3723 6.51441 74.8
    endloop
  endfacet
  facet normal -0 0 1
    outer loop
      vertex 13.9193 8.79207 74.8
      vertex 16.5067 8.53722 74.8
      vertex 13.9769 9.18036 74.8
    endloop
  endfacet
  facet normal 0 0 1
    outer loop
      vertex 16.5603 7.9936 74.8
      vertex 14.0722 7.23886 74.8
      vertex 14.2045 6.86927 74.8
    endloop
  endfacet
  facet normal 0 0 1
    outer loop
      vertex 16.5067 8.53722 74.8
      vertex 13.9193 8.79207 74.8
      vertex 16.5 8.4 74.8
    endloop
  endfacet
  facet normal 0 0 1
    outer loop
      vertex 16.5269 8.12687 74.8
      vertex 13.9769 7.61964 74.8
      vertex 14.0722 7.23886 74.8
    endloop
  endfacet
  facet normal 0 0 1
    outer loop
      vertex 13.9 8.4 74.8
      vertex 16.5 8.4 74.8
      vertex 13.9193 8.79207 74.8
    endloop
  endfacet
  facet normal 0 0 1
    outer loop
      vertex 16.5067 8.26278 74.8
      vertex 13.9193 8.00793 74.8
      vertex 13.9769 7.61964 74.8
    endloop
  endfacet
  facet normal 0 0 1
    outer loop
      vertex 16.5 8.4 74.8
      vertex 13.9 8.4 74.8
      vertex 13.9193 8.00793 74.8
    endloop
  endfacet
  facet normal -0.049061 -0.998796 0
    outer loop
      vertex 17.5079 4.41926 63.2
      vertex 17.9 4.4 74.8
      vertex 17.5079 4.41926 74.8
    endloop
  endfacet
  facet normal -0.049061 -0.998796 -0
    outer loop
      vertex 17.9 4.4 74.8
      vertex 17.5079 4.41926 63.2
      vertex 17.9 4.4 63.2
    endloop
  endfacet
  facet normal -0.998791 0.0491664 0
    outer loop
      vertex 13.9 8.4 63.2
      vertex 13.9193 8.79207 74.8
      vertex 13.9193 8.79207 63.2
    endloop
  endfacet
  facet normal -0.998791 0.0491664 0
    outer loop
      vertex 13.9193 8.79207 74.8
      vertex 13.9 8.4 63.2
      vertex 13.9 8.4 74.8
    endloop
  endfacet
  facet normal -0.336879 -0.941548 0
    outer loop
      vertex 16.3693 4.70448 63.2
      vertex 16.7389 4.57224 74.8
      vertex 16.3693 4.70448 74.8
    endloop
  endfacet
  facet normal -0.336879 -0.941548 -0
    outer loop
      vertex 16.7389 4.57224 74.8
      vertex 16.3693 4.70448 63.2
      vertex 16.7389 4.57224 63.2
    endloop
  endfacet
  facet normal 0.740977 -0.671531 0
    outer loop
      vertex 20.7284 5.57157 74.8
      vertex 20.992 5.86243 63.2
      vertex 20.992 5.86243 74.8
    endloop
  endfacet
  facet normal 0.740977 -0.671531 0
    outer loop
      vertex 20.992 5.86243 63.2
      vertex 20.7284 5.57157 74.8
      vertex 20.7284 5.57157 63.2
    endloop
  endfacet
  facet normal 0.671621 -0.740895 0
    outer loop
      vertex 20.4376 5.30796 63.2
      vertex 20.7284 5.57157 74.8
      vertex 20.4376 5.30796 74.8
    endloop
  endfacet
  facet normal 0.671621 -0.740895 0
    outer loop
      vertex 20.7284 5.57157 74.8
      vertex 20.4376 5.30796 63.2
      vertex 20.7284 5.57157 63.2
    endloop
  endfacet
  facet normal -0.989135 -0.147013 0
    outer loop
      vertex 19.2933 8.53722 63.2
      vertex 19.2731 8.67313 74.8
      vertex 19.2731 8.67313 63.2
    endloop
  endfacet
  facet normal -0.989135 -0.147013 0
    outer loop
      vertex 19.2731 8.67313 74.8
      vertex 19.2933 8.53722 63.2
      vertex 19.2933 8.53722 74.8
    endloop
  endfacet
  facet normal -0.99881 -0.0487686 0
    outer loop
      vertex 19.3 8.4 63.2
      vertex 19.2933 8.53722 74.8
      vertex 19.2933 8.53722 63.2
    endloop
  endfacet
  facet normal -0.99881 -0.0487686 0
    outer loop
      vertex 19.2933 8.53722 74.8
      vertex 19.3 8.4 63.2
      vertex 19.3 8.4 74.8
    endloop
  endfacet
  facet normal -0.970001 -0.243101 0
    outer loop
      vertex 19.2731 8.67313 63.2
      vertex 19.2397 8.8064 74.8
      vertex 19.2397 8.8064 63.2
    endloop
  endfacet
  facet normal -0.970001 -0.243101 0
    outer loop
      vertex 19.2397 8.8064 74.8
      vertex 19.2731 8.67313 63.2
      vertex 19.2731 8.67313 74.8
    endloop
  endfacet
  facet normal -0.427542 -0.903996 0
    outer loop
      vertex 18.4358 9.69343 63.2
      vertex 18.56 9.63469 74.8
      vertex 18.4358 9.69343 74.8
    endloop
  endfacet
  facet normal -0.427542 -0.903996 -0
    outer loop
      vertex 18.56 9.63469 74.8
      vertex 18.4358 9.69343 63.2
      vertex 18.56 9.63469 63.2
    endloop
  endfacet
  facet normal 0.242912 0.970048 -0
    outer loop
      vertex 17.6269 7.0269 63.2
      vertex 17.4936 7.06028 74.8
      vertex 17.6269 7.0269 74.8
    endloop
  endfacet
  facet normal 0.242912 0.970048 0
    outer loop
      vertex 17.4936 7.06028 74.8
      vertex 17.6269 7.0269 63.2
      vertex 17.4936 7.06028 63.2
    endloop
  endfacet
  facet normal 0.857846 0.513907 0
    outer loop
      vertex 16.7359 7.6222 74.8
      vertex 16.6653 7.74005 63.2
      vertex 16.6653 7.74005 74.8
    endloop
  endfacet
  facet normal 0.857846 0.513907 0
    outer loop
      vertex 16.6653 7.74005 63.2
      vertex 16.7359 7.6222 74.8
      vertex 16.7359 7.6222 63.2
    endloop
  endfacet
  facet normal -0.146739 0.989175 0
    outer loop
      vertex 18.1731 7.0269 63.2
      vertex 18.0372 7.00674 74.8
      vertex 18.1731 7.0269 74.8
    endloop
  endfacet
  facet normal -0.146739 0.989175 0
    outer loop
      vertex 18.0372 7.00674 74.8
      vertex 18.1731 7.0269 63.2
      vertex 18.0372 7.00674 63.2
    endloop
  endfacet
  facet normal -0.740829 -0.671694 0
    outer loop
      vertex 18.9822 9.28815 63.2
      vertex 18.8899 9.38995 74.8
      vertex 18.8899 9.38995 63.2
    endloop
  endfacet
  facet normal -0.740829 -0.671694 0
    outer loop
      vertex 18.8899 9.38995 74.8
      vertex 18.9822 9.28815 63.2
      vertex 18.9822 9.28815 74.8
    endloop
  endfacet
  facet normal 0.514228 -0.857653 0
    outer loop
      vertex 17.1222 9.56406 63.2
      vertex 17.24 9.63469 74.8
      vertex 17.1222 9.56406 74.8
    endloop
  endfacet
  facet normal 0.514228 -0.857653 0
    outer loop
      vertex 17.24 9.63469 74.8
      vertex 17.1222 9.56406 63.2
      vertex 17.24 9.63469 63.2
    endloop
  endfacet
  facet normal -0.740829 0.671694 0
    outer loop
      vertex 18.8899 7.41005 63.2
      vertex 18.9822 7.51185 74.8
      vertex 18.9822 7.51185 63.2
    endloop
  endfacet
  facet normal -0.740829 0.671694 0
    outer loop
      vertex 18.9822 7.51185 74.8
      vertex 18.8899 7.41005 63.2
      vertex 18.8899 7.41005 74.8
    endloop
  endfacet
  facet normal -0.514228 0.857653 0
    outer loop
      vertex 18.6778 7.23594 63.2
      vertex 18.56 7.16531 74.8
      vertex 18.6778 7.23594 74.8
    endloop
  endfacet
  facet normal -0.514228 0.857653 0
    outer loop
      vertex 18.56 7.16531 74.8
      vertex 18.6778 7.23594 63.2
      vertex 18.56 7.16531 63.2
    endloop
  endfacet
  facet normal -0.242912 -0.970048 0
    outer loop
      vertex 18.1731 9.7731 63.2
      vertex 18.3064 9.73972 74.8
      vertex 18.1731 9.7731 74.8
    endloop
  endfacet
  facet normal -0.242912 -0.970048 -0
    outer loop
      vertex 18.3064 9.73972 74.8
      vertex 18.1731 9.7731 63.2
      vertex 18.3064 9.73972 63.2
    endloop
  endfacet
  facet normal 0.989135 -0.147013 0
    outer loop
      vertex 16.5067 8.53722 74.8
      vertex 16.5269 8.67313 63.2
      vertex 16.5269 8.67313 74.8
    endloop
  endfacet
  facet normal 0.989135 -0.147013 0
    outer loop
      vertex 16.5269 8.67313 63.2
      vertex 16.5067 8.53722 74.8
      vertex 16.5067 8.53722 63.2
    endloop
  endfacet
  facet normal -0.857846 -0.513907 0
    outer loop
      vertex 19.1347 9.05995 63.2
      vertex 19.0641 9.1778 74.8
      vertex 19.0641 9.1778 63.2
    endloop
  endfacet
  facet normal -0.857846 -0.513907 0
    outer loop
      vertex 19.0641 9.1778 74.8
      vertex 19.1347 9.05995 63.2
      vertex 19.1347 9.05995 74.8
    endloop
  endfacet
  facet normal -0.970001 0.243101 0
    outer loop
      vertex 19.2397 7.9936 63.2
      vertex 19.2731 8.12687 74.8
      vertex 19.2731 8.12687 63.2
    endloop
  endfacet
  facet normal -0.970001 0.243101 0
    outer loop
      vertex 19.2731 8.12687 74.8
      vertex 19.2397 7.9936 63.2
      vertex 19.2397 7.9936 74.8
    endloop
  endfacet
  facet normal 0.146739 0.989175 -0
    outer loop
      vertex 17.7628 7.00674 63.2
      vertex 17.6269 7.0269 74.8
      vertex 17.7628 7.00674 74.8
    endloop
  endfacet
  facet normal 0.146739 0.989175 0
    outer loop
      vertex 17.6269 7.0269 74.8
      vertex 17.7628 7.00674 63.2
      vertex 17.6269 7.0269 63.2
    endloop
  endfacet
  facet normal 0.99881 0.0487686 0
    outer loop
      vertex 16.5067 8.26278 74.8
      vertex 16.5 8.4 63.2
      vertex 16.5 8.4 74.8
    endloop
  endfacet
  facet normal 0.99881 0.0487686 0
    outer loop
      vertex 16.5 8.4 63.2
      vertex 16.5067 8.26278 74.8
      vertex 16.5067 8.26278 63.2
    endloop
  endfacet
  facet normal -0.146739 -0.989175 0
    outer loop
      vertex 18.0372 9.79326 63.2
      vertex 18.1731 9.7731 74.8
      vertex 18.0372 9.79326 74.8
    endloop
  endfacet
  facet normal -0.146739 -0.989175 -0
    outer loop
      vertex 18.1731 9.7731 74.8
      vertex 18.0372 9.79326 63.2
      vertex 18.1731 9.7731 63.2
    endloop
  endfacet
  facet normal -0.941511 -0.336982 0
    outer loop
      vertex 19.2397 8.8064 63.2
      vertex 19.1934 8.93576 74.8
      vertex 19.1934 8.93576 63.2
    endloop
  endfacet
  facet normal -0.941511 -0.336982 0
    outer loop
      vertex 19.1934 8.93576 74.8
      vertex 19.2397 8.8064 63.2
      vertex 19.2397 8.8064 74.8
    endloop
  endfacet
  facet normal -0.671897 -0.740645 0
    outer loop
      vertex 18.7882 9.48221 63.2
      vertex 18.8899 9.38995 74.8
      vertex 18.7882 9.48221 74.8
    endloop
  endfacet
  facet normal -0.671897 -0.740645 -0
    outer loop
      vertex 18.8899 9.38995 74.8
      vertex 18.7882 9.48221 63.2
      vertex 18.8899 9.38995 63.2
    endloop
  endfacet
  facet normal 0.740829 -0.671694 0
    outer loop
      vertex 16.8178 9.28815 74.8
      vertex 16.9101 9.38995 63.2
      vertex 16.9101 9.38995 74.8
    endloop
  endfacet
  facet normal 0.740829 -0.671694 0
    outer loop
      vertex 16.9101 9.38995 63.2
      vertex 16.8178 9.28815 74.8
      vertex 16.8178 9.28815 63.2
    endloop
  endfacet
  facet normal 0.970001 0.243101 0
    outer loop
      vertex 16.5603 7.9936 74.8
      vertex 16.5269 8.12687 63.2
      vertex 16.5269 8.12687 74.8
    endloop
  endfacet
  facet normal 0.970001 0.243101 0
    outer loop
      vertex 16.5269 8.12687 63.2
      vertex 16.5603 7.9936 74.8
      vertex 16.5603 7.9936 63.2
    endloop
  endfacet
  facet normal 0.336825 -0.941567 0
    outer loop
      vertex 17.3642 9.69343 63.2
      vertex 17.4936 9.73972 74.8
      vertex 17.3642 9.69343 74.8
    endloop
  endfacet
  facet normal 0.336825 -0.941567 0
    outer loop
      vertex 17.4936 9.73972 74.8
      vertex 17.3642 9.69343 63.2
      vertex 17.4936 9.73972 63.2
    endloop
  endfacet
  facet normal 0.941511 0.336982 0
    outer loop
      vertex 16.6066 7.86424 74.8
      vertex 16.5603 7.9936 63.2
      vertex 16.5603 7.9936 74.8
    endloop
  endfacet
  facet normal 0.941511 0.336982 0
    outer loop
      vertex 16.5603 7.9936 63.2
      vertex 16.6066 7.86424 74.8
      vertex 16.6066 7.86424 63.2
    endloop
  endfacet
  facet normal -0.336825 -0.941567 0
    outer loop
      vertex 18.3064 9.73972 63.2
      vertex 18.4358 9.69343 74.8
      vertex 18.3064 9.73972 74.8
    endloop
  endfacet
  facet normal -0.336825 -0.941567 -0
    outer loop
      vertex 18.4358 9.69343 74.8
      vertex 18.3064 9.73972 63.2
      vertex 18.4358 9.69343 63.2
    endloop
  endfacet
  facet normal 0.803003 -0.595976 0
    outer loop
      vertex 16.7359 9.1778 74.8
      vertex 16.8178 9.28815 63.2
      vertex 16.8178 9.28815 74.8
    endloop
  endfacet
  facet normal 0.803003 -0.595976 0
    outer loop
      vertex 16.8178 9.28815 63.2
      vertex 16.7359 9.1778 74.8
      vertex 16.7359 9.1778 63.2
    endloop
  endfacet
  facet normal -0.803003 -0.595976 0
    outer loop
      vertex 19.0641 9.1778 63.2
      vertex 18.9822 9.28815 74.8
      vertex 18.9822 9.28815 63.2
    endloop
  endfacet
  facet normal -0.803003 -0.595976 0
    outer loop
      vertex 18.9822 9.28815 74.8
      vertex 19.0641 9.1778 63.2
      vertex 19.0641 9.1778 74.8
    endloop
  endfacet
  facet normal 0.970001 -0.243101 0
    outer loop
      vertex 16.5269 8.67313 74.8
      vertex 16.5603 8.8064 63.2
      vertex 16.5603 8.8064 74.8
    endloop
  endfacet
  facet normal 0.970001 -0.243101 0
    outer loop
      vertex 16.5603 8.8064 63.2
      vertex 16.5269 8.67313 74.8
      vertex 16.5269 8.67313 63.2
    endloop
  endfacet
  facet normal 0.671534 -0.740973 0
    outer loop
      vertex 16.9101 9.38995 63.2
      vertex 17.0119 9.48221 74.8
      vertex 16.9101 9.38995 74.8
    endloop
  endfacet
  facet normal 0.671534 -0.740973 0
    outer loop
      vertex 17.0119 9.48221 74.8
      vertex 16.9101 9.38995 63.2
      vertex 17.0119 9.48221 63.2
    endloop
  endfacet
  facet normal -0.427542 0.903996 0
    outer loop
      vertex 18.56 7.16531 63.2
      vertex 18.4358 7.10657 74.8
      vertex 18.56 7.16531 74.8
    endloop
  endfacet
  facet normal -0.427542 0.903996 0
    outer loop
      vertex 18.4358 7.10657 74.8
      vertex 18.56 7.16531 63.2
      vertex 18.4358 7.10657 63.2
    endloop
  endfacet
  facet normal 0.242912 -0.970048 0
    outer loop
      vertex 17.4936 9.73972 63.2
      vertex 17.6269 9.7731 74.8
      vertex 17.4936 9.73972 74.8
    endloop
  endfacet
  facet normal 0.242912 -0.970048 0
    outer loop
      vertex 17.6269 9.7731 74.8
      vertex 17.4936 9.73972 63.2
      vertex 17.6269 9.7731 63.2
    endloop
  endfacet
  facet normal 0.941511 -0.336982 0
    outer loop
      vertex 16.5603 8.8064 74.8
      vertex 16.6066 8.93576 63.2
      vertex 16.6066 8.93576 74.8
    endloop
  endfacet
  facet normal 0.941511 -0.336982 0
    outer loop
      vertex 16.6066 8.93576 63.2
      vertex 16.5603 8.8064 74.8
      vertex 16.5603 8.8064 63.2
    endloop
  endfacet
  facet normal -0.514228 -0.857653 0
    outer loop
      vertex 18.56 9.63469 63.2
      vertex 18.6778 9.56406 74.8
      vertex 18.56 9.63469 74.8
    endloop
  endfacet
  facet normal -0.514228 -0.857653 -0
    outer loop
      vertex 18.6778 9.56406 74.8
      vertex 18.56 9.63469 63.2
      vertex 18.6778 9.56406 63.2
    endloop
  endfacet
  facet normal 0.514228 0.857653 -0
    outer loop
      vertex 17.24 7.16531 63.2
      vertex 17.1222 7.23594 74.8
      vertex 17.24 7.16531 74.8
    endloop
  endfacet
  facet normal 0.514228 0.857653 0
    outer loop
      vertex 17.1222 7.23594 74.8
      vertex 17.24 7.16531 63.2
      vertex 17.1222 7.23594 63.2
    endloop
  endfacet
  facet normal 0.595915 -0.803047 0
    outer loop
      vertex 17.0119 9.48221 63.2
      vertex 17.1222 9.56406 74.8
      vertex 17.0119 9.48221 74.8
    endloop
  endfacet
  facet normal 0.595915 -0.803047 0
    outer loop
      vertex 17.1222 9.56406 74.8
      vertex 17.0119 9.48221 63.2
      vertex 17.1222 9.56406 63.2
    endloop
  endfacet
  facet normal -0.0490662 0.998796 0
    outer loop
      vertex 18.0372 7.00674 63.2
      vertex 17.9 7 74.8
      vertex 18.0372 7.00674 74.8
    endloop
  endfacet
  facet normal -0.0490662 0.998796 0
    outer loop
      vertex 17.9 7 74.8
      vertex 18.0372 7.00674 63.2
      vertex 17.9 7 63.2
    endloop
  endfacet
  facet normal -0.941511 0.336982 0
    outer loop
      vertex 19.1934 7.86424 63.2
      vertex 19.2397 7.9936 74.8
      vertex 19.2397 7.9936 63.2
    endloop
  endfacet
  facet normal -0.941511 0.336982 0
    outer loop
      vertex 19.2397 7.9936 74.8
      vertex 19.1934 7.86424 63.2
      vertex 19.1934 7.86424 74.8
    endloop
  endfacet
  facet normal -0.803003 0.595976 0
    outer loop
      vertex 18.9822 7.51185 63.2
      vertex 19.0641 7.6222 74.8
      vertex 19.0641 7.6222 63.2
    endloop
  endfacet
  facet normal -0.803003 0.595976 0
    outer loop
      vertex 19.0641 7.6222 74.8
      vertex 18.9822 7.51185 63.2
      vertex 18.9822 7.51185 74.8
    endloop
  endfacet
  facet normal -0.989135 0.147013 0
    outer loop
      vertex 19.2731 8.12687 63.2
      vertex 19.2933 8.26278 74.8
      vertex 19.2933 8.26278 63.2
    endloop
  endfacet
  facet normal -0.989135 0.147013 0
    outer loop
      vertex 19.2933 8.26278 74.8
      vertex 19.2731 8.12687 63.2
      vertex 19.2731 8.12687 74.8
    endloop
  endfacet
  facet normal 0.857846 -0.513907 0
    outer loop
      vertex 16.6653 9.05995 74.8
      vertex 16.7359 9.1778 63.2
      vertex 16.7359 9.1778 74.8
    endloop
  endfacet
  facet normal 0.857846 -0.513907 0
    outer loop
      vertex 16.7359 9.1778 63.2
      vertex 16.6653 9.05995 74.8
      vertex 16.6653 9.05995 63.2
    endloop
  endfacet
  facet normal -0.904095 -0.427332 0
    outer loop
      vertex 19.1934 8.93576 63.2
      vertex 19.1347 9.05995 74.8
      vertex 19.1347 9.05995 63.2
    endloop
  endfacet
  facet normal -0.904095 -0.427332 0
    outer loop
      vertex 19.1347 9.05995 74.8
      vertex 19.1934 8.93576 63.2
      vertex 19.1934 8.93576 74.8
    endloop
  endfacet
  facet normal 0.427542 -0.903996 0
    outer loop
      vertex 17.24 9.63469 63.2
      vertex 17.3642 9.69343 74.8
      vertex 17.24 9.63469 74.8
    endloop
  endfacet
  facet normal 0.427542 -0.903996 0
    outer loop
      vertex 17.3642 9.69343 74.8
      vertex 17.24 9.63469 63.2
      vertex 17.3642 9.69343 63.2
    endloop
  endfacet
  facet normal -0.595567 0.803306 0
    outer loop
      vertex 18.7882 7.31779 63.2
      vertex 18.6778 7.23594 74.8
      vertex 18.7882 7.31779 74.8
    endloop
  endfacet
  facet normal -0.595567 0.803306 0
    outer loop
      vertex 18.6778 7.23594 74.8
      vertex 18.7882 7.31779 63.2
      vertex 18.6778 7.23594 63.2
    endloop
  endfacet
  facet normal -0.595567 -0.803306 0
    outer loop
      vertex 18.6778 9.56406 63.2
      vertex 18.7882 9.48221 74.8
      vertex 18.6778 9.56406 74.8
    endloop
  endfacet
  facet normal -0.595567 -0.803306 -0
    outer loop
      vertex 18.7882 9.48221 74.8
      vertex 18.6778 9.56406 63.2
      vertex 18.7882 9.48221 63.2
    endloop
  endfacet
  facet normal 0.671534 0.740973 -0
    outer loop
      vertex 17.0119 7.31779 63.2
      vertex 16.9101 7.41005 74.8
      vertex 17.0119 7.31779 74.8
    endloop
  endfacet
  facet normal 0.671534 0.740973 0
    outer loop
      vertex 16.9101 7.41005 74.8
      vertex 17.0119 7.31779 63.2
      vertex 16.9101 7.41005 63.2
    endloop
  endfacet
  facet normal -0.99881 0.0487686 0
    outer loop
      vertex 19.2933 8.26278 63.2
      vertex 19.3 8.4 74.8
      vertex 19.3 8.4 63.2
    endloop
  endfacet
  facet normal -0.99881 0.0487686 0
    outer loop
      vertex 19.3 8.4 74.8
      vertex 19.2933 8.26278 63.2
      vertex 19.2933 8.26278 74.8
    endloop
  endfacet
  facet normal 0.803003 0.595976 0
    outer loop
      vertex 16.8178 7.51185 74.8
      vertex 16.7359 7.6222 63.2
      vertex 16.7359 7.6222 74.8
    endloop
  endfacet
  facet normal 0.803003 0.595976 0
    outer loop
      vertex 16.7359 7.6222 63.2
      vertex 16.8178 7.51185 74.8
      vertex 16.8178 7.51185 63.2
    endloop
  endfacet
  facet normal 0.904095 0.427332 0
    outer loop
      vertex 16.6653 7.74005 74.8
      vertex 16.6066 7.86424 63.2
      vertex 16.6066 7.86424 74.8
    endloop
  endfacet
  facet normal 0.904095 0.427332 0
    outer loop
      vertex 16.6066 7.86424 63.2
      vertex 16.6653 7.74005 74.8
      vertex 16.6653 7.74005 63.2
    endloop
  endfacet
  facet normal -0.0490662 -0.998796 0
    outer loop
      vertex 17.9 9.8 63.2
      vertex 18.0372 9.79326 74.8
      vertex 17.9 9.8 74.8
    endloop
  endfacet
  facet normal -0.0490662 -0.998796 -0
    outer loop
      vertex 18.0372 9.79326 74.8
      vertex 17.9 9.8 63.2
      vertex 18.0372 9.79326 63.2
    endloop
  endfacet
  facet normal 0.0490662 -0.998796 0
    outer loop
      vertex 17.7628 9.79326 63.2
      vertex 17.9 9.8 74.8
      vertex 17.7628 9.79326 74.8
    endloop
  endfacet
  facet normal 0.0490662 -0.998796 0
    outer loop
      vertex 17.9 9.8 74.8
      vertex 17.7628 9.79326 63.2
      vertex 17.9 9.8 63.2
    endloop
  endfacet
  facet normal 0.427542 0.903996 -0
    outer loop
      vertex 17.3642 7.10657 63.2
      vertex 17.24 7.16531 74.8
      vertex 17.3642 7.10657 74.8
    endloop
  endfacet
  facet normal 0.427542 0.903996 0
    outer loop
      vertex 17.24 7.16531 74.8
      vertex 17.3642 7.10657 63.2
      vertex 17.24 7.16531 63.2
    endloop
  endfacet
  facet normal 0.146739 -0.989175 0
    outer loop
      vertex 17.6269 9.7731 63.2
      vertex 17.7628 9.79326 74.8
      vertex 17.6269 9.7731 74.8
    endloop
  endfacet
  facet normal 0.146739 -0.989175 0
    outer loop
      vertex 17.7628 9.79326 74.8
      vertex 17.6269 9.7731 63.2
      vertex 17.7628 9.79326 63.2
    endloop
  endfacet
  facet normal 0.989135 0.147013 0
    outer loop
      vertex 16.5269 8.12687 74.8
      vertex 16.5067 8.26278 63.2
      vertex 16.5067 8.26278 74.8
    endloop
  endfacet
  facet normal 0.989135 0.147013 0
    outer loop
      vertex 16.5067 8.26278 63.2
      vertex 16.5269 8.12687 74.8
      vertex 16.5269 8.12687 63.2
    endloop
  endfacet
  facet normal -0.336825 0.941567 0
    outer loop
      vertex 18.4358 7.10657 63.2
      vertex 18.3064 7.06028 74.8
      vertex 18.4358 7.10657 74.8
    endloop
  endfacet
  facet normal -0.336825 0.941567 0
    outer loop
      vertex 18.3064 7.06028 74.8
      vertex 18.4358 7.10657 63.2
      vertex 18.3064 7.06028 63.2
    endloop
  endfacet
  facet normal -0.242912 0.970048 0
    outer loop
      vertex 18.3064 7.06028 63.2
      vertex 18.1731 7.0269 74.8
      vertex 18.3064 7.06028 74.8
    endloop
  endfacet
  facet normal -0.242912 0.970048 0
    outer loop
      vertex 18.1731 7.0269 74.8
      vertex 18.3064 7.06028 63.2
      vertex 18.1731 7.0269 63.2
    endloop
  endfacet
  facet normal 0.904095 -0.427332 0
    outer loop
      vertex 16.6066 8.93576 74.8
      vertex 16.6653 9.05995 63.2
      vertex 16.6653 9.05995 74.8
    endloop
  endfacet
  facet normal 0.904095 -0.427332 0
    outer loop
      vertex 16.6653 9.05995 63.2
      vertex 16.6066 8.93576 74.8
      vertex 16.6066 8.93576 63.2
    endloop
  endfacet
  facet normal 0.740829 0.671694 0
    outer loop
      vertex 16.9101 7.41005 74.8
      vertex 16.8178 7.51185 63.2
      vertex 16.8178 7.51185 74.8
    endloop
  endfacet
  facet normal 0.740829 0.671694 0
    outer loop
      vertex 16.8178 7.51185 63.2
      vertex 16.9101 7.41005 74.8
      vertex 16.9101 7.41005 63.2
    endloop
  endfacet
  facet normal 0.595915 0.803047 -0
    outer loop
      vertex 17.1222 7.23594 63.2
      vertex 17.0119 7.31779 74.8
      vertex 17.1222 7.23594 74.8
    endloop
  endfacet
  facet normal 0.595915 0.803047 0
    outer loop
      vertex 17.0119 7.31779 74.8
      vertex 17.1222 7.23594 63.2
      vertex 17.0119 7.31779 63.2
    endloop
  endfacet
  facet normal -0.904095 0.427332 0
    outer loop
      vertex 19.1347 7.74005 63.2
      vertex 19.1934 7.86424 74.8
      vertex 19.1934 7.86424 63.2
    endloop
  endfacet
  facet normal -0.904095 0.427332 0
    outer loop
      vertex 19.1934 7.86424 74.8
      vertex 19.1347 7.74005 63.2
      vertex 19.1347 7.74005 74.8
    endloop
  endfacet
  facet normal -0.857846 0.513907 0
    outer loop
      vertex 19.0641 7.6222 63.2
      vertex 19.1347 7.74005 74.8
      vertex 19.1347 7.74005 63.2
    endloop
  endfacet
  facet normal -0.857846 0.513907 0
    outer loop
      vertex 19.1347 7.74005 74.8
      vertex 19.0641 7.6222 63.2
      vertex 19.0641 7.6222 74.8
    endloop
  endfacet
  facet normal 0.0490662 0.998796 -0
    outer loop
      vertex 17.9 7 63.2
      vertex 17.7628 7.00674 74.8
      vertex 17.9 7 74.8
    endloop
  endfacet
  facet normal 0.0490662 0.998796 0
    outer loop
      vertex 17.7628 7.00674 74.8
      vertex 17.9 7 63.2
      vertex 17.7628 7.00674 63.2
    endloop
  endfacet
  facet normal 0.99881 -0.0487686 0
    outer loop
      vertex 16.5 8.4 74.8
      vertex 16.5067 8.53722 63.2
      vertex 16.5067 8.53722 74.8
    endloop
  endfacet
  facet normal 0.99881 -0.0487686 0
    outer loop
      vertex 16.5067 8.53722 63.2
      vertex 16.5 8.4 74.8
      vertex 16.5 8.4 63.2
    endloop
  endfacet
  facet normal 0.336825 0.941567 -0
    outer loop
      vertex 17.4936 7.06028 63.2
      vertex 17.3642 7.10657 74.8
      vertex 17.4936 7.06028 74.8
    endloop
  endfacet
  facet normal 0.336825 0.941567 0
    outer loop
      vertex 17.3642 7.10657 74.8
      vertex 17.4936 7.06028 63.2
      vertex 17.3642 7.10657 63.2
    endloop
  endfacet
  facet normal -0.671897 0.740645 0
    outer loop
      vertex 18.8899 7.41005 63.2
      vertex 18.7882 7.31779 74.8
      vertex 18.8899 7.41005 74.8
    endloop
  endfacet
  facet normal -0.671897 0.740645 0
    outer loop
      vertex 18.7882 7.31779 74.8
      vertex 18.8899 7.41005 63.2
      vertex 18.7882 7.31779 63.2
    endloop
  endfacet
  facet normal -0.42744 -0.904044 0
    outer loop
      vertex 16.0144 46.8723 63.2
      vertex 16.3693 46.7045 74.8
      vertex 16.0144 46.8723 74.8
    endloop
  endfacet
  facet normal -0.42744 -0.904044 -0
    outer loop
      vertex 16.3693 46.7045 74.8
      vertex 16.0144 46.8723 63.2
      vertex 16.3693 46.7045 63.2
    endloop
  endfacet
  facet normal 0.989176 0.146733 0
    outer loop
      vertex 21.8807 50.7921 74.8
      vertex 21.8231 51.1804 63.2
      vertex 21.8231 51.1804 74.8
    endloop
  endfacet
  facet normal 0.989176 0.146733 0
    outer loop
      vertex 21.8231 51.1804 63.2
      vertex 21.8807 50.7921 74.8
      vertex 21.8807 50.7921 63.2
    endloop
  endfacet
  facet normal 0.998791 0.0491626 0
    outer loop
      vertex 21.9 50.4 74.8
      vertex 21.8807 50.7921 63.2
      vertex 21.8807 50.7921 74.8
    endloop
  endfacet
  facet normal 0.998791 0.0491626 0
    outer loop
      vertex 21.8807 50.7921 63.2
      vertex 21.9 50.4 74.8
      vertex 21.9 50.4 63.2
    endloop
  endfacet
  facet normal 0.970068 0.242835 0
    outer loop
      vertex 21.8231 51.1804 74.8
      vertex 21.7278 51.5611 63.2
      vertex 21.7278 51.5611 74.8
    endloop
  endfacet
  facet normal 0.970068 0.242835 0
    outer loop
      vertex 21.7278 51.5611 63.2
      vertex 21.8231 51.1804 74.8
      vertex 21.8231 51.1804 63.2
    endloop
  endfacet
  facet normal 0.42744 -0.904044 0
    outer loop
      vertex 19.4307 46.7045 63.2
      vertex 19.7856 46.8723 74.8
      vertex 19.4307 46.7045 74.8
    endloop
  endfacet
  facet normal 0.42744 -0.904044 0
    outer loop
      vertex 19.7856 46.8723 74.8
      vertex 19.4307 46.7045 63.2
      vertex 19.7856 46.8723 63.2
    endloop
  endfacet
  facet normal -0.671607 0.740908 0
    outer loop
      vertex 15.3624 53.492 63.2
      vertex 15.0716 53.2284 74.8
      vertex 15.3624 53.492 74.8
    endloop
  endfacet
  facet normal -0.671607 0.740908 0
    outer loop
      vertex 15.0716 53.2284 74.8
      vertex 15.3624 53.492 63.2
      vertex 15.0716 53.2284 63.2
    endloop
  endfacet
  facet normal -0.970068 -0.242835 0
    outer loop
      vertex 14.0722 49.2389 63.2
      vertex 13.9769 49.6196 74.8
      vertex 13.9769 49.6196 63.2
    endloop
  endfacet
  facet normal -0.970068 -0.242835 0
    outer loop
      vertex 13.9769 49.6196 74.8
      vertex 14.0722 49.2389 63.2
      vertex 14.0722 49.2389 74.8
    endloop
  endfacet
  facet normal 0.42744 0.904044 -0
    outer loop
      vertex 19.7856 53.9277 63.2
      vertex 19.4307 54.0955 74.8
      vertex 19.7856 53.9277 74.8
    endloop
  endfacet
  facet normal 0.42744 0.904044 0
    outer loop
      vertex 19.4307 54.0955 74.8
      vertex 19.7856 53.9277 63.2
      vertex 19.4307 54.0955 63.2
    endloop
  endfacet
  facet normal -0.989176 0.146733 0
    outer loop
      vertex 13.9193 50.7921 63.2
      vertex 13.9769 51.1804 74.8
      vertex 13.9769 51.1804 63.2
    endloop
  endfacet
  facet normal -0.989176 0.146733 0
    outer loop
      vertex 13.9769 51.1804 74.8
      vertex 13.9193 50.7921 63.2
      vertex 13.9193 50.7921 74.8
    endloop
  endfacet
  facet normal -0.146733 -0.989176 0
    outer loop
      vertex 17.1196 46.4769 63.2
      vertex 17.5079 46.4193 74.8
      vertex 17.1196 46.4769 74.8
    endloop
  endfacet
  facet normal -0.146733 -0.989176 -0
    outer loop
      vertex 17.5079 46.4193 74.8
      vertex 17.1196 46.4769 63.2
      vertex 17.5079 46.4193 63.2
    endloop
  endfacet
  facet normal 0.242835 0.970068 -0
    outer loop
      vertex 19.0611 54.2278 63.2
      vertex 18.6804 54.3231 74.8
      vertex 19.0611 54.2278 74.8
    endloop
  endfacet
  facet normal 0.242835 0.970068 0
    outer loop
      vertex 18.6804 54.3231 74.8
      vertex 19.0611 54.2278 63.2
      vertex 18.6804 54.3231 63.2
    endloop
  endfacet
  facet normal -0.740908 0.671607 0
    outer loop
      vertex 14.808 52.9376 63.2
      vertex 15.0716 53.2284 74.8
      vertex 15.0716 53.2284 63.2
    endloop
  endfacet
  facet normal -0.740908 0.671607 0
    outer loop
      vertex 15.0716 53.2284 74.8
      vertex 14.808 52.9376 63.2
      vertex 14.808 52.9376 74.8
    endloop
  endfacet
  facet normal 0.514084 -0.85774 0
    outer loop
      vertex 19.7856 46.8723 63.2
      vertex 20.1223 47.0741 74.8
      vertex 19.7856 46.8723 74.8
    endloop
  endfacet
  facet normal 0.514084 -0.85774 0
    outer loop
      vertex 20.1223 47.0741 74.8
      vertex 19.7856 46.8723 63.2
      vertex 20.1223 47.0741 63.2
    endloop
  endfacet
  facet normal -0.242835 -0.970068 0
    outer loop
      vertex 16.7389 46.5722 63.2
      vertex 17.1196 46.4769 74.8
      vertex 16.7389 46.5722 74.8
    endloop
  endfacet
  facet normal -0.242835 -0.970068 -0
    outer loop
      vertex 17.1196 46.4769 74.8
      vertex 16.7389 46.5722 63.2
      vertex 17.1196 46.4769 63.2
    endloop
  endfacet
  facet normal -0.337014 0.9415 0
    outer loop
      vertex 16.7389 54.2278 63.2
      vertex 16.3693 54.0955 74.8
      vertex 16.7389 54.2278 74.8
    endloop
  endfacet
  facet normal -0.337014 0.9415 0
    outer loop
      vertex 16.3693 54.0955 74.8
      vertex 16.7389 54.2278 63.2
      vertex 16.3693 54.0955 63.2
    endloop
  endfacet
  facet normal 0.0491626 -0.998791 0
    outer loop
      vertex 17.9 46.4 63.2
      vertex 18.2921 46.4193 74.8
      vertex 17.9 46.4 74.8
    endloop
  endfacet
  facet normal 0.0491626 -0.998791 0
    outer loop
      vertex 18.2921 46.4193 74.8
      vertex 17.9 46.4 63.2
      vertex 18.2921 46.4193 63.2
    endloop
  endfacet
  facet normal 0.146733 -0.989176 0
    outer loop
      vertex 18.2921 46.4193 63.2
      vertex 18.6804 46.4769 74.8
      vertex 18.2921 46.4193 74.8
    endloop
  endfacet
  facet normal 0.146733 -0.989176 0
    outer loop
      vertex 18.6804 46.4769 74.8
      vertex 18.2921 46.4193 63.2
      vertex 18.6804 46.4769 63.2
    endloop
  endfacet
  facet normal -0.0491626 0.998791 0
    outer loop
      vertex 17.9 54.4 63.2
      vertex 17.5079 54.3807 74.8
      vertex 17.9 54.4 74.8
    endloop
  endfacet
  facet normal -0.0491626 0.998791 0
    outer loop
      vertex 17.5079 54.3807 74.8
      vertex 17.9 54.4 63.2
      vertex 17.5079 54.3807 63.2
    endloop
  endfacet
  facet normal -0.595794 -0.803137 0
    outer loop
      vertex 15.3624 47.308 63.2
      vertex 15.6777 47.0741 74.8
      vertex 15.3624 47.308 74.8
    endloop
  endfacet
  facet normal -0.595794 -0.803137 -0
    outer loop
      vertex 15.6777 47.0741 74.8
      vertex 15.3624 47.308 63.2
      vertex 15.6777 47.0741 63.2
    endloop
  endfacet
  facet normal -0.904044 -0.42744 0
    outer loop
      vertex 14.3723 48.5144 63.2
      vertex 14.2045 48.8693 74.8
      vertex 14.2045 48.8693 63.2
    endloop
  endfacet
  facet normal -0.904044 -0.42744 0
    outer loop
      vertex 14.2045 48.8693 74.8
      vertex 14.3723 48.5144 63.2
      vertex 14.3723 48.5144 74.8
    endloop
  endfacet
  facet normal -0.146733 0.989176 0
    outer loop
      vertex 17.5079 54.3807 63.2
      vertex 17.1196 54.3231 74.8
      vertex 17.5079 54.3807 74.8
    endloop
  endfacet
  facet normal -0.146733 0.989176 0
    outer loop
      vertex 17.1196 54.3231 74.8
      vertex 17.5079 54.3807 63.2
      vertex 17.1196 54.3231 63.2
    endloop
  endfacet
  facet normal 0.595794 -0.803137 0
    outer loop
      vertex 20.1223 47.0741 63.2
      vertex 20.4376 47.308 74.8
      vertex 20.1223 47.0741 74.8
    endloop
  endfacet
  facet normal 0.595794 -0.803137 0
    outer loop
      vertex 20.4376 47.308 74.8
      vertex 20.1223 47.0741 63.2
      vertex 20.4376 47.308 63.2
    endloop
  endfacet
  facet normal 0.0491626 0.998791 -0
    outer loop
      vertex 18.2921 54.3807 63.2
      vertex 17.9 54.4 74.8
      vertex 18.2921 54.3807 74.8
    endloop
  endfacet
  facet normal 0.0491626 0.998791 0
    outer loop
      vertex 17.9 54.4 74.8
      vertex 18.2921 54.3807 63.2
      vertex 17.9 54.4 63.2
    endloop
  endfacet
  facet normal 0.514084 0.85774 -0
    outer loop
      vertex 20.1223 53.7259 63.2
      vertex 19.7856 53.9277 74.8
      vertex 20.1223 53.7259 74.8
    endloop
  endfacet
  facet normal 0.514084 0.85774 0
    outer loop
      vertex 19.7856 53.9277 74.8
      vertex 20.1223 53.7259 63.2
      vertex 19.7856 53.9277 63.2
    endloop
  endfacet
  facet normal -0.998791 -0.0491626 0
    outer loop
      vertex 13.9193 50.0079 63.2
      vertex 13.9 50.4 74.8
      vertex 13.9 50.4 63.2
    endloop
  endfacet
  facet normal -0.998791 -0.0491626 0
    outer loop
      vertex 13.9 50.4 74.8
      vertex 13.9193 50.0079 63.2
      vertex 13.9193 50.0079 74.8
    endloop
  endfacet
  facet normal -0.904044 0.42744 0
    outer loop
      vertex 14.2045 51.9307 63.2
      vertex 14.3723 52.2856 74.8
      vertex 14.3723 52.2856 63.2
    endloop
  endfacet
  facet normal -0.904044 0.42744 0
    outer loop
      vertex 14.3723 52.2856 74.8
      vertex 14.2045 51.9307 63.2
      vertex 14.2045 51.9307 74.8
    endloop
  endfacet
  facet normal 0.970068 -0.242835 0
    outer loop
      vertex 21.7278 49.2389 74.8
      vertex 21.8231 49.6196 63.2
      vertex 21.8231 49.6196 74.8
    endloop
  endfacet
  facet normal 0.970068 -0.242835 0
    outer loop
      vertex 21.8231 49.6196 63.2
      vertex 21.7278 49.2389 74.8
      vertex 21.7278 49.2389 63.2
    endloop
  endfacet
  facet normal 0.740908 0.671607 0
    outer loop
      vertex 20.992 52.9376 74.8
      vertex 20.7284 53.2284 63.2
      vertex 20.7284 53.2284 74.8
    endloop
  endfacet
  facet normal 0.740908 0.671607 0
    outer loop
      vertex 20.7284 53.2284 63.2
      vertex 20.992 52.9376 74.8
      vertex 20.992 52.9376 63.2
    endloop
  endfacet
  facet normal 0.595794 0.803137 -0
    outer loop
      vertex 20.4376 53.492 63.2
      vertex 20.1223 53.7259 74.8
      vertex 20.4376 53.492 74.8
    endloop
  endfacet
  facet normal 0.595794 0.803137 0
    outer loop
      vertex 20.1223 53.7259 74.8
      vertex 20.4376 53.492 63.2
      vertex 20.1223 53.7259 63.2
    endloop
  endfacet
  facet normal -0.595794 0.803137 0
    outer loop
      vertex 15.6777 53.7259 63.2
      vertex 15.3624 53.492 74.8
      vertex 15.6777 53.7259 74.8
    endloop
  endfacet
  facet normal -0.595794 0.803137 0
    outer loop
      vertex 15.3624 53.492 74.8
      vertex 15.6777 53.7259 63.2
      vertex 15.3624 53.492 63.2
    endloop
  endfacet
  facet normal 0.803137 0.595794 0
    outer loop
      vertex 21.2259 52.6223 74.8
      vertex 20.992 52.9376 63.2
      vertex 20.992 52.9376 74.8
    endloop
  endfacet
  facet normal 0.803137 0.595794 0
    outer loop
      vertex 20.992 52.9376 63.2
      vertex 21.2259 52.6223 74.8
      vertex 21.2259 52.6223 63.2
    endloop
  endfacet
  facet normal 0.989176 -0.146733 0
    outer loop
      vertex 21.8231 49.6196 74.8
      vertex 21.8807 50.0079 63.2
      vertex 21.8807 50.0079 74.8
    endloop
  endfacet
  facet normal 0.989176 -0.146733 0
    outer loop
      vertex 21.8807 50.0079 63.2
      vertex 21.8231 49.6196 74.8
      vertex 21.8231 49.6196 63.2
    endloop
  endfacet
  facet normal -0.9415 0.337014 0
    outer loop
      vertex 14.0722 51.5611 63.2
      vertex 14.2045 51.9307 74.8
      vertex 14.2045 51.9307 63.2
    endloop
  endfacet
  facet normal -0.9415 0.337014 0
    outer loop
      vertex 14.2045 51.9307 74.8
      vertex 14.0722 51.5611 63.2
      vertex 14.0722 51.5611 74.8
    endloop
  endfacet
  facet normal 0.904044 -0.42744 0
    outer loop
      vertex 21.4277 48.5144 74.8
      vertex 21.5955 48.8693 63.2
      vertex 21.5955 48.8693 74.8
    endloop
  endfacet
  facet normal 0.904044 -0.42744 0
    outer loop
      vertex 21.5955 48.8693 63.2
      vertex 21.4277 48.5144 74.8
      vertex 21.4277 48.5144 63.2
    endloop
  endfacet
  facet normal 0.337014 0.9415 -0
    outer loop
      vertex 19.4307 54.0955 63.2
      vertex 19.0611 54.2278 74.8
      vertex 19.4307 54.0955 74.8
    endloop
  endfacet
  facet normal 0.337014 0.9415 0
    outer loop
      vertex 19.0611 54.2278 74.8
      vertex 19.4307 54.0955 63.2
      vertex 19.0611 54.2278 63.2
    endloop
  endfacet
  facet normal 0.998791 -0.0491626 0
    outer loop
      vertex 21.8807 50.0079 74.8
      vertex 21.9 50.4 63.2
      vertex 21.9 50.4 74.8
    endloop
  endfacet
  facet normal 0.998791 -0.0491626 0
    outer loop
      vertex 21.9 50.4 63.2
      vertex 21.8807 50.0079 74.8
      vertex 21.8807 50.0079 63.2
    endloop
  endfacet
  facet normal 0.337014 -0.9415 0
    outer loop
      vertex 19.0611 46.5722 63.2
      vertex 19.4307 46.7045 74.8
      vertex 19.0611 46.5722 74.8
    endloop
  endfacet
  facet normal 0.337014 -0.9415 0
    outer loop
      vertex 19.4307 46.7045 74.8
      vertex 19.0611 46.5722 63.2
      vertex 19.4307 46.7045 63.2
    endloop
  endfacet
  facet normal 0.9415 0.337014 0
    outer loop
      vertex 21.7278 51.5611 74.8
      vertex 21.5955 51.9307 63.2
      vertex 21.5955 51.9307 74.8
    endloop
  endfacet
  facet normal 0.9415 0.337014 0
    outer loop
      vertex 21.5955 51.9307 63.2
      vertex 21.7278 51.5611 74.8
      vertex 21.7278 51.5611 63.2
    endloop
  endfacet
  facet normal 0.803137 -0.595794 0
    outer loop
      vertex 20.992 47.8624 74.8
      vertex 21.2259 48.1777 63.2
      vertex 21.2259 48.1777 74.8
    endloop
  endfacet
  facet normal 0.803137 -0.595794 0
    outer loop
      vertex 21.2259 48.1777 63.2
      vertex 20.992 47.8624 74.8
      vertex 20.992 47.8624 63.2
    endloop
  endfacet
  facet normal 0.85774 -0.514084 0
    outer loop
      vertex 21.2259 48.1777 74.8
      vertex 21.4277 48.5144 63.2
      vertex 21.4277 48.5144 74.8
    endloop
  endfacet
  facet normal 0.85774 -0.514084 0
    outer loop
      vertex 21.4277 48.5144 63.2
      vertex 21.2259 48.1777 74.8
      vertex 21.2259 48.1777 63.2
    endloop
  endfacet
  facet normal 0.9415 -0.337014 0
    outer loop
      vertex 21.5955 48.8693 74.8
      vertex 21.7278 49.2389 63.2
      vertex 21.7278 49.2389 74.8
    endloop
  endfacet
  facet normal 0.9415 -0.337014 0
    outer loop
      vertex 21.7278 49.2389 63.2
      vertex 21.5955 48.8693 74.8
      vertex 21.5955 48.8693 63.2
    endloop
  endfacet
  facet normal -0.242835 0.970068 0
    outer loop
      vertex 17.1196 54.3231 63.2
      vertex 16.7389 54.2278 74.8
      vertex 17.1196 54.3231 74.8
    endloop
  endfacet
  facet normal -0.242835 0.970068 0
    outer loop
      vertex 16.7389 54.2278 74.8
      vertex 17.1196 54.3231 63.2
      vertex 16.7389 54.2278 63.2
    endloop
  endfacet
  facet normal 0.904044 0.42744 0
    outer loop
      vertex 21.5955 51.9307 74.8
      vertex 21.4277 52.2856 63.2
      vertex 21.4277 52.2856 74.8
    endloop
  endfacet
  facet normal 0.904044 0.42744 0
    outer loop
      vertex 21.4277 52.2856 63.2
      vertex 21.5955 51.9307 74.8
      vertex 21.5955 51.9307 63.2
    endloop
  endfacet
  facet normal 0.146733 0.989176 -0
    outer loop
      vertex 18.6804 54.3231 63.2
      vertex 18.2921 54.3807 74.8
      vertex 18.6804 54.3231 74.8
    endloop
  endfacet
  facet normal 0.146733 0.989176 0
    outer loop
      vertex 18.2921 54.3807 74.8
      vertex 18.6804 54.3231 63.2
      vertex 18.2921 54.3807 63.2
    endloop
  endfacet
  facet normal -0.85774 -0.514084 0
    outer loop
      vertex 14.5741 48.1777 63.2
      vertex 14.3723 48.5144 74.8
      vertex 14.3723 48.5144 63.2
    endloop
  endfacet
  facet normal -0.85774 -0.514084 0
    outer loop
      vertex 14.3723 48.5144 74.8
      vertex 14.5741 48.1777 63.2
      vertex 14.5741 48.1777 74.8
    endloop
  endfacet
  facet normal 0.85774 0.514084 0
    outer loop
      vertex 21.4277 52.2856 74.8
      vertex 21.2259 52.6223 63.2
      vertex 21.2259 52.6223 74.8
    endloop
  endfacet
  facet normal 0.85774 0.514084 0
    outer loop
      vertex 21.2259 52.6223 63.2
      vertex 21.4277 52.2856 74.8
      vertex 21.4277 52.2856 63.2
    endloop
  endfacet
  facet normal -0.740908 -0.671607 0
    outer loop
      vertex 15.0716 47.5716 63.2
      vertex 14.808 47.8624 74.8
      vertex 14.808 47.8624 63.2
    endloop
  endfacet
  facet normal -0.740908 -0.671607 0
    outer loop
      vertex 14.808 47.8624 74.8
      vertex 15.0716 47.5716 63.2
      vertex 15.0716 47.5716 74.8
    endloop
  endfacet
  facet normal 0.242835 -0.970068 0
    outer loop
      vertex 18.6804 46.4769 63.2
      vertex 19.0611 46.5722 74.8
      vertex 18.6804 46.4769 74.8
    endloop
  endfacet
  facet normal 0.242835 -0.970068 0
    outer loop
      vertex 19.0611 46.5722 74.8
      vertex 18.6804 46.4769 63.2
      vertex 19.0611 46.5722 63.2
    endloop
  endfacet
  facet normal -0.514084 0.85774 0
    outer loop
      vertex 16.0144 53.9277 63.2
      vertex 15.6777 53.7259 74.8
      vertex 16.0144 53.9277 74.8
    endloop
  endfacet
  facet normal -0.514084 0.85774 0
    outer loop
      vertex 15.6777 53.7259 74.8
      vertex 16.0144 53.9277 63.2
      vertex 15.6777 53.7259 63.2
    endloop
  endfacet
  facet normal -0.42744 0.904044 0
    outer loop
      vertex 16.3693 54.0955 63.2
      vertex 16.0144 53.9277 74.8
      vertex 16.3693 54.0955 74.8
    endloop
  endfacet
  facet normal -0.42744 0.904044 0
    outer loop
      vertex 16.0144 53.9277 74.8
      vertex 16.3693 54.0955 63.2
      vertex 16.0144 53.9277 63.2
    endloop
  endfacet
  facet normal -0.9415 -0.337014 0
    outer loop
      vertex 14.2045 48.8693 63.2
      vertex 14.0722 49.2389 74.8
      vertex 14.0722 49.2389 63.2
    endloop
  endfacet
  facet normal -0.9415 -0.337014 0
    outer loop
      vertex 14.0722 49.2389 74.8
      vertex 14.2045 48.8693 63.2
      vertex 14.2045 48.8693 74.8
    endloop
  endfacet
  facet normal -0.514084 -0.85774 0
    outer loop
      vertex 15.6777 47.0741 63.2
      vertex 16.0144 46.8723 74.8
      vertex 15.6777 47.0741 74.8
    endloop
  endfacet
  facet normal -0.514084 -0.85774 -0
    outer loop
      vertex 16.0144 46.8723 74.8
      vertex 15.6777 47.0741 63.2
      vertex 16.0144 46.8723 63.2
    endloop
  endfacet
  facet normal 0.671607 0.740908 -0
    outer loop
      vertex 20.7284 53.2284 63.2
      vertex 20.4376 53.492 74.8
      vertex 20.7284 53.2284 74.8
    endloop
  endfacet
  facet normal 0.671607 0.740908 0
    outer loop
      vertex 20.4376 53.492 74.8
      vertex 20.7284 53.2284 63.2
      vertex 20.4376 53.492 63.2
    endloop
  endfacet
  facet normal -0.970068 0.242835 0
    outer loop
      vertex 13.9769 51.1804 63.2
      vertex 14.0722 51.5611 74.8
      vertex 14.0722 51.5611 63.2
    endloop
  endfacet
  facet normal -0.970068 0.242835 0
    outer loop
      vertex 14.0722 51.5611 74.8
      vertex 13.9769 51.1804 63.2
      vertex 13.9769 51.1804 74.8
    endloop
  endfacet
  facet normal -0.803137 -0.595794 0
    outer loop
      vertex 14.808 47.8624 63.2
      vertex 14.5741 48.1777 74.8
      vertex 14.5741 48.1777 63.2
    endloop
  endfacet
  facet normal -0.803137 -0.595794 0
    outer loop
      vertex 14.5741 48.1777 74.8
      vertex 14.808 47.8624 63.2
      vertex 14.808 47.8624 74.8
    endloop
  endfacet
  facet normal -0.989176 -0.146733 0
    outer loop
      vertex 13.9769 49.6196 63.2
      vertex 13.9193 50.0079 74.8
      vertex 13.9193 50.0079 63.2
    endloop
  endfacet
  facet normal -0.989176 -0.146733 0
    outer loop
      vertex 13.9193 50.0079 74.8
      vertex 13.9769 49.6196 63.2
      vertex 13.9769 49.6196 74.8
    endloop
  endfacet
  facet normal -0.671607 -0.740908 0
    outer loop
      vertex 15.0716 47.5716 63.2
      vertex 15.3624 47.308 74.8
      vertex 15.0716 47.5716 74.8
    endloop
  endfacet
  facet normal -0.671607 -0.740908 -0
    outer loop
      vertex 15.3624 47.308 74.8
      vertex 15.0716 47.5716 63.2
      vertex 15.3624 47.308 63.2
    endloop
  endfacet
  facet normal -0.803137 0.595794 0
    outer loop
      vertex 14.5741 52.6223 63.2
      vertex 14.808 52.9376 74.8
      vertex 14.808 52.9376 63.2
    endloop
  endfacet
  facet normal -0.803137 0.595794 0
    outer loop
      vertex 14.808 52.9376 74.8
      vertex 14.5741 52.6223 63.2
      vertex 14.5741 52.6223 74.8
    endloop
  endfacet
  facet normal -0.85774 0.514084 0
    outer loop
      vertex 14.3723 52.2856 63.2
      vertex 14.5741 52.6223 74.8
      vertex 14.5741 52.6223 63.2
    endloop
  endfacet
  facet normal -0.85774 0.514084 0
    outer loop
      vertex 14.5741 52.6223 74.8
      vertex 14.3723 52.2856 63.2
      vertex 14.3723 52.2856 74.8
    endloop
  endfacet
  facet normal 0 0 1
    outer loop
      vertex 19.3 50.4 74.8
      vertex 21.9 50.4 74.8
      vertex 21.8807 50.7921 74.8
    endloop
  endfacet
  facet normal 0 0 1
    outer loop
      vertex 19.2933 50.5372 74.8
      vertex 21.8807 50.7921 74.8
      vertex 21.8231 51.1804 74.8
    endloop
  endfacet
  facet normal 0 0 1
    outer loop
      vertex 21.9 50.4 74.8
      vertex 19.3 50.4 74.8
      vertex 21.8807 50.0079 74.8
    endloop
  endfacet
  facet normal 0 0 1
    outer loop
      vertex 19.2731 50.6731 74.8
      vertex 21.8231 51.1804 74.8
      vertex 21.7278 51.5611 74.8
    endloop
  endfacet
  facet normal -0 0 1
    outer loop
      vertex 19.2933 50.2628 74.8
      vertex 21.8807 50.0079 74.8
      vertex 19.3 50.4 74.8
    endloop
  endfacet
  facet normal 0 0 1
    outer loop
      vertex 19.2397 50.8064 74.8
      vertex 21.7278 51.5611 74.8
      vertex 21.5955 51.9307 74.8
    endloop
  endfacet
  facet normal 0 0 1
    outer loop
      vertex 21.8807 50.0079 74.8
      vertex 19.2933 50.2628 74.8
      vertex 21.8231 49.6196 74.8
    endloop
  endfacet
  facet normal 0 0 1
    outer loop
      vertex 19.1934 50.9358 74.8
      vertex 21.5955 51.9307 74.8
      vertex 21.4277 52.2856 74.8
    endloop
  endfacet
  facet normal -0 0 1
    outer loop
      vertex 19.2731 50.1269 74.8
      vertex 21.8231 49.6196 74.8
      vertex 19.2933 50.2628 74.8
    endloop
  endfacet
  facet normal 0 0 1
    outer loop
      vertex 19.1347 51.06 74.8
      vertex 21.4277 52.2856 74.8
      vertex 21.2259 52.6223 74.8
    endloop
  endfacet
  facet normal 0 0 1
    outer loop
      vertex 21.8231 49.6196 74.8
      vertex 19.2731 50.1269 74.8
      vertex 21.7278 49.2389 74.8
    endloop
  endfacet
  facet normal 0 0 1
    outer loop
      vertex 19.0641 51.1778 74.8
      vertex 21.2259 52.6223 74.8
      vertex 20.992 52.9376 74.8
    endloop
  endfacet
  facet normal -0 0 1
    outer loop
      vertex 19.2397 49.9936 74.8
      vertex 21.7278 49.2389 74.8
      vertex 19.2731 50.1269 74.8
    endloop
  endfacet
  facet normal 0 0 1
    outer loop
      vertex 18.9822 51.2882 74.8
      vertex 20.992 52.9376 74.8
      vertex 20.7284 53.2284 74.8
    endloop
  endfacet
  facet normal 0 0 1
    outer loop
      vertex 21.7278 49.2389 74.8
      vertex 19.2397 49.9936 74.8
      vertex 21.5955 48.8693 74.8
    endloop
  endfacet
  facet normal 0 0 1
    outer loop
      vertex 18.8899 51.3899 74.8
      vertex 20.7284 53.2284 74.8
      vertex 20.4376 53.492 74.8
    endloop
  endfacet
  facet normal -0 0 1
    outer loop
      vertex 19.1934 49.8642 74.8
      vertex 21.5955 48.8693 74.8
      vertex 19.2397 49.9936 74.8
    endloop
  endfacet
  facet normal 0 0 1
    outer loop
      vertex 18.7882 51.4822 74.8
      vertex 20.4376 53.492 74.8
      vertex 20.1223 53.7259 74.8
    endloop
  endfacet
  facet normal 0 0 1
    outer loop
      vertex 21.5955 48.8693 74.8
      vertex 19.1934 49.8642 74.8
      vertex 21.4277 48.5144 74.8
    endloop
  endfacet
  facet normal 0 0 1
    outer loop
      vertex 18.6778 51.5641 74.8
      vertex 20.1223 53.7259 74.8
      vertex 19.7856 53.9277 74.8
    endloop
  endfacet
  facet normal -0 0 1
    outer loop
      vertex 19.1347 49.74 74.8
      vertex 21.4277 48.5144 74.8
      vertex 19.1934 49.8642 74.8
    endloop
  endfacet
  facet normal 0 0 1
    outer loop
      vertex 18.56 51.6347 74.8
      vertex 19.7856 53.9277 74.8
      vertex 19.4307 54.0955 74.8
    endloop
  endfacet
  facet normal 0 0 1
    outer loop
      vertex 21.4277 48.5144 74.8
      vertex 19.1347 49.74 74.8
      vertex 21.2259 48.1777 74.8
    endloop
  endfacet
  facet normal -0 0 1
    outer loop
      vertex 19.0641 49.6222 74.8
      vertex 21.2259 48.1777 74.8
      vertex 19.1347 49.74 74.8
    endloop
  endfacet
  facet normal 0 0 1
    outer loop
      vertex 21.8807 50.7921 74.8
      vertex 19.2933 50.5372 74.8
      vertex 19.3 50.4 74.8
    endloop
  endfacet
  facet normal 0 0 1
    outer loop
      vertex 21.8231 51.1804 74.8
      vertex 19.2731 50.6731 74.8
      vertex 19.2933 50.5372 74.8
    endloop
  endfacet
  facet normal 0 0 1
    outer loop
      vertex 21.7278 51.5611 74.8
      vertex 19.2397 50.8064 74.8
      vertex 19.2731 50.6731 74.8
    endloop
  endfacet
  facet normal 0 0 1
    outer loop
      vertex 21.5955 51.9307 74.8
      vertex 19.1934 50.9358 74.8
      vertex 19.2397 50.8064 74.8
    endloop
  endfacet
  facet normal 0 0 1
    outer loop
      vertex 21.4277 52.2856 74.8
      vertex 19.1347 51.06 74.8
      vertex 19.1934 50.9358 74.8
    endloop
  endfacet
  facet normal 0 0 1
    outer loop
      vertex 21.2259 52.6223 74.8
      vertex 19.0641 51.1778 74.8
      vertex 19.1347 51.06 74.8
    endloop
  endfacet
  facet normal 0 0 1
    outer loop
      vertex 18.4358 51.6934 74.8
      vertex 19.4307 54.0955 74.8
      vertex 19.0611 54.2278 74.8
    endloop
  endfacet
  facet normal 0 0 1
    outer loop
      vertex 20.992 52.9376 74.8
      vertex 18.9822 51.2882 74.8
      vertex 19.0641 51.1778 74.8
    endloop
  endfacet
  facet normal 0 0 1
    outer loop
      vertex 20.7284 53.2284 74.8
      vertex 18.8899 51.3899 74.8
      vertex 18.9822 51.2882 74.8
    endloop
  endfacet
  facet normal 0 0 1
    outer loop
      vertex 20.4376 53.492 74.8
      vertex 18.7882 51.4822 74.8
      vertex 18.8899 51.3899 74.8
    endloop
  endfacet
  facet normal 0 0 1
    outer loop
      vertex 18.3064 51.7397 74.8
      vertex 19.0611 54.2278 74.8
      vertex 18.6804 54.3231 74.8
    endloop
  endfacet
  facet normal 0 0 1
    outer loop
      vertex 20.1223 53.7259 74.8
      vertex 18.6778 51.5641 74.8
      vertex 18.7882 51.4822 74.8
    endloop
  endfacet
  facet normal 0 0 1
    outer loop
      vertex 19.7856 53.9277 74.8
      vertex 18.56 51.6347 74.8
      vertex 18.6778 51.5641 74.8
    endloop
  endfacet
  facet normal 0 0 1
    outer loop
      vertex 19.4307 54.0955 74.8
      vertex 18.4358 51.6934 74.8
      vertex 18.56 51.6347 74.8
    endloop
  endfacet
  facet normal 0 0 1
    outer loop
      vertex 19.0611 54.2278 74.8
      vertex 18.3064 51.7397 74.8
      vertex 18.4358 51.6934 74.8
    endloop
  endfacet
  facet normal 0 0 1
    outer loop
      vertex 18.1731 51.7731 74.8
      vertex 18.6804 54.3231 74.8
      vertex 18.2921 54.3807 74.8
    endloop
  endfacet
  facet normal 0 0 1
    outer loop
      vertex 18.6804 54.3231 74.8
      vertex 18.1731 51.7731 74.8
      vertex 18.3064 51.7397 74.8
    endloop
  endfacet
  facet normal 0 0 1
    outer loop
      vertex 18.2921 54.3807 74.8
      vertex 18.0372 51.7933 74.8
      vertex 18.1731 51.7731 74.8
    endloop
  endfacet
  facet normal 0 0 1
    outer loop
      vertex 17.9 54.4 74.8
      vertex 18.0372 51.7933 74.8
      vertex 18.2921 54.3807 74.8
    endloop
  endfacet
  facet normal 0 0 1
    outer loop
      vertex 17.9 54.4 74.8
      vertex 17.9 51.8 74.8
      vertex 18.0372 51.7933 74.8
    endloop
  endfacet
  facet normal 0 0 1
    outer loop
      vertex 17.9 54.4 74.8
      vertex 17.7628 51.7933 74.8
      vertex 17.9 51.8 74.8
    endloop
  endfacet
  facet normal -0 0 1
    outer loop
      vertex 17.5079 54.3807 74.8
      vertex 17.7628 51.7933 74.8
      vertex 17.9 54.4 74.8
    endloop
  endfacet
  facet normal 0 0 1
    outer loop
      vertex 17.7628 51.7933 74.8
      vertex 17.5079 54.3807 74.8
      vertex 17.6269 51.7731 74.8
    endloop
  endfacet
  facet normal -0 0 1
    outer loop
      vertex 17.1196 54.3231 74.8
      vertex 17.6269 51.7731 74.8
      vertex 17.5079 54.3807 74.8
    endloop
  endfacet
  facet normal 0 0 1
    outer loop
      vertex 17.6269 51.7731 74.8
      vertex 17.1196 54.3231 74.8
      vertex 17.4936 51.7397 74.8
    endloop
  endfacet
  facet normal -0 0 1
    outer loop
      vertex 16.7389 54.2278 74.8
      vertex 17.4936 51.7397 74.8
      vertex 17.1196 54.3231 74.8
    endloop
  endfacet
  facet normal 0 0 1
    outer loop
      vertex 17.4936 51.7397 74.8
      vertex 16.7389 54.2278 74.8
      vertex 17.3642 51.6934 74.8
    endloop
  endfacet
  facet normal -0 0 1
    outer loop
      vertex 16.3693 54.0955 74.8
      vertex 17.3642 51.6934 74.8
      vertex 16.7389 54.2278 74.8
    endloop
  endfacet
  facet normal 0 0 1
    outer loop
      vertex 17.3642 51.6934 74.8
      vertex 16.3693 54.0955 74.8
      vertex 17.24 51.6347 74.8
    endloop
  endfacet
  facet normal -0 0 1
    outer loop
      vertex 16.0144 53.9277 74.8
      vertex 17.24 51.6347 74.8
      vertex 16.3693 54.0955 74.8
    endloop
  endfacet
  facet normal 0 0 1
    outer loop
      vertex 17.24 51.6347 74.8
      vertex 16.0144 53.9277 74.8
      vertex 17.1222 51.5641 74.8
    endloop
  endfacet
  facet normal -0 0 1
    outer loop
      vertex 15.6777 53.7259 74.8
      vertex 17.1222 51.5641 74.8
      vertex 16.0144 53.9277 74.8
    endloop
  endfacet
  facet normal 0 0 1
    outer loop
      vertex 17.1222 51.5641 74.8
      vertex 15.6777 53.7259 74.8
      vertex 17.0119 51.4822 74.8
    endloop
  endfacet
  facet normal -0 0 1
    outer loop
      vertex 15.3624 53.492 74.8
      vertex 17.0119 51.4822 74.8
      vertex 15.6777 53.7259 74.8
    endloop
  endfacet
  facet normal 0 0 1
    outer loop
      vertex 17.0119 51.4822 74.8
      vertex 15.3624 53.492 74.8
      vertex 16.9101 51.3899 74.8
    endloop
  endfacet
  facet normal -0 0 1
    outer loop
      vertex 15.0716 53.2284 74.8
      vertex 16.9101 51.3899 74.8
      vertex 15.3624 53.492 74.8
    endloop
  endfacet
  facet normal 0 0 1
    outer loop
      vertex 16.9101 51.3899 74.8
      vertex 15.0716 53.2284 74.8
      vertex 16.8178 51.2882 74.8
    endloop
  endfacet
  facet normal -0 0 1
    outer loop
      vertex 14.808 52.9376 74.8
      vertex 16.8178 51.2882 74.8
      vertex 15.0716 53.2284 74.8
    endloop
  endfacet
  facet normal -0 0 1
    outer loop
      vertex 14.5741 52.6223 74.8
      vertex 16.7359 51.1778 74.8
      vertex 14.808 52.9376 74.8
    endloop
  endfacet
  facet normal 0 0 1
    outer loop
      vertex 16.8178 51.2882 74.8
      vertex 14.808 52.9376 74.8
      vertex 16.7359 51.1778 74.8
    endloop
  endfacet
  facet normal 0 0 1
    outer loop
      vertex 21.2259 48.1777 74.8
      vertex 19.0641 49.6222 74.8
      vertex 20.992 47.8624 74.8
    endloop
  endfacet
  facet normal -0 0 1
    outer loop
      vertex 18.9822 49.5118 74.8
      vertex 20.992 47.8624 74.8
      vertex 19.0641 49.6222 74.8
    endloop
  endfacet
  facet normal 0 0 1
    outer loop
      vertex 20.992 47.8624 74.8
      vertex 18.9822 49.5118 74.8
      vertex 20.7284 47.5716 74.8
    endloop
  endfacet
  facet normal -0 0 1
    outer loop
      vertex 18.8899 49.41 74.8
      vertex 20.7284 47.5716 74.8
      vertex 18.9822 49.5118 74.8
    endloop
  endfacet
  facet normal 0 0 1
    outer loop
      vertex 20.7284 47.5716 74.8
      vertex 18.8899 49.41 74.8
      vertex 20.4376 47.308 74.8
    endloop
  endfacet
  facet normal -0 0 1
    outer loop
      vertex 18.7882 49.3178 74.8
      vertex 20.4376 47.308 74.8
      vertex 18.8899 49.41 74.8
    endloop
  endfacet
  facet normal 0 0 1
    outer loop
      vertex 20.4376 47.308 74.8
      vertex 18.7882 49.3178 74.8
      vertex 20.1223 47.0741 74.8
    endloop
  endfacet
  facet normal -0 0 1
    outer loop
      vertex 18.6778 49.2359 74.8
      vertex 20.1223 47.0741 74.8
      vertex 18.7882 49.3178 74.8
    endloop
  endfacet
  facet normal 0 0 1
    outer loop
      vertex 20.1223 47.0741 74.8
      vertex 18.6778 49.2359 74.8
      vertex 19.7856 46.8723 74.8
    endloop
  endfacet
  facet normal -0 0 1
    outer loop
      vertex 18.56 49.1653 74.8
      vertex 19.7856 46.8723 74.8
      vertex 18.6778 49.2359 74.8
    endloop
  endfacet
  facet normal 0 0 1
    outer loop
      vertex 19.7856 46.8723 74.8
      vertex 18.56 49.1653 74.8
      vertex 19.4307 46.7045 74.8
    endloop
  endfacet
  facet normal -0 0 1
    outer loop
      vertex 18.4358 49.1066 74.8
      vertex 19.4307 46.7045 74.8
      vertex 18.56 49.1653 74.8
    endloop
  endfacet
  facet normal 0 0 1
    outer loop
      vertex 19.4307 46.7045 74.8
      vertex 18.4358 49.1066 74.8
      vertex 19.0611 46.5722 74.8
    endloop
  endfacet
  facet normal -0 0 1
    outer loop
      vertex 18.3064 49.0603 74.8
      vertex 19.0611 46.5722 74.8
      vertex 18.4358 49.1066 74.8
    endloop
  endfacet
  facet normal 0 0 1
    outer loop
      vertex 19.0611 46.5722 74.8
      vertex 18.3064 49.0603 74.8
      vertex 18.6804 46.4769 74.8
    endloop
  endfacet
  facet normal -0 0 1
    outer loop
      vertex 18.1731 49.0269 74.8
      vertex 18.6804 46.4769 74.8
      vertex 18.3064 49.0603 74.8
    endloop
  endfacet
  facet normal 0 0 1
    outer loop
      vertex 18.6804 46.4769 74.8
      vertex 18.1731 49.0269 74.8
      vertex 18.2921 46.4193 74.8
    endloop
  endfacet
  facet normal -0 0 1
    outer loop
      vertex 18.0372 49.0067 74.8
      vertex 18.2921 46.4193 74.8
      vertex 18.1731 49.0269 74.8
    endloop
  endfacet
  facet normal -0 0 1
    outer loop
      vertex 17.9 49 74.8
      vertex 18.2921 46.4193 74.8
      vertex 18.0372 49.0067 74.8
    endloop
  endfacet
  facet normal 0 0 1
    outer loop
      vertex 17.9 49 74.8
      vertex 17.9 46.4 74.8
      vertex 18.2921 46.4193 74.8
    endloop
  endfacet
  facet normal 0 0 1
    outer loop
      vertex 17.7628 49.0067 74.8
      vertex 17.9 46.4 74.8
      vertex 17.9 49 74.8
    endloop
  endfacet
  facet normal 0 0 1
    outer loop
      vertex 17.5079 46.4193 74.8
      vertex 17.7628 49.0067 74.8
      vertex 17.6269 49.0269 74.8
    endloop
  endfacet
  facet normal 0 0 1
    outer loop
      vertex 17.7628 49.0067 74.8
      vertex 17.5079 46.4193 74.8
      vertex 17.9 46.4 74.8
    endloop
  endfacet
  facet normal 0 0 1
    outer loop
      vertex 17.1196 46.4769 74.8
      vertex 17.6269 49.0269 74.8
      vertex 17.4936 49.0603 74.8
    endloop
  endfacet
  facet normal 0 0 1
    outer loop
      vertex 16.7389 46.5722 74.8
      vertex 17.4936 49.0603 74.8
      vertex 17.3642 49.1066 74.8
    endloop
  endfacet
  facet normal 0 0 1
    outer loop
      vertex 16.3693 46.7045 74.8
      vertex 17.3642 49.1066 74.8
      vertex 17.24 49.1653 74.8
    endloop
  endfacet
  facet normal 0 0 1
    outer loop
      vertex 16.0144 46.8723 74.8
      vertex 17.24 49.1653 74.8
      vertex 17.1222 49.2359 74.8
    endloop
  endfacet
  facet normal 0 0 1
    outer loop
      vertex 17.6269 49.0269 74.8
      vertex 17.1196 46.4769 74.8
      vertex 17.5079 46.4193 74.8
    endloop
  endfacet
  facet normal 0 0 1
    outer loop
      vertex 15.6777 47.0741 74.8
      vertex 17.1222 49.2359 74.8
      vertex 17.0119 49.3178 74.8
    endloop
  endfacet
  facet normal 0 0 1
    outer loop
      vertex 15.3624 47.308 74.8
      vertex 17.0119 49.3178 74.8
      vertex 16.9101 49.41 74.8
    endloop
  endfacet
  facet normal 0 0 1
    outer loop
      vertex 15.0716 47.5716 74.8
      vertex 16.9101 49.41 74.8
      vertex 16.8178 49.5118 74.8
    endloop
  endfacet
  facet normal 0 0 1
    outer loop
      vertex 17.4936 49.0603 74.8
      vertex 16.7389 46.5722 74.8
      vertex 17.1196 46.4769 74.8
    endloop
  endfacet
  facet normal 0 0 1
    outer loop
      vertex 14.808 47.8624 74.8
      vertex 16.8178 49.5118 74.8
      vertex 16.7359 49.6222 74.8
    endloop
  endfacet
  facet normal 0 0 1
    outer loop
      vertex 14.5741 48.1777 74.8
      vertex 16.7359 49.6222 74.8
      vertex 16.6653 49.74 74.8
    endloop
  endfacet
  facet normal 0 0 1
    outer loop
      vertex 14.3723 48.5144 74.8
      vertex 16.6653 49.74 74.8
      vertex 16.6066 49.8642 74.8
    endloop
  endfacet
  facet normal 0 0 1
    outer loop
      vertex 14.2045 48.8693 74.8
      vertex 16.6066 49.8642 74.8
      vertex 16.5603 49.9936 74.8
    endloop
  endfacet
  facet normal 0 0 1
    outer loop
      vertex 14.0722 49.2389 74.8
      vertex 16.5603 49.9936 74.8
      vertex 16.5269 50.1269 74.8
    endloop
  endfacet
  facet normal 0 0 1
    outer loop
      vertex 13.9769 49.6196 74.8
      vertex 16.5269 50.1269 74.8
      vertex 16.5067 50.2628 74.8
    endloop
  endfacet
  facet normal 0 0 1
    outer loop
      vertex 17.3642 49.1066 74.8
      vertex 16.3693 46.7045 74.8
      vertex 16.7389 46.5722 74.8
    endloop
  endfacet
  facet normal 0 0 1
    outer loop
      vertex 13.9193 50.0079 74.8
      vertex 16.5067 50.2628 74.8
      vertex 16.5 50.4 74.8
    endloop
  endfacet
  facet normal 0 0 1
    outer loop
      vertex 16.7359 51.1778 74.8
      vertex 14.5741 52.6223 74.8
      vertex 16.6653 51.06 74.8
    endloop
  endfacet
  facet normal -0 0 1
    outer loop
      vertex 14.3723 52.2856 74.8
      vertex 16.6653 51.06 74.8
      vertex 14.5741 52.6223 74.8
    endloop
  endfacet
  facet normal 0 0 1
    outer loop
      vertex 17.24 49.1653 74.8
      vertex 16.0144 46.8723 74.8
      vertex 16.3693 46.7045 74.8
    endloop
  endfacet
  facet normal 0 0 1
    outer loop
      vertex 16.6653 51.06 74.8
      vertex 14.3723 52.2856 74.8
      vertex 16.6066 50.9358 74.8
    endloop
  endfacet
  facet normal 0 0 1
    outer loop
      vertex 17.1222 49.2359 74.8
      vertex 15.6777 47.0741 74.8
      vertex 16.0144 46.8723 74.8
    endloop
  endfacet
  facet normal -0 0 1
    outer loop
      vertex 14.2045 51.9307 74.8
      vertex 16.6066 50.9358 74.8
      vertex 14.3723 52.2856 74.8
    endloop
  endfacet
  facet normal 0 0 1
    outer loop
      vertex 17.0119 49.3178 74.8
      vertex 15.3624 47.308 74.8
      vertex 15.6777 47.0741 74.8
    endloop
  endfacet
  facet normal 0 0 1
    outer loop
      vertex 16.6066 50.9358 74.8
      vertex 14.2045 51.9307 74.8
      vertex 16.5603 50.8064 74.8
    endloop
  endfacet
  facet normal 0 0 1
    outer loop
      vertex 16.9101 49.41 74.8
      vertex 15.0716 47.5716 74.8
      vertex 15.3624 47.308 74.8
    endloop
  endfacet
  facet normal -0 0 1
    outer loop
      vertex 14.0722 51.5611 74.8
      vertex 16.5603 50.8064 74.8
      vertex 14.2045 51.9307 74.8
    endloop
  endfacet
  facet normal 0 0 1
    outer loop
      vertex 16.8178 49.5118 74.8
      vertex 14.808 47.8624 74.8
      vertex 15.0716 47.5716 74.8
    endloop
  endfacet
  facet normal 0 0 1
    outer loop
      vertex 16.5603 50.8064 74.8
      vertex 14.0722 51.5611 74.8
      vertex 16.5269 50.6731 74.8
    endloop
  endfacet
  facet normal 0 0 1
    outer loop
      vertex 16.7359 49.6222 74.8
      vertex 14.5741 48.1777 74.8
      vertex 14.808 47.8624 74.8
    endloop
  endfacet
  facet normal -0 0 1
    outer loop
      vertex 13.9769 51.1804 74.8
      vertex 16.5269 50.6731 74.8
      vertex 14.0722 51.5611 74.8
    endloop
  endfacet
  facet normal 0 0 1
    outer loop
      vertex 16.6653 49.74 74.8
      vertex 14.3723 48.5144 74.8
      vertex 14.5741 48.1777 74.8
    endloop
  endfacet
  facet normal 0 0 1
    outer loop
      vertex 16.5269 50.6731 74.8
      vertex 13.9769 51.1804 74.8
      vertex 16.5067 50.5372 74.8
    endloop
  endfacet
  facet normal 0 0 1
    outer loop
      vertex 16.6066 49.8642 74.8
      vertex 14.2045 48.8693 74.8
      vertex 14.3723 48.5144 74.8
    endloop
  endfacet
  facet normal -0 0 1
    outer loop
      vertex 13.9193 50.7921 74.8
      vertex 16.5067 50.5372 74.8
      vertex 13.9769 51.1804 74.8
    endloop
  endfacet
  facet normal 0 0 1
    outer loop
      vertex 16.5603 49.9936 74.8
      vertex 14.0722 49.2389 74.8
      vertex 14.2045 48.8693 74.8
    endloop
  endfacet
  facet normal 0 0 1
    outer loop
      vertex 16.5067 50.5372 74.8
      vertex 13.9193 50.7921 74.8
      vertex 16.5 50.4 74.8
    endloop
  endfacet
  facet normal 0 0 1
    outer loop
      vertex 16.5269 50.1269 74.8
      vertex 13.9769 49.6196 74.8
      vertex 14.0722 49.2389 74.8
    endloop
  endfacet
  facet normal 0 0 1
    outer loop
      vertex 13.9 50.4 74.8
      vertex 16.5 50.4 74.8
      vertex 13.9193 50.7921 74.8
    endloop
  endfacet
  facet normal 0 0 1
    outer loop
      vertex 16.5067 50.2628 74.8
      vertex 13.9193 50.0079 74.8
      vertex 13.9769 49.6196 74.8
    endloop
  endfacet
  facet normal 0 0 1
    outer loop
      vertex 16.5 50.4 74.8
      vertex 13.9 50.4 74.8
      vertex 13.9193 50.0079 74.8
    endloop
  endfacet
  facet normal -0.0491626 -0.998791 0
    outer loop
      vertex 17.5079 46.4193 63.2
      vertex 17.9 46.4 74.8
      vertex 17.5079 46.4193 74.8
    endloop
  endfacet
  facet normal -0.0491626 -0.998791 -0
    outer loop
      vertex 17.9 46.4 74.8
      vertex 17.5079 46.4193 63.2
      vertex 17.9 46.4 63.2
    endloop
  endfacet
  facet normal -0.998791 0.0491626 0
    outer loop
      vertex 13.9 50.4 63.2
      vertex 13.9193 50.7921 74.8
      vertex 13.9193 50.7921 63.2
    endloop
  endfacet
  facet normal -0.998791 0.0491626 0
    outer loop
      vertex 13.9193 50.7921 74.8
      vertex 13.9 50.4 63.2
      vertex 13.9 50.4 74.8
    endloop
  endfacet
  facet normal -0.337014 -0.9415 0
    outer loop
      vertex 16.3693 46.7045 63.2
      vertex 16.7389 46.5722 74.8
      vertex 16.3693 46.7045 74.8
    endloop
  endfacet
  facet normal -0.337014 -0.9415 -0
    outer loop
      vertex 16.7389 46.5722 74.8
      vertex 16.3693 46.7045 63.2
      vertex 16.7389 46.5722 63.2
    endloop
  endfacet
  facet normal 0.740908 -0.671607 0
    outer loop
      vertex 20.7284 47.5716 74.8
      vertex 20.992 47.8624 63.2
      vertex 20.992 47.8624 74.8
    endloop
  endfacet
  facet normal 0.740908 -0.671607 0
    outer loop
      vertex 20.992 47.8624 63.2
      vertex 20.7284 47.5716 74.8
      vertex 20.7284 47.5716 63.2
    endloop
  endfacet
  facet normal 0.671607 -0.740908 0
    outer loop
      vertex 20.4376 47.308 63.2
      vertex 20.7284 47.5716 74.8
      vertex 20.4376 47.308 74.8
    endloop
  endfacet
  facet normal 0.671607 -0.740908 0
    outer loop
      vertex 20.7284 47.5716 74.8
      vertex 20.4376 47.308 63.2
      vertex 20.7284 47.5716 63.2
    endloop
  endfacet
  facet normal -0.989133 -0.147023 0
    outer loop
      vertex 19.2933 50.5372 63.2
      vertex 19.2731 50.6731 74.8
      vertex 19.2731 50.6731 63.2
    endloop
  endfacet
  facet normal -0.989133 -0.147023 0
    outer loop
      vertex 19.2731 50.6731 74.8
      vertex 19.2933 50.5372 63.2
      vertex 19.2933 50.5372 74.8
    endloop
  endfacet
  facet normal -0.99881 -0.0487757 0
    outer loop
      vertex 19.3 50.4 63.2
      vertex 19.2933 50.5372 74.8
      vertex 19.2933 50.5372 63.2
    endloop
  endfacet
  facet normal -0.99881 -0.0487757 0
    outer loop
      vertex 19.2933 50.5372 74.8
      vertex 19.3 50.4 63.2
      vertex 19.3 50.4 74.8
    endloop
  endfacet
  facet normal -0.970014 -0.243049 0
    outer loop
      vertex 19.2731 50.6731 63.2
      vertex 19.2397 50.8064 74.8
      vertex 19.2397 50.8064 63.2
    endloop
  endfacet
  facet normal -0.970014 -0.243049 0
    outer loop
      vertex 19.2397 50.8064 74.8
      vertex 19.2731 50.6731 63.2
      vertex 19.2731 50.6731 74.8
    endloop
  endfacet
  facet normal -0.427304 -0.904108 0
    outer loop
      vertex 18.4358 51.6934 63.2
      vertex 18.56 51.6347 74.8
      vertex 18.4358 51.6934 74.8
    endloop
  endfacet
  facet normal -0.427304 -0.904108 -0
    outer loop
      vertex 18.56 51.6347 74.8
      vertex 18.4358 51.6934 63.2
      vertex 18.56 51.6347 63.2
    endloop
  endfacet
  facet normal 0.243049 0.970014 -0
    outer loop
      vertex 17.6269 49.0269 63.2
      vertex 17.4936 49.0603 74.8
      vertex 17.6269 49.0269 74.8
    endloop
  endfacet
  facet normal 0.243049 0.970014 0
    outer loop
      vertex 17.4936 49.0603 74.8
      vertex 17.6269 49.0269 63.2
      vertex 17.4936 49.0603 63.2
    endloop
  endfacet
  facet normal 0.85775 0.514067 0
    outer loop
      vertex 16.7359 49.6222 74.8
      vertex 16.6653 49.74 63.2
      vertex 16.6653 49.74 74.8
    endloop
  endfacet
  facet normal 0.85775 0.514067 0
    outer loop
      vertex 16.6653 49.74 63.2
      vertex 16.7359 49.6222 74.8
      vertex 16.7359 49.6222 63.2
    endloop
  endfacet
  facet normal -0.147023 0.989133 0
    outer loop
      vertex 18.1731 49.0269 63.2
      vertex 18.0372 49.0067 74.8
      vertex 18.1731 49.0269 74.8
    endloop
  endfacet
  facet normal -0.147023 0.989133 0
    outer loop
      vertex 18.0372 49.0067 74.8
      vertex 18.1731 49.0269 63.2
      vertex 18.0372 49.0067 63.2
    endloop
  endfacet
  facet normal -0.7405 -0.672056 0
    outer loop
      vertex 18.9822 51.2882 63.2
      vertex 18.8899 51.3899 74.8
      vertex 18.8899 51.3899 63.2
    endloop
  endfacet
  facet normal -0.7405 -0.672056 0
    outer loop
      vertex 18.8899 51.3899 74.8
      vertex 18.9822 51.2882 63.2
      vertex 18.9822 51.2882 74.8
    endloop
  endfacet
  facet normal 0.514067 -0.85775 0
    outer loop
      vertex 17.1222 51.5641 63.2
      vertex 17.24 51.6347 74.8
      vertex 17.1222 51.5641 74.8
    endloop
  endfacet
  facet normal 0.514067 -0.85775 0
    outer loop
      vertex 17.24 51.6347 74.8
      vertex 17.1222 51.5641 63.2
      vertex 17.24 51.6347 63.2
    endloop
  endfacet
  facet normal -0.740829 0.671694 0
    outer loop
      vertex 18.8899 49.41 63.2
      vertex 18.9822 49.5118 74.8
      vertex 18.9822 49.5118 63.2
    endloop
  endfacet
  facet normal -0.740829 0.671694 0
    outer loop
      vertex 18.9822 49.5118 74.8
      vertex 18.8899 49.41 63.2
      vertex 18.8899 49.41 74.8
    endloop
  endfacet
  facet normal -0.514067 0.85775 0
    outer loop
      vertex 18.6778 49.2359 63.2
      vertex 18.56 49.1653 74.8
      vertex 18.6778 49.2359 74.8
    endloop
  endfacet
  facet normal -0.514067 0.85775 0
    outer loop
      vertex 18.56 49.1653 74.8
      vertex 18.6778 49.2359 63.2
      vertex 18.56 49.1653 63.2
    endloop
  endfacet
  facet normal -0.243049 -0.970014 0
    outer loop
      vertex 18.1731 51.7731 63.2
      vertex 18.3064 51.7397 74.8
      vertex 18.1731 51.7731 74.8
    endloop
  endfacet
  facet normal -0.243049 -0.970014 -0
    outer loop
      vertex 18.3064 51.7397 74.8
      vertex 18.1731 51.7731 63.2
      vertex 18.3064 51.7397 63.2
    endloop
  endfacet
  facet normal 0.989133 -0.147023 0
    outer loop
      vertex 16.5067 50.5372 74.8
      vertex 16.5269 50.6731 63.2
      vertex 16.5269 50.6731 74.8
    endloop
  endfacet
  facet normal 0.989133 -0.147023 0
    outer loop
      vertex 16.5269 50.6731 63.2
      vertex 16.5067 50.5372 74.8
      vertex 16.5067 50.5372 63.2
    endloop
  endfacet
  facet normal -0.85775 -0.514067 0
    outer loop
      vertex 19.1347 51.06 63.2
      vertex 19.0641 51.1778 74.8
      vertex 19.0641 51.1778 63.2
    endloop
  endfacet
  facet normal -0.85775 -0.514067 0
    outer loop
      vertex 19.0641 51.1778 74.8
      vertex 19.1347 51.06 63.2
      vertex 19.1347 51.06 74.8
    endloop
  endfacet
  facet normal -0.970014 0.243049 0
    outer loop
      vertex 19.2397 49.9936 63.2
      vertex 19.2731 50.1269 74.8
      vertex 19.2731 50.1269 63.2
    endloop
  endfacet
  facet normal -0.970014 0.243049 0
    outer loop
      vertex 19.2731 50.1269 74.8
      vertex 19.2397 49.9936 63.2
      vertex 19.2397 49.9936 74.8
    endloop
  endfacet
  facet normal 0.147023 0.989133 -0
    outer loop
      vertex 17.7628 49.0067 63.2
      vertex 17.6269 49.0269 74.8
      vertex 17.7628 49.0067 74.8
    endloop
  endfacet
  facet normal 0.147023 0.989133 0
    outer loop
      vertex 17.6269 49.0269 74.8
      vertex 17.7628 49.0067 63.2
      vertex 17.6269 49.0269 63.2
    endloop
  endfacet
  facet normal 0.99881 0.0487757 0
    outer loop
      vertex 16.5067 50.2628 74.8
      vertex 16.5 50.4 63.2
      vertex 16.5 50.4 74.8
    endloop
  endfacet
  facet normal 0.99881 0.0487757 0
    outer loop
      vertex 16.5 50.4 63.2
      vertex 16.5067 50.2628 74.8
      vertex 16.5067 50.2628 63.2
    endloop
  endfacet
  facet normal -0.147023 -0.989133 0
    outer loop
      vertex 18.0372 51.7933 63.2
      vertex 18.1731 51.7731 74.8
      vertex 18.0372 51.7933 74.8
    endloop
  endfacet
  facet normal -0.147023 -0.989133 -0
    outer loop
      vertex 18.1731 51.7731 74.8
      vertex 18.0372 51.7933 63.2
      vertex 18.1731 51.7731 63.2
    endloop
  endfacet
  facet normal -0.941544 -0.336889 0
    outer loop
      vertex 19.2397 50.8064 63.2
      vertex 19.1934 50.9358 74.8
      vertex 19.1934 50.9358 63.2
    endloop
  endfacet
  facet normal -0.941544 -0.336889 0
    outer loop
      vertex 19.1934 50.9358 74.8
      vertex 19.2397 50.8064 63.2
      vertex 19.2397 50.8064 74.8
    endloop
  endfacet
  facet normal -0.672056 -0.7405 0
    outer loop
      vertex 18.7882 51.4822 63.2
      vertex 18.8899 51.3899 74.8
      vertex 18.7882 51.4822 74.8
    endloop
  endfacet
  facet normal -0.672056 -0.7405 -0
    outer loop
      vertex 18.8899 51.3899 74.8
      vertex 18.7882 51.4822 63.2
      vertex 18.8899 51.3899 63.2
    endloop
  endfacet
  facet normal 0.7405 -0.672056 0
    outer loop
      vertex 16.8178 51.2882 74.8
      vertex 16.9101 51.3899 63.2
      vertex 16.9101 51.3899 74.8
    endloop
  endfacet
  facet normal 0.7405 -0.672056 0
    outer loop
      vertex 16.9101 51.3899 63.2
      vertex 16.8178 51.2882 74.8
      vertex 16.8178 51.2882 63.2
    endloop
  endfacet
  facet normal 0.970014 0.243049 0
    outer loop
      vertex 16.5603 49.9936 74.8
      vertex 16.5269 50.1269 63.2
      vertex 16.5269 50.1269 74.8
    endloop
  endfacet
  facet normal 0.970014 0.243049 0
    outer loop
      vertex 16.5269 50.1269 63.2
      vertex 16.5603 49.9936 74.8
      vertex 16.5603 49.9936 63.2
    endloop
  endfacet
  facet normal 0.336889 -0.941544 0
    outer loop
      vertex 17.3642 51.6934 63.2
      vertex 17.4936 51.7397 74.8
      vertex 17.3642 51.6934 74.8
    endloop
  endfacet
  facet normal 0.336889 -0.941544 0
    outer loop
      vertex 17.4936 51.7397 74.8
      vertex 17.3642 51.6934 63.2
      vertex 17.4936 51.7397 63.2
    endloop
  endfacet
  facet normal 0.941544 0.336889 0
    outer loop
      vertex 16.6066 49.8642 74.8
      vertex 16.5603 49.9936 63.2
      vertex 16.5603 49.9936 74.8
    endloop
  endfacet
  facet normal 0.941544 0.336889 0
    outer loop
      vertex 16.5603 49.9936 63.2
      vertex 16.6066 49.8642 74.8
      vertex 16.6066 49.8642 63.2
    endloop
  endfacet
  facet normal -0.336889 -0.941544 0
    outer loop
      vertex 18.3064 51.7397 63.2
      vertex 18.4358 51.6934 74.8
      vertex 18.3064 51.7397 74.8
    endloop
  endfacet
  facet normal -0.336889 -0.941544 -0
    outer loop
      vertex 18.4358 51.6934 74.8
      vertex 18.3064 51.7397 63.2
      vertex 18.4358 51.6934 63.2
    endloop
  endfacet
  facet normal 0.803132 -0.595802 0
    outer loop
      vertex 16.7359 51.1778 74.8
      vertex 16.8178 51.2882 63.2
      vertex 16.8178 51.2882 74.8
    endloop
  endfacet
  facet normal 0.803132 -0.595802 0
    outer loop
      vertex 16.8178 51.2882 63.2
      vertex 16.7359 51.1778 74.8
      vertex 16.7359 51.1778 63.2
    endloop
  endfacet
  facet normal -0.803132 -0.595802 0
    outer loop
      vertex 19.0641 51.1778 63.2
      vertex 18.9822 51.2882 74.8
      vertex 18.9822 51.2882 63.2
    endloop
  endfacet
  facet normal -0.803132 -0.595802 0
    outer loop
      vertex 18.9822 51.2882 74.8
      vertex 19.0641 51.1778 63.2
      vertex 19.0641 51.1778 74.8
    endloop
  endfacet
  facet normal 0.970014 -0.243049 0
    outer loop
      vertex 16.5269 50.6731 74.8
      vertex 16.5603 50.8064 63.2
      vertex 16.5603 50.8064 74.8
    endloop
  endfacet
  facet normal 0.970014 -0.243049 0
    outer loop
      vertex 16.5603 50.8064 63.2
      vertex 16.5269 50.6731 74.8
      vertex 16.5269 50.6731 63.2
    endloop
  endfacet
  facet normal 0.671694 -0.740829 0
    outer loop
      vertex 16.9101 51.3899 63.2
      vertex 17.0119 51.4822 74.8
      vertex 16.9101 51.3899 74.8
    endloop
  endfacet
  facet normal 0.671694 -0.740829 0
    outer loop
      vertex 17.0119 51.4822 74.8
      vertex 16.9101 51.3899 63.2
      vertex 17.0119 51.4822 63.2
    endloop
  endfacet
  facet normal -0.427304 0.904108 0
    outer loop
      vertex 18.56 49.1653 63.2
      vertex 18.4358 49.1066 74.8
      vertex 18.56 49.1653 74.8
    endloop
  endfacet
  facet normal -0.427304 0.904108 0
    outer loop
      vertex 18.4358 49.1066 74.8
      vertex 18.56 49.1653 63.2
      vertex 18.4358 49.1066 63.2
    endloop
  endfacet
  facet normal 0.243049 -0.970014 0
    outer loop
      vertex 17.4936 51.7397 63.2
      vertex 17.6269 51.7731 74.8
      vertex 17.4936 51.7397 74.8
    endloop
  endfacet
  facet normal 0.243049 -0.970014 0
    outer loop
      vertex 17.6269 51.7731 74.8
      vertex 17.4936 51.7397 63.2
      vertex 17.6269 51.7731 63.2
    endloop
  endfacet
  facet normal 0.941544 -0.336889 0
    outer loop
      vertex 16.5603 50.8064 74.8
      vertex 16.6066 50.9358 63.2
      vertex 16.6066 50.9358 74.8
    endloop
  endfacet
  facet normal 0.941544 -0.336889 0
    outer loop
      vertex 16.6066 50.9358 63.2
      vertex 16.5603 50.8064 74.8
      vertex 16.5603 50.8064 63.2
    endloop
  endfacet
  facet normal -0.514067 -0.85775 0
    outer loop
      vertex 18.56 51.6347 63.2
      vertex 18.6778 51.5641 74.8
      vertex 18.56 51.6347 74.8
    endloop
  endfacet
  facet normal -0.514067 -0.85775 -0
    outer loop
      vertex 18.6778 51.5641 74.8
      vertex 18.56 51.6347 63.2
      vertex 18.6778 51.5641 63.2
    endloop
  endfacet
  facet normal 0.514067 0.85775 -0
    outer loop
      vertex 17.24 49.1653 63.2
      vertex 17.1222 49.2359 74.8
      vertex 17.24 49.1653 74.8
    endloop
  endfacet
  facet normal 0.514067 0.85775 0
    outer loop
      vertex 17.1222 49.2359 74.8
      vertex 17.24 49.1653 63.2
      vertex 17.1222 49.2359 63.2
    endloop
  endfacet
  facet normal 0.59615 -0.802873 0
    outer loop
      vertex 17.0119 51.4822 63.2
      vertex 17.1222 51.5641 74.8
      vertex 17.0119 51.4822 74.8
    endloop
  endfacet
  facet normal 0.59615 -0.802873 0
    outer loop
      vertex 17.1222 51.5641 74.8
      vertex 17.0119 51.4822 63.2
      vertex 17.1222 51.5641 63.2
    endloop
  endfacet
  facet normal -0.0487757 0.99881 0
    outer loop
      vertex 18.0372 49.0067 63.2
      vertex 17.9 49 74.8
      vertex 18.0372 49.0067 74.8
    endloop
  endfacet
  facet normal -0.0487757 0.99881 0
    outer loop
      vertex 17.9 49 74.8
      vertex 18.0372 49.0067 63.2
      vertex 17.9 49 63.2
    endloop
  endfacet
  facet normal -0.941544 0.336889 0
    outer loop
      vertex 19.1934 49.8642 63.2
      vertex 19.2397 49.9936 74.8
      vertex 19.2397 49.9936 63.2
    endloop
  endfacet
  facet normal -0.941544 0.336889 0
    outer loop
      vertex 19.2397 49.9936 74.8
      vertex 19.1934 49.8642 63.2
      vertex 19.1934 49.8642 74.8
    endloop
  endfacet
  facet normal -0.803132 0.595802 0
    outer loop
      vertex 18.9822 49.5118 63.2
      vertex 19.0641 49.6222 74.8
      vertex 19.0641 49.6222 63.2
    endloop
  endfacet
  facet normal -0.803132 0.595802 0
    outer loop
      vertex 19.0641 49.6222 74.8
      vertex 18.9822 49.5118 63.2
      vertex 18.9822 49.5118 74.8
    endloop
  endfacet
  facet normal -0.989133 0.147023 0
    outer loop
      vertex 19.2731 50.1269 63.2
      vertex 19.2933 50.2628 74.8
      vertex 19.2933 50.2628 63.2
    endloop
  endfacet
  facet normal -0.989133 0.147023 0
    outer loop
      vertex 19.2933 50.2628 74.8
      vertex 19.2731 50.1269 63.2
      vertex 19.2731 50.1269 74.8
    endloop
  endfacet
  facet normal 0.85775 -0.514067 0
    outer loop
      vertex 16.6653 51.06 74.8
      vertex 16.7359 51.1778 63.2
      vertex 16.7359 51.1778 74.8
    endloop
  endfacet
  facet normal 0.85775 -0.514067 0
    outer loop
      vertex 16.7359 51.1778 63.2
      vertex 16.6653 51.06 74.8
      vertex 16.6653 51.06 63.2
    endloop
  endfacet
  facet normal -0.904108 -0.427304 0
    outer loop
      vertex 19.1934 50.9358 63.2
      vertex 19.1347 51.06 74.8
      vertex 19.1347 51.06 63.2
    endloop
  endfacet
  facet normal -0.904108 -0.427304 0
    outer loop
      vertex 19.1347 51.06 74.8
      vertex 19.1934 50.9358 63.2
      vertex 19.1934 50.9358 74.8
    endloop
  endfacet
  facet normal 0.427304 -0.904108 0
    outer loop
      vertex 17.24 51.6347 63.2
      vertex 17.3642 51.6934 74.8
      vertex 17.24 51.6347 74.8
    endloop
  endfacet
  facet normal 0.427304 -0.904108 0
    outer loop
      vertex 17.3642 51.6934 74.8
      vertex 17.24 51.6347 63.2
      vertex 17.3642 51.6934 63.2
    endloop
  endfacet
  facet normal -0.595802 0.803132 0
    outer loop
      vertex 18.7882 49.3178 63.2
      vertex 18.6778 49.2359 74.8
      vertex 18.7882 49.3178 74.8
    endloop
  endfacet
  facet normal -0.595802 0.803132 0
    outer loop
      vertex 18.6778 49.2359 74.8
      vertex 18.7882 49.3178 63.2
      vertex 18.6778 49.2359 63.2
    endloop
  endfacet
  facet normal -0.595802 -0.803132 0
    outer loop
      vertex 18.6778 51.5641 63.2
      vertex 18.7882 51.4822 74.8
      vertex 18.6778 51.5641 74.8
    endloop
  endfacet
  facet normal -0.595802 -0.803132 -0
    outer loop
      vertex 18.7882 51.4822 74.8
      vertex 18.6778 51.5641 63.2
      vertex 18.7882 51.4822 63.2
    endloop
  endfacet
  facet normal 0.671295 0.741191 -0
    outer loop
      vertex 17.0119 49.3178 63.2
      vertex 16.9101 49.41 74.8
      vertex 17.0119 49.3178 74.8
    endloop
  endfacet
  facet normal 0.671295 0.741191 0
    outer loop
      vertex 16.9101 49.41 74.8
      vertex 17.0119 49.3178 63.2
      vertex 16.9101 49.41 63.2
    endloop
  endfacet
  facet normal -0.99881 0.0487757 0
    outer loop
      vertex 19.2933 50.2628 63.2
      vertex 19.3 50.4 74.8
      vertex 19.3 50.4 63.2
    endloop
  endfacet
  facet normal -0.99881 0.0487757 0
    outer loop
      vertex 19.3 50.4 74.8
      vertex 19.2933 50.2628 63.2
      vertex 19.2933 50.2628 74.8
    endloop
  endfacet
  facet normal 0.803132 0.595802 0
    outer loop
      vertex 16.8178 49.5118 74.8
      vertex 16.7359 49.6222 63.2
      vertex 16.7359 49.6222 74.8
    endloop
  endfacet
  facet normal 0.803132 0.595802 0
    outer loop
      vertex 16.7359 49.6222 63.2
      vertex 16.8178 49.5118 74.8
      vertex 16.8178 49.5118 63.2
    endloop
  endfacet
  facet normal 0.904108 0.427304 0
    outer loop
      vertex 16.6653 49.74 74.8
      vertex 16.6066 49.8642 63.2
      vertex 16.6066 49.8642 74.8
    endloop
  endfacet
  facet normal 0.904108 0.427304 0
    outer loop
      vertex 16.6066 49.8642 63.2
      vertex 16.6653 49.74 74.8
      vertex 16.6653 49.74 63.2
    endloop
  endfacet
  facet normal -0.0487757 -0.99881 0
    outer loop
      vertex 17.9 51.8 63.2
      vertex 18.0372 51.7933 74.8
      vertex 17.9 51.8 74.8
    endloop
  endfacet
  facet normal -0.0487757 -0.99881 -0
    outer loop
      vertex 18.0372 51.7933 74.8
      vertex 17.9 51.8 63.2
      vertex 18.0372 51.7933 63.2
    endloop
  endfacet
  facet normal 0.0487757 -0.99881 0
    outer loop
      vertex 17.7628 51.7933 63.2
      vertex 17.9 51.8 74.8
      vertex 17.7628 51.7933 74.8
    endloop
  endfacet
  facet normal 0.0487757 -0.99881 0
    outer loop
      vertex 17.9 51.8 74.8
      vertex 17.7628 51.7933 63.2
      vertex 17.9 51.8 63.2
    endloop
  endfacet
  facet normal 0.427304 0.904108 -0
    outer loop
      vertex 17.3642 49.1066 63.2
      vertex 17.24 49.1653 74.8
      vertex 17.3642 49.1066 74.8
    endloop
  endfacet
  facet normal 0.427304 0.904108 0
    outer loop
      vertex 17.24 49.1653 74.8
      vertex 17.3642 49.1066 63.2
      vertex 17.24 49.1653 63.2
    endloop
  endfacet
  facet normal 0.147023 -0.989133 0
    outer loop
      vertex 17.6269 51.7731 63.2
      vertex 17.7628 51.7933 74.8
      vertex 17.6269 51.7731 74.8
    endloop
  endfacet
  facet normal 0.147023 -0.989133 0
    outer loop
      vertex 17.7628 51.7933 74.8
      vertex 17.6269 51.7731 63.2
      vertex 17.7628 51.7933 63.2
    endloop
  endfacet
  facet normal 0.989133 0.147023 0
    outer loop
      vertex 16.5269 50.1269 74.8
      vertex 16.5067 50.2628 63.2
      vertex 16.5067 50.2628 74.8
    endloop
  endfacet
  facet normal 0.989133 0.147023 0
    outer loop
      vertex 16.5067 50.2628 63.2
      vertex 16.5269 50.1269 74.8
      vertex 16.5269 50.1269 63.2
    endloop
  endfacet
  facet normal -0.336889 0.941544 0
    outer loop
      vertex 18.4358 49.1066 63.2
      vertex 18.3064 49.0603 74.8
      vertex 18.4358 49.1066 74.8
    endloop
  endfacet
  facet normal -0.336889 0.941544 0
    outer loop
      vertex 18.3064 49.0603 74.8
      vertex 18.4358 49.1066 63.2
      vertex 18.3064 49.0603 63.2
    endloop
  endfacet
  facet normal -0.243049 0.970014 0
    outer loop
      vertex 18.3064 49.0603 63.2
      vertex 18.1731 49.0269 74.8
      vertex 18.3064 49.0603 74.8
    endloop
  endfacet
  facet normal -0.243049 0.970014 0
    outer loop
      vertex 18.1731 49.0269 74.8
      vertex 18.3064 49.0603 63.2
      vertex 18.1731 49.0269 63.2
    endloop
  endfacet
  facet normal 0.904108 -0.427304 0
    outer loop
      vertex 16.6066 50.9358 74.8
      vertex 16.6653 51.06 63.2
      vertex 16.6653 51.06 74.8
    endloop
  endfacet
  facet normal 0.904108 -0.427304 0
    outer loop
      vertex 16.6653 51.06 63.2
      vertex 16.6066 50.9358 74.8
      vertex 16.6066 50.9358 63.2
    endloop
  endfacet
  facet normal 0.740829 0.671694 0
    outer loop
      vertex 16.9101 49.41 74.8
      vertex 16.8178 49.5118 63.2
      vertex 16.8178 49.5118 74.8
    endloop
  endfacet
  facet normal 0.740829 0.671694 0
    outer loop
      vertex 16.8178 49.5118 63.2
      vertex 16.9101 49.41 74.8
      vertex 16.9101 49.41 63.2
    endloop
  endfacet
  facet normal 0.59615 0.802873 -0
    outer loop
      vertex 17.1222 49.2359 63.2
      vertex 17.0119 49.3178 74.8
      vertex 17.1222 49.2359 74.8
    endloop
  endfacet
  facet normal 0.59615 0.802873 0
    outer loop
      vertex 17.0119 49.3178 74.8
      vertex 17.1222 49.2359 63.2
      vertex 17.0119 49.3178 63.2
    endloop
  endfacet
  facet normal -0.904108 0.427304 0
    outer loop
      vertex 19.1347 49.74 63.2
      vertex 19.1934 49.8642 74.8
      vertex 19.1934 49.8642 63.2
    endloop
  endfacet
  facet normal -0.904108 0.427304 0
    outer loop
      vertex 19.1934 49.8642 74.8
      vertex 19.1347 49.74 63.2
      vertex 19.1347 49.74 74.8
    endloop
  endfacet
  facet normal -0.85775 0.514067 0
    outer loop
      vertex 19.0641 49.6222 63.2
      vertex 19.1347 49.74 74.8
      vertex 19.1347 49.74 63.2
    endloop
  endfacet
  facet normal -0.85775 0.514067 0
    outer loop
      vertex 19.1347 49.74 74.8
      vertex 19.0641 49.6222 63.2
      vertex 19.0641 49.6222 74.8
    endloop
  endfacet
  facet normal 0.0487757 0.99881 -0
    outer loop
      vertex 17.9 49 63.2
      vertex 17.7628 49.0067 74.8
      vertex 17.9 49 74.8
    endloop
  endfacet
  facet normal 0.0487757 0.99881 0
    outer loop
      vertex 17.7628 49.0067 74.8
      vertex 17.9 49 63.2
      vertex 17.7628 49.0067 63.2
    endloop
  endfacet
  facet normal 0.99881 -0.0487757 0
    outer loop
      vertex 16.5 50.4 74.8
      vertex 16.5067 50.5372 63.2
      vertex 16.5067 50.5372 74.8
    endloop
  endfacet
  facet normal 0.99881 -0.0487757 0
    outer loop
      vertex 16.5067 50.5372 63.2
      vertex 16.5 50.4 74.8
      vertex 16.5 50.4 63.2
    endloop
  endfacet
  facet normal 0.336889 0.941544 -0
    outer loop
      vertex 17.4936 49.0603 63.2
      vertex 17.3642 49.1066 74.8
      vertex 17.4936 49.0603 74.8
    endloop
  endfacet
  facet normal 0.336889 0.941544 0
    outer loop
      vertex 17.3642 49.1066 74.8
      vertex 17.4936 49.0603 63.2
      vertex 17.3642 49.1066 63.2
    endloop
  endfacet
  facet normal -0.671657 0.740862 0
    outer loop
      vertex 18.8899 49.41 63.2
      vertex 18.7882 49.3178 74.8
      vertex 18.8899 49.41 74.8
    endloop
  endfacet
  facet normal -0.671657 0.740862 0
    outer loop
      vertex 18.7882 49.3178 74.8
      vertex 18.8899 49.41 63.2
      vertex 18.7882 49.3178 63.2
    endloop
  endfacet
  facet normal -0.427523 -0.904004 0
    outer loop
      vertex 68.0144 4.87232 63.2
      vertex 68.3693 4.70448 74.8
      vertex 68.0144 4.87232 74.8
    endloop
  endfacet
  facet normal -0.427523 -0.904004 -0
    outer loop
      vertex 68.3693 4.70448 74.8
      vertex 68.0144 4.87232 63.2
      vertex 68.3693 4.70448 63.2
    endloop
  endfacet
  facet normal 0.989176 0.146737 0
    outer loop
      vertex 73.8807 8.79207 74.8
      vertex 73.8231 9.18036 63.2
      vertex 73.8231 9.18036 74.8
    endloop
  endfacet
  facet normal 0.989176 0.146737 0
    outer loop
      vertex 73.8231 9.18036 63.2
      vertex 73.8807 8.79207 74.8
      vertex 73.8807 8.79207 63.2
    endloop
  endfacet
  facet normal 0.998791 0.0491664 0
    outer loop
      vertex 73.9 8.4 74.8
      vertex 73.8807 8.79207 63.2
      vertex 73.8807 8.79207 74.8
    endloop
  endfacet
  facet normal 0.998791 0.0491664 0
    outer loop
      vertex 73.8807 8.79207 63.2
      vertex 73.9 8.4 74.8
      vertex 73.9 8.4 63.2
    endloop
  endfacet
  facet normal 0.97008 0.242787 0
    outer loop
      vertex 73.8231 9.18036 74.8
      vertex 73.7278 9.56114 63.2
      vertex 73.7278 9.56114 74.8
    endloop
  endfacet
  facet normal 0.97008 0.242787 0
    outer loop
      vertex 73.7278 9.56114 63.2
      vertex 73.8231 9.18036 74.8
      vertex 73.8231 9.18036 63.2
    endloop
  endfacet
  facet normal 0.427523 -0.904004 0
    outer loop
      vertex 71.4307 4.70448 63.2
      vertex 71.7856 4.87232 74.8
      vertex 71.4307 4.70448 74.8
    endloop
  endfacet
  facet normal 0.427523 -0.904004 0
    outer loop
      vertex 71.7856 4.87232 74.8
      vertex 71.4307 4.70448 63.2
      vertex 71.7856 4.87232 63.2
    endloop
  endfacet
  facet normal -0.671607 0.740908 0
    outer loop
      vertex 67.3624 11.492 63.2
      vertex 67.0716 11.2284 74.8
      vertex 67.3624 11.492 74.8
    endloop
  endfacet
  facet normal -0.671607 0.740908 0
    outer loop
      vertex 67.0716 11.2284 74.8
      vertex 67.3624 11.492 63.2
      vertex 67.0716 11.2284 63.2
    endloop
  endfacet
  facet normal -0.97008 -0.242787 0
    outer loop
      vertex 66.0722 7.23886 63.2
      vertex 65.9769 7.61964 74.8
      vertex 65.9769 7.61964 63.2
    endloop
  endfacet
  facet normal -0.97008 -0.242787 0
    outer loop
      vertex 65.9769 7.61964 74.8
      vertex 66.0722 7.23886 63.2
      vertex 66.0722 7.23886 74.8
    endloop
  endfacet
  facet normal 0.42744 0.904044 -0
    outer loop
      vertex 71.7856 11.9277 63.2
      vertex 71.4307 12.0955 74.8
      vertex 71.7856 11.9277 74.8
    endloop
  endfacet
  facet normal 0.42744 0.904044 0
    outer loop
      vertex 71.4307 12.0955 74.8
      vertex 71.7856 11.9277 63.2
      vertex 71.4307 12.0955 63.2
    endloop
  endfacet
  facet normal -0.989176 0.146737 0
    outer loop
      vertex 65.9193 8.79207 63.2
      vertex 65.9769 9.18036 74.8
      vertex 65.9769 9.18036 63.2
    endloop
  endfacet
  facet normal -0.989176 0.146737 0
    outer loop
      vertex 65.9769 9.18036 74.8
      vertex 65.9193 8.79207 63.2
      vertex 65.9193 8.79207 74.8
    endloop
  endfacet
  facet normal -0.146733 -0.989176 0
    outer loop
      vertex 69.1196 4.47686 63.2
      vertex 69.5079 4.41926 74.8
      vertex 69.1196 4.47686 74.8
    endloop
  endfacet
  facet normal -0.146733 -0.989176 -0
    outer loop
      vertex 69.5079 4.41926 74.8
      vertex 69.1196 4.47686 63.2
      vertex 69.5079 4.41926 63.2
    endloop
  endfacet
  facet normal 0.242835 0.970068 -0
    outer loop
      vertex 71.0611 12.2278 63.2
      vertex 70.6804 12.3231 74.8
      vertex 71.0611 12.2278 74.8
    endloop
  endfacet
  facet normal 0.242835 0.970068 0
    outer loop
      vertex 70.6804 12.3231 74.8
      vertex 71.0611 12.2278 63.2
      vertex 70.6804 12.3231 63.2
    endloop
  endfacet
  facet normal -0.740908 0.671607 0
    outer loop
      vertex 66.808 10.9376 63.2
      vertex 67.0716 11.2284 74.8
      vertex 67.0716 11.2284 63.2
    endloop
  endfacet
  facet normal -0.740908 0.671607 0
    outer loop
      vertex 67.0716 11.2284 74.8
      vertex 66.808 10.9376 63.2
      vertex 66.808 10.9376 74.8
    endloop
  endfacet
  facet normal 0.514084 -0.85774 0
    outer loop
      vertex 71.7856 4.87232 63.2
      vertex 72.1223 5.07412 74.8
      vertex 71.7856 4.87232 74.8
    endloop
  endfacet
  facet normal 0.514084 -0.85774 0
    outer loop
      vertex 72.1223 5.07412 74.8
      vertex 71.7856 4.87232 63.2
      vertex 72.1223 5.07412 63.2
    endloop
  endfacet
  facet normal -0.243027 -0.970019 0
    outer loop
      vertex 68.7389 4.57224 63.2
      vertex 69.1196 4.47686 74.8
      vertex 68.7389 4.57224 74.8
    endloop
  endfacet
  facet normal -0.243027 -0.970019 -0
    outer loop
      vertex 69.1196 4.47686 74.8
      vertex 68.7389 4.57224 63.2
      vertex 69.1196 4.47686 63.2
    endloop
  endfacet
  facet normal -0.337014 0.9415 0
    outer loop
      vertex 68.7389 12.2278 63.2
      vertex 68.3693 12.0955 74.8
      vertex 68.7389 12.2278 74.8
    endloop
  endfacet
  facet normal -0.337014 0.9415 0
    outer loop
      vertex 68.3693 12.0955 74.8
      vertex 68.7389 12.2278 63.2
      vertex 68.3693 12.0955 63.2
    endloop
  endfacet
  facet normal 0.049061 -0.998796 0
    outer loop
      vertex 69.9 4.4 63.2
      vertex 70.2921 4.41926 74.8
      vertex 69.9 4.4 74.8
    endloop
  endfacet
  facet normal 0.049061 -0.998796 0
    outer loop
      vertex 70.2921 4.41926 74.8
      vertex 69.9 4.4 63.2
      vertex 70.2921 4.41926 63.2
    endloop
  endfacet
  facet normal 0.146733 -0.989176 0
    outer loop
      vertex 70.2921 4.41926 63.2
      vertex 70.6804 4.47686 74.8
      vertex 70.2921 4.41926 74.8
    endloop
  endfacet
  facet normal 0.146733 -0.989176 0
    outer loop
      vertex 70.6804 4.47686 74.8
      vertex 70.2921 4.41926 63.2
      vertex 70.6804 4.47686 63.2
    endloop
  endfacet
  facet normal -0.0491626 0.998791 0
    outer loop
      vertex 69.9 12.4 63.2
      vertex 69.5079 12.3807 74.8
      vertex 69.9 12.4 74.8
    endloop
  endfacet
  facet normal -0.0491626 0.998791 0
    outer loop
      vertex 69.5079 12.3807 74.8
      vertex 69.9 12.4 63.2
      vertex 69.5079 12.3807 63.2
    endloop
  endfacet
  facet normal -0.595695 -0.80321 0
    outer loop
      vertex 67.3624 5.30796 63.2
      vertex 67.6777 5.07412 74.8
      vertex 67.3624 5.30796 74.8
    endloop
  endfacet
  facet normal -0.595695 -0.80321 -0
    outer loop
      vertex 67.6777 5.07412 74.8
      vertex 67.3624 5.30796 63.2
      vertex 67.6777 5.07412 63.2
    endloop
  endfacet
  facet normal -0.904025 -0.42748 0
    outer loop
      vertex 66.3723 6.51441 63.2
      vertex 66.2045 6.86927 74.8
      vertex 66.2045 6.86927 63.2
    endloop
  endfacet
  facet normal -0.904025 -0.42748 0
    outer loop
      vertex 66.2045 6.86927 74.8
      vertex 66.3723 6.51441 63.2
      vertex 66.3723 6.51441 74.8
    endloop
  endfacet
  facet normal -0.146733 0.989176 0
    outer loop
      vertex 69.5079 12.3807 63.2
      vertex 69.1196 12.3231 74.8
      vertex 69.5079 12.3807 74.8
    endloop
  endfacet
  facet normal -0.146733 0.989176 0
    outer loop
      vertex 69.1196 12.3231 74.8
      vertex 69.5079 12.3807 63.2
      vertex 69.1196 12.3231 63.2
    endloop
  endfacet
  facet normal 0.595695 -0.80321 0
    outer loop
      vertex 72.1223 5.07412 63.2
      vertex 72.4376 5.30796 74.8
      vertex 72.1223 5.07412 74.8
    endloop
  endfacet
  facet normal 0.595695 -0.80321 0
    outer loop
      vertex 72.4376 5.30796 74.8
      vertex 72.1223 5.07412 63.2
      vertex 72.4376 5.30796 63.2
    endloop
  endfacet
  facet normal 0.0491626 0.998791 -0
    outer loop
      vertex 70.2921 12.3807 63.2
      vertex 69.9 12.4 74.8
      vertex 70.2921 12.3807 74.8
    endloop
  endfacet
  facet normal 0.0491626 0.998791 0
    outer loop
      vertex 69.9 12.4 74.8
      vertex 70.2921 12.3807 63.2
      vertex 69.9 12.4 63.2
    endloop
  endfacet
  facet normal 0.514084 0.85774 -0
    outer loop
      vertex 72.1223 11.7259 63.2
      vertex 71.7856 11.9277 74.8
      vertex 72.1223 11.7259 74.8
    endloop
  endfacet
  facet normal 0.514084 0.85774 0
    outer loop
      vertex 71.7856 11.9277 74.8
      vertex 72.1223 11.7259 63.2
      vertex 71.7856 11.9277 63.2
    endloop
  endfacet
  facet normal -0.998791 -0.0491664 0
    outer loop
      vertex 65.9193 8.00793 63.2
      vertex 65.9 8.4 74.8
      vertex 65.9 8.4 63.2
    endloop
  endfacet
  facet normal -0.998791 -0.0491664 0
    outer loop
      vertex 65.9 8.4 74.8
      vertex 65.9193 8.00793 63.2
      vertex 65.9193 8.00793 74.8
    endloop
  endfacet
  facet normal -0.90403 0.42747 0
    outer loop
      vertex 66.2045 9.93073 63.2
      vertex 66.3723 10.2856 74.8
      vertex 66.3723 10.2856 63.2
    endloop
  endfacet
  facet normal -0.90403 0.42747 0
    outer loop
      vertex 66.3723 10.2856 74.8
      vertex 66.2045 9.93073 63.2
      vertex 66.2045 9.93073 74.8
    endloop
  endfacet
  facet normal 0.97008 -0.242787 0
    outer loop
      vertex 73.7278 7.23886 74.8
      vertex 73.8231 7.61964 63.2
      vertex 73.8231 7.61964 74.8
    endloop
  endfacet
  facet normal 0.97008 -0.242787 0
    outer loop
      vertex 73.8231 7.61964 63.2
      vertex 73.7278 7.23886 74.8
      vertex 73.7278 7.23886 63.2
    endloop
  endfacet
  facet normal 0.740908 0.671607 0
    outer loop
      vertex 72.992 10.9376 74.8
      vertex 72.7284 11.2284 63.2
      vertex 72.7284 11.2284 74.8
    endloop
  endfacet
  facet normal 0.740908 0.671607 0
    outer loop
      vertex 72.7284 11.2284 63.2
      vertex 72.992 10.9376 74.8
      vertex 72.992 10.9376 63.2
    endloop
  endfacet
  facet normal 0.595794 0.803137 -0
    outer loop
      vertex 72.4376 11.492 63.2
      vertex 72.1223 11.7259 74.8
      vertex 72.4376 11.492 74.8
    endloop
  endfacet
  facet normal 0.595794 0.803137 0
    outer loop
      vertex 72.1223 11.7259 74.8
      vertex 72.4376 11.492 63.2
      vertex 72.1223 11.7259 63.2
    endloop
  endfacet
  facet normal -0.595794 0.803137 0
    outer loop
      vertex 67.6777 11.7259 63.2
      vertex 67.3624 11.492 74.8
      vertex 67.6777 11.7259 74.8
    endloop
  endfacet
  facet normal -0.595794 0.803137 0
    outer loop
      vertex 67.3624 11.492 74.8
      vertex 67.6777 11.7259 63.2
      vertex 67.3624 11.492 63.2
    endloop
  endfacet
  facet normal 0.803137 0.595794 0
    outer loop
      vertex 73.2259 10.6223 74.8
      vertex 72.992 10.9376 63.2
      vertex 72.992 10.9376 74.8
    endloop
  endfacet
  facet normal 0.803137 0.595794 0
    outer loop
      vertex 72.992 10.9376 63.2
      vertex 73.2259 10.6223 74.8
      vertex 73.2259 10.6223 63.2
    endloop
  endfacet
  facet normal 0.989176 -0.146737 0
    outer loop
      vertex 73.8231 7.61964 74.8
      vertex 73.8807 8.00793 63.2
      vertex 73.8807 8.00793 74.8
    endloop
  endfacet
  facet normal 0.989176 -0.146737 0
    outer loop
      vertex 73.8807 8.00793 63.2
      vertex 73.8231 7.61964 74.8
      vertex 73.8231 7.61964 63.2
    endloop
  endfacet
  facet normal -0.941497 0.337022 0
    outer loop
      vertex 66.0722 9.56114 63.2
      vertex 66.2045 9.93073 74.8
      vertex 66.2045 9.93073 63.2
    endloop
  endfacet
  facet normal -0.941497 0.337022 0
    outer loop
      vertex 66.2045 9.93073 74.8
      vertex 66.0722 9.56114 63.2
      vertex 66.0722 9.56114 74.8
    endloop
  endfacet
  facet normal 0.904025 -0.42748 0
    outer loop
      vertex 73.4277 6.51441 74.8
      vertex 73.5955 6.86927 63.2
      vertex 73.5955 6.86927 74.8
    endloop
  endfacet
  facet normal 0.904025 -0.42748 0
    outer loop
      vertex 73.5955 6.86927 63.2
      vertex 73.4277 6.51441 74.8
      vertex 73.4277 6.51441 63.2
    endloop
  endfacet
  facet normal 0.337014 0.9415 -0
    outer loop
      vertex 71.4307 12.0955 63.2
      vertex 71.0611 12.2278 74.8
      vertex 71.4307 12.0955 74.8
    endloop
  endfacet
  facet normal 0.337014 0.9415 0
    outer loop
      vertex 71.0611 12.2278 74.8
      vertex 71.4307 12.0955 63.2
      vertex 71.0611 12.2278 63.2
    endloop
  endfacet
  facet normal 0.998791 -0.0491664 0
    outer loop
      vertex 73.8807 8.00793 74.8
      vertex 73.9 8.4 63.2
      vertex 73.9 8.4 74.8
    endloop
  endfacet
  facet normal 0.998791 -0.0491664 0
    outer loop
      vertex 73.9 8.4 63.2
      vertex 73.8807 8.00793 74.8
      vertex 73.8807 8.00793 63.2
    endloop
  endfacet
  facet normal 0.336879 -0.941548 0
    outer loop
      vertex 71.0611 4.57224 63.2
      vertex 71.4307 4.70448 74.8
      vertex 71.0611 4.57224 74.8
    endloop
  endfacet
  facet normal 0.336879 -0.941548 0
    outer loop
      vertex 71.4307 4.70448 74.8
      vertex 71.0611 4.57224 63.2
      vertex 71.4307 4.70448 63.2
    endloop
  endfacet
  facet normal 0.941497 0.337022 0
    outer loop
      vertex 73.7278 9.56114 74.8
      vertex 73.5955 9.93073 63.2
      vertex 73.5955 9.93073 74.8
    endloop
  endfacet
  facet normal 0.941497 0.337022 0
    outer loop
      vertex 73.5955 9.93073 63.2
      vertex 73.7278 9.56114 74.8
      vertex 73.7278 9.56114 63.2
    endloop
  endfacet
  facet normal 0.803128 -0.595806 0
    outer loop
      vertex 72.992 5.86243 74.8
      vertex 73.2259 6.17772 63.2
      vertex 73.2259 6.17772 74.8
    endloop
  endfacet
  facet normal 0.803128 -0.595806 0
    outer loop
      vertex 73.2259 6.17772 63.2
      vertex 72.992 5.86243 74.8
      vertex 72.992 5.86243 63.2
    endloop
  endfacet
  facet normal 0.857733 -0.514095 0
    outer loop
      vertex 73.2259 6.17772 74.8
      vertex 73.4277 6.51441 63.2
      vertex 73.4277 6.51441 74.8
    endloop
  endfacet
  facet normal 0.857733 -0.514095 0
    outer loop
      vertex 73.4277 6.51441 63.2
      vertex 73.2259 6.17772 74.8
      vertex 73.2259 6.17772 63.2
    endloop
  endfacet
  facet normal 0.941497 -0.337022 0
    outer loop
      vertex 73.5955 6.86927 74.8
      vertex 73.7278 7.23886 63.2
      vertex 73.7278 7.23886 74.8
    endloop
  endfacet
  facet normal 0.941497 -0.337022 0
    outer loop
      vertex 73.7278 7.23886 63.2
      vertex 73.5955 6.86927 74.8
      vertex 73.5955 6.86927 63.2
    endloop
  endfacet
  facet normal -0.242835 0.970068 0
    outer loop
      vertex 69.1196 12.3231 63.2
      vertex 68.7389 12.2278 74.8
      vertex 69.1196 12.3231 74.8
    endloop
  endfacet
  facet normal -0.242835 0.970068 0
    outer loop
      vertex 68.7389 12.2278 74.8
      vertex 69.1196 12.3231 63.2
      vertex 68.7389 12.2278 63.2
    endloop
  endfacet
  facet normal 0.90403 0.42747 0
    outer loop
      vertex 73.5955 9.93073 74.8
      vertex 73.4277 10.2856 63.2
      vertex 73.4277 10.2856 74.8
    endloop
  endfacet
  facet normal 0.90403 0.42747 0
    outer loop
      vertex 73.4277 10.2856 63.2
      vertex 73.5955 9.93073 74.8
      vertex 73.5955 9.93073 63.2
    endloop
  endfacet
  facet normal 0.146733 0.989176 -0
    outer loop
      vertex 70.6804 12.3231 63.2
      vertex 70.2921 12.3807 74.8
      vertex 70.6804 12.3231 74.8
    endloop
  endfacet
  facet normal 0.146733 0.989176 0
    outer loop
      vertex 70.2921 12.3807 74.8
      vertex 70.6804 12.3231 63.2
      vertex 70.2921 12.3807 63.2
    endloop
  endfacet
  facet normal -0.857733 -0.514095 0
    outer loop
      vertex 66.5741 6.17772 63.2
      vertex 66.3723 6.51441 74.8
      vertex 66.3723 6.51441 63.2
    endloop
  endfacet
  facet normal -0.857733 -0.514095 0
    outer loop
      vertex 66.3723 6.51441 74.8
      vertex 66.5741 6.17772 63.2
      vertex 66.5741 6.17772 74.8
    endloop
  endfacet
  facet normal 0.85774 0.514084 0
    outer loop
      vertex 73.4277 10.2856 74.8
      vertex 73.2259 10.6223 63.2
      vertex 73.2259 10.6223 74.8
    endloop
  endfacet
  facet normal 0.85774 0.514084 0
    outer loop
      vertex 73.2259 10.6223 63.2
      vertex 73.4277 10.2856 74.8
      vertex 73.4277 10.2856 63.2
    endloop
  endfacet
  facet normal -0.740977 -0.671531 0
    outer loop
      vertex 67.0716 5.57157 63.2
      vertex 66.808 5.86243 74.8
      vertex 66.808 5.86243 63.2
    endloop
  endfacet
  facet normal -0.740977 -0.671531 0
    outer loop
      vertex 66.808 5.86243 74.8
      vertex 67.0716 5.57157 63.2
      vertex 67.0716 5.57157 74.8
    endloop
  endfacet
  facet normal 0.243027 -0.970019 0
    outer loop
      vertex 70.6804 4.47686 63.2
      vertex 71.0611 4.57224 74.8
      vertex 70.6804 4.47686 74.8
    endloop
  endfacet
  facet normal 0.243027 -0.970019 0
    outer loop
      vertex 71.0611 4.57224 74.8
      vertex 70.6804 4.47686 63.2
      vertex 71.0611 4.57224 63.2
    endloop
  endfacet
  facet normal -0.514084 0.85774 0
    outer loop
      vertex 68.0144 11.9277 63.2
      vertex 67.6777 11.7259 74.8
      vertex 68.0144 11.9277 74.8
    endloop
  endfacet
  facet normal -0.514084 0.85774 0
    outer loop
      vertex 67.6777 11.7259 74.8
      vertex 68.0144 11.9277 63.2
      vertex 67.6777 11.7259 63.2
    endloop
  endfacet
  facet normal -0.42744 0.904044 0
    outer loop
      vertex 68.3693 12.0955 63.2
      vertex 68.0144 11.9277 74.8
      vertex 68.3693 12.0955 74.8
    endloop
  endfacet
  facet normal -0.42744 0.904044 0
    outer loop
      vertex 68.0144 11.9277 74.8
      vertex 68.3693 12.0955 63.2
      vertex 68.0144 11.9277 63.2
    endloop
  endfacet
  facet normal -0.941497 -0.337022 0
    outer loop
      vertex 66.2045 6.86927 63.2
      vertex 66.0722 7.23886 74.8
      vertex 66.0722 7.23886 63.2
    endloop
  endfacet
  facet normal -0.941497 -0.337022 0
    outer loop
      vertex 66.0722 7.23886 74.8
      vertex 66.2045 6.86927 63.2
      vertex 66.2045 6.86927 74.8
    endloop
  endfacet
  facet normal -0.514084 -0.85774 0
    outer loop
      vertex 67.6777 5.07412 63.2
      vertex 68.0144 4.87232 74.8
      vertex 67.6777 5.07412 74.8
    endloop
  endfacet
  facet normal -0.514084 -0.85774 -0
    outer loop
      vertex 68.0144 4.87232 74.8
      vertex 67.6777 5.07412 63.2
      vertex 68.0144 4.87232 63.2
    endloop
  endfacet
  facet normal 0.671607 0.740908 -0
    outer loop
      vertex 72.7284 11.2284 63.2
      vertex 72.4376 11.492 74.8
      vertex 72.7284 11.2284 74.8
    endloop
  endfacet
  facet normal 0.671607 0.740908 0
    outer loop
      vertex 72.4376 11.492 74.8
      vertex 72.7284 11.2284 63.2
      vertex 72.4376 11.492 63.2
    endloop
  endfacet
  facet normal -0.97008 0.242787 0
    outer loop
      vertex 65.9769 9.18036 63.2
      vertex 66.0722 9.56114 74.8
      vertex 66.0722 9.56114 63.2
    endloop
  endfacet
  facet normal -0.97008 0.242787 0
    outer loop
      vertex 66.0722 9.56114 74.8
      vertex 65.9769 9.18036 63.2
      vertex 65.9769 9.18036 74.8
    endloop
  endfacet
  facet normal -0.803128 -0.595806 0
    outer loop
      vertex 66.808 5.86243 63.2
      vertex 66.5741 6.17772 74.8
      vertex 66.5741 6.17772 63.2
    endloop
  endfacet
  facet normal -0.803128 -0.595806 0
    outer loop
      vertex 66.5741 6.17772 74.8
      vertex 66.808 5.86243 63.2
      vertex 66.808 5.86243 74.8
    endloop
  endfacet
  facet normal -0.989176 -0.146737 0
    outer loop
      vertex 65.9769 7.61964 63.2
      vertex 65.9193 8.00793 74.8
      vertex 65.9193 8.00793 63.2
    endloop
  endfacet
  facet normal -0.989176 -0.146737 0
    outer loop
      vertex 65.9193 8.00793 74.8
      vertex 65.9769 7.61964 63.2
      vertex 65.9769 7.61964 74.8
    endloop
  endfacet
  facet normal -0.671621 -0.740895 0
    outer loop
      vertex 67.0716 5.57157 63.2
      vertex 67.3624 5.30796 74.8
      vertex 67.0716 5.57157 74.8
    endloop
  endfacet
  facet normal -0.671621 -0.740895 -0
    outer loop
      vertex 67.3624 5.30796 74.8
      vertex 67.0716 5.57157 63.2
      vertex 67.3624 5.30796 63.2
    endloop
  endfacet
  facet normal -0.803137 0.595794 0
    outer loop
      vertex 66.5741 10.6223 63.2
      vertex 66.808 10.9376 74.8
      vertex 66.808 10.9376 63.2
    endloop
  endfacet
  facet normal -0.803137 0.595794 0
    outer loop
      vertex 66.808 10.9376 74.8
      vertex 66.5741 10.6223 63.2
      vertex 66.5741 10.6223 74.8
    endloop
  endfacet
  facet normal -0.85774 0.514084 0
    outer loop
      vertex 66.3723 10.2856 63.2
      vertex 66.5741 10.6223 74.8
      vertex 66.5741 10.6223 63.2
    endloop
  endfacet
  facet normal -0.85774 0.514084 0
    outer loop
      vertex 66.5741 10.6223 74.8
      vertex 66.3723 10.2856 63.2
      vertex 66.3723 10.2856 74.8
    endloop
  endfacet
  facet normal 0 0 1
    outer loop
      vertex 71.3 8.4 74.8
      vertex 73.9 8.4 74.8
      vertex 73.8807 8.79207 74.8
    endloop
  endfacet
  facet normal 0 0 1
    outer loop
      vertex 71.2933 8.53722 74.8
      vertex 73.8807 8.79207 74.8
      vertex 73.8231 9.18036 74.8
    endloop
  endfacet
  facet normal 0 0 1
    outer loop
      vertex 73.9 8.4 74.8
      vertex 71.3 8.4 74.8
      vertex 73.8807 8.00793 74.8
    endloop
  endfacet
  facet normal 0 0 1
    outer loop
      vertex 71.2731 8.67313 74.8
      vertex 73.8231 9.18036 74.8
      vertex 73.7278 9.56114 74.8
    endloop
  endfacet
  facet normal -0 0 1
    outer loop
      vertex 71.2933 8.26278 74.8
      vertex 73.8807 8.00793 74.8
      vertex 71.3 8.4 74.8
    endloop
  endfacet
  facet normal 0 0 1
    outer loop
      vertex 71.2397 8.8064 74.8
      vertex 73.7278 9.56114 74.8
      vertex 73.5955 9.93073 74.8
    endloop
  endfacet
  facet normal 0 0 1
    outer loop
      vertex 73.8807 8.00793 74.8
      vertex 71.2933 8.26278 74.8
      vertex 73.8231 7.61964 74.8
    endloop
  endfacet
  facet normal 0 0 1
    outer loop
      vertex 71.1934 8.93576 74.8
      vertex 73.5955 9.93073 74.8
      vertex 73.4277 10.2856 74.8
    endloop
  endfacet
  facet normal -0 0 1
    outer loop
      vertex 71.2731 8.12687 74.8
      vertex 73.8231 7.61964 74.8
      vertex 71.2933 8.26278 74.8
    endloop
  endfacet
  facet normal 0 0 1
    outer loop
      vertex 71.1347 9.05995 74.8
      vertex 73.4277 10.2856 74.8
      vertex 73.2259 10.6223 74.8
    endloop
  endfacet
  facet normal 0 0 1
    outer loop
      vertex 73.8231 7.61964 74.8
      vertex 71.2731 8.12687 74.8
      vertex 73.7278 7.23886 74.8
    endloop
  endfacet
  facet normal 0 0 1
    outer loop
      vertex 71.0641 9.1778 74.8
      vertex 73.2259 10.6223 74.8
      vertex 72.992 10.9376 74.8
    endloop
  endfacet
  facet normal -0 0 1
    outer loop
      vertex 71.2397 7.9936 74.8
      vertex 73.7278 7.23886 74.8
      vertex 71.2731 8.12687 74.8
    endloop
  endfacet
  facet normal 0 0 1
    outer loop
      vertex 70.9822 9.28815 74.8
      vertex 72.992 10.9376 74.8
      vertex 72.7284 11.2284 74.8
    endloop
  endfacet
  facet normal 0 0 1
    outer loop
      vertex 73.7278 7.23886 74.8
      vertex 71.2397 7.9936 74.8
      vertex 73.5955 6.86927 74.8
    endloop
  endfacet
  facet normal 0 0 1
    outer loop
      vertex 70.8899 9.38995 74.8
      vertex 72.7284 11.2284 74.8
      vertex 72.4376 11.492 74.8
    endloop
  endfacet
  facet normal -0 0 1
    outer loop
      vertex 71.1934 7.86424 74.8
      vertex 73.5955 6.86927 74.8
      vertex 71.2397 7.9936 74.8
    endloop
  endfacet
  facet normal 0 0 1
    outer loop
      vertex 70.7881 9.48221 74.8
      vertex 72.4376 11.492 74.8
      vertex 72.1223 11.7259 74.8
    endloop
  endfacet
  facet normal 0 0 1
    outer loop
      vertex 73.5955 6.86927 74.8
      vertex 71.1934 7.86424 74.8
      vertex 73.4277 6.51441 74.8
    endloop
  endfacet
  facet normal 0 0 1
    outer loop
      vertex 70.6778 9.56406 74.8
      vertex 72.1223 11.7259 74.8
      vertex 71.7856 11.9277 74.8
    endloop
  endfacet
  facet normal -0 0 1
    outer loop
      vertex 71.1347 7.74005 74.8
      vertex 73.4277 6.51441 74.8
      vertex 71.1934 7.86424 74.8
    endloop
  endfacet
  facet normal 0 0 1
    outer loop
      vertex 70.56 9.63469 74.8
      vertex 71.7856 11.9277 74.8
      vertex 71.4307 12.0955 74.8
    endloop
  endfacet
  facet normal 0 0 1
    outer loop
      vertex 73.4277 6.51441 74.8
      vertex 71.1347 7.74005 74.8
      vertex 73.2259 6.17772 74.8
    endloop
  endfacet
  facet normal -0 0 1
    outer loop
      vertex 71.0641 7.6222 74.8
      vertex 73.2259 6.17772 74.8
      vertex 71.1347 7.74005 74.8
    endloop
  endfacet
  facet normal 0 0 1
    outer loop
      vertex 73.8807 8.79207 74.8
      vertex 71.2933 8.53722 74.8
      vertex 71.3 8.4 74.8
    endloop
  endfacet
  facet normal 0 0 1
    outer loop
      vertex 73.8231 9.18036 74.8
      vertex 71.2731 8.67313 74.8
      vertex 71.2933 8.53722 74.8
    endloop
  endfacet
  facet normal 0 0 1
    outer loop
      vertex 73.7278 9.56114 74.8
      vertex 71.2397 8.8064 74.8
      vertex 71.2731 8.67313 74.8
    endloop
  endfacet
  facet normal 0 0 1
    outer loop
      vertex 73.5955 9.93073 74.8
      vertex 71.1934 8.93576 74.8
      vertex 71.2397 8.8064 74.8
    endloop
  endfacet
  facet normal 0 0 1
    outer loop
      vertex 73.4277 10.2856 74.8
      vertex 71.1347 9.05995 74.8
      vertex 71.1934 8.93576 74.8
    endloop
  endfacet
  facet normal 0 0 1
    outer loop
      vertex 73.2259 10.6223 74.8
      vertex 71.0641 9.1778 74.8
      vertex 71.1347 9.05995 74.8
    endloop
  endfacet
  facet normal 0 0 1
    outer loop
      vertex 70.4358 9.69343 74.8
      vertex 71.4307 12.0955 74.8
      vertex 71.0611 12.2278 74.8
    endloop
  endfacet
  facet normal 0 0 1
    outer loop
      vertex 72.992 10.9376 74.8
      vertex 70.9822 9.28815 74.8
      vertex 71.0641 9.1778 74.8
    endloop
  endfacet
  facet normal 0 0 1
    outer loop
      vertex 72.7284 11.2284 74.8
      vertex 70.8899 9.38995 74.8
      vertex 70.9822 9.28815 74.8
    endloop
  endfacet
  facet normal 0 0 1
    outer loop
      vertex 72.4376 11.492 74.8
      vertex 70.7881 9.48221 74.8
      vertex 70.8899 9.38995 74.8
    endloop
  endfacet
  facet normal 0 0 1
    outer loop
      vertex 70.3064 9.73972 74.8
      vertex 71.0611 12.2278 74.8
      vertex 70.6804 12.3231 74.8
    endloop
  endfacet
  facet normal 0 0 1
    outer loop
      vertex 72.1223 11.7259 74.8
      vertex 70.6778 9.56406 74.8
      vertex 70.7881 9.48221 74.8
    endloop
  endfacet
  facet normal 0 0 1
    outer loop
      vertex 71.7856 11.9277 74.8
      vertex 70.56 9.63469 74.8
      vertex 70.6778 9.56406 74.8
    endloop
  endfacet
  facet normal 0 0 1
    outer loop
      vertex 71.4307 12.0955 74.8
      vertex 70.4358 9.69343 74.8
      vertex 70.56 9.63469 74.8
    endloop
  endfacet
  facet normal 0 0 1
    outer loop
      vertex 71.0611 12.2278 74.8
      vertex 70.3064 9.73972 74.8
      vertex 70.4358 9.69343 74.8
    endloop
  endfacet
  facet normal 0 0 1
    outer loop
      vertex 70.1731 9.7731 74.8
      vertex 70.6804 12.3231 74.8
      vertex 70.2921 12.3807 74.8
    endloop
  endfacet
  facet normal 0 0 1
    outer loop
      vertex 70.6804 12.3231 74.8
      vertex 70.1731 9.7731 74.8
      vertex 70.3064 9.73972 74.8
    endloop
  endfacet
  facet normal 0 0 1
    outer loop
      vertex 70.2921 12.3807 74.8
      vertex 70.0372 9.79326 74.8
      vertex 70.1731 9.7731 74.8
    endloop
  endfacet
  facet normal 0 0 1
    outer loop
      vertex 69.9 12.4 74.8
      vertex 70.0372 9.79326 74.8
      vertex 70.2921 12.3807 74.8
    endloop
  endfacet
  facet normal 0 0 1
    outer loop
      vertex 69.9 12.4 74.8
      vertex 69.9 9.8 74.8
      vertex 70.0372 9.79326 74.8
    endloop
  endfacet
  facet normal 0 0 1
    outer loop
      vertex 69.9 12.4 74.8
      vertex 69.7628 9.79326 74.8
      vertex 69.9 9.8 74.8
    endloop
  endfacet
  facet normal -0 0 1
    outer loop
      vertex 69.5079 12.3807 74.8
      vertex 69.7628 9.79326 74.8
      vertex 69.9 12.4 74.8
    endloop
  endfacet
  facet normal 0 0 1
    outer loop
      vertex 69.7628 9.79326 74.8
      vertex 69.5079 12.3807 74.8
      vertex 69.6269 9.7731 74.8
    endloop
  endfacet
  facet normal -0 0 1
    outer loop
      vertex 69.1196 12.3231 74.8
      vertex 69.6269 9.7731 74.8
      vertex 69.5079 12.3807 74.8
    endloop
  endfacet
  facet normal 0 0 1
    outer loop
      vertex 69.6269 9.7731 74.8
      vertex 69.1196 12.3231 74.8
      vertex 69.4936 9.73972 74.8
    endloop
  endfacet
  facet normal -0 0 1
    outer loop
      vertex 68.7389 12.2278 74.8
      vertex 69.4936 9.73972 74.8
      vertex 69.1196 12.3231 74.8
    endloop
  endfacet
  facet normal 0 0 1
    outer loop
      vertex 69.4936 9.73972 74.8
      vertex 68.7389 12.2278 74.8
      vertex 69.3642 9.69343 74.8
    endloop
  endfacet
  facet normal -0 0 1
    outer loop
      vertex 68.3693 12.0955 74.8
      vertex 69.3642 9.69343 74.8
      vertex 68.7389 12.2278 74.8
    endloop
  endfacet
  facet normal 0 0 1
    outer loop
      vertex 69.3642 9.69343 74.8
      vertex 68.3693 12.0955 74.8
      vertex 69.24 9.63469 74.8
    endloop
  endfacet
  facet normal -0 0 1
    outer loop
      vertex 68.0144 11.9277 74.8
      vertex 69.24 9.63469 74.8
      vertex 68.3693 12.0955 74.8
    endloop
  endfacet
  facet normal 0 0 1
    outer loop
      vertex 69.24 9.63469 74.8
      vertex 68.0144 11.9277 74.8
      vertex 69.1222 9.56406 74.8
    endloop
  endfacet
  facet normal -0 0 1
    outer loop
      vertex 67.6777 11.7259 74.8
      vertex 69.1222 9.56406 74.8
      vertex 68.0144 11.9277 74.8
    endloop
  endfacet
  facet normal 0 0 1
    outer loop
      vertex 69.1222 9.56406 74.8
      vertex 67.6777 11.7259 74.8
      vertex 69.0118 9.48221 74.8
    endloop
  endfacet
  facet normal -0 0 1
    outer loop
      vertex 67.3624 11.492 74.8
      vertex 69.0118 9.48221 74.8
      vertex 67.6777 11.7259 74.8
    endloop
  endfacet
  facet normal 0 0 1
    outer loop
      vertex 69.0118 9.48221 74.8
      vertex 67.3624 11.492 74.8
      vertex 68.91 9.38995 74.8
    endloop
  endfacet
  facet normal -0 0 1
    outer loop
      vertex 67.0716 11.2284 74.8
      vertex 68.91 9.38995 74.8
      vertex 67.3624 11.492 74.8
    endloop
  endfacet
  facet normal 0 0 1
    outer loop
      vertex 68.91 9.38995 74.8
      vertex 67.0716 11.2284 74.8
      vertex 68.8178 9.28815 74.8
    endloop
  endfacet
  facet normal -0 0 1
    outer loop
      vertex 66.808 10.9376 74.8
      vertex 68.8178 9.28815 74.8
      vertex 67.0716 11.2284 74.8
    endloop
  endfacet
  facet normal -0 0 1
    outer loop
      vertex 66.5741 10.6223 74.8
      vertex 68.7359 9.1778 74.8
      vertex 66.808 10.9376 74.8
    endloop
  endfacet
  facet normal 0 0 1
    outer loop
      vertex 68.8178 9.28815 74.8
      vertex 66.808 10.9376 74.8
      vertex 68.7359 9.1778 74.8
    endloop
  endfacet
  facet normal 0 0 1
    outer loop
      vertex 73.2259 6.17772 74.8
      vertex 71.0641 7.6222 74.8
      vertex 72.992 5.86243 74.8
    endloop
  endfacet
  facet normal -0 0 1
    outer loop
      vertex 70.9822 7.51185 74.8
      vertex 72.992 5.86243 74.8
      vertex 71.0641 7.6222 74.8
    endloop
  endfacet
  facet normal 0 0 1
    outer loop
      vertex 72.992 5.86243 74.8
      vertex 70.9822 7.51185 74.8
      vertex 72.7284 5.57157 74.8
    endloop
  endfacet
  facet normal -0 0 1
    outer loop
      vertex 70.8899 7.41005 74.8
      vertex 72.7284 5.57157 74.8
      vertex 70.9822 7.51185 74.8
    endloop
  endfacet
  facet normal 0 0 1
    outer loop
      vertex 72.7284 5.57157 74.8
      vertex 70.8899 7.41005 74.8
      vertex 72.4376 5.30796 74.8
    endloop
  endfacet
  facet normal -0 0 1
    outer loop
      vertex 70.7881 7.31779 74.8
      vertex 72.4376 5.30796 74.8
      vertex 70.8899 7.41005 74.8
    endloop
  endfacet
  facet normal 0 0 1
    outer loop
      vertex 72.4376 5.30796 74.8
      vertex 70.7881 7.31779 74.8
      vertex 72.1223 5.07412 74.8
    endloop
  endfacet
  facet normal -0 0 1
    outer loop
      vertex 70.6778 7.23594 74.8
      vertex 72.1223 5.07412 74.8
      vertex 70.7881 7.31779 74.8
    endloop
  endfacet
  facet normal 0 0 1
    outer loop
      vertex 72.1223 5.07412 74.8
      vertex 70.6778 7.23594 74.8
      vertex 71.7856 4.87232 74.8
    endloop
  endfacet
  facet normal -0 0 1
    outer loop
      vertex 70.56 7.16531 74.8
      vertex 71.7856 4.87232 74.8
      vertex 70.6778 7.23594 74.8
    endloop
  endfacet
  facet normal 0 0 1
    outer loop
      vertex 71.7856 4.87232 74.8
      vertex 70.56 7.16531 74.8
      vertex 71.4307 4.70448 74.8
    endloop
  endfacet
  facet normal -0 0 1
    outer loop
      vertex 70.4358 7.10657 74.8
      vertex 71.4307 4.70448 74.8
      vertex 70.56 7.16531 74.8
    endloop
  endfacet
  facet normal 0 0 1
    outer loop
      vertex 71.4307 4.70448 74.8
      vertex 70.4358 7.10657 74.8
      vertex 71.0611 4.57224 74.8
    endloop
  endfacet
  facet normal -0 0 1
    outer loop
      vertex 70.3064 7.06028 74.8
      vertex 71.0611 4.57224 74.8
      vertex 70.4358 7.10657 74.8
    endloop
  endfacet
  facet normal 0 0 1
    outer loop
      vertex 71.0611 4.57224 74.8
      vertex 70.3064 7.06028 74.8
      vertex 70.6804 4.47686 74.8
    endloop
  endfacet
  facet normal -0 0 1
    outer loop
      vertex 70.1731 7.0269 74.8
      vertex 70.6804 4.47686 74.8
      vertex 70.3064 7.06028 74.8
    endloop
  endfacet
  facet normal 0 0 1
    outer loop
      vertex 70.6804 4.47686 74.8
      vertex 70.1731 7.0269 74.8
      vertex 70.2921 4.41926 74.8
    endloop
  endfacet
  facet normal -0 0 1
    outer loop
      vertex 70.0372 7.00674 74.8
      vertex 70.2921 4.41926 74.8
      vertex 70.1731 7.0269 74.8
    endloop
  endfacet
  facet normal -0 0 1
    outer loop
      vertex 69.9 7 74.8
      vertex 70.2921 4.41926 74.8
      vertex 70.0372 7.00674 74.8
    endloop
  endfacet
  facet normal 0 0 1
    outer loop
      vertex 69.9 7 74.8
      vertex 69.9 4.4 74.8
      vertex 70.2921 4.41926 74.8
    endloop
  endfacet
  facet normal 0 0 1
    outer loop
      vertex 69.7628 7.00674 74.8
      vertex 69.9 4.4 74.8
      vertex 69.9 7 74.8
    endloop
  endfacet
  facet normal 0 0 1
    outer loop
      vertex 69.5079 4.41926 74.8
      vertex 69.7628 7.00674 74.8
      vertex 69.6269 7.0269 74.8
    endloop
  endfacet
  facet normal 0 0 1
    outer loop
      vertex 69.7628 7.00674 74.8
      vertex 69.5079 4.41926 74.8
      vertex 69.9 4.4 74.8
    endloop
  endfacet
  facet normal 0 0 1
    outer loop
      vertex 69.1196 4.47686 74.8
      vertex 69.6269 7.0269 74.8
      vertex 69.4936 7.06028 74.8
    endloop
  endfacet
  facet normal 0 0 1
    outer loop
      vertex 68.7389 4.57224 74.8
      vertex 69.4936 7.06028 74.8
      vertex 69.3642 7.10657 74.8
    endloop
  endfacet
  facet normal 0 0 1
    outer loop
      vertex 68.3693 4.70448 74.8
      vertex 69.3642 7.10657 74.8
      vertex 69.24 7.16531 74.8
    endloop
  endfacet
  facet normal 0 0 1
    outer loop
      vertex 68.0144 4.87232 74.8
      vertex 69.24 7.16531 74.8
      vertex 69.1222 7.23594 74.8
    endloop
  endfacet
  facet normal 0 0 1
    outer loop
      vertex 69.6269 7.0269 74.8
      vertex 69.1196 4.47686 74.8
      vertex 69.5079 4.41926 74.8
    endloop
  endfacet
  facet normal 0 0 1
    outer loop
      vertex 67.6777 5.07412 74.8
      vertex 69.1222 7.23594 74.8
      vertex 69.0118 7.31779 74.8
    endloop
  endfacet
  facet normal 0 0 1
    outer loop
      vertex 67.3624 5.30796 74.8
      vertex 69.0118 7.31779 74.8
      vertex 68.91 7.41005 74.8
    endloop
  endfacet
  facet normal 0 0 1
    outer loop
      vertex 67.0716 5.57157 74.8
      vertex 68.91 7.41005 74.8
      vertex 68.8178 7.51185 74.8
    endloop
  endfacet
  facet normal 0 0 1
    outer loop
      vertex 69.4936 7.06028 74.8
      vertex 68.7389 4.57224 74.8
      vertex 69.1196 4.47686 74.8
    endloop
  endfacet
  facet normal 0 0 1
    outer loop
      vertex 66.808 5.86243 74.8
      vertex 68.8178 7.51185 74.8
      vertex 68.7359 7.6222 74.8
    endloop
  endfacet
  facet normal 0 0 1
    outer loop
      vertex 66.5741 6.17772 74.8
      vertex 68.7359 7.6222 74.8
      vertex 68.6653 7.74005 74.8
    endloop
  endfacet
  facet normal 0 0 1
    outer loop
      vertex 66.3723 6.51441 74.8
      vertex 68.6653 7.74005 74.8
      vertex 68.6066 7.86424 74.8
    endloop
  endfacet
  facet normal 0 0 1
    outer loop
      vertex 66.2045 6.86927 74.8
      vertex 68.6066 7.86424 74.8
      vertex 68.5603 7.9936 74.8
    endloop
  endfacet
  facet normal 0 0 1
    outer loop
      vertex 66.0722 7.23886 74.8
      vertex 68.5603 7.9936 74.8
      vertex 68.5269 8.12687 74.8
    endloop
  endfacet
  facet normal 0 0 1
    outer loop
      vertex 65.9769 7.61964 74.8
      vertex 68.5269 8.12687 74.8
      vertex 68.5067 8.26278 74.8
    endloop
  endfacet
  facet normal 0 0 1
    outer loop
      vertex 69.3642 7.10657 74.8
      vertex 68.3693 4.70448 74.8
      vertex 68.7389 4.57224 74.8
    endloop
  endfacet
  facet normal 0 0 1
    outer loop
      vertex 65.9193 8.00793 74.8
      vertex 68.5067 8.26278 74.8
      vertex 68.5 8.4 74.8
    endloop
  endfacet
  facet normal 0 0 1
    outer loop
      vertex 68.7359 9.1778 74.8
      vertex 66.5741 10.6223 74.8
      vertex 68.6653 9.05995 74.8
    endloop
  endfacet
  facet normal -0 0 1
    outer loop
      vertex 66.3723 10.2856 74.8
      vertex 68.6653 9.05995 74.8
      vertex 66.5741 10.6223 74.8
    endloop
  endfacet
  facet normal 0 0 1
    outer loop
      vertex 69.24 7.16531 74.8
      vertex 68.0144 4.87232 74.8
      vertex 68.3693 4.70448 74.8
    endloop
  endfacet
  facet normal 0 0 1
    outer loop
      vertex 68.6653 9.05995 74.8
      vertex 66.3723 10.2856 74.8
      vertex 68.6066 8.93576 74.8
    endloop
  endfacet
  facet normal 0 0 1
    outer loop
      vertex 69.1222 7.23594 74.8
      vertex 67.6777 5.07412 74.8
      vertex 68.0144 4.87232 74.8
    endloop
  endfacet
  facet normal -0 0 1
    outer loop
      vertex 66.2045 9.93073 74.8
      vertex 68.6066 8.93576 74.8
      vertex 66.3723 10.2856 74.8
    endloop
  endfacet
  facet normal 0 0 1
    outer loop
      vertex 69.0118 7.31779 74.8
      vertex 67.3624 5.30796 74.8
      vertex 67.6777 5.07412 74.8
    endloop
  endfacet
  facet normal 0 0 1
    outer loop
      vertex 68.6066 8.93576 74.8
      vertex 66.2045 9.93073 74.8
      vertex 68.5603 8.8064 74.8
    endloop
  endfacet
  facet normal 0 0 1
    outer loop
      vertex 68.91 7.41005 74.8
      vertex 67.0716 5.57157 74.8
      vertex 67.3624 5.30796 74.8
    endloop
  endfacet
  facet normal -0 0 1
    outer loop
      vertex 66.0722 9.56114 74.8
      vertex 68.5603 8.8064 74.8
      vertex 66.2045 9.93073 74.8
    endloop
  endfacet
  facet normal 0 0 1
    outer loop
      vertex 68.8178 7.51185 74.8
      vertex 66.808 5.86243 74.8
      vertex 67.0716 5.57157 74.8
    endloop
  endfacet
  facet normal 0 0 1
    outer loop
      vertex 68.5603 8.8064 74.8
      vertex 66.0722 9.56114 74.8
      vertex 68.5269 8.67313 74.8
    endloop
  endfacet
  facet normal 0 0 1
    outer loop
      vertex 68.7359 7.6222 74.8
      vertex 66.5741 6.17772 74.8
      vertex 66.808 5.86243 74.8
    endloop
  endfacet
  facet normal -0 0 1
    outer loop
      vertex 65.9769 9.18036 74.8
      vertex 68.5269 8.67313 74.8
      vertex 66.0722 9.56114 74.8
    endloop
  endfacet
  facet normal 0 0 1
    outer loop
      vertex 68.6653 7.74005 74.8
      vertex 66.3723 6.51441 74.8
      vertex 66.5741 6.17772 74.8
    endloop
  endfacet
  facet normal 0 0 1
    outer loop
      vertex 68.5269 8.67313 74.8
      vertex 65.9769 9.18036 74.8
      vertex 68.5067 8.53722 74.8
    endloop
  endfacet
  facet normal 0 0 1
    outer loop
      vertex 68.6066 7.86424 74.8
      vertex 66.2045 6.86927 74.8
      vertex 66.3723 6.51441 74.8
    endloop
  endfacet
  facet normal -0 0 1
    outer loop
      vertex 65.9193 8.79207 74.8
      vertex 68.5067 8.53722 74.8
      vertex 65.9769 9.18036 74.8
    endloop
  endfacet
  facet normal 0 0 1
    outer loop
      vertex 68.5603 7.9936 74.8
      vertex 66.0722 7.23886 74.8
      vertex 66.2045 6.86927 74.8
    endloop
  endfacet
  facet normal 0 0 1
    outer loop
      vertex 68.5067 8.53722 74.8
      vertex 65.9193 8.79207 74.8
      vertex 68.5 8.4 74.8
    endloop
  endfacet
  facet normal 0 0 1
    outer loop
      vertex 68.5269 8.12687 74.8
      vertex 65.9769 7.61964 74.8
      vertex 66.0722 7.23886 74.8
    endloop
  endfacet
  facet normal 0 0 1
    outer loop
      vertex 65.9 8.4 74.8
      vertex 68.5 8.4 74.8
      vertex 65.9193 8.79207 74.8
    endloop
  endfacet
  facet normal 0 0 1
    outer loop
      vertex 68.5067 8.26278 74.8
      vertex 65.9193 8.00793 74.8
      vertex 65.9769 7.61964 74.8
    endloop
  endfacet
  facet normal 0 0 1
    outer loop
      vertex 68.5 8.4 74.8
      vertex 65.9 8.4 74.8
      vertex 65.9193 8.00793 74.8
    endloop
  endfacet
  facet normal -0.049061 -0.998796 0
    outer loop
      vertex 69.5079 4.41926 63.2
      vertex 69.9 4.4 74.8
      vertex 69.5079 4.41926 74.8
    endloop
  endfacet
  facet normal -0.049061 -0.998796 -0
    outer loop
      vertex 69.9 4.4 74.8
      vertex 69.5079 4.41926 63.2
      vertex 69.9 4.4 63.2
    endloop
  endfacet
  facet normal -0.998791 0.0491664 0
    outer loop
      vertex 65.9 8.4 63.2
      vertex 65.9193 8.79207 74.8
      vertex 65.9193 8.79207 63.2
    endloop
  endfacet
  facet normal -0.998791 0.0491664 0
    outer loop
      vertex 65.9193 8.79207 74.8
      vertex 65.9 8.4 63.2
      vertex 65.9 8.4 74.8
    endloop
  endfacet
  facet normal -0.336879 -0.941548 0
    outer loop
      vertex 68.3693 4.70448 63.2
      vertex 68.7389 4.57224 74.8
      vertex 68.3693 4.70448 74.8
    endloop
  endfacet
  facet normal -0.336879 -0.941548 -0
    outer loop
      vertex 68.7389 4.57224 74.8
      vertex 68.3693 4.70448 63.2
      vertex 68.7389 4.57224 63.2
    endloop
  endfacet
  facet normal 0.740977 -0.671531 0
    outer loop
      vertex 72.7284 5.57157 74.8
      vertex 72.992 5.86243 63.2
      vertex 72.992 5.86243 74.8
    endloop
  endfacet
  facet normal 0.740977 -0.671531 0
    outer loop
      vertex 72.992 5.86243 63.2
      vertex 72.7284 5.57157 74.8
      vertex 72.7284 5.57157 63.2
    endloop
  endfacet
  facet normal 0.671621 -0.740895 0
    outer loop
      vertex 72.4376 5.30796 63.2
      vertex 72.7284 5.57157 74.8
      vertex 72.4376 5.30796 74.8
    endloop
  endfacet
  facet normal 0.671621 -0.740895 0
    outer loop
      vertex 72.7284 5.57157 74.8
      vertex 72.4376 5.30796 63.2
      vertex 72.7284 5.57157 63.2
    endloop
  endfacet
  facet normal -0.989135 -0.147013 0
    outer loop
      vertex 71.2933 8.53722 63.2
      vertex 71.2731 8.67313 74.8
      vertex 71.2731 8.67313 63.2
    endloop
  endfacet
  facet normal -0.989135 -0.147013 0
    outer loop
      vertex 71.2731 8.67313 74.8
      vertex 71.2933 8.53722 63.2
      vertex 71.2933 8.53722 74.8
    endloop
  endfacet
  facet normal -0.99881 -0.0487686 0
    outer loop
      vertex 71.3 8.4 63.2
      vertex 71.2933 8.53722 74.8
      vertex 71.2933 8.53722 63.2
    endloop
  endfacet
  facet normal -0.99881 -0.0487686 0
    outer loop
      vertex 71.2933 8.53722 74.8
      vertex 71.3 8.4 63.2
      vertex 71.3 8.4 74.8
    endloop
  endfacet
  facet normal -0.970001 -0.243101 0
    outer loop
      vertex 71.2731 8.67313 63.2
      vertex 71.2397 8.8064 74.8
      vertex 71.2397 8.8064 63.2
    endloop
  endfacet
  facet normal -0.970001 -0.243101 0
    outer loop
      vertex 71.2397 8.8064 74.8
      vertex 71.2731 8.67313 63.2
      vertex 71.2731 8.67313 74.8
    endloop
  endfacet
  facet normal -0.427542 -0.903996 0
    outer loop
      vertex 70.4358 9.69343 63.2
      vertex 70.56 9.63469 74.8
      vertex 70.4358 9.69343 74.8
    endloop
  endfacet
  facet normal -0.427542 -0.903996 -0
    outer loop
      vertex 70.56 9.63469 74.8
      vertex 70.4358 9.69343 63.2
      vertex 70.56 9.63469 63.2
    endloop
  endfacet
  facet normal 0.242912 0.970048 -0
    outer loop
      vertex 69.6269 7.0269 63.2
      vertex 69.4936 7.06028 74.8
      vertex 69.6269 7.0269 74.8
    endloop
  endfacet
  facet normal 0.242912 0.970048 0
    outer loop
      vertex 69.4936 7.06028 74.8
      vertex 69.6269 7.0269 63.2
      vertex 69.4936 7.06028 63.2
    endloop
  endfacet
  facet normal 0.857846 0.513907 0
    outer loop
      vertex 68.7359 7.6222 74.8
      vertex 68.6653 7.74005 63.2
      vertex 68.6653 7.74005 74.8
    endloop
  endfacet
  facet normal 0.857846 0.513907 0
    outer loop
      vertex 68.6653 7.74005 63.2
      vertex 68.7359 7.6222 74.8
      vertex 68.7359 7.6222 63.2
    endloop
  endfacet
  facet normal -0.146739 0.989175 0
    outer loop
      vertex 70.1731 7.0269 63.2
      vertex 70.0372 7.00674 74.8
      vertex 70.1731 7.0269 74.8
    endloop
  endfacet
  facet normal -0.146739 0.989175 0
    outer loop
      vertex 70.0372 7.00674 74.8
      vertex 70.1731 7.0269 63.2
      vertex 70.0372 7.00674 63.2
    endloop
  endfacet
  facet normal -0.740829 -0.671694 0
    outer loop
      vertex 70.9822 9.28815 63.2
      vertex 70.8899 9.38995 74.8
      vertex 70.8899 9.38995 63.2
    endloop
  endfacet
  facet normal -0.740829 -0.671694 0
    outer loop
      vertex 70.8899 9.38995 74.8
      vertex 70.9822 9.28815 63.2
      vertex 70.9822 9.28815 74.8
    endloop
  endfacet
  facet normal 0.514228 -0.857653 0
    outer loop
      vertex 69.1222 9.56406 63.2
      vertex 69.24 9.63469 74.8
      vertex 69.1222 9.56406 74.8
    endloop
  endfacet
  facet normal 0.514228 -0.857653 0
    outer loop
      vertex 69.24 9.63469 74.8
      vertex 69.1222 9.56406 63.2
      vertex 69.24 9.63469 63.2
    endloop
  endfacet
  facet normal -0.740829 0.671694 0
    outer loop
      vertex 70.8899 7.41005 63.2
      vertex 70.9822 7.51185 74.8
      vertex 70.9822 7.51185 63.2
    endloop
  endfacet
  facet normal -0.740829 0.671694 0
    outer loop
      vertex 70.9822 7.51185 74.8
      vertex 70.8899 7.41005 63.2
      vertex 70.8899 7.41005 74.8
    endloop
  endfacet
  facet normal -0.514228 0.857653 0
    outer loop
      vertex 70.6778 7.23594 63.2
      vertex 70.56 7.16531 74.8
      vertex 70.6778 7.23594 74.8
    endloop
  endfacet
  facet normal -0.514228 0.857653 0
    outer loop
      vertex 70.56 7.16531 74.8
      vertex 70.6778 7.23594 63.2
      vertex 70.56 7.16531 63.2
    endloop
  endfacet
  facet normal -0.242912 -0.970048 0
    outer loop
      vertex 70.1731 9.7731 63.2
      vertex 70.3064 9.73972 74.8
      vertex 70.1731 9.7731 74.8
    endloop
  endfacet
  facet normal -0.242912 -0.970048 -0
    outer loop
      vertex 70.3064 9.73972 74.8
      vertex 70.1731 9.7731 63.2
      vertex 70.3064 9.73972 63.2
    endloop
  endfacet
  facet normal 0.989135 -0.147013 0
    outer loop
      vertex 68.5067 8.53722 74.8
      vertex 68.5269 8.67313 63.2
      vertex 68.5269 8.67313 74.8
    endloop
  endfacet
  facet normal 0.989135 -0.147013 0
    outer loop
      vertex 68.5269 8.67313 63.2
      vertex 68.5067 8.53722 74.8
      vertex 68.5067 8.53722 63.2
    endloop
  endfacet
  facet normal -0.857846 -0.513907 0
    outer loop
      vertex 71.1347 9.05995 63.2
      vertex 71.0641 9.1778 74.8
      vertex 71.0641 9.1778 63.2
    endloop
  endfacet
  facet normal -0.857846 -0.513907 0
    outer loop
      vertex 71.0641 9.1778 74.8
      vertex 71.1347 9.05995 63.2
      vertex 71.1347 9.05995 74.8
    endloop
  endfacet
  facet normal -0.970001 0.243101 0
    outer loop
      vertex 71.2397 7.9936 63.2
      vertex 71.2731 8.12687 74.8
      vertex 71.2731 8.12687 63.2
    endloop
  endfacet
  facet normal -0.970001 0.243101 0
    outer loop
      vertex 71.2731 8.12687 74.8
      vertex 71.2397 7.9936 63.2
      vertex 71.2397 7.9936 74.8
    endloop
  endfacet
  facet normal 0.146739 0.989175 -0
    outer loop
      vertex 69.7628 7.00674 63.2
      vertex 69.6269 7.0269 74.8
      vertex 69.7628 7.00674 74.8
    endloop
  endfacet
  facet normal 0.146739 0.989175 0
    outer loop
      vertex 69.6269 7.0269 74.8
      vertex 69.7628 7.00674 63.2
      vertex 69.6269 7.0269 63.2
    endloop
  endfacet
  facet normal 0.99881 0.0487686 0
    outer loop
      vertex 68.5067 8.26278 74.8
      vertex 68.5 8.4 63.2
      vertex 68.5 8.4 74.8
    endloop
  endfacet
  facet normal 0.99881 0.0487686 0
    outer loop
      vertex 68.5 8.4 63.2
      vertex 68.5067 8.26278 74.8
      vertex 68.5067 8.26278 63.2
    endloop
  endfacet
  facet normal -0.146739 -0.989175 0
    outer loop
      vertex 70.0372 9.79326 63.2
      vertex 70.1731 9.7731 74.8
      vertex 70.0372 9.79326 74.8
    endloop
  endfacet
  facet normal -0.146739 -0.989175 -0
    outer loop
      vertex 70.1731 9.7731 74.8
      vertex 70.0372 9.79326 63.2
      vertex 70.1731 9.7731 63.2
    endloop
  endfacet
  facet normal -0.941511 -0.336982 0
    outer loop
      vertex 71.2397 8.8064 63.2
      vertex 71.1934 8.93576 74.8
      vertex 71.1934 8.93576 63.2
    endloop
  endfacet
  facet normal -0.941511 -0.336982 0
    outer loop
      vertex 71.1934 8.93576 74.8
      vertex 71.2397 8.8064 63.2
      vertex 71.2397 8.8064 74.8
    endloop
  endfacet
  facet normal -0.671534 -0.740973 0
    outer loop
      vertex 70.7881 9.48221 63.2
      vertex 70.8899 9.38995 74.8
      vertex 70.7881 9.48221 74.8
    endloop
  endfacet
  facet normal -0.671534 -0.740973 -0
    outer loop
      vertex 70.8899 9.38995 74.8
      vertex 70.7881 9.48221 63.2
      vertex 70.8899 9.38995 63.2
    endloop
  endfacet
  facet normal 0.741191 -0.671295 0
    outer loop
      vertex 68.8178 9.28815 74.8
      vertex 68.91 9.38995 63.2
      vertex 68.91 9.38995 74.8
    endloop
  endfacet
  facet normal 0.741191 -0.671295 0
    outer loop
      vertex 68.91 9.38995 63.2
      vertex 68.8178 9.28815 74.8
      vertex 68.8178 9.28815 63.2
    endloop
  endfacet
  facet normal 0.970001 0.243101 0
    outer loop
      vertex 68.5603 7.9936 74.8
      vertex 68.5269 8.12687 63.2
      vertex 68.5269 8.12687 74.8
    endloop
  endfacet
  facet normal 0.970001 0.243101 0
    outer loop
      vertex 68.5269 8.12687 63.2
      vertex 68.5603 7.9936 74.8
      vertex 68.5603 7.9936 63.2
    endloop
  endfacet
  facet normal 0.336825 -0.941567 0
    outer loop
      vertex 69.3642 9.69343 63.2
      vertex 69.4936 9.73972 74.8
      vertex 69.3642 9.69343 74.8
    endloop
  endfacet
  facet normal 0.336825 -0.941567 0
    outer loop
      vertex 69.4936 9.73972 74.8
      vertex 69.3642 9.69343 63.2
      vertex 69.4936 9.73972 63.2
    endloop
  endfacet
  facet normal 0.941511 0.336982 0
    outer loop
      vertex 68.6066 7.86424 74.8
      vertex 68.5603 7.9936 63.2
      vertex 68.5603 7.9936 74.8
    endloop
  endfacet
  facet normal 0.941511 0.336982 0
    outer loop
      vertex 68.5603 7.9936 63.2
      vertex 68.6066 7.86424 74.8
      vertex 68.6066 7.86424 63.2
    endloop
  endfacet
  facet normal -0.336825 -0.941567 0
    outer loop
      vertex 70.3064 9.73972 63.2
      vertex 70.4358 9.69343 74.8
      vertex 70.3064 9.73972 74.8
    endloop
  endfacet
  facet normal -0.336825 -0.941567 -0
    outer loop
      vertex 70.4358 9.69343 74.8
      vertex 70.3064 9.73972 63.2
      vertex 70.4358 9.69343 63.2
    endloop
  endfacet
  facet normal 0.803003 -0.595976 0
    outer loop
      vertex 68.7359 9.1778 74.8
      vertex 68.8178 9.28815 63.2
      vertex 68.8178 9.28815 74.8
    endloop
  endfacet
  facet normal 0.803003 -0.595976 0
    outer loop
      vertex 68.8178 9.28815 63.2
      vertex 68.7359 9.1778 74.8
      vertex 68.7359 9.1778 63.2
    endloop
  endfacet
  facet normal -0.803003 -0.595976 0
    outer loop
      vertex 71.0641 9.1778 63.2
      vertex 70.9822 9.28815 74.8
      vertex 70.9822 9.28815 63.2
    endloop
  endfacet
  facet normal -0.803003 -0.595976 0
    outer loop
      vertex 70.9822 9.28815 74.8
      vertex 71.0641 9.1778 63.2
      vertex 71.0641 9.1778 74.8
    endloop
  endfacet
  facet normal 0.970001 -0.243101 0
    outer loop
      vertex 68.5269 8.67313 74.8
      vertex 68.5603 8.8064 63.2
      vertex 68.5603 8.8064 74.8
    endloop
  endfacet
  facet normal 0.970001 -0.243101 0
    outer loop
      vertex 68.5603 8.8064 63.2
      vertex 68.5269 8.67313 74.8
      vertex 68.5269 8.67313 63.2
    endloop
  endfacet
  facet normal 0.671534 -0.740973 0
    outer loop
      vertex 68.91 9.38995 63.2
      vertex 69.0118 9.48221 74.8
      vertex 68.91 9.38995 74.8
    endloop
  endfacet
  facet normal 0.671534 -0.740973 0
    outer loop
      vertex 69.0118 9.48221 74.8
      vertex 68.91 9.38995 63.2
      vertex 69.0118 9.48221 63.2
    endloop
  endfacet
  facet normal -0.427542 0.903996 0
    outer loop
      vertex 70.56 7.16531 63.2
      vertex 70.4358 7.10657 74.8
      vertex 70.56 7.16531 74.8
    endloop
  endfacet
  facet normal -0.427542 0.903996 0
    outer loop
      vertex 70.4358 7.10657 74.8
      vertex 70.56 7.16531 63.2
      vertex 70.4358 7.10657 63.2
    endloop
  endfacet
  facet normal 0.242912 -0.970048 0
    outer loop
      vertex 69.4936 9.73972 63.2
      vertex 69.6269 9.7731 74.8
      vertex 69.4936 9.73972 74.8
    endloop
  endfacet
  facet normal 0.242912 -0.970048 0
    outer loop
      vertex 69.6269 9.7731 74.8
      vertex 69.4936 9.73972 63.2
      vertex 69.6269 9.7731 63.2
    endloop
  endfacet
  facet normal 0.941511 -0.336982 0
    outer loop
      vertex 68.5603 8.8064 74.8
      vertex 68.6066 8.93576 63.2
      vertex 68.6066 8.93576 74.8
    endloop
  endfacet
  facet normal 0.941511 -0.336982 0
    outer loop
      vertex 68.6066 8.93576 63.2
      vertex 68.5603 8.8064 74.8
      vertex 68.5603 8.8064 63.2
    endloop
  endfacet
  facet normal -0.514228 -0.857653 0
    outer loop
      vertex 70.56 9.63469 63.2
      vertex 70.6778 9.56406 74.8
      vertex 70.56 9.63469 74.8
    endloop
  endfacet
  facet normal -0.514228 -0.857653 -0
    outer loop
      vertex 70.6778 9.56406 74.8
      vertex 70.56 9.63469 63.2
      vertex 70.6778 9.56406 63.2
    endloop
  endfacet
  facet normal 0.514228 0.857653 -0
    outer loop
      vertex 69.24 7.16531 63.2
      vertex 69.1222 7.23594 74.8
      vertex 69.24 7.16531 74.8
    endloop
  endfacet
  facet normal 0.514228 0.857653 0
    outer loop
      vertex 69.1222 7.23594 74.8
      vertex 69.24 7.16531 63.2
      vertex 69.1222 7.23594 63.2
    endloop
  endfacet
  facet normal 0.595567 -0.803306 0
    outer loop
      vertex 69.0118 9.48221 63.2
      vertex 69.1222 9.56406 74.8
      vertex 69.0118 9.48221 74.8
    endloop
  endfacet
  facet normal 0.595567 -0.803306 0
    outer loop
      vertex 69.1222 9.56406 74.8
      vertex 69.0118 9.48221 63.2
      vertex 69.1222 9.56406 63.2
    endloop
  endfacet
  facet normal -0.0490662 0.998796 0
    outer loop
      vertex 70.0372 7.00674 63.2
      vertex 69.9 7 74.8
      vertex 70.0372 7.00674 74.8
    endloop
  endfacet
  facet normal -0.0490662 0.998796 0
    outer loop
      vertex 69.9 7 74.8
      vertex 70.0372 7.00674 63.2
      vertex 69.9 7 63.2
    endloop
  endfacet
  facet normal -0.941511 0.336982 0
    outer loop
      vertex 71.1934 7.86424 63.2
      vertex 71.2397 7.9936 74.8
      vertex 71.2397 7.9936 63.2
    endloop
  endfacet
  facet normal -0.941511 0.336982 0
    outer loop
      vertex 71.2397 7.9936 74.8
      vertex 71.1934 7.86424 63.2
      vertex 71.1934 7.86424 74.8
    endloop
  endfacet
  facet normal -0.803003 0.595976 0
    outer loop
      vertex 70.9822 7.51185 63.2
      vertex 71.0641 7.6222 74.8
      vertex 71.0641 7.6222 63.2
    endloop
  endfacet
  facet normal -0.803003 0.595976 0
    outer loop
      vertex 71.0641 7.6222 74.8
      vertex 70.9822 7.51185 63.2
      vertex 70.9822 7.51185 74.8
    endloop
  endfacet
  facet normal -0.989135 0.147013 0
    outer loop
      vertex 71.2731 8.12687 63.2
      vertex 71.2933 8.26278 74.8
      vertex 71.2933 8.26278 63.2
    endloop
  endfacet
  facet normal -0.989135 0.147013 0
    outer loop
      vertex 71.2933 8.26278 74.8
      vertex 71.2731 8.12687 63.2
      vertex 71.2731 8.12687 74.8
    endloop
  endfacet
  facet normal 0.857846 -0.513907 0
    outer loop
      vertex 68.6653 9.05995 74.8
      vertex 68.7359 9.1778 63.2
      vertex 68.7359 9.1778 74.8
    endloop
  endfacet
  facet normal 0.857846 -0.513907 0
    outer loop
      vertex 68.7359 9.1778 63.2
      vertex 68.6653 9.05995 74.8
      vertex 68.6653 9.05995 63.2
    endloop
  endfacet
  facet normal -0.904095 -0.427332 0
    outer loop
      vertex 71.1934 8.93576 63.2
      vertex 71.1347 9.05995 74.8
      vertex 71.1347 9.05995 63.2
    endloop
  endfacet
  facet normal -0.904095 -0.427332 0
    outer loop
      vertex 71.1347 9.05995 74.8
      vertex 71.1934 8.93576 63.2
      vertex 71.1934 8.93576 74.8
    endloop
  endfacet
  facet normal 0.427542 -0.903996 0
    outer loop
      vertex 69.24 9.63469 63.2
      vertex 69.3642 9.69343 74.8
      vertex 69.24 9.63469 74.8
    endloop
  endfacet
  facet normal 0.427542 -0.903996 0
    outer loop
      vertex 69.3642 9.69343 74.8
      vertex 69.24 9.63469 63.2
      vertex 69.3642 9.69343 63.2
    endloop
  endfacet
  facet normal -0.595915 0.803047 0
    outer loop
      vertex 70.7881 7.31779 63.2
      vertex 70.6778 7.23594 74.8
      vertex 70.7881 7.31779 74.8
    endloop
  endfacet
  facet normal -0.595915 0.803047 0
    outer loop
      vertex 70.6778 7.23594 74.8
      vertex 70.7881 7.31779 63.2
      vertex 70.6778 7.23594 63.2
    endloop
  endfacet
  facet normal -0.595915 -0.803047 0
    outer loop
      vertex 70.6778 9.56406 63.2
      vertex 70.7881 9.48221 74.8
      vertex 70.6778 9.56406 74.8
    endloop
  endfacet
  facet normal -0.595915 -0.803047 -0
    outer loop
      vertex 70.7881 9.48221 74.8
      vertex 70.6778 9.56406 63.2
      vertex 70.7881 9.48221 63.2
    endloop
  endfacet
  facet normal 0.671534 0.740973 -0
    outer loop
      vertex 69.0118 7.31779 63.2
      vertex 68.91 7.41005 74.8
      vertex 69.0118 7.31779 74.8
    endloop
  endfacet
  facet normal 0.671534 0.740973 0
    outer loop
      vertex 68.91 7.41005 74.8
      vertex 69.0118 7.31779 63.2
      vertex 68.91 7.41005 63.2
    endloop
  endfacet
  facet normal -0.99881 0.0487686 0
    outer loop
      vertex 71.2933 8.26278 63.2
      vertex 71.3 8.4 74.8
      vertex 71.3 8.4 63.2
    endloop
  endfacet
  facet normal -0.99881 0.0487686 0
    outer loop
      vertex 71.3 8.4 74.8
      vertex 71.2933 8.26278 63.2
      vertex 71.2933 8.26278 74.8
    endloop
  endfacet
  facet normal 0.803003 0.595976 0
    outer loop
      vertex 68.8178 7.51185 74.8
      vertex 68.7359 7.6222 63.2
      vertex 68.7359 7.6222 74.8
    endloop
  endfacet
  facet normal 0.803003 0.595976 0
    outer loop
      vertex 68.7359 7.6222 63.2
      vertex 68.8178 7.51185 74.8
      vertex 68.8178 7.51185 63.2
    endloop
  endfacet
  facet normal 0.904095 0.427332 0
    outer loop
      vertex 68.6653 7.74005 74.8
      vertex 68.6066 7.86424 63.2
      vertex 68.6066 7.86424 74.8
    endloop
  endfacet
  facet normal 0.904095 0.427332 0
    outer loop
      vertex 68.6066 7.86424 63.2
      vertex 68.6653 7.74005 74.8
      vertex 68.6653 7.74005 63.2
    endloop
  endfacet
  facet normal -0.0490662 -0.998796 0
    outer loop
      vertex 69.9 9.8 63.2
      vertex 70.0372 9.79326 74.8
      vertex 69.9 9.8 74.8
    endloop
  endfacet
  facet normal -0.0490662 -0.998796 -0
    outer loop
      vertex 70.0372 9.79326 74.8
      vertex 69.9 9.8 63.2
      vertex 70.0372 9.79326 63.2
    endloop
  endfacet
  facet normal 0.0490662 -0.998796 0
    outer loop
      vertex 69.7628 9.79326 63.2
      vertex 69.9 9.8 74.8
      vertex 69.7628 9.79326 74.8
    endloop
  endfacet
  facet normal 0.0490662 -0.998796 0
    outer loop
      vertex 69.9 9.8 74.8
      vertex 69.7628 9.79326 63.2
      vertex 69.9 9.8 63.2
    endloop
  endfacet
  facet normal 0.427542 0.903996 -0
    outer loop
      vertex 69.3642 7.10657 63.2
      vertex 69.24 7.16531 74.8
      vertex 69.3642 7.10657 74.8
    endloop
  endfacet
  facet normal 0.427542 0.903996 0
    outer loop
      vertex 69.24 7.16531 74.8
      vertex 69.3642 7.10657 63.2
      vertex 69.24 7.16531 63.2
    endloop
  endfacet
  facet normal 0.146739 -0.989175 0
    outer loop
      vertex 69.6269 9.7731 63.2
      vertex 69.7628 9.79326 74.8
      vertex 69.6269 9.7731 74.8
    endloop
  endfacet
  facet normal 0.146739 -0.989175 0
    outer loop
      vertex 69.7628 9.79326 74.8
      vertex 69.6269 9.7731 63.2
      vertex 69.7628 9.79326 63.2
    endloop
  endfacet
  facet normal 0.989135 0.147013 0
    outer loop
      vertex 68.5269 8.12687 74.8
      vertex 68.5067 8.26278 63.2
      vertex 68.5067 8.26278 74.8
    endloop
  endfacet
  facet normal 0.989135 0.147013 0
    outer loop
      vertex 68.5067 8.26278 63.2
      vertex 68.5269 8.12687 74.8
      vertex 68.5269 8.12687 63.2
    endloop
  endfacet
  facet normal -0.336825 0.941567 0
    outer loop
      vertex 70.4358 7.10657 63.2
      vertex 70.3064 7.06028 74.8
      vertex 70.4358 7.10657 74.8
    endloop
  endfacet
  facet normal -0.336825 0.941567 0
    outer loop
      vertex 70.3064 7.06028 74.8
      vertex 70.4358 7.10657 63.2
      vertex 70.3064 7.06028 63.2
    endloop
  endfacet
  facet normal -0.242912 0.970048 0
    outer loop
      vertex 70.3064 7.06028 63.2
      vertex 70.1731 7.0269 74.8
      vertex 70.3064 7.06028 74.8
    endloop
  endfacet
  facet normal -0.242912 0.970048 0
    outer loop
      vertex 70.1731 7.0269 74.8
      vertex 70.3064 7.06028 63.2
      vertex 70.1731 7.0269 63.2
    endloop
  endfacet
  facet normal 0.904095 -0.427332 0
    outer loop
      vertex 68.6066 8.93576 74.8
      vertex 68.6653 9.05995 63.2
      vertex 68.6653 9.05995 74.8
    endloop
  endfacet
  facet normal 0.904095 -0.427332 0
    outer loop
      vertex 68.6653 9.05995 63.2
      vertex 68.6066 8.93576 74.8
      vertex 68.6066 8.93576 63.2
    endloop
  endfacet
  facet normal 0.741191 0.671295 0
    outer loop
      vertex 68.91 7.41005 74.8
      vertex 68.8178 7.51185 63.2
      vertex 68.8178 7.51185 74.8
    endloop
  endfacet
  facet normal 0.741191 0.671295 0
    outer loop
      vertex 68.8178 7.51185 63.2
      vertex 68.91 7.41005 74.8
      vertex 68.91 7.41005 63.2
    endloop
  endfacet
  facet normal 0.595567 0.803306 -0
    outer loop
      vertex 69.1222 7.23594 63.2
      vertex 69.0118 7.31779 74.8
      vertex 69.1222 7.23594 74.8
    endloop
  endfacet
  facet normal 0.595567 0.803306 0
    outer loop
      vertex 69.0118 7.31779 74.8
      vertex 69.1222 7.23594 63.2
      vertex 69.0118 7.31779 63.2
    endloop
  endfacet
  facet normal -0.904095 0.427332 0
    outer loop
      vertex 71.1347 7.74005 63.2
      vertex 71.1934 7.86424 74.8
      vertex 71.1934 7.86424 63.2
    endloop
  endfacet
  facet normal -0.904095 0.427332 0
    outer loop
      vertex 71.1934 7.86424 74.8
      vertex 71.1347 7.74005 63.2
      vertex 71.1347 7.74005 74.8
    endloop
  endfacet
  facet normal -0.857846 0.513907 0
    outer loop
      vertex 71.0641 7.6222 63.2
      vertex 71.1347 7.74005 74.8
      vertex 71.1347 7.74005 63.2
    endloop
  endfacet
  facet normal -0.857846 0.513907 0
    outer loop
      vertex 71.1347 7.74005 74.8
      vertex 71.0641 7.6222 63.2
      vertex 71.0641 7.6222 74.8
    endloop
  endfacet
  facet normal 0.0490662 0.998796 -0
    outer loop
      vertex 69.9 7 63.2
      vertex 69.7628 7.00674 74.8
      vertex 69.9 7 74.8
    endloop
  endfacet
  facet normal 0.0490662 0.998796 0
    outer loop
      vertex 69.7628 7.00674 74.8
      vertex 69.9 7 63.2
      vertex 69.7628 7.00674 63.2
    endloop
  endfacet
  facet normal 0.99881 -0.0487686 0
    outer loop
      vertex 68.5 8.4 74.8
      vertex 68.5067 8.53722 63.2
      vertex 68.5067 8.53722 74.8
    endloop
  endfacet
  facet normal 0.99881 -0.0487686 0
    outer loop
      vertex 68.5067 8.53722 63.2
      vertex 68.5 8.4 74.8
      vertex 68.5 8.4 63.2
    endloop
  endfacet
  facet normal 0.336825 0.941567 -0
    outer loop
      vertex 69.4936 7.06028 63.2
      vertex 69.3642 7.10657 74.8
      vertex 69.4936 7.06028 74.8
    endloop
  endfacet
  facet normal 0.336825 0.941567 0
    outer loop
      vertex 69.3642 7.10657 74.8
      vertex 69.4936 7.06028 63.2
      vertex 69.3642 7.10657 63.2
    endloop
  endfacet
  facet normal -0.671534 0.740973 0
    outer loop
      vertex 70.8899 7.41005 63.2
      vertex 70.7881 7.31779 74.8
      vertex 70.8899 7.41005 74.8
    endloop
  endfacet
  facet normal -0.671534 0.740973 0
    outer loop
      vertex 70.7881 7.31779 74.8
      vertex 70.8899 7.41005 63.2
      vertex 70.7881 7.31779 63.2
    endloop
  endfacet
  facet normal -0.42744 -0.904044 0
    outer loop
      vertex 68.0144 46.8723 63.2
      vertex 68.3693 46.7045 74.8
      vertex 68.0144 46.8723 74.8
    endloop
  endfacet
  facet normal -0.42744 -0.904044 -0
    outer loop
      vertex 68.3693 46.7045 74.8
      vertex 68.0144 46.8723 63.2
      vertex 68.3693 46.7045 63.2
    endloop
  endfacet
  facet normal 0.989176 0.146733 0
    outer loop
      vertex 73.8807 50.7921 74.8
      vertex 73.8231 51.1804 63.2
      vertex 73.8231 51.1804 74.8
    endloop
  endfacet
  facet normal 0.989176 0.146733 0
    outer loop
      vertex 73.8231 51.1804 63.2
      vertex 73.8807 50.7921 74.8
      vertex 73.8807 50.7921 63.2
    endloop
  endfacet
  facet normal 0.998791 0.0491626 0
    outer loop
      vertex 73.9 50.4 74.8
      vertex 73.8807 50.7921 63.2
      vertex 73.8807 50.7921 74.8
    endloop
  endfacet
  facet normal 0.998791 0.0491626 0
    outer loop
      vertex 73.8807 50.7921 63.2
      vertex 73.9 50.4 74.8
      vertex 73.9 50.4 63.2
    endloop
  endfacet
  facet normal 0.970068 0.242835 0
    outer loop
      vertex 73.8231 51.1804 74.8
      vertex 73.7278 51.5611 63.2
      vertex 73.7278 51.5611 74.8
    endloop
  endfacet
  facet normal 0.970068 0.242835 0
    outer loop
      vertex 73.7278 51.5611 63.2
      vertex 73.8231 51.1804 74.8
      vertex 73.8231 51.1804 63.2
    endloop
  endfacet
  facet normal 0.42744 -0.904044 0
    outer loop
      vertex 71.4307 46.7045 63.2
      vertex 71.7856 46.8723 74.8
      vertex 71.4307 46.7045 74.8
    endloop
  endfacet
  facet normal 0.42744 -0.904044 0
    outer loop
      vertex 71.7856 46.8723 74.8
      vertex 71.4307 46.7045 63.2
      vertex 71.7856 46.8723 63.2
    endloop
  endfacet
  facet normal -0.671607 0.740908 0
    outer loop
      vertex 67.3624 53.492 63.2
      vertex 67.0716 53.2284 74.8
      vertex 67.3624 53.492 74.8
    endloop
  endfacet
  facet normal -0.671607 0.740908 0
    outer loop
      vertex 67.0716 53.2284 74.8
      vertex 67.3624 53.492 63.2
      vertex 67.0716 53.2284 63.2
    endloop
  endfacet
  facet normal -0.970068 -0.242835 0
    outer loop
      vertex 66.0722 49.2389 63.2
      vertex 65.9769 49.6196 74.8
      vertex 65.9769 49.6196 63.2
    endloop
  endfacet
  facet normal -0.970068 -0.242835 0
    outer loop
      vertex 65.9769 49.6196 74.8
      vertex 66.0722 49.2389 63.2
      vertex 66.0722 49.2389 74.8
    endloop
  endfacet
  facet normal 0.42744 0.904044 -0
    outer loop
      vertex 71.7856 53.9277 63.2
      vertex 71.4307 54.0955 74.8
      vertex 71.7856 53.9277 74.8
    endloop
  endfacet
  facet normal 0.42744 0.904044 0
    outer loop
      vertex 71.4307 54.0955 74.8
      vertex 71.7856 53.9277 63.2
      vertex 71.4307 54.0955 63.2
    endloop
  endfacet
  facet normal -0.989176 0.146733 0
    outer loop
      vertex 65.9193 50.7921 63.2
      vertex 65.9769 51.1804 74.8
      vertex 65.9769 51.1804 63.2
    endloop
  endfacet
  facet normal -0.989176 0.146733 0
    outer loop
      vertex 65.9769 51.1804 74.8
      vertex 65.9193 50.7921 63.2
      vertex 65.9193 50.7921 74.8
    endloop
  endfacet
  facet normal -0.146733 -0.989176 0
    outer loop
      vertex 69.1196 46.4769 63.2
      vertex 69.5079 46.4193 74.8
      vertex 69.1196 46.4769 74.8
    endloop
  endfacet
  facet normal -0.146733 -0.989176 -0
    outer loop
      vertex 69.5079 46.4193 74.8
      vertex 69.1196 46.4769 63.2
      vertex 69.5079 46.4193 63.2
    endloop
  endfacet
  facet normal 0.242835 0.970068 -0
    outer loop
      vertex 71.0611 54.2278 63.2
      vertex 70.6804 54.3231 74.8
      vertex 71.0611 54.2278 74.8
    endloop
  endfacet
  facet normal 0.242835 0.970068 0
    outer loop
      vertex 70.6804 54.3231 74.8
      vertex 71.0611 54.2278 63.2
      vertex 70.6804 54.3231 63.2
    endloop
  endfacet
  facet normal -0.740908 0.671607 0
    outer loop
      vertex 66.808 52.9376 63.2
      vertex 67.0716 53.2284 74.8
      vertex 67.0716 53.2284 63.2
    endloop
  endfacet
  facet normal -0.740908 0.671607 0
    outer loop
      vertex 67.0716 53.2284 74.8
      vertex 66.808 52.9376 63.2
      vertex 66.808 52.9376 74.8
    endloop
  endfacet
  facet normal 0.514084 -0.85774 0
    outer loop
      vertex 71.7856 46.8723 63.2
      vertex 72.1223 47.0741 74.8
      vertex 71.7856 46.8723 74.8
    endloop
  endfacet
  facet normal 0.514084 -0.85774 0
    outer loop
      vertex 72.1223 47.0741 74.8
      vertex 71.7856 46.8723 63.2
      vertex 72.1223 47.0741 63.2
    endloop
  endfacet
  facet normal -0.242835 -0.970068 0
    outer loop
      vertex 68.7389 46.5722 63.2
      vertex 69.1196 46.4769 74.8
      vertex 68.7389 46.5722 74.8
    endloop
  endfacet
  facet normal -0.242835 -0.970068 -0
    outer loop
      vertex 69.1196 46.4769 74.8
      vertex 68.7389 46.5722 63.2
      vertex 69.1196 46.4769 63.2
    endloop
  endfacet
  facet normal -0.337014 0.9415 0
    outer loop
      vertex 68.7389 54.2278 63.2
      vertex 68.3693 54.0955 74.8
      vertex 68.7389 54.2278 74.8
    endloop
  endfacet
  facet normal -0.337014 0.9415 0
    outer loop
      vertex 68.3693 54.0955 74.8
      vertex 68.7389 54.2278 63.2
      vertex 68.3693 54.0955 63.2
    endloop
  endfacet
  facet normal 0.0491626 -0.998791 0
    outer loop
      vertex 69.9 46.4 63.2
      vertex 70.2921 46.4193 74.8
      vertex 69.9 46.4 74.8
    endloop
  endfacet
  facet normal 0.0491626 -0.998791 0
    outer loop
      vertex 70.2921 46.4193 74.8
      vertex 69.9 46.4 63.2
      vertex 70.2921 46.4193 63.2
    endloop
  endfacet
  facet normal 0.146733 -0.989176 0
    outer loop
      vertex 70.2921 46.4193 63.2
      vertex 70.6804 46.4769 74.8
      vertex 70.2921 46.4193 74.8
    endloop
  endfacet
  facet normal 0.146733 -0.989176 0
    outer loop
      vertex 70.6804 46.4769 74.8
      vertex 70.2921 46.4193 63.2
      vertex 70.6804 46.4769 63.2
    endloop
  endfacet
  facet normal -0.0491626 0.998791 0
    outer loop
      vertex 69.9 54.4 63.2
      vertex 69.5079 54.3807 74.8
      vertex 69.9 54.4 74.8
    endloop
  endfacet
  facet normal -0.0491626 0.998791 0
    outer loop
      vertex 69.5079 54.3807 74.8
      vertex 69.9 54.4 63.2
      vertex 69.5079 54.3807 63.2
    endloop
  endfacet
  facet normal -0.595794 -0.803137 0
    outer loop
      vertex 67.3624 47.308 63.2
      vertex 67.6777 47.0741 74.8
      vertex 67.3624 47.308 74.8
    endloop
  endfacet
  facet normal -0.595794 -0.803137 -0
    outer loop
      vertex 67.6777 47.0741 74.8
      vertex 67.3624 47.308 63.2
      vertex 67.6777 47.0741 63.2
    endloop
  endfacet
  facet normal -0.904044 -0.42744 0
    outer loop
      vertex 66.3723 48.5144 63.2
      vertex 66.2045 48.8693 74.8
      vertex 66.2045 48.8693 63.2
    endloop
  endfacet
  facet normal -0.904044 -0.42744 0
    outer loop
      vertex 66.2045 48.8693 74.8
      vertex 66.3723 48.5144 63.2
      vertex 66.3723 48.5144 74.8
    endloop
  endfacet
  facet normal -0.146733 0.989176 0
    outer loop
      vertex 69.5079 54.3807 63.2
      vertex 69.1196 54.3231 74.8
      vertex 69.5079 54.3807 74.8
    endloop
  endfacet
  facet normal -0.146733 0.989176 0
    outer loop
      vertex 69.1196 54.3231 74.8
      vertex 69.5079 54.3807 63.2
      vertex 69.1196 54.3231 63.2
    endloop
  endfacet
  facet normal 0.595794 -0.803137 0
    outer loop
      vertex 72.1223 47.0741 63.2
      vertex 72.4376 47.308 74.8
      vertex 72.1223 47.0741 74.8
    endloop
  endfacet
  facet normal 0.595794 -0.803137 0
    outer loop
      vertex 72.4376 47.308 74.8
      vertex 72.1223 47.0741 63.2
      vertex 72.4376 47.308 63.2
    endloop
  endfacet
  facet normal 0.0491626 0.998791 -0
    outer loop
      vertex 70.2921 54.3807 63.2
      vertex 69.9 54.4 74.8
      vertex 70.2921 54.3807 74.8
    endloop
  endfacet
  facet normal 0.0491626 0.998791 0
    outer loop
      vertex 69.9 54.4 74.8
      vertex 70.2921 54.3807 63.2
      vertex 69.9 54.4 63.2
    endloop
  endfacet
  facet normal 0.514084 0.85774 -0
    outer loop
      vertex 72.1223 53.7259 63.2
      vertex 71.7856 53.9277 74.8
      vertex 72.1223 53.7259 74.8
    endloop
  endfacet
  facet normal 0.514084 0.85774 0
    outer loop
      vertex 71.7856 53.9277 74.8
      vertex 72.1223 53.7259 63.2
      vertex 71.7856 53.9277 63.2
    endloop
  endfacet
  facet normal -0.998791 -0.0491626 0
    outer loop
      vertex 65.9193 50.0079 63.2
      vertex 65.9 50.4 74.8
      vertex 65.9 50.4 63.2
    endloop
  endfacet
  facet normal -0.998791 -0.0491626 0
    outer loop
      vertex 65.9 50.4 74.8
      vertex 65.9193 50.0079 63.2
      vertex 65.9193 50.0079 74.8
    endloop
  endfacet
  facet normal -0.904044 0.42744 0
    outer loop
      vertex 66.2045 51.9307 63.2
      vertex 66.3723 52.2856 74.8
      vertex 66.3723 52.2856 63.2
    endloop
  endfacet
  facet normal -0.904044 0.42744 0
    outer loop
      vertex 66.3723 52.2856 74.8
      vertex 66.2045 51.9307 63.2
      vertex 66.2045 51.9307 74.8
    endloop
  endfacet
  facet normal 0.970068 -0.242835 0
    outer loop
      vertex 73.7278 49.2389 74.8
      vertex 73.8231 49.6196 63.2
      vertex 73.8231 49.6196 74.8
    endloop
  endfacet
  facet normal 0.970068 -0.242835 0
    outer loop
      vertex 73.8231 49.6196 63.2
      vertex 73.7278 49.2389 74.8
      vertex 73.7278 49.2389 63.2
    endloop
  endfacet
  facet normal 0.740908 0.671607 0
    outer loop
      vertex 72.992 52.9376 74.8
      vertex 72.7284 53.2284 63.2
      vertex 72.7284 53.2284 74.8
    endloop
  endfacet
  facet normal 0.740908 0.671607 0
    outer loop
      vertex 72.7284 53.2284 63.2
      vertex 72.992 52.9376 74.8
      vertex 72.992 52.9376 63.2
    endloop
  endfacet
  facet normal 0.595794 0.803137 -0
    outer loop
      vertex 72.4376 53.492 63.2
      vertex 72.1223 53.7259 74.8
      vertex 72.4376 53.492 74.8
    endloop
  endfacet
  facet normal 0.595794 0.803137 0
    outer loop
      vertex 72.1223 53.7259 74.8
      vertex 72.4376 53.492 63.2
      vertex 72.1223 53.7259 63.2
    endloop
  endfacet
  facet normal -0.595794 0.803137 0
    outer loop
      vertex 67.6777 53.7259 63.2
      vertex 67.3624 53.492 74.8
      vertex 67.6777 53.7259 74.8
    endloop
  endfacet
  facet normal -0.595794 0.803137 0
    outer loop
      vertex 67.3624 53.492 74.8
      vertex 67.6777 53.7259 63.2
      vertex 67.3624 53.492 63.2
    endloop
  endfacet
  facet normal 0.803137 0.595794 0
    outer loop
      vertex 73.2259 52.6223 74.8
      vertex 72.992 52.9376 63.2
      vertex 72.992 52.9376 74.8
    endloop
  endfacet
  facet normal 0.803137 0.595794 0
    outer loop
      vertex 72.992 52.9376 63.2
      vertex 73.2259 52.6223 74.8
      vertex 73.2259 52.6223 63.2
    endloop
  endfacet
  facet normal 0.989176 -0.146733 0
    outer loop
      vertex 73.8231 49.6196 74.8
      vertex 73.8807 50.0079 63.2
      vertex 73.8807 50.0079 74.8
    endloop
  endfacet
  facet normal 0.989176 -0.146733 0
    outer loop
      vertex 73.8807 50.0079 63.2
      vertex 73.8231 49.6196 74.8
      vertex 73.8231 49.6196 63.2
    endloop
  endfacet
  facet normal -0.9415 0.337014 0
    outer loop
      vertex 66.0722 51.5611 63.2
      vertex 66.2045 51.9307 74.8
      vertex 66.2045 51.9307 63.2
    endloop
  endfacet
  facet normal -0.9415 0.337014 0
    outer loop
      vertex 66.2045 51.9307 74.8
      vertex 66.0722 51.5611 63.2
      vertex 66.0722 51.5611 74.8
    endloop
  endfacet
  facet normal 0.904044 -0.42744 0
    outer loop
      vertex 73.4277 48.5144 74.8
      vertex 73.5955 48.8693 63.2
      vertex 73.5955 48.8693 74.8
    endloop
  endfacet
  facet normal 0.904044 -0.42744 0
    outer loop
      vertex 73.5955 48.8693 63.2
      vertex 73.4277 48.5144 74.8
      vertex 73.4277 48.5144 63.2
    endloop
  endfacet
  facet normal 0.337014 0.9415 -0
    outer loop
      vertex 71.4307 54.0955 63.2
      vertex 71.0611 54.2278 74.8
      vertex 71.4307 54.0955 74.8
    endloop
  endfacet
  facet normal 0.337014 0.9415 0
    outer loop
      vertex 71.0611 54.2278 74.8
      vertex 71.4307 54.0955 63.2
      vertex 71.0611 54.2278 63.2
    endloop
  endfacet
  facet normal 0.998791 -0.0491626 0
    outer loop
      vertex 73.8807 50.0079 74.8
      vertex 73.9 50.4 63.2
      vertex 73.9 50.4 74.8
    endloop
  endfacet
  facet normal 0.998791 -0.0491626 0
    outer loop
      vertex 73.9 50.4 63.2
      vertex 73.8807 50.0079 74.8
      vertex 73.8807 50.0079 63.2
    endloop
  endfacet
  facet normal 0.337014 -0.9415 0
    outer loop
      vertex 71.0611 46.5722 63.2
      vertex 71.4307 46.7045 74.8
      vertex 71.0611 46.5722 74.8
    endloop
  endfacet
  facet normal 0.337014 -0.9415 0
    outer loop
      vertex 71.4307 46.7045 74.8
      vertex 71.0611 46.5722 63.2
      vertex 71.4307 46.7045 63.2
    endloop
  endfacet
  facet normal 0.9415 0.337014 0
    outer loop
      vertex 73.7278 51.5611 74.8
      vertex 73.5955 51.9307 63.2
      vertex 73.5955 51.9307 74.8
    endloop
  endfacet
  facet normal 0.9415 0.337014 0
    outer loop
      vertex 73.5955 51.9307 63.2
      vertex 73.7278 51.5611 74.8
      vertex 73.7278 51.5611 63.2
    endloop
  endfacet
  facet normal 0.803137 -0.595794 0
    outer loop
      vertex 72.992 47.8624 74.8
      vertex 73.2259 48.1777 63.2
      vertex 73.2259 48.1777 74.8
    endloop
  endfacet
  facet normal 0.803137 -0.595794 0
    outer loop
      vertex 73.2259 48.1777 63.2
      vertex 72.992 47.8624 74.8
      vertex 72.992 47.8624 63.2
    endloop
  endfacet
  facet normal 0.85774 -0.514084 0
    outer loop
      vertex 73.2259 48.1777 74.8
      vertex 73.4277 48.5144 63.2
      vertex 73.4277 48.5144 74.8
    endloop
  endfacet
  facet normal 0.85774 -0.514084 0
    outer loop
      vertex 73.4277 48.5144 63.2
      vertex 73.2259 48.1777 74.8
      vertex 73.2259 48.1777 63.2
    endloop
  endfacet
  facet normal 0.9415 -0.337014 0
    outer loop
      vertex 73.5955 48.8693 74.8
      vertex 73.7278 49.2389 63.2
      vertex 73.7278 49.2389 74.8
    endloop
  endfacet
  facet normal 0.9415 -0.337014 0
    outer loop
      vertex 73.7278 49.2389 63.2
      vertex 73.5955 48.8693 74.8
      vertex 73.5955 48.8693 63.2
    endloop
  endfacet
  facet normal -0.242835 0.970068 0
    outer loop
      vertex 69.1196 54.3231 63.2
      vertex 68.7389 54.2278 74.8
      vertex 69.1196 54.3231 74.8
    endloop
  endfacet
  facet normal -0.242835 0.970068 0
    outer loop
      vertex 68.7389 54.2278 74.8
      vertex 69.1196 54.3231 63.2
      vertex 68.7389 54.2278 63.2
    endloop
  endfacet
  facet normal 0.904044 0.42744 0
    outer loop
      vertex 73.5955 51.9307 74.8
      vertex 73.4277 52.2856 63.2
      vertex 73.4277 52.2856 74.8
    endloop
  endfacet
  facet normal 0.904044 0.42744 0
    outer loop
      vertex 73.4277 52.2856 63.2
      vertex 73.5955 51.9307 74.8
      vertex 73.5955 51.9307 63.2
    endloop
  endfacet
  facet normal 0.146733 0.989176 -0
    outer loop
      vertex 70.6804 54.3231 63.2
      vertex 70.2921 54.3807 74.8
      vertex 70.6804 54.3231 74.8
    endloop
  endfacet
  facet normal 0.146733 0.989176 0
    outer loop
      vertex 70.2921 54.3807 74.8
      vertex 70.6804 54.3231 63.2
      vertex 70.2921 54.3807 63.2
    endloop
  endfacet
  facet normal -0.85774 -0.514084 0
    outer loop
      vertex 66.5741 48.1777 63.2
      vertex 66.3723 48.5144 74.8
      vertex 66.3723 48.5144 63.2
    endloop
  endfacet
  facet normal -0.85774 -0.514084 0
    outer loop
      vertex 66.3723 48.5144 74.8
      vertex 66.5741 48.1777 63.2
      vertex 66.5741 48.1777 74.8
    endloop
  endfacet
  facet normal 0.85774 0.514084 0
    outer loop
      vertex 73.4277 52.2856 74.8
      vertex 73.2259 52.6223 63.2
      vertex 73.2259 52.6223 74.8
    endloop
  endfacet
  facet normal 0.85774 0.514084 0
    outer loop
      vertex 73.2259 52.6223 63.2
      vertex 73.4277 52.2856 74.8
      vertex 73.4277 52.2856 63.2
    endloop
  endfacet
  facet normal -0.740908 -0.671607 0
    outer loop
      vertex 67.0716 47.5716 63.2
      vertex 66.808 47.8624 74.8
      vertex 66.808 47.8624 63.2
    endloop
  endfacet
  facet normal -0.740908 -0.671607 0
    outer loop
      vertex 66.808 47.8624 74.8
      vertex 67.0716 47.5716 63.2
      vertex 67.0716 47.5716 74.8
    endloop
  endfacet
  facet normal 0.242835 -0.970068 0
    outer loop
      vertex 70.6804 46.4769 63.2
      vertex 71.0611 46.5722 74.8
      vertex 70.6804 46.4769 74.8
    endloop
  endfacet
  facet normal 0.242835 -0.970068 0
    outer loop
      vertex 71.0611 46.5722 74.8
      vertex 70.6804 46.4769 63.2
      vertex 71.0611 46.5722 63.2
    endloop
  endfacet
  facet normal -0.514084 0.85774 0
    outer loop
      vertex 68.0144 53.9277 63.2
      vertex 67.6777 53.7259 74.8
      vertex 68.0144 53.9277 74.8
    endloop
  endfacet
  facet normal -0.514084 0.85774 0
    outer loop
      vertex 67.6777 53.7259 74.8
      vertex 68.0144 53.9277 63.2
      vertex 67.6777 53.7259 63.2
    endloop
  endfacet
  facet normal -0.42744 0.904044 0
    outer loop
      vertex 68.3693 54.0955 63.2
      vertex 68.0144 53.9277 74.8
      vertex 68.3693 54.0955 74.8
    endloop
  endfacet
  facet normal -0.42744 0.904044 0
    outer loop
      vertex 68.0144 53.9277 74.8
      vertex 68.3693 54.0955 63.2
      vertex 68.0144 53.9277 63.2
    endloop
  endfacet
  facet normal -0.9415 -0.337014 0
    outer loop
      vertex 66.2045 48.8693 63.2
      vertex 66.0722 49.2389 74.8
      vertex 66.0722 49.2389 63.2
    endloop
  endfacet
  facet normal -0.9415 -0.337014 0
    outer loop
      vertex 66.0722 49.2389 74.8
      vertex 66.2045 48.8693 63.2
      vertex 66.2045 48.8693 74.8
    endloop
  endfacet
  facet normal -0.514084 -0.85774 0
    outer loop
      vertex 67.6777 47.0741 63.2
      vertex 68.0144 46.8723 74.8
      vertex 67.6777 47.0741 74.8
    endloop
  endfacet
  facet normal -0.514084 -0.85774 -0
    outer loop
      vertex 68.0144 46.8723 74.8
      vertex 67.6777 47.0741 63.2
      vertex 68.0144 46.8723 63.2
    endloop
  endfacet
  facet normal 0.671607 0.740908 -0
    outer loop
      vertex 72.7284 53.2284 63.2
      vertex 72.4376 53.492 74.8
      vertex 72.7284 53.2284 74.8
    endloop
  endfacet
  facet normal 0.671607 0.740908 0
    outer loop
      vertex 72.4376 53.492 74.8
      vertex 72.7284 53.2284 63.2
      vertex 72.4376 53.492 63.2
    endloop
  endfacet
  facet normal -0.970068 0.242835 0
    outer loop
      vertex 65.9769 51.1804 63.2
      vertex 66.0722 51.5611 74.8
      vertex 66.0722 51.5611 63.2
    endloop
  endfacet
  facet normal -0.970068 0.242835 0
    outer loop
      vertex 66.0722 51.5611 74.8
      vertex 65.9769 51.1804 63.2
      vertex 65.9769 51.1804 74.8
    endloop
  endfacet
  facet normal -0.803137 -0.595794 0
    outer loop
      vertex 66.808 47.8624 63.2
      vertex 66.5741 48.1777 74.8
      vertex 66.5741 48.1777 63.2
    endloop
  endfacet
  facet normal -0.803137 -0.595794 0
    outer loop
      vertex 66.5741 48.1777 74.8
      vertex 66.808 47.8624 63.2
      vertex 66.808 47.8624 74.8
    endloop
  endfacet
  facet normal -0.989176 -0.146733 0
    outer loop
      vertex 65.9769 49.6196 63.2
      vertex 65.9193 50.0079 74.8
      vertex 65.9193 50.0079 63.2
    endloop
  endfacet
  facet normal -0.989176 -0.146733 0
    outer loop
      vertex 65.9193 50.0079 74.8
      vertex 65.9769 49.6196 63.2
      vertex 65.9769 49.6196 74.8
    endloop
  endfacet
  facet normal -0.671607 -0.740908 0
    outer loop
      vertex 67.0716 47.5716 63.2
      vertex 67.3624 47.308 74.8
      vertex 67.0716 47.5716 74.8
    endloop
  endfacet
  facet normal -0.671607 -0.740908 -0
    outer loop
      vertex 67.3624 47.308 74.8
      vertex 67.0716 47.5716 63.2
      vertex 67.3624 47.308 63.2
    endloop
  endfacet
  facet normal -0.803137 0.595794 0
    outer loop
      vertex 66.5741 52.6223 63.2
      vertex 66.808 52.9376 74.8
      vertex 66.808 52.9376 63.2
    endloop
  endfacet
  facet normal -0.803137 0.595794 0
    outer loop
      vertex 66.808 52.9376 74.8
      vertex 66.5741 52.6223 63.2
      vertex 66.5741 52.6223 74.8
    endloop
  endfacet
  facet normal -0.85774 0.514084 0
    outer loop
      vertex 66.3723 52.2856 63.2
      vertex 66.5741 52.6223 74.8
      vertex 66.5741 52.6223 63.2
    endloop
  endfacet
  facet normal -0.85774 0.514084 0
    outer loop
      vertex 66.5741 52.6223 74.8
      vertex 66.3723 52.2856 63.2
      vertex 66.3723 52.2856 74.8
    endloop
  endfacet
  facet normal 0 0 1
    outer loop
      vertex 71.3 50.4 74.8
      vertex 73.9 50.4 74.8
      vertex 73.8807 50.7921 74.8
    endloop
  endfacet
  facet normal 0 0 1
    outer loop
      vertex 71.2933 50.5372 74.8
      vertex 73.8807 50.7921 74.8
      vertex 73.8231 51.1804 74.8
    endloop
  endfacet
  facet normal 0 0 1
    outer loop
      vertex 73.9 50.4 74.8
      vertex 71.3 50.4 74.8
      vertex 73.8807 50.0079 74.8
    endloop
  endfacet
  facet normal 0 0 1
    outer loop
      vertex 71.2731 50.6731 74.8
      vertex 73.8231 51.1804 74.8
      vertex 73.7278 51.5611 74.8
    endloop
  endfacet
  facet normal -0 0 1
    outer loop
      vertex 71.2933 50.2628 74.8
      vertex 73.8807 50.0079 74.8
      vertex 71.3 50.4 74.8
    endloop
  endfacet
  facet normal 0 0 1
    outer loop
      vertex 71.2397 50.8064 74.8
      vertex 73.7278 51.5611 74.8
      vertex 73.5955 51.9307 74.8
    endloop
  endfacet
  facet normal 0 0 1
    outer loop
      vertex 73.8807 50.0079 74.8
      vertex 71.2933 50.2628 74.8
      vertex 73.8231 49.6196 74.8
    endloop
  endfacet
  facet normal 0 0 1
    outer loop
      vertex 71.1934 50.9358 74.8
      vertex 73.5955 51.9307 74.8
      vertex 73.4277 52.2856 74.8
    endloop
  endfacet
  facet normal -0 0 1
    outer loop
      vertex 71.2731 50.1269 74.8
      vertex 73.8231 49.6196 74.8
      vertex 71.2933 50.2628 74.8
    endloop
  endfacet
  facet normal 0 0 1
    outer loop
      vertex 71.1347 51.06 74.8
      vertex 73.4277 52.2856 74.8
      vertex 73.2259 52.6223 74.8
    endloop
  endfacet
  facet normal 0 0 1
    outer loop
      vertex 73.8231 49.6196 74.8
      vertex 71.2731 50.1269 74.8
      vertex 73.7278 49.2389 74.8
    endloop
  endfacet
  facet normal 0 0 1
    outer loop
      vertex 71.0641 51.1778 74.8
      vertex 73.2259 52.6223 74.8
      vertex 72.992 52.9376 74.8
    endloop
  endfacet
  facet normal -0 0 1
    outer loop
      vertex 71.2397 49.9936 74.8
      vertex 73.7278 49.2389 74.8
      vertex 71.2731 50.1269 74.8
    endloop
  endfacet
  facet normal 0 0 1
    outer loop
      vertex 70.9822 51.2882 74.8
      vertex 72.992 52.9376 74.8
      vertex 72.7284 53.2284 74.8
    endloop
  endfacet
  facet normal 0 0 1
    outer loop
      vertex 73.7278 49.2389 74.8
      vertex 71.2397 49.9936 74.8
      vertex 73.5955 48.8693 74.8
    endloop
  endfacet
  facet normal 0 0 1
    outer loop
      vertex 70.8899 51.3899 74.8
      vertex 72.7284 53.2284 74.8
      vertex 72.4376 53.492 74.8
    endloop
  endfacet
  facet normal -0 0 1
    outer loop
      vertex 71.1934 49.8642 74.8
      vertex 73.5955 48.8693 74.8
      vertex 71.2397 49.9936 74.8
    endloop
  endfacet
  facet normal 0 0 1
    outer loop
      vertex 70.7881 51.4822 74.8
      vertex 72.4376 53.492 74.8
      vertex 72.1223 53.7259 74.8
    endloop
  endfacet
  facet normal 0 0 1
    outer loop
      vertex 73.5955 48.8693 74.8
      vertex 71.1934 49.8642 74.8
      vertex 73.4277 48.5144 74.8
    endloop
  endfacet
  facet normal 0 0 1
    outer loop
      vertex 70.6778 51.5641 74.8
      vertex 72.1223 53.7259 74.8
      vertex 71.7856 53.9277 74.8
    endloop
  endfacet
  facet normal -0 0 1
    outer loop
      vertex 71.1347 49.74 74.8
      vertex 73.4277 48.5144 74.8
      vertex 71.1934 49.8642 74.8
    endloop
  endfacet
  facet normal 0 0 1
    outer loop
      vertex 70.56 51.6347 74.8
      vertex 71.7856 53.9277 74.8
      vertex 71.4307 54.0955 74.8
    endloop
  endfacet
  facet normal 0 0 1
    outer loop
      vertex 73.4277 48.5144 74.8
      vertex 71.1347 49.74 74.8
      vertex 73.2259 48.1777 74.8
    endloop
  endfacet
  facet normal -0 0 1
    outer loop
      vertex 71.0641 49.6222 74.8
      vertex 73.2259 48.1777 74.8
      vertex 71.1347 49.74 74.8
    endloop
  endfacet
  facet normal 0 0 1
    outer loop
      vertex 73.8807 50.7921 74.8
      vertex 71.2933 50.5372 74.8
      vertex 71.3 50.4 74.8
    endloop
  endfacet
  facet normal 0 0 1
    outer loop
      vertex 73.8231 51.1804 74.8
      vertex 71.2731 50.6731 74.8
      vertex 71.2933 50.5372 74.8
    endloop
  endfacet
  facet normal 0 0 1
    outer loop
      vertex 73.7278 51.5611 74.8
      vertex 71.2397 50.8064 74.8
      vertex 71.2731 50.6731 74.8
    endloop
  endfacet
  facet normal 0 0 1
    outer loop
      vertex 73.5955 51.9307 74.8
      vertex 71.1934 50.9358 74.8
      vertex 71.2397 50.8064 74.8
    endloop
  endfacet
  facet normal 0 0 1
    outer loop
      vertex 73.4277 52.2856 74.8
      vertex 71.1347 51.06 74.8
      vertex 71.1934 50.9358 74.8
    endloop
  endfacet
  facet normal 0 0 1
    outer loop
      vertex 73.2259 52.6223 74.8
      vertex 71.0641 51.1778 74.8
      vertex 71.1347 51.06 74.8
    endloop
  endfacet
  facet normal 0 0 1
    outer loop
      vertex 70.4358 51.6934 74.8
      vertex 71.4307 54.0955 74.8
      vertex 71.0611 54.2278 74.8
    endloop
  endfacet
  facet normal 0 0 1
    outer loop
      vertex 72.992 52.9376 74.8
      vertex 70.9822 51.2882 74.8
      vertex 71.0641 51.1778 74.8
    endloop
  endfacet
  facet normal 0 0 1
    outer loop
      vertex 72.7284 53.2284 74.8
      vertex 70.8899 51.3899 74.8
      vertex 70.9822 51.2882 74.8
    endloop
  endfacet
  facet normal 0 0 1
    outer loop
      vertex 72.4376 53.492 74.8
      vertex 70.7881 51.4822 74.8
      vertex 70.8899 51.3899 74.8
    endloop
  endfacet
  facet normal 0 0 1
    outer loop
      vertex 70.3064 51.7397 74.8
      vertex 71.0611 54.2278 74.8
      vertex 70.6804 54.3231 74.8
    endloop
  endfacet
  facet normal 0 0 1
    outer loop
      vertex 72.1223 53.7259 74.8
      vertex 70.6778 51.5641 74.8
      vertex 70.7881 51.4822 74.8
    endloop
  endfacet
  facet normal 0 0 1
    outer loop
      vertex 71.7856 53.9277 74.8
      vertex 70.56 51.6347 74.8
      vertex 70.6778 51.5641 74.8
    endloop
  endfacet
  facet normal 0 0 1
    outer loop
      vertex 71.4307 54.0955 74.8
      vertex 70.4358 51.6934 74.8
      vertex 70.56 51.6347 74.8
    endloop
  endfacet
  facet normal 0 0 1
    outer loop
      vertex 71.0611 54.2278 74.8
      vertex 70.3064 51.7397 74.8
      vertex 70.4358 51.6934 74.8
    endloop
  endfacet
  facet normal 0 0 1
    outer loop
      vertex 70.1731 51.7731 74.8
      vertex 70.6804 54.3231 74.8
      vertex 70.2921 54.3807 74.8
    endloop
  endfacet
  facet normal 0 0 1
    outer loop
      vertex 70.6804 54.3231 74.8
      vertex 70.1731 51.7731 74.8
      vertex 70.3064 51.7397 74.8
    endloop
  endfacet
  facet normal 0 0 1
    outer loop
      vertex 70.2921 54.3807 74.8
      vertex 70.0372 51.7933 74.8
      vertex 70.1731 51.7731 74.8
    endloop
  endfacet
  facet normal 0 0 1
    outer loop
      vertex 69.9 54.4 74.8
      vertex 70.0372 51.7933 74.8
      vertex 70.2921 54.3807 74.8
    endloop
  endfacet
  facet normal 0 0 1
    outer loop
      vertex 69.9 54.4 74.8
      vertex 69.9 51.8 74.8
      vertex 70.0372 51.7933 74.8
    endloop
  endfacet
  facet normal 0 0 1
    outer loop
      vertex 69.9 54.4 74.8
      vertex 69.7628 51.7933 74.8
      vertex 69.9 51.8 74.8
    endloop
  endfacet
  facet normal -0 0 1
    outer loop
      vertex 69.5079 54.3807 74.8
      vertex 69.7628 51.7933 74.8
      vertex 69.9 54.4 74.8
    endloop
  endfacet
  facet normal 0 0 1
    outer loop
      vertex 69.7628 51.7933 74.8
      vertex 69.5079 54.3807 74.8
      vertex 69.6269 51.7731 74.8
    endloop
  endfacet
  facet normal -0 0 1
    outer loop
      vertex 69.1196 54.3231 74.8
      vertex 69.6269 51.7731 74.8
      vertex 69.5079 54.3807 74.8
    endloop
  endfacet
  facet normal 0 0 1
    outer loop
      vertex 69.6269 51.7731 74.8
      vertex 69.1196 54.3231 74.8
      vertex 69.4936 51.7397 74.8
    endloop
  endfacet
  facet normal -0 0 1
    outer loop
      vertex 68.7389 54.2278 74.8
      vertex 69.4936 51.7397 74.8
      vertex 69.1196 54.3231 74.8
    endloop
  endfacet
  facet normal 0 0 1
    outer loop
      vertex 69.4936 51.7397 74.8
      vertex 68.7389 54.2278 74.8
      vertex 69.3642 51.6934 74.8
    endloop
  endfacet
  facet normal -0 0 1
    outer loop
      vertex 68.3693 54.0955 74.8
      vertex 69.3642 51.6934 74.8
      vertex 68.7389 54.2278 74.8
    endloop
  endfacet
  facet normal 0 0 1
    outer loop
      vertex 69.3642 51.6934 74.8
      vertex 68.3693 54.0955 74.8
      vertex 69.24 51.6347 74.8
    endloop
  endfacet
  facet normal -0 0 1
    outer loop
      vertex 68.0144 53.9277 74.8
      vertex 69.24 51.6347 74.8
      vertex 68.3693 54.0955 74.8
    endloop
  endfacet
  facet normal 0 0 1
    outer loop
      vertex 69.24 51.6347 74.8
      vertex 68.0144 53.9277 74.8
      vertex 69.1222 51.5641 74.8
    endloop
  endfacet
  facet normal -0 0 1
    outer loop
      vertex 67.6777 53.7259 74.8
      vertex 69.1222 51.5641 74.8
      vertex 68.0144 53.9277 74.8
    endloop
  endfacet
  facet normal 0 0 1
    outer loop
      vertex 69.1222 51.5641 74.8
      vertex 67.6777 53.7259 74.8
      vertex 69.0118 51.4822 74.8
    endloop
  endfacet
  facet normal -0 0 1
    outer loop
      vertex 67.3624 53.492 74.8
      vertex 69.0118 51.4822 74.8
      vertex 67.6777 53.7259 74.8
    endloop
  endfacet
  facet normal 0 0 1
    outer loop
      vertex 69.0118 51.4822 74.8
      vertex 67.3624 53.492 74.8
      vertex 68.91 51.3899 74.8
    endloop
  endfacet
  facet normal -0 0 1
    outer loop
      vertex 67.0716 53.2284 74.8
      vertex 68.91 51.3899 74.8
      vertex 67.3624 53.492 74.8
    endloop
  endfacet
  facet normal 0 0 1
    outer loop
      vertex 68.91 51.3899 74.8
      vertex 67.0716 53.2284 74.8
      vertex 68.8178 51.2882 74.8
    endloop
  endfacet
  facet normal -0 0 1
    outer loop
      vertex 66.808 52.9376 74.8
      vertex 68.8178 51.2882 74.8
      vertex 67.0716 53.2284 74.8
    endloop
  endfacet
  facet normal -0 0 1
    outer loop
      vertex 66.5741 52.6223 74.8
      vertex 68.7359 51.1778 74.8
      vertex 66.808 52.9376 74.8
    endloop
  endfacet
  facet normal 0 0 1
    outer loop
      vertex 68.8178 51.2882 74.8
      vertex 66.808 52.9376 74.8
      vertex 68.7359 51.1778 74.8
    endloop
  endfacet
  facet normal 0 0 1
    outer loop
      vertex 73.2259 48.1777 74.8
      vertex 71.0641 49.6222 74.8
      vertex 72.992 47.8624 74.8
    endloop
  endfacet
  facet normal -0 0 1
    outer loop
      vertex 70.9822 49.5118 74.8
      vertex 72.992 47.8624 74.8
      vertex 71.0641 49.6222 74.8
    endloop
  endfacet
  facet normal 0 0 1
    outer loop
      vertex 72.992 47.8624 74.8
      vertex 70.9822 49.5118 74.8
      vertex 72.7284 47.5716 74.8
    endloop
  endfacet
  facet normal -0 0 1
    outer loop
      vertex 70.8899 49.41 74.8
      vertex 72.7284 47.5716 74.8
      vertex 70.9822 49.5118 74.8
    endloop
  endfacet
  facet normal 0 0 1
    outer loop
      vertex 72.7284 47.5716 74.8
      vertex 70.8899 49.41 74.8
      vertex 72.4376 47.308 74.8
    endloop
  endfacet
  facet normal -0 0 1
    outer loop
      vertex 70.7881 49.3178 74.8
      vertex 72.4376 47.308 74.8
      vertex 70.8899 49.41 74.8
    endloop
  endfacet
  facet normal 0 0 1
    outer loop
      vertex 72.4376 47.308 74.8
      vertex 70.7881 49.3178 74.8
      vertex 72.1223 47.0741 74.8
    endloop
  endfacet
  facet normal -0 0 1
    outer loop
      vertex 70.6778 49.2359 74.8
      vertex 72.1223 47.0741 74.8
      vertex 70.7881 49.3178 74.8
    endloop
  endfacet
  facet normal 0 0 1
    outer loop
      vertex 72.1223 47.0741 74.8
      vertex 70.6778 49.2359 74.8
      vertex 71.7856 46.8723 74.8
    endloop
  endfacet
  facet normal -0 0 1
    outer loop
      vertex 70.56 49.1653 74.8
      vertex 71.7856 46.8723 74.8
      vertex 70.6778 49.2359 74.8
    endloop
  endfacet
  facet normal 0 0 1
    outer loop
      vertex 71.7856 46.8723 74.8
      vertex 70.56 49.1653 74.8
      vertex 71.4307 46.7045 74.8
    endloop
  endfacet
  facet normal -0 0 1
    outer loop
      vertex 70.4358 49.1066 74.8
      vertex 71.4307 46.7045 74.8
      vertex 70.56 49.1653 74.8
    endloop
  endfacet
  facet normal 0 0 1
    outer loop
      vertex 71.4307 46.7045 74.8
      vertex 70.4358 49.1066 74.8
      vertex 71.0611 46.5722 74.8
    endloop
  endfacet
  facet normal -0 0 1
    outer loop
      vertex 70.3064 49.0603 74.8
      vertex 71.0611 46.5722 74.8
      vertex 70.4358 49.1066 74.8
    endloop
  endfacet
  facet normal 0 0 1
    outer loop
      vertex 71.0611 46.5722 74.8
      vertex 70.3064 49.0603 74.8
      vertex 70.6804 46.4769 74.8
    endloop
  endfacet
  facet normal -0 0 1
    outer loop
      vertex 70.1731 49.0269 74.8
      vertex 70.6804 46.4769 74.8
      vertex 70.3064 49.0603 74.8
    endloop
  endfacet
  facet normal 0 0 1
    outer loop
      vertex 70.6804 46.4769 74.8
      vertex 70.1731 49.0269 74.8
      vertex 70.2921 46.4193 74.8
    endloop
  endfacet
  facet normal -0 0 1
    outer loop
      vertex 70.0372 49.0067 74.8
      vertex 70.2921 46.4193 74.8
      vertex 70.1731 49.0269 74.8
    endloop
  endfacet
  facet normal -0 0 1
    outer loop
      vertex 69.9 49 74.8
      vertex 70.2921 46.4193 74.8
      vertex 70.0372 49.0067 74.8
    endloop
  endfacet
  facet normal 0 0 1
    outer loop
      vertex 69.9 49 74.8
      vertex 69.9 46.4 74.8
      vertex 70.2921 46.4193 74.8
    endloop
  endfacet
  facet normal 0 0 1
    outer loop
      vertex 69.7628 49.0067 74.8
      vertex 69.9 46.4 74.8
      vertex 69.9 49 74.8
    endloop
  endfacet
  facet normal 0 0 1
    outer loop
      vertex 69.5079 46.4193 74.8
      vertex 69.7628 49.0067 74.8
      vertex 69.6269 49.0269 74.8
    endloop
  endfacet
  facet normal 0 0 1
    outer loop
      vertex 69.7628 49.0067 74.8
      vertex 69.5079 46.4193 74.8
      vertex 69.9 46.4 74.8
    endloop
  endfacet
  facet normal 0 0 1
    outer loop
      vertex 69.1196 46.4769 74.8
      vertex 69.6269 49.0269 74.8
      vertex 69.4936 49.0603 74.8
    endloop
  endfacet
  facet normal 0 0 1
    outer loop
      vertex 68.7389 46.5722 74.8
      vertex 69.4936 49.0603 74.8
      vertex 69.3642 49.1066 74.8
    endloop
  endfacet
  facet normal 0 0 1
    outer loop
      vertex 68.3693 46.7045 74.8
      vertex 69.3642 49.1066 74.8
      vertex 69.24 49.1653 74.8
    endloop
  endfacet
  facet normal 0 0 1
    outer loop
      vertex 68.0144 46.8723 74.8
      vertex 69.24 49.1653 74.8
      vertex 69.1222 49.2359 74.8
    endloop
  endfacet
  facet normal 0 0 1
    outer loop
      vertex 69.6269 49.0269 74.8
      vertex 69.1196 46.4769 74.8
      vertex 69.5079 46.4193 74.8
    endloop
  endfacet
  facet normal 0 0 1
    outer loop
      vertex 67.6777 47.0741 74.8
      vertex 69.1222 49.2359 74.8
      vertex 69.0118 49.3178 74.8
    endloop
  endfacet
  facet normal 0 0 1
    outer loop
      vertex 67.3624 47.308 74.8
      vertex 69.0118 49.3178 74.8
      vertex 68.91 49.41 74.8
    endloop
  endfacet
  facet normal 0 0 1
    outer loop
      vertex 67.0716 47.5716 74.8
      vertex 68.91 49.41 74.8
      vertex 68.8178 49.5118 74.8
    endloop
  endfacet
  facet normal 0 0 1
    outer loop
      vertex 69.4936 49.0603 74.8
      vertex 68.7389 46.5722 74.8
      vertex 69.1196 46.4769 74.8
    endloop
  endfacet
  facet normal 0 0 1
    outer loop
      vertex 66.808 47.8624 74.8
      vertex 68.8178 49.5118 74.8
      vertex 68.7359 49.6222 74.8
    endloop
  endfacet
  facet normal 0 0 1
    outer loop
      vertex 66.5741 48.1777 74.8
      vertex 68.7359 49.6222 74.8
      vertex 68.6653 49.74 74.8
    endloop
  endfacet
  facet normal 0 0 1
    outer loop
      vertex 66.3723 48.5144 74.8
      vertex 68.6653 49.74 74.8
      vertex 68.6066 49.8642 74.8
    endloop
  endfacet
  facet normal 0 0 1
    outer loop
      vertex 66.2045 48.8693 74.8
      vertex 68.6066 49.8642 74.8
      vertex 68.5603 49.9936 74.8
    endloop
  endfacet
  facet normal 0 0 1
    outer loop
      vertex 66.0722 49.2389 74.8
      vertex 68.5603 49.9936 74.8
      vertex 68.5269 50.1269 74.8
    endloop
  endfacet
  facet normal 0 0 1
    outer loop
      vertex 65.9769 49.6196 74.8
      vertex 68.5269 50.1269 74.8
      vertex 68.5067 50.2628 74.8
    endloop
  endfacet
  facet normal 0 0 1
    outer loop
      vertex 69.3642 49.1066 74.8
      vertex 68.3693 46.7045 74.8
      vertex 68.7389 46.5722 74.8
    endloop
  endfacet
  facet normal 0 0 1
    outer loop
      vertex 65.9193 50.0079 74.8
      vertex 68.5067 50.2628 74.8
      vertex 68.5 50.4 74.8
    endloop
  endfacet
  facet normal 0 0 1
    outer loop
      vertex 68.7359 51.1778 74.8
      vertex 66.5741 52.6223 74.8
      vertex 68.6653 51.06 74.8
    endloop
  endfacet
  facet normal -0 0 1
    outer loop
      vertex 66.3723 52.2856 74.8
      vertex 68.6653 51.06 74.8
      vertex 66.5741 52.6223 74.8
    endloop
  endfacet
  facet normal 0 0 1
    outer loop
      vertex 69.24 49.1653 74.8
      vertex 68.0144 46.8723 74.8
      vertex 68.3693 46.7045 74.8
    endloop
  endfacet
  facet normal 0 0 1
    outer loop
      vertex 68.6653 51.06 74.8
      vertex 66.3723 52.2856 74.8
      vertex 68.6066 50.9358 74.8
    endloop
  endfacet
  facet normal 0 0 1
    outer loop
      vertex 69.1222 49.2359 74.8
      vertex 67.6777 47.0741 74.8
      vertex 68.0144 46.8723 74.8
    endloop
  endfacet
  facet normal -0 0 1
    outer loop
      vertex 66.2045 51.9307 74.8
      vertex 68.6066 50.9358 74.8
      vertex 66.3723 52.2856 74.8
    endloop
  endfacet
  facet normal 0 0 1
    outer loop
      vertex 69.0118 49.3178 74.8
      vertex 67.3624 47.308 74.8
      vertex 67.6777 47.0741 74.8
    endloop
  endfacet
  facet normal 0 0 1
    outer loop
      vertex 68.6066 50.9358 74.8
      vertex 66.2045 51.9307 74.8
      vertex 68.5603 50.8064 74.8
    endloop
  endfacet
  facet normal 0 0 1
    outer loop
      vertex 68.91 49.41 74.8
      vertex 67.0716 47.5716 74.8
      vertex 67.3624 47.308 74.8
    endloop
  endfacet
  facet normal -0 0 1
    outer loop
      vertex 66.0722 51.5611 74.8
      vertex 68.5603 50.8064 74.8
      vertex 66.2045 51.9307 74.8
    endloop
  endfacet
  facet normal 0 0 1
    outer loop
      vertex 68.8178 49.5118 74.8
      vertex 66.808 47.8624 74.8
      vertex 67.0716 47.5716 74.8
    endloop
  endfacet
  facet normal 0 0 1
    outer loop
      vertex 68.5603 50.8064 74.8
      vertex 66.0722 51.5611 74.8
      vertex 68.5269 50.6731 74.8
    endloop
  endfacet
  facet normal 0 0 1
    outer loop
      vertex 68.7359 49.6222 74.8
      vertex 66.5741 48.1777 74.8
      vertex 66.808 47.8624 74.8
    endloop
  endfacet
  facet normal -0 0 1
    outer loop
      vertex 65.9769 51.1804 74.8
      vertex 68.5269 50.6731 74.8
      vertex 66.0722 51.5611 74.8
    endloop
  endfacet
  facet normal 0 0 1
    outer loop
      vertex 68.6653 49.74 74.8
      vertex 66.3723 48.5144 74.8
      vertex 66.5741 48.1777 74.8
    endloop
  endfacet
  facet normal 0 0 1
    outer loop
      vertex 68.5269 50.6731 74.8
      vertex 65.9769 51.1804 74.8
      vertex 68.5067 50.5372 74.8
    endloop
  endfacet
  facet normal 0 0 1
    outer loop
      vertex 68.6066 49.8642 74.8
      vertex 66.2045 48.8693 74.8
      vertex 66.3723 48.5144 74.8
    endloop
  endfacet
  facet normal -0 0 1
    outer loop
      vertex 65.9193 50.7921 74.8
      vertex 68.5067 50.5372 74.8
      vertex 65.9769 51.1804 74.8
    endloop
  endfacet
  facet normal 0 0 1
    outer loop
      vertex 68.5603 49.9936 74.8
      vertex 66.0722 49.2389 74.8
      vertex 66.2045 48.8693 74.8
    endloop
  endfacet
  facet normal 0 0 1
    outer loop
      vertex 68.5067 50.5372 74.8
      vertex 65.9193 50.7921 74.8
      vertex 68.5 50.4 74.8
    endloop
  endfacet
  facet normal 0 0 1
    outer loop
      vertex 68.5269 50.1269 74.8
      vertex 65.9769 49.6196 74.8
      vertex 66.0722 49.2389 74.8
    endloop
  endfacet
  facet normal 0 0 1
    outer loop
      vertex 65.9 50.4 74.8
      vertex 68.5 50.4 74.8
      vertex 65.9193 50.7921 74.8
    endloop
  endfacet
  facet normal 0 0 1
    outer loop
      vertex 68.5067 50.2628 74.8
      vertex 65.9193 50.0079 74.8
      vertex 65.9769 49.6196 74.8
    endloop
  endfacet
  facet normal 0 0 1
    outer loop
      vertex 68.5 50.4 74.8
      vertex 65.9 50.4 74.8
      vertex 65.9193 50.0079 74.8
    endloop
  endfacet
  facet normal -0.0491626 -0.998791 0
    outer loop
      vertex 69.5079 46.4193 63.2
      vertex 69.9 46.4 74.8
      vertex 69.5079 46.4193 74.8
    endloop
  endfacet
  facet normal -0.0491626 -0.998791 -0
    outer loop
      vertex 69.9 46.4 74.8
      vertex 69.5079 46.4193 63.2
      vertex 69.9 46.4 63.2
    endloop
  endfacet
  facet normal -0.998791 0.0491626 0
    outer loop
      vertex 65.9 50.4 63.2
      vertex 65.9193 50.7921 74.8
      vertex 65.9193 50.7921 63.2
    endloop
  endfacet
  facet normal -0.998791 0.0491626 0
    outer loop
      vertex 65.9193 50.7921 74.8
      vertex 65.9 50.4 63.2
      vertex 65.9 50.4 74.8
    endloop
  endfacet
  facet normal -0.337014 -0.9415 0
    outer loop
      vertex 68.3693 46.7045 63.2
      vertex 68.7389 46.5722 74.8
      vertex 68.3693 46.7045 74.8
    endloop
  endfacet
  facet normal -0.337014 -0.9415 -0
    outer loop
      vertex 68.7389 46.5722 74.8
      vertex 68.3693 46.7045 63.2
      vertex 68.7389 46.5722 63.2
    endloop
  endfacet
  facet normal 0.740908 -0.671607 0
    outer loop
      vertex 72.7284 47.5716 74.8
      vertex 72.992 47.8624 63.2
      vertex 72.992 47.8624 74.8
    endloop
  endfacet
  facet normal 0.740908 -0.671607 0
    outer loop
      vertex 72.992 47.8624 63.2
      vertex 72.7284 47.5716 74.8
      vertex 72.7284 47.5716 63.2
    endloop
  endfacet
  facet normal 0.671607 -0.740908 0
    outer loop
      vertex 72.4376 47.308 63.2
      vertex 72.7284 47.5716 74.8
      vertex 72.4376 47.308 74.8
    endloop
  endfacet
  facet normal 0.671607 -0.740908 0
    outer loop
      vertex 72.7284 47.5716 74.8
      vertex 72.4376 47.308 63.2
      vertex 72.7284 47.5716 63.2
    endloop
  endfacet
  facet normal -0.989133 -0.147023 0
    outer loop
      vertex 71.2933 50.5372 63.2
      vertex 71.2731 50.6731 74.8
      vertex 71.2731 50.6731 63.2
    endloop
  endfacet
  facet normal -0.989133 -0.147023 0
    outer loop
      vertex 71.2731 50.6731 74.8
      vertex 71.2933 50.5372 63.2
      vertex 71.2933 50.5372 74.8
    endloop
  endfacet
  facet normal -0.99881 -0.0487757 0
    outer loop
      vertex 71.3 50.4 63.2
      vertex 71.2933 50.5372 74.8
      vertex 71.2933 50.5372 63.2
    endloop
  endfacet
  facet normal -0.99881 -0.0487757 0
    outer loop
      vertex 71.2933 50.5372 74.8
      vertex 71.3 50.4 63.2
      vertex 71.3 50.4 74.8
    endloop
  endfacet
  facet normal -0.970014 -0.243049 0
    outer loop
      vertex 71.2731 50.6731 63.2
      vertex 71.2397 50.8064 74.8
      vertex 71.2397 50.8064 63.2
    endloop
  endfacet
  facet normal -0.970014 -0.243049 0
    outer loop
      vertex 71.2397 50.8064 74.8
      vertex 71.2731 50.6731 63.2
      vertex 71.2731 50.6731 74.8
    endloop
  endfacet
  facet normal -0.427304 -0.904108 0
    outer loop
      vertex 70.4358 51.6934 63.2
      vertex 70.56 51.6347 74.8
      vertex 70.4358 51.6934 74.8
    endloop
  endfacet
  facet normal -0.427304 -0.904108 -0
    outer loop
      vertex 70.56 51.6347 74.8
      vertex 70.4358 51.6934 63.2
      vertex 70.56 51.6347 63.2
    endloop
  endfacet
  facet normal 0.243049 0.970014 -0
    outer loop
      vertex 69.6269 49.0269 63.2
      vertex 69.4936 49.0603 74.8
      vertex 69.6269 49.0269 74.8
    endloop
  endfacet
  facet normal 0.243049 0.970014 0
    outer loop
      vertex 69.4936 49.0603 74.8
      vertex 69.6269 49.0269 63.2
      vertex 69.4936 49.0603 63.2
    endloop
  endfacet
  facet normal 0.85775 0.514067 0
    outer loop
      vertex 68.7359 49.6222 74.8
      vertex 68.6653 49.74 63.2
      vertex 68.6653 49.74 74.8
    endloop
  endfacet
  facet normal 0.85775 0.514067 0
    outer loop
      vertex 68.6653 49.74 63.2
      vertex 68.7359 49.6222 74.8
      vertex 68.7359 49.6222 63.2
    endloop
  endfacet
  facet normal -0.147023 0.989133 0
    outer loop
      vertex 70.1731 49.0269 63.2
      vertex 70.0372 49.0067 74.8
      vertex 70.1731 49.0269 74.8
    endloop
  endfacet
  facet normal -0.147023 0.989133 0
    outer loop
      vertex 70.0372 49.0067 74.8
      vertex 70.1731 49.0269 63.2
      vertex 70.0372 49.0067 63.2
    endloop
  endfacet
  facet normal -0.7405 -0.672056 0
    outer loop
      vertex 70.9822 51.2882 63.2
      vertex 70.8899 51.3899 74.8
      vertex 70.8899 51.3899 63.2
    endloop
  endfacet
  facet normal -0.7405 -0.672056 0
    outer loop
      vertex 70.8899 51.3899 74.8
      vertex 70.9822 51.2882 63.2
      vertex 70.9822 51.2882 74.8
    endloop
  endfacet
  facet normal 0.514067 -0.85775 0
    outer loop
      vertex 69.1222 51.5641 63.2
      vertex 69.24 51.6347 74.8
      vertex 69.1222 51.5641 74.8
    endloop
  endfacet
  facet normal 0.514067 -0.85775 0
    outer loop
      vertex 69.24 51.6347 74.8
      vertex 69.1222 51.5641 63.2
      vertex 69.24 51.6347 63.2
    endloop
  endfacet
  facet normal -0.740829 0.671694 0
    outer loop
      vertex 70.8899 49.41 63.2
      vertex 70.9822 49.5118 74.8
      vertex 70.9822 49.5118 63.2
    endloop
  endfacet
  facet normal -0.740829 0.671694 0
    outer loop
      vertex 70.9822 49.5118 74.8
      vertex 70.8899 49.41 63.2
      vertex 70.8899 49.41 74.8
    endloop
  endfacet
  facet normal -0.514067 0.85775 0
    outer loop
      vertex 70.6778 49.2359 63.2
      vertex 70.56 49.1653 74.8
      vertex 70.6778 49.2359 74.8
    endloop
  endfacet
  facet normal -0.514067 0.85775 0
    outer loop
      vertex 70.56 49.1653 74.8
      vertex 70.6778 49.2359 63.2
      vertex 70.56 49.1653 63.2
    endloop
  endfacet
  facet normal -0.243049 -0.970014 0
    outer loop
      vertex 70.1731 51.7731 63.2
      vertex 70.3064 51.7397 74.8
      vertex 70.1731 51.7731 74.8
    endloop
  endfacet
  facet normal -0.243049 -0.970014 -0
    outer loop
      vertex 70.3064 51.7397 74.8
      vertex 70.1731 51.7731 63.2
      vertex 70.3064 51.7397 63.2
    endloop
  endfacet
  facet normal 0.989133 -0.147023 0
    outer loop
      vertex 68.5067 50.5372 74.8
      vertex 68.5269 50.6731 63.2
      vertex 68.5269 50.6731 74.8
    endloop
  endfacet
  facet normal 0.989133 -0.147023 0
    outer loop
      vertex 68.5269 50.6731 63.2
      vertex 68.5067 50.5372 74.8
      vertex 68.5067 50.5372 63.2
    endloop
  endfacet
  facet normal -0.85775 -0.514067 0
    outer loop
      vertex 71.1347 51.06 63.2
      vertex 71.0641 51.1778 74.8
      vertex 71.0641 51.1778 63.2
    endloop
  endfacet
  facet normal -0.85775 -0.514067 0
    outer loop
      vertex 71.0641 51.1778 74.8
      vertex 71.1347 51.06 63.2
      vertex 71.1347 51.06 74.8
    endloop
  endfacet
  facet normal -0.970014 0.243049 0
    outer loop
      vertex 71.2397 49.9936 63.2
      vertex 71.2731 50.1269 74.8
      vertex 71.2731 50.1269 63.2
    endloop
  endfacet
  facet normal -0.970014 0.243049 0
    outer loop
      vertex 71.2731 50.1269 74.8
      vertex 71.2397 49.9936 63.2
      vertex 71.2397 49.9936 74.8
    endloop
  endfacet
  facet normal 0.147023 0.989133 -0
    outer loop
      vertex 69.7628 49.0067 63.2
      vertex 69.6269 49.0269 74.8
      vertex 69.7628 49.0067 74.8
    endloop
  endfacet
  facet normal 0.147023 0.989133 0
    outer loop
      vertex 69.6269 49.0269 74.8
      vertex 69.7628 49.0067 63.2
      vertex 69.6269 49.0269 63.2
    endloop
  endfacet
  facet normal 0.99881 0.0487757 0
    outer loop
      vertex 68.5067 50.2628 74.8
      vertex 68.5 50.4 63.2
      vertex 68.5 50.4 74.8
    endloop
  endfacet
  facet normal 0.99881 0.0487757 0
    outer loop
      vertex 68.5 50.4 63.2
      vertex 68.5067 50.2628 74.8
      vertex 68.5067 50.2628 63.2
    endloop
  endfacet
  facet normal -0.147023 -0.989133 0
    outer loop
      vertex 70.0372 51.7933 63.2
      vertex 70.1731 51.7731 74.8
      vertex 70.0372 51.7933 74.8
    endloop
  endfacet
  facet normal -0.147023 -0.989133 -0
    outer loop
      vertex 70.1731 51.7731 74.8
      vertex 70.0372 51.7933 63.2
      vertex 70.1731 51.7731 63.2
    endloop
  endfacet
  facet normal -0.941544 -0.336889 0
    outer loop
      vertex 71.2397 50.8064 63.2
      vertex 71.1934 50.9358 74.8
      vertex 71.1934 50.9358 63.2
    endloop
  endfacet
  facet normal -0.941544 -0.336889 0
    outer loop
      vertex 71.1934 50.9358 74.8
      vertex 71.2397 50.8064 63.2
      vertex 71.2397 50.8064 74.8
    endloop
  endfacet
  facet normal -0.671694 -0.740829 0
    outer loop
      vertex 70.7881 51.4822 63.2
      vertex 70.8899 51.3899 74.8
      vertex 70.7881 51.4822 74.8
    endloop
  endfacet
  facet normal -0.671694 -0.740829 -0
    outer loop
      vertex 70.8899 51.3899 74.8
      vertex 70.7881 51.4822 63.2
      vertex 70.8899 51.3899 63.2
    endloop
  endfacet
  facet normal 0.740862 -0.671657 0
    outer loop
      vertex 68.8178 51.2882 74.8
      vertex 68.91 51.3899 63.2
      vertex 68.91 51.3899 74.8
    endloop
  endfacet
  facet normal 0.740862 -0.671657 0
    outer loop
      vertex 68.91 51.3899 63.2
      vertex 68.8178 51.2882 74.8
      vertex 68.8178 51.2882 63.2
    endloop
  endfacet
  facet normal 0.970014 0.243049 0
    outer loop
      vertex 68.5603 49.9936 74.8
      vertex 68.5269 50.1269 63.2
      vertex 68.5269 50.1269 74.8
    endloop
  endfacet
  facet normal 0.970014 0.243049 0
    outer loop
      vertex 68.5269 50.1269 63.2
      vertex 68.5603 49.9936 74.8
      vertex 68.5603 49.9936 63.2
    endloop
  endfacet
  facet normal 0.336889 -0.941544 0
    outer loop
      vertex 69.3642 51.6934 63.2
      vertex 69.4936 51.7397 74.8
      vertex 69.3642 51.6934 74.8
    endloop
  endfacet
  facet normal 0.336889 -0.941544 0
    outer loop
      vertex 69.4936 51.7397 74.8
      vertex 69.3642 51.6934 63.2
      vertex 69.4936 51.7397 63.2
    endloop
  endfacet
  facet normal 0.941544 0.336889 0
    outer loop
      vertex 68.6066 49.8642 74.8
      vertex 68.5603 49.9936 63.2
      vertex 68.5603 49.9936 74.8
    endloop
  endfacet
  facet normal 0.941544 0.336889 0
    outer loop
      vertex 68.5603 49.9936 63.2
      vertex 68.6066 49.8642 74.8
      vertex 68.6066 49.8642 63.2
    endloop
  endfacet
  facet normal -0.336889 -0.941544 0
    outer loop
      vertex 70.3064 51.7397 63.2
      vertex 70.4358 51.6934 74.8
      vertex 70.3064 51.7397 74.8
    endloop
  endfacet
  facet normal -0.336889 -0.941544 -0
    outer loop
      vertex 70.4358 51.6934 74.8
      vertex 70.3064 51.7397 63.2
      vertex 70.4358 51.6934 63.2
    endloop
  endfacet
  facet normal 0.803132 -0.595802 0
    outer loop
      vertex 68.7359 51.1778 74.8
      vertex 68.8178 51.2882 63.2
      vertex 68.8178 51.2882 74.8
    endloop
  endfacet
  facet normal 0.803132 -0.595802 0
    outer loop
      vertex 68.8178 51.2882 63.2
      vertex 68.7359 51.1778 74.8
      vertex 68.7359 51.1778 63.2
    endloop
  endfacet
  facet normal -0.803132 -0.595802 0
    outer loop
      vertex 71.0641 51.1778 63.2
      vertex 70.9822 51.2882 74.8
      vertex 70.9822 51.2882 63.2
    endloop
  endfacet
  facet normal -0.803132 -0.595802 0
    outer loop
      vertex 70.9822 51.2882 74.8
      vertex 71.0641 51.1778 63.2
      vertex 71.0641 51.1778 74.8
    endloop
  endfacet
  facet normal 0.970014 -0.243049 0
    outer loop
      vertex 68.5269 50.6731 74.8
      vertex 68.5603 50.8064 63.2
      vertex 68.5603 50.8064 74.8
    endloop
  endfacet
  facet normal 0.970014 -0.243049 0
    outer loop
      vertex 68.5603 50.8064 63.2
      vertex 68.5269 50.6731 74.8
      vertex 68.5269 50.6731 63.2
    endloop
  endfacet
  facet normal 0.671694 -0.740829 0
    outer loop
      vertex 68.91 51.3899 63.2
      vertex 69.0118 51.4822 74.8
      vertex 68.91 51.3899 74.8
    endloop
  endfacet
  facet normal 0.671694 -0.740829 0
    outer loop
      vertex 69.0118 51.4822 74.8
      vertex 68.91 51.3899 63.2
      vertex 69.0118 51.4822 63.2
    endloop
  endfacet
  facet normal -0.427304 0.904108 0
    outer loop
      vertex 70.56 49.1653 63.2
      vertex 70.4358 49.1066 74.8
      vertex 70.56 49.1653 74.8
    endloop
  endfacet
  facet normal -0.427304 0.904108 0
    outer loop
      vertex 70.4358 49.1066 74.8
      vertex 70.56 49.1653 63.2
      vertex 70.4358 49.1066 63.2
    endloop
  endfacet
  facet normal 0.243049 -0.970014 0
    outer loop
      vertex 69.4936 51.7397 63.2
      vertex 69.6269 51.7731 74.8
      vertex 69.4936 51.7397 74.8
    endloop
  endfacet
  facet normal 0.243049 -0.970014 0
    outer loop
      vertex 69.6269 51.7731 74.8
      vertex 69.4936 51.7397 63.2
      vertex 69.6269 51.7731 63.2
    endloop
  endfacet
  facet normal 0.941544 -0.336889 0
    outer loop
      vertex 68.5603 50.8064 74.8
      vertex 68.6066 50.9358 63.2
      vertex 68.6066 50.9358 74.8
    endloop
  endfacet
  facet normal 0.941544 -0.336889 0
    outer loop
      vertex 68.6066 50.9358 63.2
      vertex 68.5603 50.8064 74.8
      vertex 68.5603 50.8064 63.2
    endloop
  endfacet
  facet normal -0.514067 -0.85775 0
    outer loop
      vertex 70.56 51.6347 63.2
      vertex 70.6778 51.5641 74.8
      vertex 70.56 51.6347 74.8
    endloop
  endfacet
  facet normal -0.514067 -0.85775 -0
    outer loop
      vertex 70.6778 51.5641 74.8
      vertex 70.56 51.6347 63.2
      vertex 70.6778 51.5641 63.2
    endloop
  endfacet
  facet normal 0.514067 0.85775 -0
    outer loop
      vertex 69.24 49.1653 63.2
      vertex 69.1222 49.2359 74.8
      vertex 69.24 49.1653 74.8
    endloop
  endfacet
  facet normal 0.514067 0.85775 0
    outer loop
      vertex 69.1222 49.2359 74.8
      vertex 69.24 49.1653 63.2
      vertex 69.1222 49.2359 63.2
    endloop
  endfacet
  facet normal 0.595802 -0.803132 0
    outer loop
      vertex 69.0118 51.4822 63.2
      vertex 69.1222 51.5641 74.8
      vertex 69.0118 51.4822 74.8
    endloop
  endfacet
  facet normal 0.595802 -0.803132 0
    outer loop
      vertex 69.1222 51.5641 74.8
      vertex 69.0118 51.4822 63.2
      vertex 69.1222 51.5641 63.2
    endloop
  endfacet
  facet normal -0.0487757 0.99881 0
    outer loop
      vertex 70.0372 49.0067 63.2
      vertex 69.9 49 74.8
      vertex 70.0372 49.0067 74.8
    endloop
  endfacet
  facet normal -0.0487757 0.99881 0
    outer loop
      vertex 69.9 49 74.8
      vertex 70.0372 49.0067 63.2
      vertex 69.9 49 63.2
    endloop
  endfacet
  facet normal -0.941544 0.336889 0
    outer loop
      vertex 71.1934 49.8642 63.2
      vertex 71.2397 49.9936 74.8
      vertex 71.2397 49.9936 63.2
    endloop
  endfacet
  facet normal -0.941544 0.336889 0
    outer loop
      vertex 71.2397 49.9936 74.8
      vertex 71.1934 49.8642 63.2
      vertex 71.1934 49.8642 74.8
    endloop
  endfacet
  facet normal -0.803132 0.595802 0
    outer loop
      vertex 70.9822 49.5118 63.2
      vertex 71.0641 49.6222 74.8
      vertex 71.0641 49.6222 63.2
    endloop
  endfacet
  facet normal -0.803132 0.595802 0
    outer loop
      vertex 71.0641 49.6222 74.8
      vertex 70.9822 49.5118 63.2
      vertex 70.9822 49.5118 74.8
    endloop
  endfacet
  facet normal -0.989133 0.147023 0
    outer loop
      vertex 71.2731 50.1269 63.2
      vertex 71.2933 50.2628 74.8
      vertex 71.2933 50.2628 63.2
    endloop
  endfacet
  facet normal -0.989133 0.147023 0
    outer loop
      vertex 71.2933 50.2628 74.8
      vertex 71.2731 50.1269 63.2
      vertex 71.2731 50.1269 74.8
    endloop
  endfacet
  facet normal 0.85775 -0.514067 0
    outer loop
      vertex 68.6653 51.06 74.8
      vertex 68.7359 51.1778 63.2
      vertex 68.7359 51.1778 74.8
    endloop
  endfacet
  facet normal 0.85775 -0.514067 0
    outer loop
      vertex 68.7359 51.1778 63.2
      vertex 68.6653 51.06 74.8
      vertex 68.6653 51.06 63.2
    endloop
  endfacet
  facet normal -0.904108 -0.427304 0
    outer loop
      vertex 71.1934 50.9358 63.2
      vertex 71.1347 51.06 74.8
      vertex 71.1347 51.06 63.2
    endloop
  endfacet
  facet normal -0.904108 -0.427304 0
    outer loop
      vertex 71.1347 51.06 74.8
      vertex 71.1934 50.9358 63.2
      vertex 71.1934 50.9358 74.8
    endloop
  endfacet
  facet normal 0.427304 -0.904108 0
    outer loop
      vertex 69.24 51.6347 63.2
      vertex 69.3642 51.6934 74.8
      vertex 69.24 51.6347 74.8
    endloop
  endfacet
  facet normal 0.427304 -0.904108 0
    outer loop
      vertex 69.3642 51.6934 74.8
      vertex 69.24 51.6347 63.2
      vertex 69.3642 51.6934 63.2
    endloop
  endfacet
  facet normal -0.59615 0.802873 0
    outer loop
      vertex 70.7881 49.3178 63.2
      vertex 70.6778 49.2359 74.8
      vertex 70.7881 49.3178 74.8
    endloop
  endfacet
  facet normal -0.59615 0.802873 0
    outer loop
      vertex 70.6778 49.2359 74.8
      vertex 70.7881 49.3178 63.2
      vertex 70.6778 49.2359 63.2
    endloop
  endfacet
  facet normal -0.59615 -0.802873 0
    outer loop
      vertex 70.6778 51.5641 63.2
      vertex 70.7881 51.4822 74.8
      vertex 70.6778 51.5641 74.8
    endloop
  endfacet
  facet normal -0.59615 -0.802873 -0
    outer loop
      vertex 70.7881 51.4822 74.8
      vertex 70.6778 51.5641 63.2
      vertex 70.7881 51.4822 63.2
    endloop
  endfacet
  facet normal 0.671295 0.741191 -0
    outer loop
      vertex 69.0118 49.3178 63.2
      vertex 68.91 49.41 74.8
      vertex 69.0118 49.3178 74.8
    endloop
  endfacet
  facet normal 0.671295 0.741191 0
    outer loop
      vertex 68.91 49.41 74.8
      vertex 69.0118 49.3178 63.2
      vertex 68.91 49.41 63.2
    endloop
  endfacet
  facet normal -0.99881 0.0487757 0
    outer loop
      vertex 71.2933 50.2628 63.2
      vertex 71.3 50.4 74.8
      vertex 71.3 50.4 63.2
    endloop
  endfacet
  facet normal -0.99881 0.0487757 0
    outer loop
      vertex 71.3 50.4 74.8
      vertex 71.2933 50.2628 63.2
      vertex 71.2933 50.2628 74.8
    endloop
  endfacet
  facet normal 0.803132 0.595802 0
    outer loop
      vertex 68.8178 49.5118 74.8
      vertex 68.7359 49.6222 63.2
      vertex 68.7359 49.6222 74.8
    endloop
  endfacet
  facet normal 0.803132 0.595802 0
    outer loop
      vertex 68.7359 49.6222 63.2
      vertex 68.8178 49.5118 74.8
      vertex 68.8178 49.5118 63.2
    endloop
  endfacet
  facet normal 0.904108 0.427304 0
    outer loop
      vertex 68.6653 49.74 74.8
      vertex 68.6066 49.8642 63.2
      vertex 68.6066 49.8642 74.8
    endloop
  endfacet
  facet normal 0.904108 0.427304 0
    outer loop
      vertex 68.6066 49.8642 63.2
      vertex 68.6653 49.74 74.8
      vertex 68.6653 49.74 63.2
    endloop
  endfacet
  facet normal -0.0487757 -0.99881 0
    outer loop
      vertex 69.9 51.8 63.2
      vertex 70.0372 51.7933 74.8
      vertex 69.9 51.8 74.8
    endloop
  endfacet
  facet normal -0.0487757 -0.99881 -0
    outer loop
      vertex 70.0372 51.7933 74.8
      vertex 69.9 51.8 63.2
      vertex 70.0372 51.7933 63.2
    endloop
  endfacet
  facet normal 0.0487757 -0.99881 0
    outer loop
      vertex 69.7628 51.7933 63.2
      vertex 69.9 51.8 74.8
      vertex 69.7628 51.7933 74.8
    endloop
  endfacet
  facet normal 0.0487757 -0.99881 0
    outer loop
      vertex 69.9 51.8 74.8
      vertex 69.7628 51.7933 63.2
      vertex 69.9 51.8 63.2
    endloop
  endfacet
  facet normal 0.427304 0.904108 -0
    outer loop
      vertex 69.3642 49.1066 63.2
      vertex 69.24 49.1653 74.8
      vertex 69.3642 49.1066 74.8
    endloop
  endfacet
  facet normal 0.427304 0.904108 0
    outer loop
      vertex 69.24 49.1653 74.8
      vertex 69.3642 49.1066 63.2
      vertex 69.24 49.1653 63.2
    endloop
  endfacet
  facet normal 0.147023 -0.989133 0
    outer loop
      vertex 69.6269 51.7731 63.2
      vertex 69.7628 51.7933 74.8
      vertex 69.6269 51.7731 74.8
    endloop
  endfacet
  facet normal 0.147023 -0.989133 0
    outer loop
      vertex 69.7628 51.7933 74.8
      vertex 69.6269 51.7731 63.2
      vertex 69.7628 51.7933 63.2
    endloop
  endfacet
  facet normal 0.989133 0.147023 0
    outer loop
      vertex 68.5269 50.1269 74.8
      vertex 68.5067 50.2628 63.2
      vertex 68.5067 50.2628 74.8
    endloop
  endfacet
  facet normal 0.989133 0.147023 0
    outer loop
      vertex 68.5067 50.2628 63.2
      vertex 68.5269 50.1269 74.8
      vertex 68.5269 50.1269 63.2
    endloop
  endfacet
  facet normal -0.336889 0.941544 0
    outer loop
      vertex 70.4358 49.1066 63.2
      vertex 70.3064 49.0603 74.8
      vertex 70.4358 49.1066 74.8
    endloop
  endfacet
  facet normal -0.336889 0.941544 0
    outer loop
      vertex 70.3064 49.0603 74.8
      vertex 70.4358 49.1066 63.2
      vertex 70.3064 49.0603 63.2
    endloop
  endfacet
  facet normal -0.243049 0.970014 0
    outer loop
      vertex 70.3064 49.0603 63.2
      vertex 70.1731 49.0269 74.8
      vertex 70.3064 49.0603 74.8
    endloop
  endfacet
  facet normal -0.243049 0.970014 0
    outer loop
      vertex 70.1731 49.0269 74.8
      vertex 70.3064 49.0603 63.2
      vertex 70.1731 49.0269 63.2
    endloop
  endfacet
  facet normal 0.904108 -0.427304 0
    outer loop
      vertex 68.6066 50.9358 74.8
      vertex 68.6653 51.06 63.2
      vertex 68.6653 51.06 74.8
    endloop
  endfacet
  facet normal 0.904108 -0.427304 0
    outer loop
      vertex 68.6653 51.06 63.2
      vertex 68.6066 50.9358 74.8
      vertex 68.6066 50.9358 63.2
    endloop
  endfacet
  facet normal 0.741191 0.671295 0
    outer loop
      vertex 68.91 49.41 74.8
      vertex 68.8178 49.5118 63.2
      vertex 68.8178 49.5118 74.8
    endloop
  endfacet
  facet normal 0.741191 0.671295 0
    outer loop
      vertex 68.8178 49.5118 63.2
      vertex 68.91 49.41 74.8
      vertex 68.91 49.41 63.2
    endloop
  endfacet
  facet normal 0.595802 0.803132 -0
    outer loop
      vertex 69.1222 49.2359 63.2
      vertex 69.0118 49.3178 74.8
      vertex 69.1222 49.2359 74.8
    endloop
  endfacet
  facet normal 0.595802 0.803132 0
    outer loop
      vertex 69.0118 49.3178 74.8
      vertex 69.1222 49.2359 63.2
      vertex 69.0118 49.3178 63.2
    endloop
  endfacet
  facet normal -0.904108 0.427304 0
    outer loop
      vertex 71.1347 49.74 63.2
      vertex 71.1934 49.8642 74.8
      vertex 71.1934 49.8642 63.2
    endloop
  endfacet
  facet normal -0.904108 0.427304 0
    outer loop
      vertex 71.1934 49.8642 74.8
      vertex 71.1347 49.74 63.2
      vertex 71.1347 49.74 74.8
    endloop
  endfacet
  facet normal -0.85775 0.514067 0
    outer loop
      vertex 71.0641 49.6222 63.2
      vertex 71.1347 49.74 74.8
      vertex 71.1347 49.74 63.2
    endloop
  endfacet
  facet normal -0.85775 0.514067 0
    outer loop
      vertex 71.1347 49.74 74.8
      vertex 71.0641 49.6222 63.2
      vertex 71.0641 49.6222 74.8
    endloop
  endfacet
  facet normal 0.0487757 0.99881 -0
    outer loop
      vertex 69.9 49 63.2
      vertex 69.7628 49.0067 74.8
      vertex 69.9 49 74.8
    endloop
  endfacet
  facet normal 0.0487757 0.99881 0
    outer loop
      vertex 69.7628 49.0067 74.8
      vertex 69.9 49 63.2
      vertex 69.7628 49.0067 63.2
    endloop
  endfacet
  facet normal 0.99881 -0.0487757 0
    outer loop
      vertex 68.5 50.4 74.8
      vertex 68.5067 50.5372 63.2
      vertex 68.5067 50.5372 74.8
    endloop
  endfacet
  facet normal 0.99881 -0.0487757 0
    outer loop
      vertex 68.5067 50.5372 63.2
      vertex 68.5 50.4 74.8
      vertex 68.5 50.4 63.2
    endloop
  endfacet
  facet normal 0.336889 0.941544 -0
    outer loop
      vertex 69.4936 49.0603 63.2
      vertex 69.3642 49.1066 74.8
      vertex 69.4936 49.0603 74.8
    endloop
  endfacet
  facet normal 0.336889 0.941544 0
    outer loop
      vertex 69.3642 49.1066 74.8
      vertex 69.4936 49.0603 63.2
      vertex 69.3642 49.1066 63.2
    endloop
  endfacet
  facet normal -0.671295 0.741191 0
    outer loop
      vertex 70.8899 49.41 63.2
      vertex 70.7881 49.3178 74.8
      vertex 70.8899 49.41 74.8
    endloop
  endfacet
  facet normal -0.671295 0.741191 0
    outer loop
      vertex 70.7881 49.3178 74.8
      vertex 70.8899 49.41 63.2
      vertex 70.7881 49.3178 63.2
    endloop
  endfacet
endsolid OpenSCAD_Model
